sample,configuration,mu,method,rule,value,calls,missed_error_mass,correct_executions_per_case,failed_executions_per_case,api_fee_estimate_usd_per_case,sequential_seconds_per_case,correct_given_call,total_compute_cost_usd_per_case
full_288,baseline,0.01,Context cells,threshold,0.4,0.11466666666666656,0.2956599999999997,0.07441666666666664,0.04024999999999993,4.4931577777777805e-05,0.19145138321170815,0.6489825581395353,
full_288,opus,0.01,Context cells,threshold,0.4,0.11466666666666656,0.2956599999999997,0.11466666666666656,0.0,0.00189523111111111,0.756754631634349,1.0,
full_288,pro,0.01,Context cells,threshold,0.4,0.11466666666666656,0.2956599999999997,0.11466666666666656,0.0,0.0027762438888888894,1.6580050486322606,1.0,
full_288,astra,0.01,Context cells,threshold,0.4,0.11466666666666656,0.2956599999999997,0.11466666666666656,0.0,0.002245421319444444,0.8833068778631218,1.0,
full_288,sonnet,0.01,Context cells,threshold,0.4,0.11466666666666656,0.2956599999999997,0.11458333333333322,8.333333333333345e-05,0.001260403,1.0377276690917214,0.9992732558139534,
full_288,lite,0.01,Context cells,threshold,0.4,0.11466666666666656,0.2956599999999997,0.11194444444444443,0.0027222222222222227,0.0005032814638888881,0.562920794966896,0.9762596899224815,
full_288,luna,0.01,Context cells,threshold,0.4,0.11466666666666656,0.2956599999999997,0.11244444444444447,0.002222222222222221,8.639317083333332e-05,0.8289110715486647,0.9806201550387609,
full_288,qwen_local,0.01,Context cells,threshold,0.4,0.11466666666666656,0.2956599999999997,0.11197222222222221,0.002694444444444445,0.0,14.316044665434944,0.9765019379844969,
full_288,baseline,0.01,Context cells,threshold,0.6,0.3958333333333331,0.17344500000000024,0.2561666666666669,0.1396666666666666,0.00015432103333333307,0.6580905882619544,0.647157894736843,
full_288,opus,0.01,Context cells,threshold,0.6,0.3958333333333331,0.17344500000000024,0.3958333333333331,0.0,0.006727361701388895,2.729167028518319,1.0,
full_288,pro,0.01,Context cells,threshold,0.6,0.3958333333333331,0.17344500000000024,0.3958333333333331,0.0,0.010289484388888883,6.088385166289551,1.0,
full_288,astra,0.01,Context cells,threshold,0.6,0.3958333333333331,0.17344500000000024,0.3958333333333331,0.0,0.007909837274305555,3.0928227049357178,1.0,
full_288,sonnet,0.01,Context cells,threshold,0.6,0.3958333333333331,0.17344500000000024,0.394611111111111,0.001222222222222219,0.004700076486111107,3.8938201816661486,0.9969122807017547,
full_288,lite,0.01,Context cells,threshold,0.6,0.3958333333333331,0.17344500000000024,0.38411111111111096,0.011722222222222207,0.0017611075173611119,1.9543349716050815,0.9703859649122809,
full_288,luna,0.01,Context cells,threshold,0.6,0.3958333333333331,0.17344500000000024,0.3872222222222224,0.00861111111111109,0.0003054570663194444,2.8907693654200917,0.9782456140350888,
full_288,qwen_local,0.01,Context cells,threshold,0.6,0.3958333333333331,0.17344500000000024,0.38395138888888897,0.011881944444444454,0.0,49.187153718669094,0.9699824561403516,
full_288,baseline,0.01,Context cells,threshold,0.7,0.6194999999999993,0.09128500000000006,0.39836805555555566,0.22113194444444473,0.00024202170555555566,1.032861611832624,0.6430477087256757,
full_288,opus,0.01,Context cells,threshold,0.7,0.6194999999999993,0.09128500000000006,0.6194999999999993,0.0,0.010674403124999985,4.345262414149181,1.0,
full_288,pro,0.01,Context cells,threshold,0.7,0.6194999999999993,0.09128500000000006,0.6194999999999993,0.0,0.01679664786111111,9.85793605460584,1.0,
full_288,astra,0.01,Context cells,threshold,0.7,0.6194999999999993,0.09128500000000006,0.6194999999999993,0.0,0.012597311909722228,4.921001155370223,1.0,
full_288,sonnet,0.01,Context cells,threshold,0.7,0.6194999999999993,0.09128500000000006,0.6169166666666661,0.002583333333333324,0.007569046180555559,6.2871257107792085,0.9958299704062419,
full_288,lite,0.01,Context cells,threshold,0.7,0.6194999999999993,0.09128500000000006,0.6020277777777772,0.017472222222222188,0.00275311794861111,3.0485026643928936,0.9717962514572686,
full_288,luna,0.01,Context cells,threshold,0.7,0.6194999999999993,0.09128500000000006,0.6065555555555557,0.012944444444444404,0.0004850259881944449,4.542547390361239,0.9791050130033195,
full_288,qwen_local,0.01,Context cells,threshold,0.7,0.6194999999999993,0.09128500000000006,0.6014444444444446,0.018055555555555648,0.0,77.09850647590265,0.9708546318715824,
full_288,baseline,0.01,Context cells,threshold,0.8,0.7876666666666682,0.04110999999999995,0.5065833333333338,0.28108333333333374,0.0003081477999999997,1.3136605574189317,0.6431443080829448,
full_288,opus,0.01,Context cells,threshold,0.8,0.7876666666666682,0.04110999999999995,0.7876666666666682,-2.7755575615628914e-19,0.01370644000000001,5.595561364363071,1.0,
full_288,pro,0.01,Context cells,threshold,0.8,0.7876666666666682,0.04110999999999995,0.7876666666666682,-2.7755575615628914e-19,0.02162906750000004,12.678482453481871,1.0,
full_288,astra,0.01,Context cells,threshold,0.8,0.7876666666666682,0.04110999999999995,0.7876666666666682,-2.7755575615628914e-19,0.0161420202604167,6.298202484176559,1.0,
full_288,sonnet,0.01,Context cells,threshold,0.8,0.7876666666666682,0.04110999999999995,0.7808194444444456,0.006847222222222198,0.009996517388888876,8.30627995577762,0.9913069544364504,
full_288,lite,0.01,Context cells,threshold,0.8,0.7876666666666682,0.04110999999999995,0.7652222222222224,0.022444444444444392,0.0035182893472222154,3.888449499615884,0.9715051488221171,
full_288,luna,0.01,Context cells,threshold,0.8,0.7876666666666682,0.04110999999999995,0.7704444444444439,0.01722222222222216,0.0006217493552083349,5.805746550885324,0.9781351389476629,
full_288,qwen_local,0.01,Context cells,threshold,0.8,0.7876666666666682,0.04110999999999995,0.7663125000000001,0.021354166666666764,0.0,97.96334606125829,0.9728893355903495,
full_288,baseline,0.01,Context cells,threshold,0.9,0.9061666666666683,0.011525,0.5840625000000006,0.32210416666666697,0.00035407729444444474,1.5078004588160223,0.6445420268530434,
full_288,opus,0.01,Context cells,threshold,0.9,0.9061666666666683,0.011525,0.9061666666666683,0.0,0.0157563147569444,6.4259777587198945,1.0,
full_288,pro,0.01,Context cells,threshold,0.9,0.9061666666666683,0.011525,0.9061666666666683,0.0,0.025118479833333304,14.71340651354212,1.0,
full_288,astra,0.01,Context cells,threshold,0.9,0.9061666666666683,0.011525,0.9061666666666683,0.0,0.018580159999999978,7.256108737290885,1.0,
full_288,sonnet,0.01,Context cells,threshold,0.9,0.9061666666666683,0.011525,0.8982152777777788,0.00795138888888886,0.011548974166666663,9.590071541761029,0.9912252467659854,
full_288,lite,0.01,Context cells,threshold,0.9,0.9061666666666683,0.011525,0.8798333333333344,0.02633333333333326,0.004053278161805543,4.473503275729001,0.9709398565385317,
full_288,luna,0.01,Context cells,threshold,0.9,0.9061666666666683,0.011525,0.8851319444444421,0.021034722222222163,0.0007204835208333353,6.704068208302081,0.9767871375145564,
full_288,qwen_local,0.01,Context cells,threshold,0.9,0.9061666666666683,0.011525,0.881715277777777,0.024451388888888915,0.0,112.69699239711879,0.973016675862912,
full_288,baseline,0.01,Context cells,equal_call_budget,0.0,0.0,0.35399999999999937,0.0,0.0,0.0,0.0,,
full_288,opus,0.01,Context cells,equal_call_budget,0.0,0.0,0.35399999999999937,0.0,0.0,0.0,0.0,,
full_288,pro,0.01,Context cells,equal_call_budget,0.0,0.0,0.35399999999999937,0.0,0.0,0.0,0.0,,
full_288,astra,0.01,Context cells,equal_call_budget,0.0,0.0,0.35399999999999937,0.0,0.0,0.0,0.0,,
full_288,sonnet,0.01,Context cells,equal_call_budget,0.0,0.0,0.35399999999999937,0.0,0.0,0.0,0.0,,
full_288,lite,0.01,Context cells,equal_call_budget,0.0,0.0,0.35399999999999937,0.0,0.0,0.0,0.0,,
full_288,luna,0.01,Context cells,equal_call_budget,0.0,0.0,0.35399999999999937,0.0,0.0,0.0,0.0,,
full_288,qwen_local,0.01,Context cells,equal_call_budget,0.0,0.0,0.35399999999999937,0.0,0.0,0.0,0.0,,
full_288,baseline,0.01,Context cells,equal_call_budget,0.1,0.10000000000000007,0.30308499999999905,0.06501388888888883,0.034986111111111065,3.914857500000009e-05,0.1666767194708803,0.6501388888888878,
full_288,opus,0.01,Context cells,equal_call_budget,0.1,0.10000000000000007,0.30308499999999905,0.10000000000000007,0.0,0.0016438203472222217,0.6556320850424991,1.0,
full_288,pro,0.01,Context cells,equal_call_budget,0.1,0.10000000000000007,0.30308499999999905,0.10000000000000007,0.0,0.0024073121111111125,1.437607286553517,1.0,
full_288,astra,0.01,Context cells,equal_call_budget,0.1,0.10000000000000007,0.30308499999999905,0.10000000000000007,0.0,0.0019570388454861116,0.7691253776339925,1.0,
full_288,sonnet,0.01,Context cells,equal_call_budget,0.1,0.10000000000000007,0.30308499999999905,0.09990625000000009,9.374999999999995e-05,0.0010902042847222226,0.8970003214996928,0.9990625000000001,
full_288,lite,0.01,Context cells,equal_call_budget,0.1,0.10000000000000007,0.30308499999999905,0.09777430555555558,0.0022256944444444403,0.00043737472395833336,0.48949521570272736,0.9777430555555551,
full_288,luna,0.01,Context cells,equal_call_budget,0.1,0.10000000000000007,0.30308499999999905,0.09818055555555566,0.0018194444444444408,7.583791927083336e-05,0.7269776451055284,0.9818055555555558,
full_288,qwen_local,0.01,Context cells,equal_call_budget,0.1,0.10000000000000007,0.30308499999999905,0.09779861111111116,0.002201388888888885,0.0,12.412751452996831,0.9779861111111108,
full_288,baseline,0.01,Context cells,equal_call_budget,0.2,0.20000000000000015,0.255515,0.12981597222222227,0.07018402777777787,7.819369166666675e-05,0.33312688627698117,0.6490798611111108,
full_288,opus,0.01,Context cells,equal_call_budget,0.2,0.20000000000000015,0.255515,0.20000000000000015,-1.3877787807814457e-19,0.0033212393171296304,1.331912950322054,1.0,
full_288,pro,0.01,Context cells,equal_call_budget,0.2,0.20000000000000015,0.255515,0.20000000000000015,-1.3877787807814457e-19,0.004941140962962963,2.9410840132152942,1.0,
full_288,astra,0.01,Context cells,equal_call_budget,0.2,0.20000000000000015,0.255515,0.20000000000000015,-1.3877787807814457e-19,0.00393892857638889,1.5451208216882844,1.0,
full_288,sonnet,0.01,Context cells,equal_call_budget,0.2,0.20000000000000015,0.255515,0.19971875000000022,0.00028124999999999944,0.0022381700671296302,1.8458582851636618,0.9985937500000004,
full_288,lite,0.01,Context cells,equal_call_budget,0.2,0.20000000000000015,0.255515,0.19508333333333325,0.004916666666666658,0.0008790450385416663,0.9810313002187222,0.9754166666666655,
full_288,luna,0.01,Context cells,equal_call_budget,0.2,0.20000000000000015,0.255515,0.19615624999999998,0.0038437499999999926,0.00015236717777777795,1.4542798906699983,0.9807812499999992,
full_288,qwen_local,0.01,Context cells,equal_call_budget,0.2,0.20000000000000015,0.255515,0.19506365740740733,0.004936342592592583,0.0,24.818802484930938,0.9753182870370359,
full_288,baseline,0.01,Context cells,equal_call_budget,0.3,0.29999999999999893,0.21092500000000006,0.19465625000000025,0.10534375000000001,0.00011722618888888883,0.50001466043509,0.6488541666666698,
full_288,opus,0.01,Context cells,equal_call_budget,0.3,0.29999999999999893,0.21092500000000006,0.29999999999999893,0.0,0.0050254309143518494,2.025208050047316,1.0,
full_288,pro,0.01,Context cells,equal_call_budget,0.3,0.29999999999999893,0.21092500000000006,0.29999999999999893,0.0,0.007586914657407404,4.503890584796354,1.0,
full_288,astra,0.01,Context cells,equal_call_budget,0.3,0.29999999999999893,0.21092500000000006,0.29999999999999893,0.0,0.0059494813368055535,2.3306122488501524,1.0,
full_288,sonnet,0.01,Context cells,equal_call_budget,0.3,0.29999999999999893,0.21092500000000006,0.29940972222222156,0.0005902777777777768,0.0034359255254629646,2.8385937953463967,0.9980324074074087,
full_288,lite,0.01,Context cells,equal_call_budget,0.3,0.29999999999999893,0.21092500000000006,0.29215277777777776,0.007847222222222203,0.0013234922854166663,1.4733383226962566,0.973842592592596,
full_288,luna,0.01,Context cells,equal_call_budget,0.3,0.29999999999999893,0.21092500000000006,0.2940590277777777,0.0059409722222222095,0.00022946593784722229,2.1809759166590856,0.9801967592592625,
full_288,qwen_local,0.01,Context cells,equal_call_budget,0.3,0.29999999999999893,0.21092500000000006,0.2918171296296295,0.008182870370370349,0.0,37.16104765199275,0.9727237654321018,
full_288,baseline,0.01,Context cells,equal_call_budget,0.4,0.4000000000000003,0.17043499999999995,0.25852430555555606,0.1414756944444442,0.00015606882499999975,0.6656784722999771,0.6463107638888896,
full_288,opus,0.01,Context cells,equal_call_budget,0.4,0.4000000000000003,0.17043499999999995,0.40000000000000036,-1.9706458687096528e-17,0.00679241589699075,2.7529549876447335,1.0000000000000002,
full_288,pro,0.01,Context cells,equal_call_budget,0.4,0.4000000000000003,0.17043499999999995,0.40000000000000036,-1.9706458687096528e-17,0.010387030657407396,6.143722216687597,1.0000000000000002,
full_288,astra,0.01,Context cells,equal_call_budget,0.4,0.4000000000000003,0.17043499999999995,0.40000000000000036,-1.9706458687096528e-17,0.007993333307291671,3.1267499328098425,1.0000000000000002,
full_288,sonnet,0.01,Context cells,equal_call_budget,0.4,0.4000000000000003,0.17043499999999995,0.3987951388888895,0.0012048611111110889,0.004723560560185185,3.912561002273737,0.996987847222223,
full_288,lite,0.01,Context cells,equal_call_budget,0.4,0.4000000000000003,0.17043499999999995,0.388541666666667,0.011458333333333307,0.0017764026534722234,1.9725131522674557,0.9713541666666667,
full_288,luna,0.01,Context cells,equal_call_budget,0.4,0.4000000000000003,0.17043499999999995,0.39159722222222215,0.00840277777777775,0.0003079991244791667,2.9161685954425485,0.9789930555555546,
full_288,qwen_local,0.01,Context cells,equal_call_budget,0.4,0.4000000000000003,0.17043499999999995,0.3881261574074075,0.01187384259259257,0.0,49.76482174092959,0.970315393518518,
full_288,baseline,0.01,Context cells,equal_call_budget,0.5,0.5,0.13345050000000003,0.32287986111111133,0.1771201388888887,0.000195169425,0.8326266157149855,0.6457597222222227,
full_288,opus,0.01,Context cells,equal_call_budget,0.5,0.5,0.13345050000000003,0.5,-2.6367796834847467e-17,0.008547454084490732,3.4741815902034126,1.0,
full_288,pro,0.01,Context cells,equal_call_budget,0.5,0.5,0.13345050000000003,0.5,-2.6367796834847467e-17,0.01326826386574073,7.819789426735814,1.0,
full_288,astra,0.01,Context cells,equal_call_budget,0.5,0.5,0.13345050000000003,0.5,-2.6367796834847467e-17,0.01006128853819445,3.929709966442388,1.0,
full_288,sonnet,0.01,Context cells,equal_call_budget,0.5,0.5,0.13345050000000003,0.49826736111111075,0.001732638888888859,0.006015976494907402,4.990059325008309,0.9965347222222215,
full_288,lite,0.01,Context cells,equal_call_budget,0.5,0.5,0.13345050000000003,0.48557083333333373,0.014429166666666627,0.00222383017111111,2.4643978107383915,0.9711416666666675,
full_288,luna,0.01,Context cells,equal_call_budget,0.5,0.5,0.13345050000000003,0.4894729166666669,0.0105270833333333,0.00038766556868055543,3.649934787087298,0.9789458333333338,
full_288,qwen_local,0.01,Context cells,equal_call_budget,0.5,0.5,0.13345050000000003,0.4851303240740745,0.014869675925925904,0.0,62.0855509019751,0.970260648148149,
full_288,baseline,0.01,Context cells,equal_call_budget,0.6,0.5999999999999979,0.09717500000000014,0.38729861111111086,0.2127013888888893,0.0002344785194444442,1.0003238412803872,0.645497685185187,
full_288,opus,0.01,Context cells,equal_call_budget,0.6,0.5999999999999979,0.09717500000000014,0.5999999999999979,-3.885780586188048e-18,0.010314887517361107,4.199954413309801,1.0,
full_288,pro,0.01,Context cells,equal_call_budget,0.6,0.5999999999999979,0.09717500000000014,0.5999999999999979,-3.885780586188048e-18,0.016165550361111107,9.501111169719685,1.0,
full_288,astra,0.01,Context cells,equal_call_budget,0.6,0.5999999999999979,0.09717500000000014,0.5999999999999979,-3.885780586188048e-18,0.012149795494791673,4.74356201215856,1.0,
full_288,sonnet,0.01,Context cells,equal_call_budget,0.6,0.5999999999999979,0.09717500000000014,0.5976006944444444,0.002399305555555545,0.007324827090277779,6.0808345103447365,0.9960011574074109,
full_288,lite,0.01,Context cells,equal_call_budget,0.6,0.5999999999999979,0.09717500000000014,0.5830833333333326,0.016916666666666656,0.0026719327784722226,2.9578708465673857,0.9718055555555578,
full_288,luna,0.01,Context cells,equal_call_budget,0.6,0.5999999999999979,0.09717500000000014,0.5875590277777777,0.012440972222222185,0.00046834986545138906,4.391261941172889,0.9792650462962996,
full_288,qwen_local,0.01,Context cells,equal_call_budget,0.6,0.5999999999999979,0.09717500000000014,0.5825520833333331,0.017447916666666695,0.0,74.51762934663671,0.970920138888892,
full_288,baseline,0.01,Context cells,equal_call_budget,0.7,0.7000000000000008,0.06616000000000001,0.451680555555555,0.24831944444444454,0.00027358893055555574,1.1670288163518077,0.645257936507935,
full_288,opus,0.01,Context cells,equal_call_budget,0.7,0.7000000000000008,0.06616000000000001,0.7000000000000008,-1.609823385706477e-17,0.012101532552083327,4.935047380857982,1.0,
full_288,pro,0.01,Context cells,equal_call_budget,0.7,0.7000000000000008,0.06616000000000001,0.7000000000000008,-1.609823385706477e-17,0.019060337055555578,11.189821788054589,1.0,
full_288,astra,0.01,Context cells,equal_call_budget,0.7,0.7000000000000008,0.06616000000000001,0.7000000000000008,-1.609823385706477e-17,0.01427182203124997,5.572903440936694,1.0,
full_288,sonnet,0.01,Context cells,equal_call_budget,0.7,0.7000000000000008,0.06616000000000001,0.6957118055555559,0.004288194444444416,0.00871154923611111,7.234079590097679,0.9938740079365073,
full_288,lite,0.01,Context cells,equal_call_budget,0.7,0.7000000000000008,0.06616000000000001,0.680149305555556,0.019850694444444424,0.0031225024256944446,3.453390036325459,0.9716418650793645,
full_288,luna,0.01,Context cells,equal_call_budget,0.7,0.7000000000000008,0.06616000000000001,0.6850243055555546,0.014975694444444387,0.0005509298031249998,5.1520396460642885,0.9786061507936482,
full_288,qwen_local,0.01,Context cells,equal_call_budget,0.7,0.7000000000000008,0.06616000000000001,0.6799444444444446,0.02005555555555556,0.0,86.9099605735908,0.9713492063492054,
full_288,baseline,0.01,Context cells,equal_call_budget,0.8,0.8000000000000007,0.038464999999999964,0.5156249999999991,0.2843749999999994,0.0003128208166666664,1.3333745890054578,0.6445312499999983,
full_288,opus,0.01,Context cells,equal_call_budget,0.8,0.8000000000000007,0.038464999999999964,0.8000000000000007,-6.661338147750939e-18,0.013884184496527764,5.663181655757662,1.0,
full_288,pro,0.01,Context cells,equal_call_budget,0.8,0.8000000000000007,0.038464999999999964,0.8000000000000007,-6.661338147750939e-18,0.022014492888888907,12.90399100548153,1.0,
full_288,astra,0.01,Context cells,equal_call_budget,0.8,0.8000000000000007,0.038464999999999964,0.8000000000000007,-6.661338147750939e-18,0.016373908550347215,6.3935562411745,1.0,
full_288,sonnet,0.01,Context cells,equal_call_budget,0.8,0.8000000000000007,0.038464999999999964,0.7935624999999998,0.006437499999999978,0.01008953289583333,8.378010121886822,0.9919531249999989,
full_288,lite,0.01,Context cells,equal_call_budget,0.8,0.8000000000000007,0.038464999999999964,0.7775833333333323,0.02241666666666663,0.003571029709374995,3.9458215547753963,0.9719791666666645,
full_288,luna,0.01,Context cells,equal_call_budget,0.8,0.8000000000000007,0.038464999999999964,0.7827881944444434,0.017211805555555494,0.0006323319480902782,5.900207421019471,0.9784852430555533,
full_288,qwen_local,0.01,Context cells,equal_call_budget,0.8,0.8000000000000007,0.038464999999999964,0.777770833333335,0.02222916666666665,0.0,99.46972475355513,0.9722135416666678,
full_288,baseline,0.01,Context cells,equal_call_budget,0.9,0.9000000000000032,0.012369999999999954,0.5785972222222225,0.3214027777777778,0.0003515522,1.4975902616523993,0.6428858024691338,
full_288,opus,0.01,Context cells,equal_call_budget,0.9,0.9000000000000032,0.012369999999999954,0.9000000000000032,-3.053113317719181e-17,0.01567825875000001,6.3991955901083895,1.0,
full_288,pro,0.01,Context cells,equal_call_budget,0.9,0.9000000000000032,0.012369999999999954,0.9000000000000032,-3.053113317719181e-17,0.02491164725000006,14.591516007080964,1.0,
full_288,astra,0.01,Context cells,equal_call_budget,0.9,0.9000000000000032,0.012369999999999954,0.9000000000000032,-3.053113317719181e-17,0.01849009248263894,7.219040382356471,1.0,
full_288,sonnet,0.01,Context cells,equal_call_budget,0.9,0.9000000000000032,0.012369999999999954,0.8917430555555577,0.008256944444444398,0.011508086763888896,9.561937844970586,0.9908256172839494,
full_288,lite,0.01,Context cells,equal_call_budget,0.9,0.9000000000000032,0.012369999999999954,0.8734236111111124,0.02657638888888888,0.004026395325694448,4.44538998658297,0.9704706790123436,
full_288,luna,0.01,Context cells,equal_call_budget,0.9,0.9000000000000032,0.012369999999999954,0.8786874999999991,0.021312499999999943,0.0007162389899305567,6.6664437392755245,0.9763194444444399,
full_288,qwen_local,0.01,Context cells,equal_call_budget,0.9,0.9000000000000032,0.012369999999999954,0.8757916666666671,0.02420833333333339,0.0,111.92623217732594,0.9731018518518488,
full_288,baseline,0.01,Context cells,equal_call_budget,1.0,0.9999999999999999,0.0,0.6444444444444454,0.3555555555555546,0.0003905255555555542,1.662141628188293,0.6444444444444455,
full_288,opus,0.01,Context cells,equal_call_budget,1.0,0.9999999999999999,0.0,0.9999999999999999,0.0,0.017315270833333386,7.062639848975858,1.0,
full_288,pro,0.01,Context cells,equal_call_budget,1.0,0.9999999999999999,0.0,0.9999999999999999,0.0,0.027610677777777794,16.162547162934505,1.0,
full_288,astra,0.01,Context cells,equal_call_budget,1.0,0.9999999999999999,0.0,0.9999999999999999,0.0,0.02046169444444434,7.995701999012608,1.0,
full_288,sonnet,0.01,Context cells,equal_call_budget,1.0,0.9999999999999999,0.0,0.9875000000000027,0.0125,0.01271852499999996,10.551339969306758,0.9875000000000028,
full_288,lite,0.01,Context cells,equal_call_budget,1.0,0.9999999999999999,0.0,0.9722222222222263,0.0277777777777777,0.0044868488888888695,4.9502314325506,0.9722222222222264,
full_288,luna,0.01,Context cells,equal_call_budget,1.0,0.9999999999999999,0.0,0.9749999999999965,0.025,0.000789367499999999,7.332745643770461,0.9749999999999966,
full_288,qwen_local,0.01,Context cells,equal_call_budget,1.0,0.9999999999999999,0.0,0.9736111111111064,0.02638888888888889,0.0,124.27882091303401,0.9736111111111065,
full_288,baseline,0.01,Global,threshold,0.4,0.0,0.35399999999999937,0.0,0.0,0.0,0.0,,
full_288,opus,0.01,Global,threshold,0.4,0.0,0.35399999999999937,0.0,0.0,0.0,0.0,,
full_288,pro,0.01,Global,threshold,0.4,0.0,0.35399999999999937,0.0,0.0,0.0,0.0,,
full_288,astra,0.01,Global,threshold,0.4,0.0,0.35399999999999937,0.0,0.0,0.0,0.0,,
full_288,sonnet,0.01,Global,threshold,0.4,0.0,0.35399999999999937,0.0,0.0,0.0,0.0,,
full_288,lite,0.01,Global,threshold,0.4,0.0,0.35399999999999937,0.0,0.0,0.0,0.0,,
full_288,luna,0.01,Global,threshold,0.4,0.0,0.35399999999999937,0.0,0.0,0.0,0.0,,
full_288,qwen_local,0.01,Global,threshold,0.4,0.0,0.35399999999999937,0.0,0.0,0.0,0.0,,
full_288,baseline,0.01,Global,threshold,0.6,0.16000000000000042,0.27624000000000115,0.1013333333333332,0.05866666666666677,6.440320000000015e-05,0.2813832518250366,0.6333333333333309,
full_288,opus,0.01,Global,threshold,0.6,0.16000000000000042,0.27624000000000115,0.16000000000000042,0.0,0.0028028466666666666,1.1192577352269275,1.0,
full_288,pro,0.01,Global,threshold,0.6,0.16000000000000042,0.27624000000000115,0.16000000000000042,0.0,0.004220127999999982,2.523514358717631,1.0,
full_288,astra,0.01,Global,threshold,0.6,0.16000000000000042,0.27624000000000115,0.16000000000000042,0.0,0.0032896166666666737,1.3277267085518742,1.0,
full_288,sonnet,0.01,Global,threshold,0.6,0.16000000000000042,0.27624000000000115,0.16000000000000042,0.0,0.0018890586666666601,1.5587229116152284,1.0,
full_288,lite,0.01,Global,threshold,0.6,0.16000000000000042,0.27624000000000115,0.15466666666666692,0.005333333333333321,0.0007076947999999999,0.7897392253354176,0.9666666666666658,
full_288,luna,0.01,Global,threshold,0.6,0.16000000000000042,0.27624000000000115,0.15466666666666692,0.005333333333333321,0.00010961446666666654,1.0566684900997216,0.9666666666666658,
full_288,qwen_local,0.01,Global,threshold,0.6,0.16000000000000042,0.27624000000000115,0.1533333333333328,0.006666666666666649,0.0,21.138907335478557,0.9583333333333275,
full_288,baseline,0.01,Global,threshold,0.7,0.32500000000000073,0.19035000000000005,0.207152777777777,0.11784722222222235,0.00012872161111111082,0.5524269186956458,0.6373931623931586,
full_288,opus,0.01,Global,threshold,0.7,0.32500000000000073,0.19035000000000005,0.32500000000000073,0.0,0.005384552083333351,2.1269398351086655,1.0,
full_288,pro,0.01,Global,threshold,0.7,0.32500000000000073,0.19035000000000005,0.32500000000000073,0.0,0.008078393611111092,4.79057377493703,1.0,
full_288,astra,0.01,Global,threshold,0.7,0.32500000000000073,0.19035000000000005,0.32500000000000073,0.0,0.006510733680555567,2.5830566991880413,1.0,
full_288,sonnet,0.01,Global,threshold,0.7,0.32500000000000073,0.19035000000000005,0.32500000000000073,0.0,0.003458543749999997,2.845039500004439,1.0,
full_288,lite,0.01,Global,threshold,0.7,0.32500000000000073,0.19035000000000005,0.3194444444444438,0.005555555555555536,0.0013928850138888893,1.5650147850478393,0.9829059829059787,
full_288,luna,0.01,Global,threshold,0.7,0.32500000000000073,0.19035000000000005,0.3194444444444438,0.005555555555555536,0.00024105384027777767,2.3032810332003892,0.9829059829059787,
full_288,qwen_local,0.01,Global,threshold,0.7,0.32500000000000073,0.19035000000000005,0.3180555555555542,0.00694444444444442,0.0,41.064072164612654,0.9786324786324723,
full_288,baseline,0.01,Global,threshold,0.8,0.5,0.12999999999999984,0.333333333333334,0.166666666666667,0.00020115555555555496,0.8570982572279862,0.666666666666668,
full_288,opus,0.01,Global,threshold,0.8,0.5,0.12999999999999984,0.5,0.0,0.00853131249999996,3.4523730475141714,1.0,
full_288,pro,0.01,Global,threshold,0.8,0.5,0.12999999999999984,0.5,0.0,0.012967311111111131,7.65471965550584,1.0,
full_288,astra,0.01,Global,threshold,0.8,0.5,0.12999999999999984,0.5,0.0,0.009951118055555583,3.897742891328136,1.0,
full_288,sonnet,0.01,Global,threshold,0.8,0.5,0.12999999999999984,0.49722222222222096,0.002777777777777768,0.0061731222222222385,5.086833615644416,0.9944444444444419,
full_288,lite,0.01,Global,threshold,0.8,0.5,0.12999999999999984,0.4944444444444436,0.005555555555555536,0.0022537780555555477,2.4995176432353645,0.9888888888888872,
full_288,luna,0.01,Global,threshold,0.8,0.5,0.12999999999999984,0.4944444444444436,0.005555555555555536,0.0003752301388888896,3.5256819563571757,0.9888888888888872,
full_288,qwen_local,0.01,Global,threshold,0.8,0.5,0.12999999999999984,0.49305555555555686,0.00694444444444442,0.0,62.217136467632365,0.9861111111111137,
full_288,baseline,0.01,Global,threshold,0.9,0.666666666666668,0.06799999999999976,0.434722222222221,0.23194444444444431,0.0002619744444444446,1.1151643373298463,0.6520833333333302,
full_288,opus,0.01,Global,threshold,0.9,0.666666666666668,0.06799999999999976,0.666666666666668,0.0,0.011405673611111174,4.642894406610563,1.0,
full_288,pro,0.01,Global,threshold,0.9,0.666666666666668,0.06799999999999976,0.666666666666668,0.0,0.01792274999999997,10.54258270868353,1.0,
full_288,astra,0.01,Global,threshold,0.9,0.666666666666668,0.06799999999999976,0.666666666666668,0.0,0.013226333333333338,5.149494234841791,1.0,
full_288,sonnet,0.01,Global,threshold,0.9,0.666666666666668,0.06799999999999976,0.6638888888888907,0.002777777777777768,0.00810711666666665,6.7124306796329,0.9958333333333342,
full_288,lite,0.01,Global,threshold,0.9,0.666666666666668,0.06799999999999976,0.6500000000000025,0.016666666666666642,0.0029936334722222213,3.3057433374562337,0.9750000000000018,
full_288,luna,0.01,Global,threshold,0.9,0.666666666666668,0.06799999999999976,0.6555555555555544,0.011111111111111072,0.0005050924999999987,4.7492216782369505,0.9833333333333297,
full_288,qwen_local,0.01,Global,threshold,0.9,0.666666666666668,0.06799999999999976,0.6472222222222246,0.019444444444444403,0.0,82.9983955655848,0.970833333333335,
full_288,baseline,0.01,Global,equal_call_budget,0.0,0.0,0.35399999999999937,0.0,0.0,0.0,0.0,,
full_288,opus,0.01,Global,equal_call_budget,0.0,0.0,0.35399999999999937,0.0,0.0,0.0,0.0,,
full_288,pro,0.01,Global,equal_call_budget,0.0,0.0,0.35399999999999937,0.0,0.0,0.0,0.0,,
full_288,astra,0.01,Global,equal_call_budget,0.0,0.0,0.35399999999999937,0.0,0.0,0.0,0.0,,
full_288,sonnet,0.01,Global,equal_call_budget,0.0,0.0,0.35399999999999937,0.0,0.0,0.0,0.0,,
full_288,lite,0.01,Global,equal_call_budget,0.0,0.0,0.35399999999999937,0.0,0.0,0.0,0.0,,
full_288,luna,0.01,Global,equal_call_budget,0.0,0.0,0.35399999999999937,0.0,0.0,0.0,0.0,,
full_288,qwen_local,0.01,Global,equal_call_budget,0.0,0.0,0.35399999999999937,0.0,0.0,0.0,0.0,,
full_288,baseline,0.01,Global,equal_call_budget,0.1,0.10000000000000009,0.30539999999999917,0.06333333333333313,0.036666666666666826,4.02520000000001e-05,0.1758645323906479,0.6333333333333308,
full_288,opus,0.01,Global,equal_call_budget,0.1,0.10000000000000009,0.30539999999999917,0.10000000000000009,0.0,0.0017517791666666707,0.6995360845168264,1.0,
full_288,pro,0.01,Global,equal_call_budget,0.1,0.10000000000000009,0.30539999999999917,0.10000000000000009,0.0,0.0026375799999999888,1.5771964741985232,1.0,
full_288,astra,0.01,Global,equal_call_budget,0.1,0.10000000000000009,0.30539999999999917,0.10000000000000009,0.0,0.002056010416666659,0.8298291928449177,1.0,
full_288,sonnet,0.01,Global,equal_call_budget,0.1,0.10000000000000009,0.30539999999999917,0.10000000000000009,0.0,0.001180661666666666,0.9742018197595215,1.0,
full_288,lite,0.01,Global,equal_call_budget,0.1,0.10000000000000009,0.30539999999999917,0.09666666666666719,0.0033333333333333097,0.0004423092499999993,0.49358701583463566,0.9666666666666711,
full_288,luna,0.01,Global,equal_call_budget,0.1,0.10000000000000009,0.30539999999999917,0.09666666666666719,0.0033333333333333097,6.850904166666636e-05,0.6604178063123246,0.9666666666666711,
full_288,qwen_local,0.01,Global,equal_call_budget,0.1,0.10000000000000009,0.30539999999999917,0.09583333333333353,0.0041666666666666545,0.0,13.211817084674117,0.9583333333333345,
full_288,baseline,0.01,Global,equal_call_budget,0.2,0.20000000000000015,0.2556000000000007,0.12694444444444408,0.07305555555555544,8.00624444444449e-05,0.34770110444993757,0.63472222222222,
full_288,opus,0.01,Global,equal_call_budget,0.2,0.20000000000000015,0.2556000000000007,0.20000000000000015,0.0,0.0034385624999999963,1.3682190238608063,1.0,
full_288,pro,0.01,Global,equal_call_budget,0.2,0.20000000000000015,0.2556000000000007,0.20000000000000015,0.0,0.0051712144444444556,3.0838003660374325,1.0,
full_288,astra,0.01,Global,equal_call_budget,0.2,0.20000000000000015,0.2556000000000007,0.20000000000000015,0.0,0.004075957638888898,1.6356819272565817,1.0,
full_288,sonnet,0.01,Global,equal_call_budget,0.2,0.20000000000000015,0.2556000000000007,0.20000000000000015,0.0,0.0022816166666666565,1.8808001838950381,1.0,
full_288,lite,0.01,Global,equal_call_budget,0.2,0.20000000000000015,0.2556000000000007,0.1944444444444436,0.005555555555555536,0.0008752248055555546,0.9789333966345951,0.9722222222222172,
full_288,luna,0.01,Global,equal_call_budget,0.2,0.20000000000000015,0.2556000000000007,0.1944444444444436,0.005555555555555536,0.00014089165277777715,1.3538720679268288,0.9722222222222172,
full_288,qwen_local,0.01,Global,equal_call_budget,0.2,0.20000000000000015,0.2556000000000007,0.19305555555555565,0.00694444444444442,0.0,26.029037672384238,0.9652777777777775,
full_288,baseline,0.01,Global,equal_call_budget,0.3,0.29999999999999893,0.2033999999999999,0.19111111111111184,0.10888888888888845,0.00011898977777777724,0.5114817558465035,0.6370370370370417,
full_288,opus,0.01,Global,equal_call_budget,0.3,0.29999999999999893,0.2033999999999999,0.29999999999999893,0.0,0.004995354166666653,1.975195672859111,1.0,
full_288,pro,0.01,Global,equal_call_budget,0.3,0.29999999999999893,0.2033999999999999,0.29999999999999893,0.0,0.007496957777777762,4.449219093157125,1.0,
full_288,astra,0.01,Global,equal_call_budget,0.3,0.29999999999999893,0.2033999999999999,0.29999999999999893,0.0,0.0060237784722222175,2.393581744801739,1.0,
full_288,sonnet,0.01,Global,equal_call_budget,0.3,0.29999999999999893,0.2033999999999999,0.29999999999999893,0.0,0.0032231583333333196,2.6521916367825638,1.0,
full_288,lite,0.01,Global,equal_call_budget,0.3,0.29999999999999893,0.2033999999999999,0.29444444444444434,0.005555555555555536,0.0012893529722222182,1.4477985073651842,0.9814814814814846,
full_288,luna,0.01,Global,equal_call_budget,0.3,0.29999999999999893,0.2033999999999999,0.29444444444444434,0.005555555555555536,0.00022102140277777813,2.113399240145672,0.9814814814814846,
full_288,qwen_local,0.01,Global,equal_call_budget,0.3,0.29999999999999893,0.2033999999999999,0.2930555555555547,0.00694444444444442,0.0,38.057065266166994,0.9768518518518524,
full_288,baseline,0.01,Global,equal_call_budget,0.4,0.4000000000000003,0.16359999999999963,0.2608333333333326,0.13916666666666702,0.00015964155555555514,0.6824844866784064,0.652083333333331,
full_288,opus,0.01,Global,equal_call_budget,0.4,0.4000000000000003,0.16359999999999963,0.4000000000000003,0.0,0.006721095833333324,2.6874619525207906,1.0,
full_288,pro,0.01,Global,equal_call_budget,0.4,0.4000000000000003,0.16359999999999963,0.4000000000000003,0.0,0.010150247777777746,6.004503063520564,1.0,
full_288,astra,0.01,Global,equal_call_budget,0.4,0.4000000000000003,0.16359999999999963,0.4000000000000003,0.0,0.007984278472222214,3.1468261669213358,1.0,
full_288,sonnet,0.01,Global,equal_call_budget,0.4,0.4000000000000003,0.16359999999999963,0.3988888888888898,0.0011111111111111183,0.004591452222222234,3.780326718904803,0.9972222222222238,
full_288,lite,0.01,Global,equal_call_budget,0.4,0.4000000000000003,0.16359999999999963,0.39444444444444543,0.005555555555555536,0.0017579486388888941,1.9622591838593737,0.9861111111111128,
full_288,luna,0.01,Global,equal_call_budget,0.4,0.4000000000000003,0.16359999999999963,0.39444444444444543,0.005555555555555536,0.00029873084722222145,2.830217761074047,0.9861111111111128,
full_288,qwen_local,0.01,Global,equal_call_budget,0.4,0.4000000000000003,0.16359999999999963,0.3930555555555544,0.00694444444444442,0.0,50.126699265509345,0.9826388888888852,
full_288,baseline,0.01,Global,equal_call_budget,0.5,0.5,0.12999999999999984,0.333333333333334,0.166666666666667,0.00020115555555555496,0.8570982572279862,0.666666666666668,
full_288,opus,0.01,Global,equal_call_budget,0.5,0.5,0.12999999999999984,0.5,0.0,0.008531312499999992,3.4523730475141714,1.0,
full_288,pro,0.01,Global,equal_call_budget,0.5,0.5,0.12999999999999984,0.5,0.0,0.012967311111111131,7.65471965550584,1.0,
full_288,astra,0.01,Global,equal_call_budget,0.5,0.5,0.12999999999999984,0.5,0.0,0.009951118055555586,3.897742891328136,1.0,
full_288,sonnet,0.01,Global,equal_call_budget,0.5,0.5,0.12999999999999984,0.49722222222222096,0.002777777777777768,0.0061731222222222385,5.086833615644416,0.9944444444444419,
full_288,lite,0.01,Global,equal_call_budget,0.5,0.5,0.12999999999999984,0.4944444444444436,0.005555555555555536,0.0022537780555555477,2.4995176432353645,0.9888888888888872,
full_288,luna,0.01,Global,equal_call_budget,0.5,0.5,0.12999999999999984,0.4944444444444436,0.005555555555555536,0.00037523013888889024,3.5256819563571766,0.9888888888888872,
full_288,qwen_local,0.01,Global,equal_call_budget,0.5,0.5,0.12999999999999984,0.49305555555555686,0.00694444444444442,0.0,62.21713646763237,0.9861111111111137,
full_288,baseline,0.01,Global,equal_call_budget,0.6,0.5999999999999979,0.09280000000000013,0.3941666666666649,0.20583333333333312,0.00023764688888888778,1.0119379052891022,0.6569444444444438,
full_288,opus,0.01,Global,equal_call_budget,0.6,0.5999999999999979,0.09280000000000013,0.5999999999999979,0.0,0.010255929166666636,4.166685862972005,1.0,
full_288,pro,0.01,Global,equal_call_budget,0.6,0.5999999999999979,0.09280000000000013,0.5999999999999979,0.0,0.015940574444444494,9.387437487412411,1.0,
full_288,astra,0.01,Global,equal_call_budget,0.6,0.5999999999999979,0.09280000000000013,0.5999999999999979,0.0,0.011916247222222216,4.648793697436329,1.0,
full_288,sonnet,0.01,Global,equal_call_budget,0.6,0.5999999999999979,0.09280000000000013,0.5972222222222248,0.002777777777777768,0.007333518888888855,6.062191854037488,0.9953703703703781,
full_288,lite,0.01,Global,equal_call_budget,0.6,0.5999999999999979,0.09280000000000013,0.5877777777777766,0.012222222222222174,0.0026976913055555664,2.9832530597678892,0.9796296296296312,
full_288,luna,0.01,Global,equal_call_budget,0.6,0.5999999999999979,0.09280000000000013,0.5911111111111079,0.008888888888888884,0.0004531475555555564,4.259805789485058,0.9851851851851834,
full_288,qwen_local,0.01,Global,equal_call_budget,0.6,0.5999999999999979,0.09280000000000013,0.5855555555555574,0.014444444444444442,0.0,74.6858919264037,0.9759259259259324,
full_288,baseline,0.01,Global,equal_call_budget,0.7,0.7000000000000008,0.06179999999999988,0.45499999999999863,0.24499999999999933,0.00027461822222222355,1.1680892149933302,0.6499999999999972,
full_288,opus,0.01,Global,equal_call_budget,0.7,0.7000000000000008,0.06179999999999988,0.7000000000000008,0.0,0.011983169444444506,4.874795054320991,1.0,
full_288,pro,0.01,Global,equal_call_budget,0.7,0.7000000000000008,0.06179999999999988,0.7000000000000008,0.0,0.018841890000000024,11.08114322070014,1.0,
full_288,astra,0.01,Global,equal_call_budget,0.7,0.7000000000000008,0.06179999999999988,0.7000000000000008,0.0,0.013893808333333377,5.4094424712167095,1.0,
full_288,sonnet,0.01,Global,equal_call_budget,0.7,0.7000000000000008,0.06179999999999988,0.6969444444444443,0.003055555555555589,0.008560756666666622,7.091506978507075,0.9956349206349192,
full_288,lite,0.01,Global,equal_call_budget,0.7,0.7000000000000008,0.06179999999999988,0.68111111111111,0.018888888888889056,0.00314838094444444,3.474757153579772,0.9730158730158702,
full_288,luna,0.01,Global,equal_call_budget,0.7,0.7000000000000008,0.06179999999999988,0.6863888888888886,0.01361111111111106,0.0005326159444444429,4.997505138447507,0.980555555555554,
full_288,qwen_local,0.01,Global,equal_call_budget,0.7,0.7000000000000008,0.06179999999999988,0.6802777777777758,0.019722222222222224,0.0,87.17289528047898,0.9718253968253928,
full_288,baseline,0.01,Global,equal_call_budget,0.8,0.8000000000000007,0.04319999999999991,0.5158333333333333,0.2841666666666659,0.00031254955555555525,1.3268638479837644,0.644791666666666,
full_288,opus,0.01,Global,equal_call_budget,0.8,0.8000000000000007,0.04319999999999991,0.8000000000000007,0.0,0.013715656944444503,5.570496997452231,1.0,
full_288,pro,0.01,Global,equal_call_budget,0.8,0.8000000000000007,0.04319999999999991,0.8000000000000007,0.0,0.021599310000000028,12.696824756749988,1.0,
full_288,astra,0.01,Global,equal_call_budget,0.8,0.8000000000000007,0.04319999999999991,0.8000000000000007,0.0,0.015896233333333266,6.189287180341372,1.0,
full_288,sonnet,0.01,Global,equal_call_budget,0.8,0.8000000000000007,0.04319999999999991,0.7961111111111139,0.0038888888888889417,0.009921676666666714,8.228735875129592,0.9951388888888915,
full_288,lite,0.01,Global,equal_call_budget,0.8,0.8000000000000007,0.04319999999999991,0.7744444444444418,0.025555555555555675,0.0036126233611111203,3.9817986019504246,0.9680555555555515,
full_288,luna,0.01,Global,equal_call_budget,0.8,0.8000000000000007,0.04319999999999991,0.7788888888888895,0.021111111111111254,0.0006151862777777769,5.742355519079082,0.973611111111111,
full_288,qwen_local,0.01,Global,equal_call_budget,0.8,0.8000000000000007,0.04319999999999991,0.7794444444444454,0.02055555555555562,0.0,99.69639442516088,0.9743055555555559,
full_288,baseline,0.01,Global,equal_call_budget,0.9,0.9000000000000032,0.022199999999999873,0.579444444444447,0.32055555555555637,0.00035132622222222424,1.4927298866636591,0.6438271604938277,
full_288,opus,0.01,Global,equal_call_budget,0.9,0.9000000000000032,0.022199999999999873,0.9000000000000032,-1.1102230246251565e-16,0.015502000000000018,6.306494526687947,1.0,
full_288,pro,0.01,Global,equal_call_budget,0.9,0.9000000000000032,0.022199999999999873,0.9000000000000032,-1.1102230246251565e-16,0.02455534111111117,14.406250026433685,1.0,
full_288,astra,0.01,Global,equal_call_budget,0.9,0.9000000000000032,0.022199999999999873,0.9000000000000032,-1.1102230246251565e-16,0.018122902777777828,7.067822049634803,1.0,
full_288,sonnet,0.01,Global,equal_call_budget,0.9,0.9000000000000032,0.022199999999999873,0.8925000000000025,0.007499999999999916,0.011312599999999971,9.385223292124934,0.9916666666666659,
full_288,lite,0.01,Global,equal_call_budget,0.9,0.9000000000000032,0.022199999999999873,0.8722222222222245,0.02777777777777768,0.00405516205555556,4.470580023864615,0.9691358024691348,
full_288,luna,0.01,Global,equal_call_budget,0.9,0.9000000000000032,0.022199999999999873,0.8758333333333327,0.024166666666666548,0.0007013728333333345,6.527481645081935,0.9731481481481439,
full_288,qwen_local,0.01,Global,equal_call_budget,0.9,0.9000000000000032,0.022199999999999873,0.8769444444444429,0.02305555555555558,0.0,112.03406484924662,0.9743827160493774,
full_288,baseline,0.01,Global,equal_call_budget,1.0,0.9999999999999999,0.0,0.6444444444444454,0.3555555555555546,0.0003905255555555542,1.662141628188293,0.6444444444444455,
full_288,opus,0.01,Global,equal_call_budget,1.0,0.9999999999999999,0.0,0.9999999999999999,0.0,0.017315270833333386,7.062639848975858,1.0,
full_288,pro,0.01,Global,equal_call_budget,1.0,0.9999999999999999,0.0,0.9999999999999999,0.0,0.027610677777777794,16.162547162934505,1.0,
full_288,astra,0.01,Global,equal_call_budget,1.0,0.9999999999999999,0.0,0.9999999999999999,0.0,0.02046169444444434,7.995701999012608,1.0,
full_288,sonnet,0.01,Global,equal_call_budget,1.0,0.9999999999999999,0.0,0.9875000000000027,0.0125,0.01271852499999996,10.551339969306758,0.9875000000000028,
full_288,lite,0.01,Global,equal_call_budget,1.0,0.9999999999999999,0.0,0.9722222222222263,0.0277777777777777,0.0044868488888888695,4.9502314325506,0.9722222222222264,
full_288,luna,0.01,Global,equal_call_budget,1.0,0.9999999999999999,0.0,0.9749999999999965,0.025,0.000789367499999999,7.332745643770461,0.9749999999999966,
full_288,qwen_local,0.01,Global,equal_call_budget,1.0,0.9999999999999999,0.0,0.9736111111111064,0.02638888888888889,0.0,124.27882091303401,0.9736111111111065,
full_288,baseline,0.01,Oracle,threshold,0.4,0.0,0.35399999999999937,0.0,0.0,0.0,0.0,,
full_288,opus,0.01,Oracle,threshold,0.4,0.0,0.35399999999999937,0.0,0.0,0.0,0.0,,
full_288,pro,0.01,Oracle,threshold,0.4,0.0,0.35399999999999937,0.0,0.0,0.0,0.0,,
full_288,astra,0.01,Oracle,threshold,0.4,0.0,0.35399999999999937,0.0,0.0,0.0,0.0,,
full_288,sonnet,0.01,Oracle,threshold,0.4,0.0,0.35399999999999937,0.0,0.0,0.0,0.0,,
full_288,lite,0.01,Oracle,threshold,0.4,0.0,0.35399999999999937,0.0,0.0,0.0,0.0,,
full_288,luna,0.01,Oracle,threshold,0.4,0.0,0.35399999999999937,0.0,0.0,0.0,0.0,,
full_288,qwen_local,0.01,Oracle,threshold,0.4,0.0,0.35399999999999937,0.0,0.0,0.0,0.0,,
full_288,baseline,0.01,Oracle,threshold,0.6,0.4000000000000003,0.15399999999999994,0.25,0.14999999999999947,0.00015326666666666615,0.6547069340362238,0.6249999999999996,
full_288,opus,0.01,Oracle,threshold,0.6,0.4000000000000003,0.15399999999999994,0.4000000000000003,0.0,0.0067310000000000226,2.7125123657674117,1.0,
full_288,pro,0.01,Oracle,threshold,0.6,0.4000000000000003,0.15399999999999994,0.4000000000000003,0.0,0.010132755555555525,6.0232486733752895,1.0,
full_288,astra,0.01,Oracle,threshold,0.6,0.4000000000000003,0.15399999999999994,0.4000000000000003,0.0,0.007858541666666705,3.074585934727101,1.0,
full_288,sonnet,0.01,Oracle,threshold,0.6,0.4000000000000003,0.15399999999999994,0.4000000000000003,0.0,0.004400566666666662,3.654876506946872,1.0,
full_288,lite,0.01,Oracle,threshold,0.6,0.4000000000000003,0.15399999999999994,0.3833333333333341,0.016666666666666642,0.0017532283333333376,1.9532301208521796,0.9583333333333345,
full_288,luna,0.01,Oracle,threshold,0.6,0.4000000000000003,0.15399999999999994,0.3888888888888872,0.011111111111111086,0.0002983819444444452,2.8771363057752426,0.9722222222222172,
full_288,qwen_local,0.01,Oracle,threshold,0.6,0.4000000000000003,0.15399999999999994,0.3833333333333341,0.016666666666666642,0.0,50.57731699393539,0.9583333333333345,
full_288,baseline,0.01,Oracle,threshold,0.7,0.5999999999999979,0.08200000000000034,0.39027777777777817,0.209722222222223,0.00023530777777777724,1.002679149831074,0.6504629629629659,
full_288,opus,0.01,Oracle,threshold,0.7,0.5999999999999979,0.08200000000000034,0.5999999999999979,0.0,0.010266479166666669,4.18501381002844,1.0,
full_288,pro,0.01,Oracle,threshold,0.7,0.5999999999999979,0.08200000000000034,0.5999999999999979,0.0,0.0159886944444444,9.41141016053894,1.0,
full_288,astra,0.01,Oracle,threshold,0.7,0.5999999999999979,0.08200000000000034,0.5999999999999979,0.0,0.011890760416666693,4.6274851335183484,1.0,
full_288,sonnet,0.01,Oracle,threshold,0.7,0.5999999999999979,0.08200000000000034,0.5999999999999979,0.0,0.007213105555555544,5.98555952384809,1.0,
full_288,lite,0.01,Oracle,threshold,0.7,0.5999999999999979,0.08200000000000034,0.5833333333333317,0.016666666666666642,0.0026963284722222288,2.9807867250767566,0.972222222222223,
full_288,luna,0.01,Oracle,threshold,0.7,0.5999999999999979,0.08200000000000034,0.5888888888888887,0.011111111111111072,0.00045501548611111243,4.282852069786824,0.9814814814814846,
full_288,qwen_local,0.01,Oracle,threshold,0.7,0.5999999999999979,0.08200000000000034,0.5819444444444454,0.018055555555555682,0.0,74.74344173005373,0.9699074074074124,
full_288,baseline,0.01,Oracle,threshold,0.8,0.9000000000000032,0.010000000000000007,0.5777777777777796,0.3222222222222227,0.00035153777777777775,1.4978728676596418,0.641975308641975,
full_288,opus,0.01,Oracle,threshold,0.8,0.9000000000000032,0.010000000000000007,0.9000000000000032,0.0,0.015741534722222256,6.431149824381099,1.0,
full_288,pro,0.01,Oracle,threshold,0.8,0.9000000000000032,0.010000000000000007,0.9000000000000032,0.0,0.024941355555555676,14.606949681221106,1.0,
full_288,astra,0.01,Oracle,threshold,0.8,0.9000000000000032,0.010000000000000007,0.9000000000000032,0.0,0.01856306250000006,7.244586472568683,1.0,
full_288,sonnet,0.01,Oracle,threshold,0.8,0.9000000000000032,0.010000000000000007,0.8916666666666698,0.008333333333333304,0.011608600000000009,9.655299540609791,0.9907407407407407,
full_288,lite,0.01,Oracle,threshold,0.8,0.9000000000000032,0.010000000000000007,0.8722222222222242,0.0277777777777777,0.004026096944444445,4.445588810160783,0.9691358024691346,
full_288,luna,0.01,Oracle,threshold,0.8,0.9000000000000032,0.010000000000000007,0.8777777777777755,0.022222222222222143,0.0007186190277777808,6.6891313485157475,0.9753086419753026,
full_288,qwen_local,0.01,Oracle,threshold,0.8,0.9000000000000032,0.010000000000000007,0.8763888888888891,0.02361111111111122,0.0,111.9868446770974,0.9737654320987622,
full_288,baseline,0.01,Oracle,threshold,0.9,0.9333333333333352,0.0040000000000000036,0.6013888888888906,0.33194444444444526,0.0003645211111111119,1.5522466252991207,0.6443452380952387,
full_288,opus,0.01,Oracle,threshold,0.9,0.9333333333333352,0.0040000000000000036,0.9333333333333352,0.0,0.01626134027777772,6.6335039802235345,1.0,
full_288,pro,0.01,Oracle,threshold,0.9,0.9333333333333352,0.0040000000000000036,0.9333333333333352,0.0,0.025969905555555527,15.206548811024161,1.0,
full_288,astra,0.01,Oracle,threshold,0.9,0.9333333333333352,0.0040000000000000036,0.9333333333333352,0.0,0.019197888888888855,7.4981257151585705,1.0,
full_288,sonnet,0.01,Oracle,threshold,0.9,0.9333333333333352,0.0040000000000000036,0.9250000000000022,0.008333333333333304,0.01195527222222221,9.931285904150345,0.9910714285714288,
full_288,lite,0.01,Oracle,threshold,0.9,0.9333333333333352,0.0040000000000000036,0.9055555555555576,0.0277777777777777,0.004171996249999984,4.603770993490881,0.9702380952380955,
full_288,luna,0.01,Oracle,threshold,0.9,0.9333333333333352,0.0040000000000000036,0.9111111111111072,0.022222222222222143,0.0007453936111111142,6.930936997243841,0.9761904761904701,
full_288,qwen_local,0.01,Oracle,threshold,0.9,0.9333333333333352,0.0040000000000000036,0.9083333333333318,0.025000000000000022,0.0,116.09212937252468,0.973214285714282,
full_288,baseline,0.01,Oracle,equal_call_budget,0.0,0.0,0.35399999999999937,0.0,0.0,0.0,0.0,,
full_288,opus,0.01,Oracle,equal_call_budget,0.0,0.0,0.35399999999999937,0.0,0.0,0.0,0.0,,
full_288,pro,0.01,Oracle,equal_call_budget,0.0,0.0,0.35399999999999937,0.0,0.0,0.0,0.0,,
full_288,astra,0.01,Oracle,equal_call_budget,0.0,0.0,0.35399999999999937,0.0,0.0,0.0,0.0,,
full_288,sonnet,0.01,Oracle,equal_call_budget,0.0,0.0,0.35399999999999937,0.0,0.0,0.0,0.0,,
full_288,lite,0.01,Oracle,equal_call_budget,0.0,0.0,0.35399999999999937,0.0,0.0,0.0,0.0,,
full_288,luna,0.01,Oracle,equal_call_budget,0.0,0.0,0.35399999999999937,0.0,0.0,0.0,0.0,,
full_288,qwen_local,0.01,Oracle,equal_call_budget,0.0,0.0,0.35399999999999937,0.0,0.0,0.0,0.0,,
full_288,baseline,0.01,Oracle,equal_call_budget,0.1,0.10000000000000007,0.2969999999999989,0.06666666666666653,0.033333333333333263,3.8690000000000065e-05,0.1626476640686933,0.6666666666666647,
full_288,opus,0.01,Oracle,equal_call_budget,0.1,0.10000000000000007,0.2969999999999989,0.10000000000000007,0.0,0.0014802499999999985,0.5730860967033881,1.0,
full_288,pro,0.01,Oracle,equal_call_budget,0.1,0.10000000000000007,0.2969999999999989,0.10000000000000007,0.0,0.0020662166666666724,1.245672074483201,1.0,
full_288,astra,0.01,Oracle,equal_call_budget,0.1,0.10000000000000007,0.2969999999999989,0.10000000000000007,0.0,0.0018838645833333379,0.7315405585172524,1.0,
full_288,sonnet,0.01,Oracle,equal_call_budget,0.1,0.10000000000000007,0.2969999999999989,0.10000000000000007,0.0,0.0008840999999999989,0.7150692484448297,1.0,
full_288,lite,0.01,Oracle,equal_call_budget,0.1,0.10000000000000007,0.2969999999999989,0.10000000000000007,0.0,0.0004135087499999996,0.4692872795159946,1.0,
full_288,luna,0.01,Oracle,equal_call_budget,0.1,0.10000000000000007,0.2969999999999989,0.10000000000000007,0.0,8.005979166666664e-05,0.7693288260401487,1.0,
full_288,qwen_local,0.01,Oracle,equal_call_budget,0.1,0.10000000000000007,0.2969999999999989,0.10000000000000007,0.0,0.0,11.488467255724611,1.0,
full_288,baseline,0.01,Oracle,equal_call_budget,0.2,0.20000000000000015,0.2439999999999998,0.13055555555555615,0.0694444444444446,7.850888888888917e-05,0.33393908183271553,0.6527777777777802,
full_288,opus,0.01,Oracle,equal_call_budget,0.2,0.20000000000000015,0.2439999999999998,0.20000000000000015,0.0,0.0031750555555555395,1.244229979058986,1.0,
full_288,pro,0.01,Oracle,equal_call_budget,0.2,0.20000000000000015,0.2439999999999998,0.20000000000000015,0.0,0.004480411111111106,2.6979404246557532,1.0,
full_288,astra,0.01,Oracle,equal_call_budget,0.2,0.20000000000000015,0.2439999999999998,0.20000000000000015,0.0,0.003864986111111107,1.5258806225798478,1.0,
full_288,sonnet,0.01,Oracle,equal_call_budget,0.2,0.20000000000000015,0.2439999999999998,0.20000000000000015,0.0,0.0019960222222222255,1.6293457355460177,1.0,
full_288,lite,0.01,Oracle,equal_call_budget,0.2,0.20000000000000015,0.2439999999999998,0.19722222222222272,0.002777777777777768,0.0008553086111111077,0.9654514913246713,0.9861111111111128,
full_288,luna,0.01,Oracle,equal_call_budget,0.2,0.20000000000000015,0.2439999999999998,0.19722222222222272,0.002777777777777768,0.00015102027777777813,1.4605870003385149,0.9861111111111128,
full_288,qwen_local,0.01,Oracle,equal_call_budget,0.2,0.20000000000000015,0.2439999999999998,0.19722222222222272,0.002777777777777768,0.0,24.609649466187783,0.9861111111111128,
full_288,baseline,0.01,Oracle,equal_call_budget,0.3,0.29999999999999893,0.19600000000000015,0.19166666666666704,0.10833333333333328,0.0001173899999999996,0.5019376921894328,0.6388888888888924,
full_288,opus,0.01,Oracle,equal_call_budget,0.3,0.29999999999999893,0.19600000000000015,0.29999999999999893,0.0,0.0049650833333333404,1.9713869633269494,1.0,
full_288,pro,0.01,Oracle,equal_call_budget,0.3,0.29999999999999893,0.19600000000000015,0.29999999999999893,0.0,0.007187588888888878,4.307050730844246,1.0,
full_288,astra,0.01,Oracle,equal_call_budget,0.3,0.29999999999999893,0.19600000000000015,0.29999999999999893,0.0,0.005878249999999996,2.325926859034283,1.0,
full_288,sonnet,0.01,Oracle,equal_call_budget,0.3,0.29999999999999893,0.19600000000000015,0.29999999999999893,0.0,0.003210075,2.6426684816109294,1.0,
full_288,lite,0.01,Oracle,equal_call_budget,0.3,0.29999999999999893,0.19600000000000015,0.29166666666666585,0.008333333333333304,0.0013077612500000037,1.467197487684056,0.972222222222223,
full_288,luna,0.01,Oracle,equal_call_budget,0.3,0.29999999999999893,0.19600000000000015,0.2930555555555547,0.00694444444444442,0.0002210661111111118,2.1408357509114357,0.9768518518518524,
full_288,qwen_local,0.01,Oracle,equal_call_budget,0.3,0.29999999999999893,0.19600000000000015,0.29166666666666585,0.008333333333333304,0.0,38.07033619204067,0.972222222222223,
full_288,baseline,0.01,Oracle,equal_call_budget,0.4,0.4000000000000003,0.15399999999999994,0.25000000000000006,0.14999999999999947,0.00015326666666666625,0.6547069340362238,0.6249999999999997,
full_288,opus,0.01,Oracle,equal_call_budget,0.4,0.4000000000000003,0.15399999999999994,0.40000000000000036,-5.551115123125783e-17,0.0067310000000000226,2.7125123657674117,1.0000000000000002,
full_288,pro,0.01,Oracle,equal_call_budget,0.4,0.4000000000000003,0.15399999999999994,0.40000000000000036,-5.551115123125783e-17,0.010132755555555529,6.0232486733752895,1.0000000000000002,
full_288,astra,0.01,Oracle,equal_call_budget,0.4,0.4000000000000003,0.15399999999999994,0.40000000000000036,-5.551115123125783e-17,0.007858541666666705,3.074585934727101,1.0000000000000002,
full_288,sonnet,0.01,Oracle,equal_call_budget,0.4,0.4000000000000003,0.15399999999999994,0.40000000000000036,-5.551115123125783e-17,0.004400566666666662,3.654876506946872,1.0000000000000002,
full_288,lite,0.01,Oracle,equal_call_budget,0.4,0.4000000000000003,0.15399999999999994,0.38333333333333414,0.016666666666666618,0.0017532283333333376,1.9532301208521796,0.9583333333333346,
full_288,luna,0.01,Oracle,equal_call_budget,0.4,0.4000000000000003,0.15399999999999994,0.3888888888888872,0.011111111111111072,0.0002983819444444452,2.8771363057752426,0.9722222222222172,
full_288,qwen_local,0.01,Oracle,equal_call_budget,0.4,0.4000000000000003,0.15399999999999994,0.38333333333333414,0.016666666666666618,0.0,50.57731699393539,0.9583333333333346,
full_288,baseline,0.01,Oracle,equal_call_budget,0.5,0.5,0.11700000000000058,0.3222222222222227,0.1777777777777773,0.0001942622222222225,0.8301191890667213,0.6444444444444454,
full_288,opus,0.01,Oracle,equal_call_budget,0.5,0.5,0.11700000000000058,0.5000000000000001,-1.1102230246251565e-16,0.008446673611111082,3.4278381651778322,1.0000000000000002,
full_288,pro,0.01,Oracle,equal_call_budget,0.5,0.5,0.11700000000000058,0.5000000000000001,-1.1102230246251565e-16,0.012972611111111067,7.687214597166777,1.0000000000000002,
full_288,astra,0.01,Oracle,equal_call_budget,0.5,0.5,0.11700000000000058,0.5000000000000001,-1.1102230246251565e-16,0.00986755208333334,3.8481771746604996,1.0000000000000002,
full_288,sonnet,0.01,Oracle,equal_call_budget,0.5,0.5,0.11700000000000058,0.5000000000000001,-1.1102230246251565e-16,0.005778280555555535,4.790019415801113,1.0000000000000002,
full_288,lite,0.01,Oracle,equal_call_budget,0.5,0.5,0.11700000000000058,0.483333333333334,0.016666666666666618,0.0022199715277777684,2.460733078258485,0.966666666666668,
full_288,luna,0.01,Oracle,equal_call_budget,0.5,0.5,0.11700000000000058,0.4888888888888899,0.011111111111111072,0.00037611409722222244,3.5754737012673563,0.9777777777777799,
full_288,qwen_local,0.01,Oracle,equal_call_budget,0.5,0.5,0.11700000000000058,0.48194444444444673,0.0180555555555556,0.0,62.01415564966559,0.9638888888888935,
full_288,baseline,0.01,Oracle,equal_call_budget,0.6,0.5999999999999979,0.08200000000000034,0.39027777777777817,0.209722222222223,0.00023530777777777724,1.002679149831074,0.6504629629629659,
full_288,opus,0.01,Oracle,equal_call_budget,0.6,0.5999999999999979,0.08200000000000034,0.5999999999999979,0.0,0.010266479166666669,4.18501381002844,1.0,
full_288,pro,0.01,Oracle,equal_call_budget,0.6,0.5999999999999979,0.08200000000000034,0.5999999999999979,0.0,0.0159886944444444,9.41141016053894,1.0,
full_288,astra,0.01,Oracle,equal_call_budget,0.6,0.5999999999999979,0.08200000000000034,0.5999999999999979,0.0,0.011890760416666693,4.627485133518349,1.0,
full_288,sonnet,0.01,Oracle,equal_call_budget,0.6,0.5999999999999979,0.08200000000000034,0.5999999999999979,0.0,0.007213105555555544,5.98555952384809,1.0,
full_288,lite,0.01,Oracle,equal_call_budget,0.6,0.5999999999999979,0.08200000000000034,0.5833333333333317,0.016666666666666607,0.0026963284722222288,2.9807867250767566,0.972222222222223,
full_288,luna,0.01,Oracle,equal_call_budget,0.6,0.5999999999999979,0.08200000000000034,0.5888888888888887,0.011111111111111072,0.00045501548611111243,4.282852069786824,0.9814814814814846,
full_288,qwen_local,0.01,Oracle,equal_call_budget,0.6,0.5999999999999979,0.08200000000000034,0.5819444444444455,0.01805555555555559,0.0,74.74344173005375,0.9699074074074125,
full_288,baseline,0.01,Oracle,equal_call_budget,0.7,0.7000000000000008,0.05499999999999984,0.4527777777777788,0.2472222222222218,0.00027420111111111007,1.1719406312528806,0.6468253968253975,
full_288,opus,0.01,Oracle,equal_call_budget,0.7,0.7000000000000008,0.05499999999999984,0.7000000000000008,0.0,0.012123833333333334,4.9628779509990855,1.0,
full_288,pro,0.01,Oracle,equal_call_budget,0.7,0.7000000000000008,0.05499999999999984,0.7000000000000008,0.0,0.019113411111111197,11.206198430689696,1.0,
full_288,astra,0.01,Oracle,equal_call_budget,0.7,0.7000000000000008,0.05499999999999984,0.7000000000000008,0.0,0.014305572916666669,5.586817640291207,1.0,
full_288,sonnet,0.01,Oracle,equal_call_budget,0.7,0.7000000000000008,0.05499999999999984,0.6958333333333355,0.004166666666666652,0.008648755555555603,7.181624695545472,0.994047619047621,
full_288,lite,0.01,Oracle,equal_call_budget,0.7,0.7000000000000008,0.05499999999999984,0.6833333333333346,0.016666666666666607,0.003123057222222214,3.457514683766777,0.9761904761904768,
full_288,luna,0.01,Oracle,equal_call_budget,0.7,0.7000000000000008,0.05499999999999984,0.688888888888887,0.011111111111111072,0.0005494475694444444,5.145161630042168,0.9841269841269802,
full_288,qwen_local,0.01,Oracle,equal_call_budget,0.7,0.7000000000000008,0.05499999999999984,0.6777777777777773,0.022222222222222143,0.0,86.89580814151478,0.9682539682539664,
full_288,baseline,0.01,Oracle,equal_call_budget,0.8,0.8000000000000006,0.030999999999999917,0.5152777777777793,0.2847222222222216,0.0003135211111111107,1.3393226331044936,0.6440972222222237,
full_288,opus,0.01,Oracle,equal_call_budget,0.8,0.8000000000000006,0.030999999999999917,0.8000000000000006,0.0,0.013957138888888863,5.716056785141998,1.0,
full_288,pro,0.01,Oracle,equal_call_budget,0.8,0.8000000000000006,0.030999999999999917,0.8000000000000006,0.0,0.022030705555555613,12.903763374616405,1.0,
full_288,astra,0.01,Oracle,equal_call_budget,0.8,0.8000000000000006,0.030999999999999917,0.8000000000000006,0.0,0.016499208333333303,6.442445369103938,1.0,
full_288,sonnet,0.01,Oracle,equal_call_budget,0.8,0.8000000000000006,0.030999999999999917,0.7916666666666664,0.008333333333333304,0.010158133333333364,8.437223293919086,0.9895833333333323,
full_288,lite,0.01,Oracle,equal_call_budget,0.8,0.8000000000000006,0.030999999999999917,0.7805555555555563,0.019444444444444403,0.0035690536111111187,3.9487960268248714,0.9756944444444446,
full_288,luna,0.01,Oracle,equal_call_budget,0.8,0.8000000000000006,0.030999999999999917,0.7861111111111088,0.01388888888888884,0.0006328252777777769,5.915154419516033,0.9826388888888852,
full_288,qwen_local,0.01,Oracle,equal_call_budget,0.8,0.8000000000000006,0.030999999999999917,0.7763888888888911,0.02361111111111122,0.0,99.31891073335423,0.9704861111111132,
full_288,baseline,0.01,Oracle,equal_call_budget,0.9,0.9000000000000032,0.009999999999999998,0.5777777777777796,0.3222222222222227,0.00035153777777777775,1.4978728676596418,0.641975308641975,
full_288,opus,0.01,Oracle,equal_call_budget,0.9,0.9000000000000032,0.009999999999999998,0.9000000000000032,-1.1102230246251565e-16,0.015741534722222256,6.431149824381099,1.0,
full_288,pro,0.01,Oracle,equal_call_budget,0.9,0.9000000000000032,0.009999999999999998,0.9000000000000032,-1.1102230246251565e-16,0.024941355555555676,14.606949681221106,1.0,
full_288,astra,0.01,Oracle,equal_call_budget,0.9,0.9000000000000032,0.009999999999999998,0.9000000000000032,-1.1102230246251565e-16,0.01856306250000006,7.244586472568683,1.0,
full_288,sonnet,0.01,Oracle,equal_call_budget,0.9,0.9000000000000032,0.009999999999999998,0.8916666666666698,0.008333333333333238,0.011608600000000009,9.655299540609791,0.9907407407407407,
full_288,lite,0.01,Oracle,equal_call_budget,0.9,0.9000000000000032,0.009999999999999998,0.8722222222222245,0.02777777777777768,0.004026096944444445,4.445588810160784,0.9691358024691348,
full_288,luna,0.01,Oracle,equal_call_budget,0.9,0.9000000000000032,0.009999999999999998,0.8777777777777755,0.022222222222222116,0.0007186190277777808,6.6891313485157475,0.9753086419753026,
full_288,qwen_local,0.01,Oracle,equal_call_budget,0.9,0.9000000000000032,0.009999999999999998,0.8763888888888891,0.02361111111111122,0.0,111.98684467709741,0.9737654320987622,
full_288,baseline,0.01,Oracle,equal_call_budget,1.0,0.9999999999999999,0.0,0.6444444444444454,0.3555555555555546,0.0003905255555555542,1.662141628188293,0.6444444444444455,
full_288,opus,0.01,Oracle,equal_call_budget,1.0,0.9999999999999999,0.0,0.9999999999999999,0.0,0.017315270833333386,7.062639848975858,1.0,
full_288,pro,0.01,Oracle,equal_call_budget,1.0,0.9999999999999999,0.0,0.9999999999999999,0.0,0.027610677777777794,16.162547162934505,1.0,
full_288,astra,0.01,Oracle,equal_call_budget,1.0,0.9999999999999999,0.0,0.9999999999999999,0.0,0.02046169444444434,7.995701999012608,1.0,
full_288,sonnet,0.01,Oracle,equal_call_budget,1.0,0.9999999999999999,0.0,0.9875000000000027,0.0125,0.01271852499999996,10.551339969306758,0.9875000000000028,
full_288,lite,0.01,Oracle,equal_call_budget,1.0,0.9999999999999999,0.0,0.9722222222222263,0.0277777777777777,0.0044868488888888695,4.9502314325506,0.9722222222222264,
full_288,luna,0.01,Oracle,equal_call_budget,1.0,0.9999999999999999,0.0,0.9749999999999965,0.025,0.000789367499999999,7.332745643770461,0.9749999999999966,
full_288,qwen_local,0.01,Oracle,equal_call_budget,1.0,0.9999999999999999,0.0,0.9736111111111064,0.02638888888888889,0.0,124.27882091303401,0.9736111111111065,
full_288,baseline,0.01,Raw,threshold,0.4,0.0,0.35399999999999937,0.0,0.0,0.0,0.0,,
full_288,opus,0.01,Raw,threshold,0.4,0.0,0.35399999999999937,0.0,0.0,0.0,0.0,,
full_288,pro,0.01,Raw,threshold,0.4,0.0,0.35399999999999937,0.0,0.0,0.0,0.0,,
full_288,astra,0.01,Raw,threshold,0.4,0.0,0.35399999999999937,0.0,0.0,0.0,0.0,,
full_288,sonnet,0.01,Raw,threshold,0.4,0.0,0.35399999999999937,0.0,0.0,0.0,0.0,,
full_288,lite,0.01,Raw,threshold,0.4,0.0,0.35399999999999937,0.0,0.0,0.0,0.0,,
full_288,luna,0.01,Raw,threshold,0.4,0.0,0.35399999999999937,0.0,0.0,0.0,0.0,,
full_288,qwen_local,0.01,Raw,threshold,0.4,0.0,0.35399999999999937,0.0,0.0,0.0,0.0,,
full_288,baseline,0.01,Raw,threshold,0.6,0.166666666666667,0.2730000000000012,0.10555555555555537,0.06111111111111124,6.708666666666685e-05,0.2931075539844131,0.633333333333331,
full_288,opus,0.01,Raw,threshold,0.6,0.166666666666667,0.2730000000000012,0.166666666666667,0.0,0.0029196319444444447,1.1658934741947162,1.0,
full_288,pro,0.01,Raw,threshold,0.6,0.166666666666667,0.2730000000000012,0.166666666666667,0.0,0.0043959666666666475,2.6286607903308656,1.0,
full_288,astra,0.01,Raw,threshold,0.6,0.166666666666667,0.2730000000000012,0.166666666666667,0.0,0.0034266840277777854,1.3830486547415348,1.0,
full_288,sonnet,0.01,Raw,threshold,0.6,0.166666666666667,0.2730000000000012,0.166666666666667,0.0,0.0019677694444444373,1.623669699599196,1.0,
full_288,lite,0.01,Raw,threshold,0.6,0.166666666666667,0.2730000000000012,0.16111111111111134,0.005555555555555543,0.0007371820833333336,0.82264502639106,0.9666666666666662,
full_288,luna,0.01,Raw,threshold,0.6,0.166666666666667,0.2730000000000012,0.16111111111111134,0.005555555555555543,0.00011418173611111097,1.100696343853877,0.9666666666666662,
full_288,qwen_local,0.01,Raw,threshold,0.6,0.166666666666667,0.2730000000000012,0.15972222222222165,0.006944444444444425,0.0,22.0196951411235,0.958333333333328,
full_288,baseline,0.01,Raw,threshold,0.7,0.5,0.12999999999999984,0.333333333333334,0.166666666666667,0.00020115555555555496,0.8570982572279862,0.666666666666668,
full_288,opus,0.01,Raw,threshold,0.7,0.5,0.12999999999999984,0.5,0.0,0.00853131249999996,3.4523730475141714,1.0,
full_288,pro,0.01,Raw,threshold,0.7,0.5,0.12999999999999984,0.5,0.0,0.012967311111111131,7.65471965550584,1.0,
full_288,astra,0.01,Raw,threshold,0.7,0.5,0.12999999999999984,0.5,0.0,0.009951118055555583,3.897742891328136,1.0,
full_288,sonnet,0.01,Raw,threshold,0.7,0.5,0.12999999999999984,0.49722222222222096,0.002777777777777768,0.0061731222222222385,5.086833615644416,0.9944444444444419,
full_288,lite,0.01,Raw,threshold,0.7,0.5,0.12999999999999984,0.4944444444444436,0.005555555555555536,0.0022537780555555477,2.4995176432353645,0.9888888888888872,
full_288,luna,0.01,Raw,threshold,0.7,0.5,0.12999999999999984,0.4944444444444436,0.005555555555555536,0.0003752301388888896,3.5256819563571757,0.9888888888888872,
full_288,qwen_local,0.01,Raw,threshold,0.7,0.5,0.12999999999999984,0.49305555555555686,0.00694444444444442,0.0,62.217136467632365,0.9861111111111137,
full_288,baseline,0.01,Raw,threshold,0.8,0.666666666666668,0.06799999999999976,0.434722222222221,0.23194444444444431,0.0002619744444444446,1.1151643373298463,0.6520833333333302,
full_288,opus,0.01,Raw,threshold,0.8,0.666666666666668,0.06799999999999976,0.666666666666668,0.0,0.011405673611111174,4.642894406610563,1.0,
full_288,pro,0.01,Raw,threshold,0.8,0.666666666666668,0.06799999999999976,0.666666666666668,0.0,0.01792274999999997,10.54258270868353,1.0,
full_288,astra,0.01,Raw,threshold,0.8,0.666666666666668,0.06799999999999976,0.666666666666668,0.0,0.013226333333333338,5.149494234841791,1.0,
full_288,sonnet,0.01,Raw,threshold,0.8,0.666666666666668,0.06799999999999976,0.6638888888888907,0.002777777777777768,0.00810711666666665,6.7124306796329,0.9958333333333342,
full_288,lite,0.01,Raw,threshold,0.8,0.666666666666668,0.06799999999999976,0.6500000000000025,0.016666666666666642,0.0029936334722222213,3.3057433374562337,0.9750000000000018,
full_288,luna,0.01,Raw,threshold,0.8,0.666666666666668,0.06799999999999976,0.6555555555555544,0.011111111111111072,0.0005050924999999987,4.7492216782369505,0.9833333333333297,
full_288,qwen_local,0.01,Raw,threshold,0.8,0.666666666666668,0.06799999999999976,0.6472222222222246,0.019444444444444403,0.0,82.9983955655848,0.970833333333335,
full_288,baseline,0.01,Raw,threshold,0.9,0.8333333333333341,0.03699999999999994,0.5361111111111113,0.29722222222222283,0.00032519333333333423,1.3797887256472456,0.643333333333333,
full_288,opus,0.01,Raw,threshold,0.9,0.8333333333333341,0.03699999999999994,0.8333333333333341,0.0,0.014293152777777835,5.802397645162703,1.0,
full_288,pro,0.01,Raw,threshold,0.9,0.8333333333333341,0.03699999999999994,0.8333333333333341,0.0,0.022518450000000047,13.23538526876655,1.0,
full_288,astra,0.01,Raw,threshold,0.9,0.8333333333333341,0.03699999999999994,0.8333333333333341,0.0,0.016563708333333392,6.449235416716277,1.0,
full_288,sonnet,0.01,Raw,threshold,0.9,0.8333333333333341,0.03699999999999994,0.8291666666666689,0.004166666666666652,0.01037531666666668,8.607812174003808,0.9950000000000018,
full_288,lite,0.01,Raw,threshold,0.9,0.8333333333333341,0.03699999999999994,0.805555555555554,0.0277777777777777,0.0037673708333333385,4.150812418073969,0.9666666666666639,
full_288,luna,0.01,Raw,threshold,0.9,0.8333333333333341,0.03699999999999994,0.8097222222222236,0.023611111111111156,0.0006427097222222204,5.990638979289615,0.9716666666666673,
full_288,qwen_local,0.01,Raw,threshold,0.9,0.8333333333333341,0.03699999999999994,0.8124999999999999,0.020833333333333436,0.0,103.87089414005466,0.9749999999999989,
full_288,baseline,0.01,Raw,equal_call_budget,0.0,0.0,0.35399999999999937,0.0,0.0,0.0,0.0,,
full_288,opus,0.01,Raw,equal_call_budget,0.0,0.0,0.35399999999999937,0.0,0.0,0.0,0.0,,
full_288,pro,0.01,Raw,equal_call_budget,0.0,0.0,0.35399999999999937,0.0,0.0,0.0,0.0,,
full_288,astra,0.01,Raw,equal_call_budget,0.0,0.0,0.35399999999999937,0.0,0.0,0.0,0.0,,
full_288,sonnet,0.01,Raw,equal_call_budget,0.0,0.0,0.35399999999999937,0.0,0.0,0.0,0.0,,
full_288,lite,0.01,Raw,equal_call_budget,0.0,0.0,0.35399999999999937,0.0,0.0,0.0,0.0,,
full_288,luna,0.01,Raw,equal_call_budget,0.0,0.0,0.35399999999999937,0.0,0.0,0.0,0.0,,
full_288,qwen_local,0.01,Raw,equal_call_budget,0.0,0.0,0.35399999999999937,0.0,0.0,0.0,0.0,,
full_288,baseline,0.01,Raw,equal_call_budget,0.1,0.10000000000000009,0.30539999999999917,0.06333333333333313,0.036666666666666826,4.02520000000001e-05,0.1758645323906479,0.6333333333333308,
full_288,opus,0.01,Raw,equal_call_budget,0.1,0.10000000000000009,0.30539999999999917,0.10000000000000009,0.0,0.0017517791666666707,0.6995360845168264,1.0,
full_288,pro,0.01,Raw,equal_call_budget,0.1,0.10000000000000009,0.30539999999999917,0.10000000000000009,0.0,0.0026375799999999888,1.5771964741985232,1.0,
full_288,astra,0.01,Raw,equal_call_budget,0.1,0.10000000000000009,0.30539999999999917,0.10000000000000009,0.0,0.002056010416666659,0.8298291928449177,1.0,
full_288,sonnet,0.01,Raw,equal_call_budget,0.1,0.10000000000000009,0.30539999999999917,0.10000000000000009,0.0,0.001180661666666666,0.9742018197595215,1.0,
full_288,lite,0.01,Raw,equal_call_budget,0.1,0.10000000000000009,0.30539999999999917,0.09666666666666719,0.0033333333333333097,0.0004423092499999993,0.49358701583463566,0.9666666666666711,
full_288,luna,0.01,Raw,equal_call_budget,0.1,0.10000000000000009,0.30539999999999917,0.09666666666666719,0.0033333333333333097,6.850904166666636e-05,0.6604178063123246,0.9666666666666711,
full_288,qwen_local,0.01,Raw,equal_call_budget,0.1,0.10000000000000009,0.30539999999999917,0.09583333333333353,0.0041666666666666545,0.0,13.211817084674117,0.9583333333333345,
full_288,baseline,0.01,Raw,equal_call_budget,0.2,0.20000000000000015,0.2556000000000007,0.12694444444444408,0.07305555555555544,8.00624444444449e-05,0.34770110444993757,0.63472222222222,
full_288,opus,0.01,Raw,equal_call_budget,0.2,0.20000000000000015,0.2556000000000007,0.20000000000000015,0.0,0.0034385624999999963,1.3682190238608063,1.0,
full_288,pro,0.01,Raw,equal_call_budget,0.2,0.20000000000000015,0.2556000000000007,0.20000000000000015,0.0,0.0051712144444444556,3.0838003660374325,1.0,
full_288,astra,0.01,Raw,equal_call_budget,0.2,0.20000000000000015,0.2556000000000007,0.20000000000000015,0.0,0.004075957638888898,1.6356819272565817,1.0,
full_288,sonnet,0.01,Raw,equal_call_budget,0.2,0.20000000000000015,0.2556000000000007,0.20000000000000015,0.0,0.0022816166666666565,1.8808001838950381,1.0,
full_288,lite,0.01,Raw,equal_call_budget,0.2,0.20000000000000015,0.2556000000000007,0.1944444444444436,0.005555555555555536,0.0008752248055555546,0.9789333966345951,0.9722222222222172,
full_288,luna,0.01,Raw,equal_call_budget,0.2,0.20000000000000015,0.2556000000000007,0.1944444444444436,0.005555555555555536,0.00014089165277777715,1.3538720679268288,0.9722222222222172,
full_288,qwen_local,0.01,Raw,equal_call_budget,0.2,0.20000000000000015,0.2556000000000007,0.19305555555555565,0.00694444444444442,0.0,26.029037672384238,0.9652777777777775,
full_288,baseline,0.01,Raw,equal_call_budget,0.3,0.29999999999999893,0.2033999999999999,0.19111111111111184,0.10888888888888845,0.00011898977777777724,0.5114817558465035,0.6370370370370417,
full_288,opus,0.01,Raw,equal_call_budget,0.3,0.29999999999999893,0.2033999999999999,0.29999999999999893,0.0,0.004995354166666653,1.975195672859111,1.0,
full_288,pro,0.01,Raw,equal_call_budget,0.3,0.29999999999999893,0.2033999999999999,0.29999999999999893,0.0,0.007496957777777762,4.449219093157125,1.0,
full_288,astra,0.01,Raw,equal_call_budget,0.3,0.29999999999999893,0.2033999999999999,0.29999999999999893,0.0,0.0060237784722222175,2.393581744801739,1.0,
full_288,sonnet,0.01,Raw,equal_call_budget,0.3,0.29999999999999893,0.2033999999999999,0.29999999999999893,0.0,0.0032231583333333196,2.6521916367825638,1.0,
full_288,lite,0.01,Raw,equal_call_budget,0.3,0.29999999999999893,0.2033999999999999,0.29444444444444434,0.005555555555555536,0.0012893529722222182,1.4477985073651842,0.9814814814814846,
full_288,luna,0.01,Raw,equal_call_budget,0.3,0.29999999999999893,0.2033999999999999,0.29444444444444434,0.005555555555555536,0.00022102140277777813,2.113399240145672,0.9814814814814846,
full_288,qwen_local,0.01,Raw,equal_call_budget,0.3,0.29999999999999893,0.2033999999999999,0.2930555555555547,0.00694444444444442,0.0,38.057065266166994,0.9768518518518524,
full_288,baseline,0.01,Raw,equal_call_budget,0.4,0.4000000000000003,0.16359999999999963,0.2608333333333326,0.13916666666666702,0.00015964155555555514,0.6824844866784064,0.652083333333331,
full_288,opus,0.01,Raw,equal_call_budget,0.4,0.4000000000000003,0.16359999999999963,0.4000000000000003,0.0,0.006721095833333324,2.6874619525207906,1.0,
full_288,pro,0.01,Raw,equal_call_budget,0.4,0.4000000000000003,0.16359999999999963,0.4000000000000003,0.0,0.010150247777777746,6.004503063520564,1.0,
full_288,astra,0.01,Raw,equal_call_budget,0.4,0.4000000000000003,0.16359999999999963,0.4000000000000003,0.0,0.007984278472222214,3.1468261669213358,1.0,
full_288,sonnet,0.01,Raw,equal_call_budget,0.4,0.4000000000000003,0.16359999999999963,0.3988888888888898,0.0011111111111111183,0.004591452222222234,3.780326718904803,0.9972222222222238,
full_288,lite,0.01,Raw,equal_call_budget,0.4,0.4000000000000003,0.16359999999999963,0.39444444444444543,0.005555555555555536,0.0017579486388888941,1.9622591838593737,0.9861111111111128,
full_288,luna,0.01,Raw,equal_call_budget,0.4,0.4000000000000003,0.16359999999999963,0.39444444444444543,0.005555555555555536,0.00029873084722222145,2.830217761074047,0.9861111111111128,
full_288,qwen_local,0.01,Raw,equal_call_budget,0.4,0.4000000000000003,0.16359999999999963,0.3930555555555544,0.00694444444444442,0.0,50.126699265509345,0.9826388888888852,
full_288,baseline,0.01,Raw,equal_call_budget,0.5,0.5,0.12999999999999984,0.333333333333334,0.166666666666667,0.00020115555555555496,0.8570982572279862,0.666666666666668,
full_288,opus,0.01,Raw,equal_call_budget,0.5,0.5,0.12999999999999984,0.5,0.0,0.008531312499999992,3.4523730475141714,1.0,
full_288,pro,0.01,Raw,equal_call_budget,0.5,0.5,0.12999999999999984,0.5,0.0,0.012967311111111131,7.65471965550584,1.0,
full_288,astra,0.01,Raw,equal_call_budget,0.5,0.5,0.12999999999999984,0.5,0.0,0.009951118055555586,3.897742891328136,1.0,
full_288,sonnet,0.01,Raw,equal_call_budget,0.5,0.5,0.12999999999999984,0.49722222222222096,0.002777777777777768,0.0061731222222222385,5.086833615644416,0.9944444444444419,
full_288,lite,0.01,Raw,equal_call_budget,0.5,0.5,0.12999999999999984,0.4944444444444436,0.005555555555555536,0.0022537780555555477,2.4995176432353645,0.9888888888888872,
full_288,luna,0.01,Raw,equal_call_budget,0.5,0.5,0.12999999999999984,0.4944444444444436,0.005555555555555536,0.00037523013888889024,3.5256819563571766,0.9888888888888872,
full_288,qwen_local,0.01,Raw,equal_call_budget,0.5,0.5,0.12999999999999984,0.49305555555555686,0.00694444444444442,0.0,62.21713646763237,0.9861111111111137,
full_288,baseline,0.01,Raw,equal_call_budget,0.6,0.5999999999999979,0.09280000000000013,0.3941666666666649,0.20583333333333312,0.00023764688888888778,1.0119379052891022,0.6569444444444438,
full_288,opus,0.01,Raw,equal_call_budget,0.6,0.5999999999999979,0.09280000000000013,0.5999999999999979,0.0,0.010255929166666636,4.166685862972005,1.0,
full_288,pro,0.01,Raw,equal_call_budget,0.6,0.5999999999999979,0.09280000000000013,0.5999999999999979,0.0,0.015940574444444494,9.387437487412411,1.0,
full_288,astra,0.01,Raw,equal_call_budget,0.6,0.5999999999999979,0.09280000000000013,0.5999999999999979,0.0,0.011916247222222216,4.648793697436329,1.0,
full_288,sonnet,0.01,Raw,equal_call_budget,0.6,0.5999999999999979,0.09280000000000013,0.5972222222222248,0.002777777777777768,0.007333518888888855,6.062191854037488,0.9953703703703781,
full_288,lite,0.01,Raw,equal_call_budget,0.6,0.5999999999999979,0.09280000000000013,0.5877777777777766,0.012222222222222174,0.0026976913055555664,2.9832530597678892,0.9796296296296312,
full_288,luna,0.01,Raw,equal_call_budget,0.6,0.5999999999999979,0.09280000000000013,0.5911111111111079,0.008888888888888884,0.0004531475555555564,4.259805789485058,0.9851851851851834,
full_288,qwen_local,0.01,Raw,equal_call_budget,0.6,0.5999999999999979,0.09280000000000013,0.5855555555555574,0.014444444444444442,0.0,74.6858919264037,0.9759259259259324,
full_288,baseline,0.01,Raw,equal_call_budget,0.7,0.7000000000000008,0.06179999999999988,0.45499999999999863,0.24499999999999933,0.00027461822222222355,1.1680892149933302,0.6499999999999972,
full_288,opus,0.01,Raw,equal_call_budget,0.7,0.7000000000000008,0.06179999999999988,0.7000000000000008,0.0,0.011983169444444506,4.874795054320991,1.0,
full_288,pro,0.01,Raw,equal_call_budget,0.7,0.7000000000000008,0.06179999999999988,0.7000000000000008,0.0,0.018841890000000024,11.08114322070014,1.0,
full_288,astra,0.01,Raw,equal_call_budget,0.7,0.7000000000000008,0.06179999999999988,0.7000000000000008,0.0,0.013893808333333377,5.4094424712167095,1.0,
full_288,sonnet,0.01,Raw,equal_call_budget,0.7,0.7000000000000008,0.06179999999999988,0.6969444444444443,0.003055555555555589,0.008560756666666622,7.091506978507075,0.9956349206349192,
full_288,lite,0.01,Raw,equal_call_budget,0.7,0.7000000000000008,0.06179999999999988,0.68111111111111,0.018888888888889056,0.00314838094444444,3.474757153579772,0.9730158730158702,
full_288,luna,0.01,Raw,equal_call_budget,0.7,0.7000000000000008,0.06179999999999988,0.6863888888888886,0.01361111111111106,0.0005326159444444429,4.997505138447507,0.980555555555554,
full_288,qwen_local,0.01,Raw,equal_call_budget,0.7,0.7000000000000008,0.06179999999999988,0.6802777777777758,0.019722222222222224,0.0,87.17289528047898,0.9718253968253928,
full_288,baseline,0.01,Raw,equal_call_budget,0.8,0.8000000000000007,0.04319999999999991,0.5158333333333333,0.2841666666666659,0.00031254955555555525,1.3268638479837644,0.644791666666666,
full_288,opus,0.01,Raw,equal_call_budget,0.8,0.8000000000000007,0.04319999999999991,0.8000000000000007,0.0,0.013715656944444503,5.570496997452231,1.0,
full_288,pro,0.01,Raw,equal_call_budget,0.8,0.8000000000000007,0.04319999999999991,0.8000000000000007,0.0,0.021599310000000028,12.696824756749988,1.0,
full_288,astra,0.01,Raw,equal_call_budget,0.8,0.8000000000000007,0.04319999999999991,0.8000000000000007,0.0,0.015896233333333266,6.189287180341372,1.0,
full_288,sonnet,0.01,Raw,equal_call_budget,0.8,0.8000000000000007,0.04319999999999991,0.7961111111111139,0.0038888888888889417,0.009921676666666714,8.228735875129592,0.9951388888888915,
full_288,lite,0.01,Raw,equal_call_budget,0.8,0.8000000000000007,0.04319999999999991,0.7744444444444418,0.025555555555555675,0.0036126233611111203,3.9817986019504246,0.9680555555555515,
full_288,luna,0.01,Raw,equal_call_budget,0.8,0.8000000000000007,0.04319999999999991,0.7788888888888895,0.021111111111111254,0.0006151862777777769,5.742355519079082,0.973611111111111,
full_288,qwen_local,0.01,Raw,equal_call_budget,0.8,0.8000000000000007,0.04319999999999991,0.7794444444444454,0.02055555555555562,0.0,99.69639442516088,0.9743055555555559,
full_288,baseline,0.01,Raw,equal_call_budget,0.9,0.9000000000000032,0.022199999999999873,0.579444444444447,0.32055555555555637,0.00035132622222222424,1.4927298866636591,0.6438271604938277,
full_288,opus,0.01,Raw,equal_call_budget,0.9,0.9000000000000032,0.022199999999999873,0.9000000000000032,-1.1102230246251565e-16,0.015502000000000018,6.306494526687947,1.0,
full_288,pro,0.01,Raw,equal_call_budget,0.9,0.9000000000000032,0.022199999999999873,0.9000000000000032,-1.1102230246251565e-16,0.02455534111111117,14.406250026433685,1.0,
full_288,astra,0.01,Raw,equal_call_budget,0.9,0.9000000000000032,0.022199999999999873,0.9000000000000032,-1.1102230246251565e-16,0.018122902777777828,7.067822049634803,1.0,
full_288,sonnet,0.01,Raw,equal_call_budget,0.9,0.9000000000000032,0.022199999999999873,0.8925000000000025,0.007499999999999916,0.011312599999999971,9.385223292124934,0.9916666666666659,
full_288,lite,0.01,Raw,equal_call_budget,0.9,0.9000000000000032,0.022199999999999873,0.8722222222222245,0.02777777777777768,0.00405516205555556,4.470580023864615,0.9691358024691348,
full_288,luna,0.01,Raw,equal_call_budget,0.9,0.9000000000000032,0.022199999999999873,0.8758333333333327,0.024166666666666548,0.0007013728333333345,6.527481645081935,0.9731481481481439,
full_288,qwen_local,0.01,Raw,equal_call_budget,0.9,0.9000000000000032,0.022199999999999873,0.8769444444444429,0.02305555555555558,0.0,112.03406484924662,0.9743827160493774,
full_288,baseline,0.01,Raw,equal_call_budget,1.0,0.9999999999999999,0.0,0.6444444444444454,0.3555555555555546,0.0003905255555555542,1.662141628188293,0.6444444444444455,
full_288,opus,0.01,Raw,equal_call_budget,1.0,0.9999999999999999,0.0,0.9999999999999999,0.0,0.017315270833333386,7.062639848975858,1.0,
full_288,pro,0.01,Raw,equal_call_budget,1.0,0.9999999999999999,0.0,0.9999999999999999,0.0,0.027610677777777794,16.162547162934505,1.0,
full_288,astra,0.01,Raw,equal_call_budget,1.0,0.9999999999999999,0.0,0.9999999999999999,0.0,0.02046169444444434,7.995701999012608,1.0,
full_288,sonnet,0.01,Raw,equal_call_budget,1.0,0.9999999999999999,0.0,0.9875000000000027,0.0125,0.01271852499999996,10.551339969306758,0.9875000000000028,
full_288,lite,0.01,Raw,equal_call_budget,1.0,0.9999999999999999,0.0,0.9722222222222263,0.0277777777777777,0.0044868488888888695,4.9502314325506,0.9722222222222264,
full_288,luna,0.01,Raw,equal_call_budget,1.0,0.9999999999999999,0.0,0.9749999999999965,0.025,0.000789367499999999,7.332745643770461,0.9749999999999966,
full_288,qwen_local,0.01,Raw,equal_call_budget,1.0,0.9999999999999999,0.0,0.9736111111111064,0.02638888888888889,0.0,124.27882091303401,0.9736111111111065,
full_288,baseline,0.01,Regime,threshold,0.4,0.0,0.35399999999999937,0.0,0.0,0.0,0.0,,
full_288,opus,0.01,Regime,threshold,0.4,0.0,0.35399999999999937,0.0,0.0,0.0,0.0,,
full_288,pro,0.01,Regime,threshold,0.4,0.0,0.35399999999999937,0.0,0.0,0.0,0.0,,
full_288,astra,0.01,Regime,threshold,0.4,0.0,0.35399999999999937,0.0,0.0,0.0,0.0,,
full_288,sonnet,0.01,Regime,threshold,0.4,0.0,0.35399999999999937,0.0,0.0,0.0,0.0,,
full_288,lite,0.01,Regime,threshold,0.4,0.0,0.35399999999999937,0.0,0.0,0.0,0.0,,
full_288,luna,0.01,Regime,threshold,0.4,0.0,0.35399999999999937,0.0,0.0,0.0,0.0,,
full_288,qwen_local,0.01,Regime,threshold,0.4,0.0,0.35399999999999937,0.0,0.0,0.0,0.0,,
full_288,baseline,0.01,Regime,threshold,0.6,0.06999999999999992,0.31998000000000026,0.044333333333333294,0.025666666666666612,2.817639999999998e-05,0.12310517267345357,0.6333333333333334,
full_288,opus,0.01,Regime,threshold,0.6,0.06999999999999992,0.31998000000000026,0.06999999999999992,0.0,0.0012262454166666668,0.4896752591617799,1.0,
full_288,pro,0.01,Regime,threshold,0.6,0.06999999999999992,0.31998000000000026,0.06999999999999992,0.0,0.0018463059999999963,1.1040375319389677,1.0,
full_288,astra,0.01,Regime,threshold,0.6,0.06999999999999992,0.31998000000000026,0.06999999999999992,0.0,0.0014392072916666657,0.5808804349914423,1.0,
full_288,sonnet,0.01,Regime,threshold,0.6,0.06999999999999992,0.31998000000000026,0.06999999999999992,0.0,0.0008264631666666658,0.6819412738316655,1.0,
full_288,lite,0.01,Regime,threshold,0.6,0.06999999999999992,0.31998000000000026,0.06766666666666675,0.0023333333333333314,0.0003096164750000005,0.34551091108424636,0.9666666666666689,
full_288,luna,0.01,Regime,threshold,0.6,0.06999999999999992,0.31998000000000026,0.06766666666666675,0.0023333333333333314,4.795632916666662e-05,0.46229246441862704,0.9666666666666689,
full_288,qwen_local,0.01,Regime,threshold,0.6,0.06999999999999992,0.31998000000000026,0.06708333333333322,0.002916666666666661,0.0,9.248271959271857,0.9583333333333327,
full_288,baseline,0.01,Regime,threshold,0.7,0.333333333333334,0.18599999999999997,0.21249999999999922,0.1208333333333335,0.00013196555555555517,0.5660753063120265,0.6374999999999964,
full_288,opus,0.01,Regime,threshold,0.7,0.333333333333334,0.18599999999999997,0.333333333333334,0.0,0.005514284722222242,2.1775212225251885,1.0,
full_288,pro,0.01,Regime,threshold,0.7,0.333333333333334,0.18599999999999997,0.333333333333334,0.0,0.008272205555555537,4.9043586688636704,1.0,
full_288,astra,0.01,Regime,threshold,0.7,0.333333333333334,0.18599999999999997,0.333333333333334,0.0,0.0066730520833333485,2.646215017316805,1.0,
full_288,sonnet,0.01,Regime,threshold,0.7,0.333333333333334,0.18599999999999997,0.333333333333334,0.0,0.003537005555555554,2.9093221210783993,1.0,
full_288,lite,0.01,Regime,threshold,0.7,0.333333333333334,0.18599999999999997,0.3277777777777772,0.005555555555555536,0.0014273956944444444,1.6040868776087225,0.9833333333333297,
full_288,luna,0.01,Regime,threshold,0.7,0.333333333333334,0.18599999999999997,0.3277777777777772,0.005555555555555536,0.0002477313194444442,2.366574964218626,0.9833333333333297,
full_288,qwen_local,0.01,Regime,threshold,0.7,0.333333333333334,0.18599999999999997,0.32638888888888745,0.00694444444444442,0.0,42.06640779742784,0.9791666666666604,
full_288,baseline,0.01,Regime,threshold,0.8,0.5,0.12999999999999984,0.333333333333334,0.166666666666667,0.00020115555555555496,0.8570982572279862,0.666666666666668,
full_288,opus,0.01,Regime,threshold,0.8,0.5,0.12999999999999984,0.5,0.0,0.00853131249999996,3.4523730475141714,1.0,
full_288,pro,0.01,Regime,threshold,0.8,0.5,0.12999999999999984,0.5,0.0,0.012967311111111131,7.65471965550584,1.0,
full_288,astra,0.01,Regime,threshold,0.8,0.5,0.12999999999999984,0.5,0.0,0.009951118055555583,3.897742891328136,1.0,
full_288,sonnet,0.01,Regime,threshold,0.8,0.5,0.12999999999999984,0.49722222222222096,0.002777777777777768,0.0061731222222222385,5.086833615644416,0.9944444444444419,
full_288,lite,0.01,Regime,threshold,0.8,0.5,0.12999999999999984,0.4944444444444436,0.005555555555555536,0.0022537780555555477,2.4995176432353645,0.9888888888888872,
full_288,luna,0.01,Regime,threshold,0.8,0.5,0.12999999999999984,0.4944444444444436,0.005555555555555536,0.0003752301388888896,3.5256819563571757,0.9888888888888872,
full_288,qwen_local,0.01,Regime,threshold,0.8,0.5,0.12999999999999984,0.49305555555555686,0.00694444444444442,0.0,62.217136467632365,0.9861111111111137,
full_288,baseline,0.01,Regime,threshold,0.9,0.7066666666666673,0.060559999999999864,0.45905555555555466,0.24761111111111103,0.00027714697777777816,1.178674190526022,0.6496069182389919,
full_288,opus,0.01,Regime,threshold,0.9,0.7066666666666673,0.060559999999999864,0.7066666666666673,0.0,0.012098668611111172,4.9211751838630775,1.0,
full_288,pro,0.01,Regime,threshold,0.9,0.7066666666666673,0.060559999999999864,0.7066666666666673,0.0,0.019025717999999983,11.188855323103446,1.0,
full_288,astra,0.01,Regime,threshold,0.9,0.7066666666666673,0.060559999999999864,0.7066666666666673,0.0,0.01402730333333335,5.461432118491671,1.0,
full_288,sonnet,0.01,Regime,threshold,0.9,0.7066666666666673,0.060559999999999864,0.7035555555555572,0.0031111111111111,0.008651484666666659,7.167322238281919,0.9955974842767309,
full_288,lite,0.01,Regime,threshold,0.9,0.7066666666666673,0.060559999999999864,0.6873333333333352,0.019333333333333293,0.003179330438888891,3.508559916804487,0.972641509433964,
full_288,luna,0.01,Regime,threshold,0.9,0.7066666666666673,0.060559999999999864,0.692555555555555,0.014111111111111074,0.0005381206333333322,5.047161830489593,0.9800314465408788,
full_288,qwen_local,0.01,Regime,threshold,0.9,0.7066666666666673,0.060559999999999864,0.6868888888888901,0.01977777777777778,0.0,88.00779522345756,0.972012578616353,
full_288,baseline,0.01,Regime,equal_call_budget,0.0,0.0,0.35399999999999937,0.0,0.0,0.0,0.0,,
full_288,opus,0.01,Regime,equal_call_budget,0.0,0.0,0.35399999999999937,0.0,0.0,0.0,0.0,,
full_288,pro,0.01,Regime,equal_call_budget,0.0,0.0,0.35399999999999937,0.0,0.0,0.0,0.0,,
full_288,astra,0.01,Regime,equal_call_budget,0.0,0.0,0.35399999999999937,0.0,0.0,0.0,0.0,,
full_288,sonnet,0.01,Regime,equal_call_budget,0.0,0.0,0.35399999999999937,0.0,0.0,0.0,0.0,,
full_288,lite,0.01,Regime,equal_call_budget,0.0,0.0,0.35399999999999937,0.0,0.0,0.0,0.0,,
full_288,luna,0.01,Regime,equal_call_budget,0.0,0.0,0.35399999999999937,0.0,0.0,0.0,0.0,,
full_288,qwen_local,0.01,Regime,equal_call_budget,0.0,0.0,0.35399999999999937,0.0,0.0,0.0,0.0,,
full_288,baseline,0.01,Regime,equal_call_budget,0.1,0.10000000000000009,0.30536399999999914,0.06334166666666646,0.0366583333333335,4.0238753333333435e-05,0.17574369358070707,0.6334166666666641,
full_288,opus,0.01,Regime,equal_call_budget,0.1,0.10000000000000009,0.30536399999999914,0.10000000000000009,0.0,0.0017498292916666707,0.698610490161641,1.0,
full_288,pro,0.01,Regime,equal_call_budget,0.1,0.10000000000000009,0.30536399999999914,0.10000000000000009,0.0,0.0026344616333333223,1.575078696727735,1.0,
full_288,astra,0.01,Regime,equal_call_budget,0.1,0.10000000000000009,0.30536399999999914,0.10000000000000009,0.0,0.002054928520833326,0.8291098990919201,1.0,
full_288,sonnet,0.01,Regime,equal_call_budget,0.1,0.10000000000000009,0.30536399999999914,0.10000000000000009,0.0,0.001178270466666666,0.9721737160908013,1.0,
full_288,lite,0.01,Regime,equal_call_budget,0.1,0.10000000000000009,0.30536399999999914,0.09670000000000054,0.003299999999999977,0.0004420274391666661,0.49333979678359524,0.9670000000000045,
full_288,luna,0.01,Regime,equal_call_budget,0.1,0.10000000000000009,0.30536399999999914,0.09670000000000054,0.003299999999999977,6.862524874999968e-05,0.6614088999713899,0.9670000000000045,
full_288,qwen_local,0.01,Regime,equal_call_budget,0.1,0.10000000000000009,0.30536399999999914,0.0958750000000002,0.004124999999999987,0.0,13.1999791897652,0.9587500000000011,
full_288,baseline,0.01,Regime,equal_call_budget,0.2,0.20000000000000015,0.2555520000000007,0.1269555555555552,0.07304444444444433,8.004478222222267e-05,0.3475399860366831,0.6347777777777756,
full_288,opus,0.01,Regime,equal_call_budget,0.2,0.20000000000000015,0.2555520000000007,0.20000000000000015,0.0,0.003435962666666663,1.3669848980538928,1.0,
full_288,pro,0.01,Regime,equal_call_budget,0.2,0.20000000000000015,0.2555520000000007,0.20000000000000015,0.0,0.005167056622222233,3.080976662743048,1.0,
full_288,astra,0.01,Regime,equal_call_budget,0.2,0.20000000000000015,0.2555520000000007,0.20000000000000015,0.0,0.00407451511111112,1.6347228689192517,1.0,
full_288,sonnet,0.01,Regime,equal_call_budget,0.2,0.20000000000000015,0.2555520000000007,0.20000000000000015,0.0,0.00227842839999999,1.878096045670078,1.0,
full_288,lite,0.01,Regime,equal_call_budget,0.2,0.20000000000000015,0.2555520000000007,0.19448888888888802,0.005511111111111091,0.0008748490577777767,0.9786037712332079,0.9724444444444393,
full_288,luna,0.01,Regime,equal_call_budget,0.2,0.20000000000000015,0.2555520000000007,0.19448888888888802,0.005511111111111091,0.00014104659555555494,1.3551935261389159,0.9724444444444393,
full_288,qwen_local,0.01,Regime,equal_call_budget,0.2,0.20000000000000015,0.2555520000000007,0.19311111111111118,0.0068888888888888646,0.0,26.013253812505685,0.9655555555555552,
full_288,baseline,0.01,Regime,equal_call_budget,0.3,0.29999999999999893,0.20338799999999993,0.19111388888888964,0.10888611111111068,0.00011898536222222169,0.5114414762431899,0.637046296296301,
full_288,opus,0.01,Regime,equal_call_budget,0.3,0.29999999999999893,0.20338799999999993,0.29999999999999893,0.0,0.00499470420833332,1.9748871414073823,1.0,
full_288,pro,0.01,Regime,equal_call_budget,0.3,0.29999999999999893,0.20338799999999993,0.29999999999999893,0.0,0.007495918322222206,4.448513167333529,1.0,
full_288,astra,0.01,Regime,equal_call_budget,0.3,0.29999999999999893,0.20338799999999993,0.29999999999999893,0.0,0.006023417840277772,2.3933419802174067,1.0,
full_288,sonnet,0.01,Regime,equal_call_budget,0.3,0.29999999999999893,0.20338799999999993,0.29999999999999893,0.0,0.0032223612666666527,2.6515156022263238,1.0,
full_288,lite,0.01,Regime,equal_call_budget,0.3,0.29999999999999893,0.20338799999999993,0.2944555555555554,0.005544444444444425,0.0012892590352777738,1.4477161010148376,0.9815185185185216,
full_288,luna,0.01,Regime,equal_call_budget,0.3,0.29999999999999893,0.20338799999999993,0.2944555555555554,0.005544444444444425,0.0002210601384722226,2.113729604698694,0.9815185185185216,
full_288,qwen_local,0.01,Regime,equal_call_budget,0.3,0.29999999999999893,0.20338799999999993,0.2930694444444436,0.006930555555555531,0.0,38.053119301197356,0.9768981481481488,
full_288,baseline,0.01,Regime,equal_call_budget,0.4,0.4000000000000003,0.16359999999999963,0.2608333333333326,0.13916666666666702,0.00015964155555555514,0.6824844866784064,0.652083333333331,
full_288,opus,0.01,Regime,equal_call_budget,0.4,0.4000000000000003,0.16359999999999963,0.4000000000000003,0.0,0.006721095833333324,2.6874619525207906,1.0,
full_288,pro,0.01,Regime,equal_call_budget,0.4,0.4000000000000003,0.16359999999999963,0.4000000000000003,0.0,0.010150247777777746,6.004503063520564,1.0,
full_288,astra,0.01,Regime,equal_call_budget,0.4,0.4000000000000003,0.16359999999999963,0.4000000000000003,0.0,0.007984278472222214,3.1468261669213358,1.0,
full_288,sonnet,0.01,Regime,equal_call_budget,0.4,0.4000000000000003,0.16359999999999963,0.3988888888888898,0.0011111111111111183,0.004591452222222234,3.780326718904803,0.9972222222222238,
full_288,lite,0.01,Regime,equal_call_budget,0.4,0.4000000000000003,0.16359999999999963,0.39444444444444543,0.005555555555555536,0.0017579486388888941,1.9622591838593737,0.9861111111111128,
full_288,luna,0.01,Regime,equal_call_budget,0.4,0.4000000000000003,0.16359999999999963,0.39444444444444543,0.005555555555555536,0.00029873084722222145,2.830217761074047,0.9861111111111128,
full_288,qwen_local,0.01,Regime,equal_call_budget,0.4,0.4000000000000003,0.16359999999999963,0.3930555555555544,0.00694444444444442,0.0,50.126699265509345,0.9826388888888852,
full_288,baseline,0.01,Regime,equal_call_budget,0.5,0.5,0.12999999999999984,0.333333333333334,0.166666666666667,0.00020115555555555496,0.8570982572279862,0.666666666666668,
full_288,opus,0.01,Regime,equal_call_budget,0.5,0.5,0.12999999999999984,0.5,0.0,0.008531312499999992,3.4523730475141714,1.0,
full_288,pro,0.01,Regime,equal_call_budget,0.5,0.5,0.12999999999999984,0.5,0.0,0.012967311111111131,7.65471965550584,1.0,
full_288,astra,0.01,Regime,equal_call_budget,0.5,0.5,0.12999999999999984,0.5,0.0,0.009951118055555586,3.897742891328136,1.0,
full_288,sonnet,0.01,Regime,equal_call_budget,0.5,0.5,0.12999999999999984,0.49722222222222096,0.002777777777777768,0.0061731222222222385,5.086833615644416,0.9944444444444419,
full_288,lite,0.01,Regime,equal_call_budget,0.5,0.5,0.12999999999999984,0.4944444444444436,0.005555555555555536,0.0022537780555555477,2.4995176432353645,0.9888888888888872,
full_288,luna,0.01,Regime,equal_call_budget,0.5,0.5,0.12999999999999984,0.4944444444444436,0.005555555555555536,0.00037523013888889024,3.5256819563571766,0.9888888888888872,
full_288,qwen_local,0.01,Regime,equal_call_budget,0.5,0.5,0.12999999999999984,0.49305555555555686,0.00694444444444442,0.0,62.21713646763237,0.9861111111111137,
full_288,baseline,0.01,Regime,equal_call_budget,0.6,0.5999999999999979,0.09280000000000013,0.3941666666666649,0.20583333333333312,0.00023764688888888778,1.0119379052891022,0.6569444444444438,
full_288,opus,0.01,Regime,equal_call_budget,0.6,0.5999999999999979,0.09280000000000013,0.5999999999999979,0.0,0.010255929166666636,4.166685862972005,1.0,
full_288,pro,0.01,Regime,equal_call_budget,0.6,0.5999999999999979,0.09280000000000013,0.5999999999999979,0.0,0.015940574444444494,9.387437487412411,1.0,
full_288,astra,0.01,Regime,equal_call_budget,0.6,0.5999999999999979,0.09280000000000013,0.5999999999999979,0.0,0.011916247222222216,4.648793697436329,1.0,
full_288,sonnet,0.01,Regime,equal_call_budget,0.6,0.5999999999999979,0.09280000000000013,0.5972222222222248,0.002777777777777768,0.007333518888888855,6.062191854037488,0.9953703703703781,
full_288,lite,0.01,Regime,equal_call_budget,0.6,0.5999999999999979,0.09280000000000013,0.5877777777777766,0.012222222222222174,0.0026976913055555664,2.9832530597678892,0.9796296296296312,
full_288,luna,0.01,Regime,equal_call_budget,0.6,0.5999999999999979,0.09280000000000013,0.5911111111111079,0.008888888888888884,0.0004531475555555564,4.259805789485058,0.9851851851851834,
full_288,qwen_local,0.01,Regime,equal_call_budget,0.6,0.5999999999999979,0.09280000000000013,0.5855555555555574,0.014444444444444442,0.0,74.6858919264037,0.9759259259259324,
full_288,baseline,0.01,Regime,equal_call_budget,0.7,0.7000000000000008,0.06179999999999988,0.45499999999999863,0.24499999999999933,0.00027461822222222355,1.1680892149933302,0.6499999999999972,
full_288,opus,0.01,Regime,equal_call_budget,0.7,0.7000000000000008,0.06179999999999988,0.7000000000000008,0.0,0.011983169444444506,4.874795054320991,1.0,
full_288,pro,0.01,Regime,equal_call_budget,0.7,0.7000000000000008,0.06179999999999988,0.7000000000000008,0.0,0.018841890000000024,11.08114322070014,1.0,
full_288,astra,0.01,Regime,equal_call_budget,0.7,0.7000000000000008,0.06179999999999988,0.7000000000000008,0.0,0.013893808333333377,5.4094424712167095,1.0,
full_288,sonnet,0.01,Regime,equal_call_budget,0.7,0.7000000000000008,0.06179999999999988,0.6969444444444443,0.003055555555555589,0.008560756666666622,7.091506978507075,0.9956349206349192,
full_288,lite,0.01,Regime,equal_call_budget,0.7,0.7000000000000008,0.06179999999999988,0.68111111111111,0.018888888888889056,0.00314838094444444,3.474757153579772,0.9730158730158702,
full_288,luna,0.01,Regime,equal_call_budget,0.7,0.7000000000000008,0.06179999999999988,0.6863888888888886,0.01361111111111106,0.0005326159444444429,4.997505138447507,0.980555555555554,
full_288,qwen_local,0.01,Regime,equal_call_budget,0.7,0.7000000000000008,0.06179999999999988,0.6802777777777758,0.019722222222222224,0.0,87.17289528047898,0.9718253968253928,
full_288,baseline,0.01,Regime,equal_call_budget,0.8,0.8000000000000007,0.04319999999999991,0.5158333333333333,0.2841666666666659,0.00031254955555555525,1.3268638479837644,0.644791666666666,
full_288,opus,0.01,Regime,equal_call_budget,0.8,0.8000000000000007,0.04319999999999991,0.8000000000000007,0.0,0.013715656944444503,5.570496997452231,1.0,
full_288,pro,0.01,Regime,equal_call_budget,0.8,0.8000000000000007,0.04319999999999991,0.8000000000000007,0.0,0.021599310000000028,12.696824756749988,1.0,
full_288,astra,0.01,Regime,equal_call_budget,0.8,0.8000000000000007,0.04319999999999991,0.8000000000000007,0.0,0.015896233333333266,6.189287180341372,1.0,
full_288,sonnet,0.01,Regime,equal_call_budget,0.8,0.8000000000000007,0.04319999999999991,0.7961111111111139,0.0038888888888889417,0.009921676666666714,8.228735875129592,0.9951388888888915,
full_288,lite,0.01,Regime,equal_call_budget,0.8,0.8000000000000007,0.04319999999999991,0.7744444444444418,0.025555555555555675,0.0036126233611111203,3.9817986019504246,0.9680555555555515,
full_288,luna,0.01,Regime,equal_call_budget,0.8,0.8000000000000007,0.04319999999999991,0.7788888888888895,0.021111111111111254,0.0006151862777777769,5.742355519079082,0.973611111111111,
full_288,qwen_local,0.01,Regime,equal_call_budget,0.8,0.8000000000000007,0.04319999999999991,0.7794444444444454,0.02055555555555562,0.0,99.69639442516088,0.9743055555555559,
full_288,baseline,0.01,Regime,equal_call_budget,0.9,0.9000000000000032,0.022199999999999873,0.579444444444447,0.32055555555555637,0.00035132622222222424,1.4927298866636591,0.6438271604938277,
full_288,opus,0.01,Regime,equal_call_budget,0.9,0.9000000000000032,0.022199999999999873,0.9000000000000032,-1.1102230246251565e-16,0.015502000000000018,6.306494526687947,1.0,
full_288,pro,0.01,Regime,equal_call_budget,0.9,0.9000000000000032,0.022199999999999873,0.9000000000000032,-1.1102230246251565e-16,0.02455534111111117,14.406250026433685,1.0,
full_288,astra,0.01,Regime,equal_call_budget,0.9,0.9000000000000032,0.022199999999999873,0.9000000000000032,-1.1102230246251565e-16,0.018122902777777828,7.067822049634803,1.0,
full_288,sonnet,0.01,Regime,equal_call_budget,0.9,0.9000000000000032,0.022199999999999873,0.8925000000000025,0.007499999999999916,0.011312599999999971,9.385223292124934,0.9916666666666659,
full_288,lite,0.01,Regime,equal_call_budget,0.9,0.9000000000000032,0.022199999999999873,0.8722222222222245,0.02777777777777768,0.00405516205555556,4.470580023864615,0.9691358024691348,
full_288,luna,0.01,Regime,equal_call_budget,0.9,0.9000000000000032,0.022199999999999873,0.8758333333333327,0.024166666666666548,0.0007013728333333345,6.527481645081935,0.9731481481481439,
full_288,qwen_local,0.01,Regime,equal_call_budget,0.9,0.9000000000000032,0.022199999999999873,0.8769444444444429,0.02305555555555558,0.0,112.03406484924662,0.9743827160493774,
full_288,baseline,0.01,Regime,equal_call_budget,1.0,0.9999999999999999,0.0,0.6444444444444454,0.3555555555555546,0.0003905255555555542,1.662141628188293,0.6444444444444455,
full_288,opus,0.01,Regime,equal_call_budget,1.0,0.9999999999999999,0.0,0.9999999999999999,0.0,0.017315270833333386,7.062639848975858,1.0,
full_288,pro,0.01,Regime,equal_call_budget,1.0,0.9999999999999999,0.0,0.9999999999999999,0.0,0.027610677777777794,16.162547162934505,1.0,
full_288,astra,0.01,Regime,equal_call_budget,1.0,0.9999999999999999,0.0,0.9999999999999999,0.0,0.02046169444444434,7.995701999012608,1.0,
full_288,sonnet,0.01,Regime,equal_call_budget,1.0,0.9999999999999999,0.0,0.9875000000000027,0.0125,0.01271852499999996,10.551339969306758,0.9875000000000028,
full_288,lite,0.01,Regime,equal_call_budget,1.0,0.9999999999999999,0.0,0.9722222222222263,0.0277777777777777,0.0044868488888888695,4.9502314325506,0.9722222222222264,
full_288,luna,0.01,Regime,equal_call_budget,1.0,0.9999999999999999,0.0,0.9749999999999965,0.025,0.000789367499999999,7.332745643770461,0.9749999999999966,
full_288,qwen_local,0.01,Regime,equal_call_budget,1.0,0.9999999999999999,0.0,0.9736111111111064,0.02638888888888889,0.0,124.27882091303401,0.9736111111111065,
full_288,baseline,0.01,Weighted global,threshold,0.4,0.03500000000000001,0.33686999999999967,0.02219444444444444,0.01280555555555555,1.4044044444444447e-05,0.061149790303590815,0.6341269841269839,
full_288,opus,0.01,Weighted global,threshold,0.4,0.03500000000000001,0.33686999999999967,0.03500000000000001,0.0,0.0006066231250000001,0.24175231506360506,1.0,
full_288,pro,0.01,Weighted global,threshold,0.4,0.03500000000000001,0.33686999999999967,0.03500000000000001,0.0,0.0009127584444444445,0.5449595077335215,1.0,
full_288,astra,0.01,Weighted global,threshold,0.4,0.03500000000000001,0.33686999999999967,0.03500000000000001,0.0,0.0007159973263888887,0.28804257165239594,1.0,
full_288,sonnet,0.01,Weighted global,threshold,0.4,0.03500000000000001,0.33686999999999967,0.03500000000000001,0.0,0.0004052609166666665,0.3342102913534329,1.0,
full_288,lite,0.01,Weighted global,threshold,0.4,0.03500000000000001,0.33686999999999967,0.033944444444444465,0.0010555555555555565,0.00015386886805555548,0.17193139203865496,0.9698412698412702,
full_288,luna,0.01,Weighted global,threshold,0.4,0.03500000000000001,0.33686999999999967,0.033944444444444465,0.0010555555555555565,2.4365521527777762e-05,0.23444987773953152,0.9698412698412702,
full_288,qwen_local,0.01,Weighted global,threshold,0.4,0.03500000000000001,0.33686999999999967,0.033680555555555575,0.0013194444444444443,0.0,4.584676329939537,0.9623015873015875,
full_288,baseline,0.01,Weighted global,threshold,0.6,0.35083333333333355,0.19132000000000007,0.22906944444444424,0.12176388888888905,0.00013998244999999983,0.5987542726076204,0.6529295328582729,
full_288,opus,0.01,Weighted global,threshold,0.6,0.35083333333333355,0.19132000000000007,0.35083333333333355,0.0,0.005946682604166665,2.3886230372347663,1.0,
full_288,pro,0.01,Weighted global,threshold,0.6,0.35083333333333355,0.19132000000000007,0.35083333333333355,0.0,0.009042500138888871,5.346999513714933,1.0,
full_288,astra,0.01,Weighted global,threshold,0.6,0.35083333333333355,0.19132000000000007,0.35083333333333355,0.0,0.007013111093750009,2.7619300433378116,1.0,
full_288,sonnet,0.01,Weighted global,threshold,0.6,0.35083333333333355,0.19132000000000007,0.3496527777777777,0.0011805555555555514,0.004126415888888885,3.401519441914358,0.996634996041171,
full_288,lite,0.01,Weighted global,threshold,0.6,0.35083333333333355,0.19132000000000007,0.34500000000000014,0.0058333333333333215,0.0015543064215277763,1.730232460173659,0.9833729216152017,
full_288,luna,0.01,Weighted global,threshold,0.6,0.35083333333333355,0.19132000000000007,0.34536805555555583,0.00546527777777776,0.0002612820413194446,2.471592564475022,0.984422011084719,
full_288,qwen_local,0.01,Weighted global,threshold,0.6,0.35083333333333355,0.19132000000000007,0.3437361111111111,0.007097222222222206,0.0,44.05789321931967,0.9797703879651616,
full_288,baseline,0.01,Weighted global,threshold,0.7,0.6433333333333341,0.08359499999999995,0.4197430555555549,0.2235902777777775,0.0002535888055555556,1.0795609405306203,0.6524503454231416,
full_288,opus,0.01,Weighted global,threshold,0.7,0.6433333333333341,0.08359499999999995,0.6433333333333341,0.0,0.011010479895833359,4.47326677987648,1.0,
full_288,pro,0.01,Weighted global,threshold,0.7,0.6433333333333341,0.08359499999999995,0.6433333333333341,0.0,0.017212884472222217,10.126571407008225,1.0,
full_288,astra,0.01,Weighted global,threshold,0.7,0.6433333333333341,0.08359499999999995,0.6433333333333341,0.0,0.012826916250000011,5.0047485287611195,1.0,
full_288,sonnet,0.01,Weighted global,threshold,0.7,0.6433333333333341,0.08359499999999995,0.6398472222222228,0.0034861111111110987,0.00788040820833333,6.520981703300349,0.9945811744386871,
full_288,lite,0.01,Weighted global,threshold,0.7,0.6433333333333341,0.08359499999999995,0.6282500000000016,0.015083333333333305,0.002888730169444441,3.192909559837075,0.9765544041450791,
full_288,luna,0.01,Weighted global,threshold,0.7,0.6433333333333341,0.08359499999999995,0.6318055555555542,0.011527777777777738,0.000489691341666666,4.594650840587989,0.9820811744386841,
full_288,qwen_local,0.01,Weighted global,threshold,0.7,0.6433333333333341,0.08359499999999995,0.627006944444446,0.016326388888888876,0.0,80.11588878412061,0.9746221934369617,
full_288,baseline,0.01,Weighted global,threshold,0.8,0.873333333333333,0.026929999999999968,0.5638472222222226,0.30948611111111074,0.0003414253999999997,1.4520511338951656,0.6456265903307895,
full_288,opus,0.01,Weighted global,threshold,0.8,0.873333333333333,0.026929999999999968,0.873333333333333,0.0,0.015052252013888932,6.129730334187677,1.0,
full_288,pro,0.01,Weighted global,threshold,0.8,0.873333333333333,0.026929999999999968,0.873333333333333,0.0,0.023861119222222223,13.994543351957134,1.0,
full_288,astra,0.01,Weighted global,threshold,0.8,0.873333333333333,0.026929999999999968,0.873333333333333,0.0,0.01763999937499997,6.88254864495646,1.0,
full_288,sonnet,0.01,Weighted global,threshold,0.8,0.873333333333333,0.026929999999999968,0.8654166666666684,0.007916666666666638,0.01095978080555554,9.088993264413348,0.9909351145038192,
full_288,lite,0.01,Weighted global,threshold,0.8,0.873333333333333,0.026929999999999968,0.8483333333333353,0.024999999999999932,0.003926819559722216,4.331648898877052,0.9713740458015293,
full_288,luna,0.01,Weighted global,threshold,0.8,0.873333333333333,0.026929999999999968,0.8520972222222215,0.021236111111111056,0.0006802452763888876,6.3380956954137915,0.9756838422391854,
full_288,qwen_local,0.01,Weighted global,threshold,0.8,0.873333333333333,0.026929999999999968,0.8502361111111092,0.023097222222222272,0.0,108.65356600996225,0.9735527989821865,
full_288,baseline,0.01,Weighted global,threshold,0.9,0.9833333333333337,0.003640000000000002,0.6336805555555565,0.3496527777777769,0.00038401346666666565,1.6340836230764249,0.6444209039548029,
full_288,opus,0.01,Weighted global,threshold,0.9,0.9833333333333337,0.003640000000000002,0.9833333333333337,0.0,0.01701440541666672,6.937623018247157,1.0,
full_288,pro,0.01,Weighted global,threshold,0.9,0.9833333333333337,0.003640000000000002,0.9833333333333337,0.0,0.027106420277777776,15.872174566858558,1.0,
full_288,astra,0.01,Weighted global,threshold,0.9,0.9833333333333337,0.003640000000000002,0.9833333333333337,0.0,0.020077501944444357,7.843522594787188,1.0,
full_288,sonnet,0.01,Weighted global,threshold,0.9,0.9833333333333337,0.003640000000000002,0.971597222222225,0.01173611111111109,0.012484954249999963,10.35746865278578,0.9880649717514148,
full_288,lite,0.01,Weighted global,threshold,0.9,0.9833333333333337,0.003640000000000002,0.9556666666666698,0.02766666666666659,0.004414358490277761,4.869833030441527,0.9718644067796638,
full_288,luna,0.01,Weighted global,threshold,0.9,0.9833333333333337,0.003640000000000002,0.9585833333333308,0.02474999999999997,0.0007747921277777767,7.199541870956653,0.9748305084745733,
full_288,qwen_local,0.01,Weighted global,threshold,0.9,0.9833333333333337,0.003640000000000002,0.9574583333333294,0.02587500000000001,0.0,122.23338251772117,0.9736864406779617,
full_288,baseline,0.01,Weighted global,equal_call_budget,0.0,0.0,0.35399999999999937,0.0,0.0,0.0,0.0,,
full_288,opus,0.01,Weighted global,equal_call_budget,0.0,0.0,0.35399999999999937,0.0,0.0,0.0,0.0,,
full_288,pro,0.01,Weighted global,equal_call_budget,0.0,0.0,0.35399999999999937,0.0,0.0,0.0,0.0,,
full_288,astra,0.01,Weighted global,equal_call_budget,0.0,0.0,0.35399999999999937,0.0,0.0,0.0,0.0,,
full_288,sonnet,0.01,Weighted global,equal_call_budget,0.0,0.0,0.35399999999999937,0.0,0.0,0.0,0.0,,
full_288,lite,0.01,Weighted global,equal_call_budget,0.0,0.0,0.35399999999999937,0.0,0.0,0.0,0.0,,
full_288,luna,0.01,Weighted global,equal_call_budget,0.0,0.0,0.35399999999999937,0.0,0.0,0.0,0.0,,
full_288,qwen_local,0.01,Weighted global,equal_call_budget,0.0,0.0,0.35399999999999937,0.0,0.0,0.0,0.0,,
full_288,baseline,0.01,Weighted global,equal_call_budget,0.1,0.10000000000000009,0.30539999999999917,0.06333333333333313,0.036666666666666826,4.02520000000001e-05,0.1758645323906479,0.6333333333333308,
full_288,opus,0.01,Weighted global,equal_call_budget,0.1,0.10000000000000009,0.30539999999999917,0.10000000000000009,0.0,0.0017517791666666707,0.6995360845168264,1.0,
full_288,pro,0.01,Weighted global,equal_call_budget,0.1,0.10000000000000009,0.30539999999999917,0.10000000000000009,0.0,0.0026375799999999888,1.5771964741985232,1.0,
full_288,astra,0.01,Weighted global,equal_call_budget,0.1,0.10000000000000009,0.30539999999999917,0.10000000000000009,0.0,0.002056010416666659,0.8298291928449177,1.0,
full_288,sonnet,0.01,Weighted global,equal_call_budget,0.1,0.10000000000000009,0.30539999999999917,0.10000000000000009,0.0,0.001180661666666666,0.9742018197595215,1.0,
full_288,lite,0.01,Weighted global,equal_call_budget,0.1,0.10000000000000009,0.30539999999999917,0.09666666666666719,0.0033333333333333097,0.0004423092499999993,0.49358701583463566,0.9666666666666711,
full_288,luna,0.01,Weighted global,equal_call_budget,0.1,0.10000000000000009,0.30539999999999917,0.09666666666666719,0.0033333333333333097,6.850904166666636e-05,0.6604178063123246,0.9666666666666711,
full_288,qwen_local,0.01,Weighted global,equal_call_budget,0.1,0.10000000000000009,0.30539999999999917,0.09583333333333353,0.0041666666666666545,0.0,13.211817084674117,0.9583333333333345,
full_288,baseline,0.01,Weighted global,equal_call_budget,0.2,0.20000000000000015,0.2556000000000007,0.12694444444444408,0.07305555555555544,8.00624444444449e-05,0.34770110444993757,0.63472222222222,
full_288,opus,0.01,Weighted global,equal_call_budget,0.2,0.20000000000000015,0.2556000000000007,0.20000000000000015,0.0,0.0034385624999999963,1.3682190238608063,1.0,
full_288,pro,0.01,Weighted global,equal_call_budget,0.2,0.20000000000000015,0.2556000000000007,0.20000000000000015,0.0,0.0051712144444444556,3.0838003660374325,1.0,
full_288,astra,0.01,Weighted global,equal_call_budget,0.2,0.20000000000000015,0.2556000000000007,0.20000000000000015,0.0,0.004075957638888898,1.6356819272565817,1.0,
full_288,sonnet,0.01,Weighted global,equal_call_budget,0.2,0.20000000000000015,0.2556000000000007,0.20000000000000015,0.0,0.0022816166666666565,1.8808001838950381,1.0,
full_288,lite,0.01,Weighted global,equal_call_budget,0.2,0.20000000000000015,0.2556000000000007,0.1944444444444436,0.005555555555555536,0.0008752248055555546,0.9789333966345951,0.9722222222222172,
full_288,luna,0.01,Weighted global,equal_call_budget,0.2,0.20000000000000015,0.2556000000000007,0.1944444444444436,0.005555555555555536,0.00014089165277777715,1.3538720679268288,0.9722222222222172,
full_288,qwen_local,0.01,Weighted global,equal_call_budget,0.2,0.20000000000000015,0.2556000000000007,0.19305555555555565,0.00694444444444442,0.0,26.029037672384238,0.9652777777777775,
full_288,baseline,0.01,Weighted global,equal_call_budget,0.3,0.29999999999999893,0.2033999999999999,0.19111111111111184,0.10888888888888845,0.00011898977777777724,0.5114817558465035,0.6370370370370417,
full_288,opus,0.01,Weighted global,equal_call_budget,0.3,0.29999999999999893,0.2033999999999999,0.29999999999999893,0.0,0.004995354166666653,1.975195672859111,1.0,
full_288,pro,0.01,Weighted global,equal_call_budget,0.3,0.29999999999999893,0.2033999999999999,0.29999999999999893,0.0,0.007496957777777762,4.449219093157125,1.0,
full_288,astra,0.01,Weighted global,equal_call_budget,0.3,0.29999999999999893,0.2033999999999999,0.29999999999999893,0.0,0.0060237784722222175,2.393581744801739,1.0,
full_288,sonnet,0.01,Weighted global,equal_call_budget,0.3,0.29999999999999893,0.2033999999999999,0.29999999999999893,0.0,0.0032231583333333196,2.6521916367825638,1.0,
full_288,lite,0.01,Weighted global,equal_call_budget,0.3,0.29999999999999893,0.2033999999999999,0.29444444444444434,0.005555555555555536,0.0012893529722222182,1.4477985073651842,0.9814814814814846,
full_288,luna,0.01,Weighted global,equal_call_budget,0.3,0.29999999999999893,0.2033999999999999,0.29444444444444434,0.005555555555555536,0.00022102140277777813,2.113399240145672,0.9814814814814846,
full_288,qwen_local,0.01,Weighted global,equal_call_budget,0.3,0.29999999999999893,0.2033999999999999,0.2930555555555547,0.00694444444444442,0.0,38.057065266166994,0.9768518518518524,
full_288,baseline,0.01,Weighted global,equal_call_budget,0.4,0.4000000000000003,0.16359999999999963,0.2608333333333326,0.13916666666666702,0.00015964155555555514,0.6824844866784064,0.652083333333331,
full_288,opus,0.01,Weighted global,equal_call_budget,0.4,0.4000000000000003,0.16359999999999963,0.4000000000000003,0.0,0.006721095833333324,2.6874619525207906,1.0,
full_288,pro,0.01,Weighted global,equal_call_budget,0.4,0.4000000000000003,0.16359999999999963,0.4000000000000003,0.0,0.010150247777777746,6.004503063520564,1.0,
full_288,astra,0.01,Weighted global,equal_call_budget,0.4,0.4000000000000003,0.16359999999999963,0.4000000000000003,0.0,0.007984278472222214,3.1468261669213358,1.0,
full_288,sonnet,0.01,Weighted global,equal_call_budget,0.4,0.4000000000000003,0.16359999999999963,0.3988888888888898,0.0011111111111111183,0.004591452222222234,3.780326718904803,0.9972222222222238,
full_288,lite,0.01,Weighted global,equal_call_budget,0.4,0.4000000000000003,0.16359999999999963,0.39444444444444543,0.005555555555555536,0.0017579486388888941,1.9622591838593737,0.9861111111111128,
full_288,luna,0.01,Weighted global,equal_call_budget,0.4,0.4000000000000003,0.16359999999999963,0.39444444444444543,0.005555555555555536,0.00029873084722222145,2.830217761074047,0.9861111111111128,
full_288,qwen_local,0.01,Weighted global,equal_call_budget,0.4,0.4000000000000003,0.16359999999999963,0.3930555555555544,0.00694444444444442,0.0,50.126699265509345,0.9826388888888852,
full_288,baseline,0.01,Weighted global,equal_call_budget,0.5,0.5,0.12999999999999984,0.333333333333334,0.166666666666667,0.00020115555555555496,0.8570982572279862,0.666666666666668,
full_288,opus,0.01,Weighted global,equal_call_budget,0.5,0.5,0.12999999999999984,0.5,0.0,0.008531312499999992,3.4523730475141714,1.0,
full_288,pro,0.01,Weighted global,equal_call_budget,0.5,0.5,0.12999999999999984,0.5,0.0,0.012967311111111131,7.65471965550584,1.0,
full_288,astra,0.01,Weighted global,equal_call_budget,0.5,0.5,0.12999999999999984,0.5,0.0,0.009951118055555586,3.897742891328136,1.0,
full_288,sonnet,0.01,Weighted global,equal_call_budget,0.5,0.5,0.12999999999999984,0.49722222222222096,0.002777777777777768,0.0061731222222222385,5.086833615644416,0.9944444444444419,
full_288,lite,0.01,Weighted global,equal_call_budget,0.5,0.5,0.12999999999999984,0.4944444444444436,0.005555555555555536,0.0022537780555555477,2.4995176432353645,0.9888888888888872,
full_288,luna,0.01,Weighted global,equal_call_budget,0.5,0.5,0.12999999999999984,0.4944444444444436,0.005555555555555536,0.00037523013888889024,3.5256819563571766,0.9888888888888872,
full_288,qwen_local,0.01,Weighted global,equal_call_budget,0.5,0.5,0.12999999999999984,0.49305555555555686,0.00694444444444442,0.0,62.21713646763237,0.9861111111111137,
full_288,baseline,0.01,Weighted global,equal_call_budget,0.6,0.5999999999999979,0.09280000000000013,0.3941666666666649,0.20583333333333312,0.00023764688888888778,1.0119379052891022,0.6569444444444438,
full_288,opus,0.01,Weighted global,equal_call_budget,0.6,0.5999999999999979,0.09280000000000013,0.5999999999999979,0.0,0.010255929166666636,4.166685862972005,1.0,
full_288,pro,0.01,Weighted global,equal_call_budget,0.6,0.5999999999999979,0.09280000000000013,0.5999999999999979,0.0,0.015940574444444494,9.387437487412411,1.0,
full_288,astra,0.01,Weighted global,equal_call_budget,0.6,0.5999999999999979,0.09280000000000013,0.5999999999999979,0.0,0.011916247222222216,4.648793697436329,1.0,
full_288,sonnet,0.01,Weighted global,equal_call_budget,0.6,0.5999999999999979,0.09280000000000013,0.5972222222222248,0.002777777777777768,0.007333518888888855,6.062191854037488,0.9953703703703781,
full_288,lite,0.01,Weighted global,equal_call_budget,0.6,0.5999999999999979,0.09280000000000013,0.5877777777777766,0.012222222222222174,0.0026976913055555664,2.9832530597678892,0.9796296296296312,
full_288,luna,0.01,Weighted global,equal_call_budget,0.6,0.5999999999999979,0.09280000000000013,0.5911111111111079,0.008888888888888884,0.0004531475555555564,4.259805789485058,0.9851851851851834,
full_288,qwen_local,0.01,Weighted global,equal_call_budget,0.6,0.5999999999999979,0.09280000000000013,0.5855555555555574,0.014444444444444442,0.0,74.6858919264037,0.9759259259259324,
full_288,baseline,0.01,Weighted global,equal_call_budget,0.7,0.7000000000000008,0.06179999999999988,0.45499999999999863,0.24499999999999933,0.00027461822222222355,1.1680892149933302,0.6499999999999972,
full_288,opus,0.01,Weighted global,equal_call_budget,0.7,0.7000000000000008,0.06179999999999988,0.7000000000000008,0.0,0.011983169444444506,4.874795054320991,1.0,
full_288,pro,0.01,Weighted global,equal_call_budget,0.7,0.7000000000000008,0.06179999999999988,0.7000000000000008,0.0,0.018841890000000024,11.08114322070014,1.0,
full_288,astra,0.01,Weighted global,equal_call_budget,0.7,0.7000000000000008,0.06179999999999988,0.7000000000000008,0.0,0.013893808333333377,5.4094424712167095,1.0,
full_288,sonnet,0.01,Weighted global,equal_call_budget,0.7,0.7000000000000008,0.06179999999999988,0.6969444444444443,0.003055555555555589,0.008560756666666622,7.091506978507075,0.9956349206349192,
full_288,lite,0.01,Weighted global,equal_call_budget,0.7,0.7000000000000008,0.06179999999999988,0.68111111111111,0.018888888888889056,0.00314838094444444,3.474757153579772,0.9730158730158702,
full_288,luna,0.01,Weighted global,equal_call_budget,0.7,0.7000000000000008,0.06179999999999988,0.6863888888888886,0.01361111111111106,0.0005326159444444429,4.997505138447507,0.980555555555554,
full_288,qwen_local,0.01,Weighted global,equal_call_budget,0.7,0.7000000000000008,0.06179999999999988,0.6802777777777758,0.019722222222222224,0.0,87.17289528047898,0.9718253968253928,
full_288,baseline,0.01,Weighted global,equal_call_budget,0.8,0.8000000000000007,0.04319999999999991,0.5158333333333333,0.2841666666666659,0.00031254955555555525,1.3268638479837644,0.644791666666666,
full_288,opus,0.01,Weighted global,equal_call_budget,0.8,0.8000000000000007,0.04319999999999991,0.8000000000000007,0.0,0.013715656944444503,5.570496997452231,1.0,
full_288,pro,0.01,Weighted global,equal_call_budget,0.8,0.8000000000000007,0.04319999999999991,0.8000000000000007,0.0,0.021599310000000028,12.696824756749988,1.0,
full_288,astra,0.01,Weighted global,equal_call_budget,0.8,0.8000000000000007,0.04319999999999991,0.8000000000000007,0.0,0.015896233333333266,6.189287180341372,1.0,
full_288,sonnet,0.01,Weighted global,equal_call_budget,0.8,0.8000000000000007,0.04319999999999991,0.7961111111111139,0.0038888888888889417,0.009921676666666714,8.228735875129592,0.9951388888888915,
full_288,lite,0.01,Weighted global,equal_call_budget,0.8,0.8000000000000007,0.04319999999999991,0.7744444444444418,0.025555555555555675,0.0036126233611111203,3.9817986019504246,0.9680555555555515,
full_288,luna,0.01,Weighted global,equal_call_budget,0.8,0.8000000000000007,0.04319999999999991,0.7788888888888895,0.021111111111111254,0.0006151862777777769,5.742355519079082,0.973611111111111,
full_288,qwen_local,0.01,Weighted global,equal_call_budget,0.8,0.8000000000000007,0.04319999999999991,0.7794444444444454,0.02055555555555562,0.0,99.69639442516088,0.9743055555555559,
full_288,baseline,0.01,Weighted global,equal_call_budget,0.9,0.9000000000000032,0.022199999999999873,0.579444444444447,0.32055555555555637,0.00035132622222222424,1.4927298866636591,0.6438271604938277,
full_288,opus,0.01,Weighted global,equal_call_budget,0.9,0.9000000000000032,0.022199999999999873,0.9000000000000032,-1.1102230246251565e-16,0.015502000000000018,6.306494526687947,1.0,
full_288,pro,0.01,Weighted global,equal_call_budget,0.9,0.9000000000000032,0.022199999999999873,0.9000000000000032,-1.1102230246251565e-16,0.02455534111111117,14.406250026433685,1.0,
full_288,astra,0.01,Weighted global,equal_call_budget,0.9,0.9000000000000032,0.022199999999999873,0.9000000000000032,-1.1102230246251565e-16,0.018122902777777828,7.067822049634803,1.0,
full_288,sonnet,0.01,Weighted global,equal_call_budget,0.9,0.9000000000000032,0.022199999999999873,0.8925000000000025,0.007499999999999916,0.011312599999999971,9.385223292124934,0.9916666666666659,
full_288,lite,0.01,Weighted global,equal_call_budget,0.9,0.9000000000000032,0.022199999999999873,0.8722222222222245,0.02777777777777768,0.00405516205555556,4.470580023864615,0.9691358024691348,
full_288,luna,0.01,Weighted global,equal_call_budget,0.9,0.9000000000000032,0.022199999999999873,0.8758333333333327,0.024166666666666548,0.0007013728333333345,6.527481645081935,0.9731481481481439,
full_288,qwen_local,0.01,Weighted global,equal_call_budget,0.9,0.9000000000000032,0.022199999999999873,0.8769444444444429,0.02305555555555558,0.0,112.03406484924662,0.9743827160493774,
full_288,baseline,0.01,Weighted global,equal_call_budget,1.0,0.9999999999999999,0.0,0.6444444444444454,0.3555555555555546,0.0003905255555555542,1.662141628188293,0.6444444444444455,
full_288,opus,0.01,Weighted global,equal_call_budget,1.0,0.9999999999999999,0.0,0.9999999999999999,0.0,0.017315270833333386,7.062639848975858,1.0,
full_288,pro,0.01,Weighted global,equal_call_budget,1.0,0.9999999999999999,0.0,0.9999999999999999,0.0,0.027610677777777794,16.162547162934505,1.0,
full_288,astra,0.01,Weighted global,equal_call_budget,1.0,0.9999999999999999,0.0,0.9999999999999999,0.0,0.02046169444444434,7.995701999012608,1.0,
full_288,sonnet,0.01,Weighted global,equal_call_budget,1.0,0.9999999999999999,0.0,0.9875000000000027,0.0125,0.01271852499999996,10.551339969306758,0.9875000000000028,
full_288,lite,0.01,Weighted global,equal_call_budget,1.0,0.9999999999999999,0.0,0.9722222222222263,0.0277777777777777,0.0044868488888888695,4.9502314325506,0.9722222222222264,
full_288,luna,0.01,Weighted global,equal_call_budget,1.0,0.9999999999999999,0.0,0.9749999999999965,0.025,0.000789367499999999,7.332745643770461,0.9749999999999966,
full_288,qwen_local,0.01,Weighted global,equal_call_budget,1.0,0.9999999999999999,0.0,0.9736111111111064,0.02638888888888889,0.0,124.27882091303401,0.9736111111111065,
full_288,baseline,0.01,Weighted regime,threshold,0.4,0.06916666666666664,0.31897499999999995,0.04413194444444442,0.025034722222222215,2.7322138888888868e-05,0.11690678151418339,0.6380522088353412,
full_288,opus,0.01,Weighted regime,threshold,0.4,0.06916666666666664,0.31897499999999995,0.06916666666666664,0.0,0.001135277152777779,0.44759334621271224,1.0,
full_288,pro,0.01,Weighted regime,threshold,0.4,0.06916666666666664,0.31897499999999995,0.06916666666666664,0.0,0.0017021901388888877,1.0079479437147678,1.0,
full_288,astra,0.01,Weighted regime,threshold,0.4,0.06916666666666664,0.31897499999999995,0.06916666666666664,0.0,0.0013796996180555556,0.5457928530586628,1.0,
full_288,sonnet,0.01,Weighted regime,threshold,0.4,0.06916666666666664,0.31897499999999995,0.06916666666666664,0.0,0.0007229689861111109,0.5943888649754693,1.0,
full_288,lite,0.01,Weighted regime,threshold,0.4,0.06916666666666664,0.31897499999999995,0.06816666666666665,0.001,0.00029489297361111094,0.33171493978654204,0.985542168674699,
full_288,luna,0.01,Weighted regime,threshold,0.4,0.06916666666666664,0.31897499999999995,0.06816666666666665,0.001,5.193686458333329e-05,0.4956068176794149,0.985542168674699,
full_288,qwen_local,0.01,Weighted regime,threshold,0.4,0.06916666666666664,0.31897499999999995,0.06791666666666663,0.001249999999999999,0.0,8.67452259963372,0.9819277108433733,
full_288,baseline,0.01,Weighted regime,threshold,0.6,0.3508333333333332,0.19207499999999997,0.2245972222222221,0.12623611111111116,0.00013753994999999994,0.5875050722474449,0.6401821060965952,
full_288,opus,0.01,Weighted regime,threshold,0.6,0.3508333333333332,0.19207499999999997,0.3508333333333332,0.0,0.005884929062500004,2.3584758777437544,1.0,
full_288,pro,0.01,Weighted regime,threshold,0.6,0.3508333333333332,0.19207499999999997,0.3508333333333332,0.0,0.009098138916666651,5.364842541152155,1.0,
full_288,astra,0.01,Weighted regime,threshold,0.6,0.3508333333333332,0.19207499999999997,0.3508333333333332,0.0,0.007009483437499999,2.753014950507884,1.0,
full_288,sonnet,0.01,Weighted regime,threshold,0.6,0.3508333333333332,0.19207499999999997,0.34995833333333315,0.0008749999999999977,0.003940733986111113,3.2552675351928384,0.9975059382422801,
full_288,lite,0.01,Weighted regime,threshold,0.6,0.3508333333333332,0.19207499999999997,0.3429444444444446,0.007888888888888883,0.00152923480972222,1.7042396835132712,0.9775138558986548,
full_288,luna,0.01,Weighted regime,threshold,0.6,0.3508333333333332,0.19207499999999997,0.34468750000000015,0.006145833333333314,0.0002656028312500004,2.516561279080454,0.9824821852731599,
full_288,qwen_local,0.01,Weighted regime,threshold,0.6,0.3508333333333332,0.19207499999999997,0.34143055555555507,0.009402777777777776,0.0,43.91173093231109,0.9731987331749792,
full_288,baseline,0.01,Weighted regime,threshold,0.7,0.624166666666667,0.09371500000000008,0.40373611111111046,0.22043055555555519,0.0002445866000000002,1.0423478063610196,0.6468402314196693,
full_288,opus,0.01,Weighted regime,threshold,0.7,0.624166666666667,0.09371500000000008,0.624166666666667,0.0,0.01066684989583334,4.330289380758438,1.0,
full_288,pro,0.01,Weighted regime,threshold,0.7,0.624166666666667,0.09371500000000008,0.624166666666667,0.0,0.016790891555555548,9.86672866972359,1.0,
full_288,astra,0.01,Weighted regime,threshold,0.7,0.624166666666667,0.09371500000000008,0.624166666666667,0.0,0.012526973107638895,4.893048306587595,1.0,
full_288,sonnet,0.01,Weighted regime,threshold,0.7,0.624166666666667,0.09371500000000008,0.6202500000000001,0.003916666666666654,0.007534832180555557,6.239329009634317,0.9937249666221625,
full_288,lite,0.01,Weighted regime,threshold,0.7,0.624166666666667,0.09371500000000008,0.6085277777777789,0.015638888888888862,0.0027792051923611082,3.075227025830934,0.9749443702714744,
full_288,luna,0.01,Weighted regime,threshold,0.7,0.624166666666667,0.09371500000000008,0.6124722222222221,0.011694444444444407,0.00047842322743055546,4.493139763748378,0.981263907432131,
full_288,qwen_local,0.01,Weighted regime,threshold,0.7,0.624166666666667,0.09371500000000008,0.606256944444445,0.017909722222222216,0.0,77.77312269814801,0.9713061860258126,
full_288,baseline,0.01,Weighted regime,threshold,0.8,0.816666666666666,0.0387899999999999,0.5290763888888885,0.2875902777777771,0.0003198982222222221,1.3622939181639881,0.6478486394557824,
full_288,opus,0.01,Weighted regime,threshold,0.8,0.816666666666666,0.0387899999999999,0.816666666666666,0.0,0.01407370798611115,5.736227222630416,1.0,
full_288,pro,0.01,Weighted regime,threshold,0.8,0.816666666666666,0.0387899999999999,0.816666666666666,0.0,0.02231341758333332,13.084989187646627,1.0,
full_288,astra,0.01,Weighted regime,threshold,0.8,0.816666666666666,0.0387899999999999,0.816666666666666,0.0,0.01653975529513889,6.457093751876567,1.0,
full_288,sonnet,0.01,Weighted regime,threshold,0.8,0.816666666666666,0.0387899999999999,0.8088541666666679,0.007812499999999972,0.010188196319444448,8.444081663631232,0.99043367346939,
full_288,lite,0.01,Weighted regime,threshold,0.8,0.816666666666666,0.0387899999999999,0.7956666666666673,0.020999999999999953,0.0036597690687499955,4.041023083513881,0.9742857142857159,
full_288,luna,0.01,Weighted regime,threshold,0.8,0.816666666666666,0.0387899999999999,0.799680555555556,0.01698611111111107,0.0006345006670138885,5.924879528335758,0.9792006802721102,
full_288,qwen_local,0.01,Weighted regime,threshold,0.8,0.816666666666666,0.0387899999999999,0.794041666666666,0.022625000000000006,0.0,101.55890797912271,0.9722959183673469,
full_288,baseline,0.01,Weighted regime,threshold,0.9,0.9508333333333338,0.00986499999999999,0.6137013888888895,0.33713194444444355,0.0003716223833333325,1.5819500119278218,0.6454352906806898,
full_288,opus,0.01,Weighted regime,threshold,0.9,0.9508333333333338,0.00986499999999999,0.9508333333333338,0.0,0.01644730781250005,6.708497717771661,1.0,
full_288,pro,0.01,Weighted regime,threshold,0.9,0.9508333333333338,0.00986499999999999,0.9508333333333338,0.0,0.026195362944444436,15.340047287619809,1.0,
full_288,astra,0.01,Weighted regime,threshold,0.9,0.9508333333333338,0.00986499999999999,0.9508333333333338,0.0,0.019409895486111047,7.582671302309007,1.0,
full_288,sonnet,0.01,Weighted regime,threshold,0.9,0.9508333333333338,0.00986499999999999,0.9395763888888912,0.011256944444444418,0.012040404999999971,9.986424872355496,0.9881609699094381,
full_288,lite,0.01,Weighted regime,threshold,0.9,0.9508333333333338,0.00986499999999999,0.9250000000000023,0.025833333333333264,0.004265107484027762,4.706414061705307,0.9728308501314655,
full_288,luna,0.01,Weighted regime,threshold,0.9,0.9508333333333338,0.00986499999999999,0.928187499999998,0.022645833333333282,0.0007476855527777772,6.954444816348542,0.9761831726555626,
full_288,qwen_local,0.01,Weighted regime,threshold,0.9,0.9508333333333338,0.00986499999999999,0.9253541666666638,0.02547916666666667,0.0,118.17718244974425,0.973203330411916,
full_288,baseline,0.01,Weighted regime,equal_call_budget,0.0,0.0,0.35399999999999937,0.0,0.0,0.0,0.0,,
full_288,opus,0.01,Weighted regime,equal_call_budget,0.0,0.0,0.35399999999999937,0.0,0.0,0.0,0.0,,
full_288,pro,0.01,Weighted regime,equal_call_budget,0.0,0.0,0.35399999999999937,0.0,0.0,0.0,0.0,,
full_288,astra,0.01,Weighted regime,equal_call_budget,0.0,0.0,0.35399999999999937,0.0,0.0,0.0,0.0,,
full_288,sonnet,0.01,Weighted regime,equal_call_budget,0.0,0.0,0.35399999999999937,0.0,0.0,0.0,0.0,,
full_288,lite,0.01,Weighted regime,equal_call_budget,0.0,0.0,0.35399999999999937,0.0,0.0,0.0,0.0,,
full_288,luna,0.01,Weighted regime,equal_call_budget,0.0,0.0,0.35399999999999937,0.0,0.0,0.0,0.0,,
full_288,qwen_local,0.01,Weighted regime,equal_call_budget,0.0,0.0,0.35399999999999937,0.0,0.0,0.0,0.0,,
full_288,baseline,0.01,Weighted regime,equal_call_budget,0.1,0.10000000000000009,0.30336599999999964,0.06380416666666668,0.036195833333333455,3.9503563333333416e-05,0.1690371396289924,0.6380416666666662,
full_288,opus,0.01,Weighted regime,equal_call_budget,0.1,0.10000000000000009,0.30336599999999964,0.10000000000000009,0.0,0.001641611229166668,0.6472400034488553,1.0,
full_288,pro,0.01,Weighted regime,equal_call_budget,0.1,0.10000000000000009,0.30336599999999964,0.10000000000000009,0.0,0.0024613922833333322,1.4575420470989786,1.0,
full_288,astra,0.01,Weighted regime,equal_call_budget,0.1,0.10000000000000009,0.30336599999999964,0.10000000000000009,0.0,0.0019948833020833317,0.7891890958005561,1.0,
full_288,sonnet,0.01,Weighted regime,equal_call_budget,0.1,0.10000000000000009,0.30336599999999964,0.10000000000000009,0.0,0.0010455588666666647,0.859613962476842,1.0,
full_288,lite,0.01,Weighted regime,equal_call_budget,0.1,0.10000000000000009,0.30336599999999964,0.09855000000000032,0.0014499999999999958,0.0004263869379166665,0.47961913945085544,0.9855000000000023,
full_288,luna,0.01,Weighted regime,equal_call_budget,0.1,0.10000000000000009,0.30336599999999964,0.09855000000000032,0.0014499999999999958,7.507474187499981e-05,0.7164145980495141,0.9855000000000023,
full_288,qwen_local,0.01,Weighted regime,equal_call_budget,0.1,0.10000000000000009,0.30336599999999964,0.09818750000000014,0.0018124999999999958,0.0,12.542976022320369,0.9818750000000005,
full_288,baseline,0.01,Weighted regime,equal_call_budget,0.2,0.20000000000000015,0.25425800000000054,0.1276027777777776,0.07239722222222218,7.884518888888908e-05,0.33727488947987877,0.6380138888888874,
full_288,opus,0.01,Weighted regime,equal_call_budget,0.2,0.20000000000000015,0.25425800000000054,0.20000000000000015,0.0,0.0032963474583333294,1.3038353837021912,1.0,
full_288,pro,0.01,Weighted regime,equal_call_budget,0.2,0.20000000000000015,0.25425800000000054,0.20000000000000015,0.0,0.0049751350777777785,2.9437790437254137,1.0,
full_288,astra,0.01,Weighted regime,equal_call_budget,0.2,0.20000000000000015,0.25425800000000054,0.20000000000000015,0.0,0.003987994423611117,1.575269239063929,1.0,
full_288,sonnet,0.01,Weighted regime,equal_call_budget,0.2,0.20000000000000015,0.25425800000000054,0.19995555555555578,4.444444444444473e-05,0.002116996038888887,1.7423747781160959,0.9997777777777781,
full_288,lite,0.01,Weighted regime,equal_call_budget,0.2,0.20000000000000015,0.25425800000000054,0.1966999999999996,0.003299999999999981,0.0008562967294444432,0.9613780948069339,0.9834999999999973,
full_288,luna,0.01,Weighted regime,equal_call_budget,0.2,0.20000000000000015,0.25425800000000054,0.19695555555555497,0.003044444444444417,0.0001502704162499997,1.432476906247318,0.9847777777777741,
full_288,qwen_local,0.01,Weighted regime,equal_call_budget,0.2,0.20000000000000015,0.25425800000000054,0.1959388888888893,0.004061111111111098,0.0,25.081945787482567,0.9796944444444458,
full_288,baseline,0.01,Weighted regime,equal_call_budget,0.3,0.29999999999999893,0.20820199999999972,0.1913902777777778,0.10860972222222184,0.00011786293888888873,0.5039138597745503,0.637967592592595,
full_288,opus,0.01,Weighted regime,equal_call_budget,0.3,0.29999999999999893,0.20820199999999972,0.29999999999999893,0.0,0.004977333687499997,1.9791415175644973,1.0,
full_288,pro,0.01,Weighted regime,equal_call_budget,0.3,0.29999999999999893,0.20820199999999972,0.29999999999999893,0.0,0.007593578894444456,4.487405939406759,1.0,
full_288,astra,0.01,Weighted regime,equal_call_budget,0.3,0.29999999999999893,0.20820199999999972,0.29999999999999893,0.0,0.005977561184027782,2.355131477252932,1.0,
full_288,sonnet,0.01,Weighted regime,equal_call_budget,0.3,0.29999999999999893,0.20820199999999972,0.2998222222222211,0.00017777777777777892,0.0032401898222222114,2.6714293000801876,0.9994074074074072,
full_288,lite,0.01,Weighted regime,equal_call_budget,0.3,0.29999999999999893,0.20820199999999972,0.2940500000000001,0.00595,0.0012932522281944425,1.4474166819734569,0.9801666666666704,
full_288,luna,0.01,Weighted regime,equal_call_budget,0.3,0.29999999999999893,0.20820199999999972,0.29507222222222174,0.004927777777777769,0.00022570795562500048,2.1478346347416917,0.9835740740740759,
full_288,qwen_local,0.01,Weighted regime,equal_call_budget,0.3,0.29999999999999893,0.20820199999999972,0.29281805555555496,0.007181944444444429,0.0,37.61290303832856,0.9760601851851867,
full_288,baseline,0.01,Weighted regime,equal_call_budget,0.4,0.4000000000000003,0.16719400000000012,0.25580277777777743,0.14419722222222225,0.00015671490222222227,0.6694955961185352,0.6395069444444431,
full_288,opus,0.01,Weighted regime,equal_call_budget,0.4,0.4000000000000003,0.16719400000000012,0.4000000000000003,-2.831068712794149e-17,0.006700013472222213,2.6834348754214368,1.0,
full_288,pro,0.01,Weighted regime,equal_call_budget,0.4,0.4000000000000003,0.16719400000000012,0.4000000000000003,-2.831068712794149e-17,0.010352765877777774,6.107033588328639,1.0,
full_288,astra,0.01,Weighted regime,equal_call_budget,0.4,0.4000000000000003,0.16719400000000012,0.4000000000000003,-2.831068712794149e-17,0.007974689659722206,3.1318762774532445,1.0,
full_288,sonnet,0.01,Weighted regime,equal_call_budget,0.4,0.4000000000000003,0.16719400000000012,0.39930833333333365,0.0006916666666666377,0.004460894611111113,3.684849028416346,0.9982708333333334,
full_288,lite,0.01,Weighted regime,equal_call_budget,0.4,0.4000000000000003,0.16719400000000012,0.390822222222223,0.00917777777777776,0.0017416150505555577,1.9413525171142778,0.9770555555555568,
full_288,luna,0.01,Weighted regime,equal_call_budget,0.4,0.4000000000000003,0.16719400000000012,0.39303333333333357,0.00696666666666663,0.00030195564708333284,2.8644463196130987,0.9825833333333331,
full_288,qwen_local,0.01,Weighted regime,equal_call_budget,0.4,0.4000000000000003,0.16719400000000012,0.3889916666666657,0.01100833333333332,0.0,50.094701621737315,0.9724791666666635,
full_288,baseline,0.01,Weighted regime,equal_call_budget,0.5,0.5,0.12870999999999974,0.32052777777777863,0.17947222222222187,0.00019548397222222247,0.8345487154871783,0.6410555555555573,
full_288,opus,0.01,Weighted regime,equal_call_budget,0.5,0.5,0.12870999999999974,0.5,-6.661338147750939e-17,0.008443540034722218,3.4022218452757147,1.0,
full_288,pro,0.01,Weighted regime,equal_call_budget,0.5,0.5,0.12870999999999974,0.5,-6.661338147750939e-17,0.013182324444444454,7.764661613870776,1.0,
full_288,astra,0.01,Weighted regime,equal_call_budget,0.5,0.5,0.12870999999999974,0.5,-6.661338147750939e-17,0.009975598993055558,3.9070623586591875,1.0,
full_288,sonnet,0.01,Weighted regime,equal_call_budget,0.5,0.5,0.12870999999999974,0.49860416666666607,0.0013958333333332679,0.005730354902777782,4.740451359938521,0.9972083333333321,
full_288,lite,0.01,Weighted regime,equal_call_budget,0.5,0.5,0.12870999999999974,0.487305555555556,0.012694444444444395,0.002195681534722215,2.4392369762422415,0.974611111111112,
full_288,luna,0.01,Weighted regime,equal_call_budget,0.5,0.5,0.12870999999999974,0.4909166666666674,0.009083333333333277,0.00037860841458333436,3.5816849826730186,0.9818333333333348,
full_288,qwen_local,0.01,Weighted regime,equal_call_budget,0.5,0.5,0.12870999999999974,0.4848125000000001,0.015187499999999944,0.0,62.5519208714279,0.9696250000000002,
full_288,baseline,0.01,Weighted regime,equal_call_budget,0.6,0.5999999999999979,0.09614500000000009,0.38754444444444347,0.2124555555555554,0.0002350377222222224,1.0022121565067814,0.645907407407408,
full_288,opus,0.01,Weighted regime,equal_call_budget,0.6,0.5999999999999979,0.09614500000000009,0.5999999999999979,0.0,0.01022210003472222,4.143290303387769,1.0,
full_288,pro,0.01,Weighted regime,equal_call_budget,0.6,0.5999999999999979,0.09614500000000009,0.5999999999999979,0.0,0.016055887761111092,9.4426822945137,1.0,
full_288,astra,0.01,Weighted regime,equal_call_budget,0.6,0.5999999999999979,0.09614500000000009,0.5999999999999979,0.0,0.012003600159722228,4.690361611119352,1.0,
full_288,sonnet,0.01,Weighted regime,equal_call_budget,0.6,0.5999999999999979,0.09614500000000009,0.5970375000000003,0.002962500000000031,0.007138307444444432,5.909319913793082,0.9950625000000041,
full_288,lite,0.01,Weighted regime,equal_call_budget,0.6,0.5999999999999979,0.09614500000000009,0.584922222222221,0.015077777777777775,0.002663352159722222,2.9496003955388885,0.9748703703703718,
full_288,luna,0.01,Weighted regime,equal_call_budget,0.6,0.5999999999999979,0.09614500000000009,0.5891791666666663,0.010820833333333314,0.00045719343875000036,4.3050787172302725,0.9819652777777805,
full_288,qwen_local,0.01,Weighted regime,equal_call_budget,0.6,0.5999999999999979,0.09614500000000009,0.5821583333333322,0.017841666666666645,0.0,74.85532267355748,0.9702638888888905,
full_288,baseline,0.01,Weighted regime,equal_call_budget,0.7,0.7000000000000008,0.06621599999999996,0.4538472222222225,0.24615277777777814,0.0002744220044444449,1.169310850947282,0.6483531746031742,
full_288,opus,0.01,Weighted regime,equal_call_budget,0.7,0.7000000000000008,0.06621599999999996,0.7000000000000008,-4.5519144009631415e-17,0.012001301861111124,4.882638436497687,1.0,
full_288,pro,0.01,Weighted regime,equal_call_budget,0.7,0.7000000000000008,0.06621599999999996,0.7000000000000008,-4.5519144009631415e-17,0.01894154370000002,11.124759091132159,1.0,
full_288,astra,0.01,Weighted regime,equal_call_budget,0.7,0.7000000000000008,0.06621599999999996,0.7000000000000008,-4.5519144009631415e-17,0.014065616972222266,5.489996472402291,1.0,
full_288,sonnet,0.01,Weighted regime,equal_call_budget,0.7,0.7000000000000008,0.06621599999999996,0.6951138888888897,0.0048861111111110755,0.008545768327777745,7.078288776604691,0.9930198412698412,
full_288,lite,0.01,Weighted regime,equal_call_budget,0.7,0.7000000000000008,0.06621599999999996,0.6824666666666671,0.01753333333333334,0.0031269605924999955,3.4564673156015537,0.9749523809523805,
full_288,luna,0.01,Weighted regime,equal_call_budget,0.7,0.7000000000000008,0.06621599999999996,0.6870500000000004,0.012949999999999946,0.0005373116561111106,5.040284863744264,0.9814999999999994,
full_288,qwen_local,0.01,Weighted regime,equal_call_budget,0.7,0.7000000000000008,0.06621599999999996,0.6796361111111097,0.020363888888888827,0.0,87.16357350154443,0.9709087301587269,
full_288,baseline,0.01,Weighted regime,equal_call_budget,0.8,0.8000000000000007,0.041559,0.5187222222222229,0.2812777777777773,0.0003134673511111103,1.3352800522295754,0.648402777777778,
full_288,opus,0.01,Weighted regime,equal_call_budget,0.8,0.8000000000000007,0.041559,0.8000000000000007,-9.436895709313831e-18,0.013781787340277813,5.6185459196033545,1.0,
full_288,pro,0.01,Weighted regime,equal_call_budget,0.8,0.8000000000000007,0.041559,0.8000000000000007,-9.436895709313831e-18,0.0218513848833334,12.814948119701791,1.0,
full_288,astra,0.01,Weighted regime,equal_call_budget,0.8,0.8000000000000007,0.041559,0.8000000000000007,-9.436895709313831e-18,0.016195665076388848,6.3223025513307665,1.0,
full_288,sonnet,0.01,Weighted regime,equal_call_budget,0.8,0.8000000000000007,0.041559,0.7924763888888902,0.007523611111111148,0.009952245894444463,8.247458257330406,0.9905954861111118,
full_288,lite,0.01,Weighted regime,equal_call_budget,0.8,0.8000000000000007,0.041559,0.7798666666666649,0.020133333333333323,0.0035824446408333375,3.9563412371963183,0.9748333333333303,
full_288,luna,0.01,Weighted regime,equal_call_budget,0.8,0.8000000000000007,0.041559,0.7841375000000008,0.015862500000000064,0.0006204962598611109,5.799115834171663,0.9801718750000001,
full_288,qwen_local,0.01,Weighted regime,equal_call_budget,0.8,0.8000000000000007,0.041559,0.7773777777777775,0.022622222222222273,0.0,99.48152238124538,0.971722222222221,
full_288,baseline,0.01,Weighted regime,equal_call_budget,0.9,0.9000000000000032,0.020003999999999987,0.5819861111111121,0.31801388888888876,0.00035209970222222365,1.4992185228695112,0.6466512345679,
full_288,opus,0.01,Weighted regime,equal_call_budget,0.9,0.9000000000000032,0.020003999999999987,0.9000000000000032,-4.3298697960381107e-17,0.01555127783333337,6.343364987973504,1.0,
full_288,pro,0.01,Weighted regime,equal_call_budget,0.9,0.9000000000000032,0.020003999999999987,0.9000000000000032,-4.3298697960381107e-17,0.02473707027777778,14.49202554270876,1.0,
full_288,astra,0.01,Weighted regime,equal_call_budget,0.9,0.9000000000000032,0.020003999999999987,0.9000000000000032,-4.3298697960381107e-17,0.0183280864444445,7.1581235461892,1.0,
full_288,sonnet,0.01,Weighted regime,equal_call_budget,0.9,0.9000000000000032,0.020003999999999987,0.8899583333333332,0.010041666666666655,0.011340053049999988,9.402844838266056,0.9888425925925889,
full_288,lite,0.01,Weighted regime,equal_call_budget,0.9,0.9000000000000032,0.020003999999999987,0.8762888888888921,0.02371111111111114,0.004035303149722221,4.453872099656988,0.9736543209876544,
full_288,luna,0.01,Weighted regime,equal_call_budget,0.9,0.9000000000000032,0.020003999999999987,0.8798999999999972,0.020099999999999965,0.0007046816766666654,6.564333952096656,0.9776666666666601,
full_288,qwen_local,0.01,Weighted regime,equal_call_budget,0.9,0.9000000000000032,0.020003999999999987,0.8754194444444434,0.024580555555555578,0.0,111.86403156990119,0.9726882716049337,
full_288,baseline,0.01,Weighted regime,equal_call_budget,1.0,0.9999999999999999,0.0,0.6444444444444454,0.3555555555555546,0.0003905255555555542,1.662141628188293,0.6444444444444455,
full_288,opus,0.01,Weighted regime,equal_call_budget,1.0,0.9999999999999999,0.0,0.9999999999999999,0.0,0.017315270833333386,7.062639848975858,1.0,
full_288,pro,0.01,Weighted regime,equal_call_budget,1.0,0.9999999999999999,0.0,0.9999999999999999,0.0,0.027610677777777794,16.162547162934505,1.0,
full_288,astra,0.01,Weighted regime,equal_call_budget,1.0,0.9999999999999999,0.0,0.9999999999999999,0.0,0.02046169444444434,7.995701999012608,1.0,
full_288,sonnet,0.01,Weighted regime,equal_call_budget,1.0,0.9999999999999999,0.0,0.9875000000000027,0.0125,0.01271852499999996,10.551339969306758,0.9875000000000028,
full_288,lite,0.01,Weighted regime,equal_call_budget,1.0,0.9999999999999999,0.0,0.9722222222222263,0.0277777777777777,0.0044868488888888695,4.9502314325506,0.9722222222222264,
full_288,luna,0.01,Weighted regime,equal_call_budget,1.0,0.9999999999999999,0.0,0.9749999999999965,0.025,0.000789367499999999,7.332745643770461,0.9749999999999966,
full_288,qwen_local,0.01,Weighted regime,equal_call_budget,1.0,0.9999999999999999,0.0,0.9736111111111064,0.02638888888888889,0.0,124.27882091303401,0.9736111111111065,
full_288,baseline,0.05,Context cells,threshold,0.4,0.05400000000000001,0.3241799999999994,0.03549999999999996,0.018499999999999985,2.1096644444444426e-05,0.08939999795893293,0.6574074074074066,
full_288,opus,0.05,Context cells,threshold,0.4,0.05400000000000001,0.3241799999999994,0.05400000000000001,0.0,0.0008419793055555561,0.3295132086186979,1.0,
full_288,pro,0.05,Context cells,threshold,0.4,0.05400000000000001,0.3241799999999994,0.05400000000000001,0.0,0.001189425888888888,0.7157765463102774,1.0,
full_288,astra,0.05,Context cells,threshold,0.4,0.05400000000000001,0.3241799999999994,0.05400000000000001,0.0,0.0010357634722222226,0.4064882890649221,1.0,
full_288,sonnet,0.05,Context cells,threshold,0.4,0.05400000000000001,0.3241799999999994,0.05400000000000001,0.0,0.0005250144999999992,0.42784162748627014,1.0,
full_288,lite,0.05,Context cells,threshold,0.4,0.05400000000000001,0.3241799999999994,0.053444444444444475,0.000555555555555556,0.00022921833888888917,0.2588793142617796,0.9897119341563789,
full_288,luna,0.05,Context cells,threshold,0.4,0.05400000000000001,0.3241799999999994,0.05347222222222225,0.0005277777777777783,4.1563369444444406e-05,0.4007085165954652,0.9902263374485599,
full_288,qwen_local,0.05,Context cells,threshold,0.4,0.05400000000000001,0.3241799999999994,0.053444444444444475,0.000555555555555556,0.0,6.507866616197687,0.9897119341563789,
full_288,baseline,0.05,Context cells,threshold,0.6,0.3801666666666663,0.1656950000000002,0.24438888888888916,0.1357777777777777,0.00014812801111111068,0.6325843424733183,0.6428467046616994,
full_288,opus,0.05,Context cells,threshold,0.6,0.3801666666666663,0.1656950000000002,0.3801666666666663,0.0,0.006371036909722232,2.5639686806835202,1.0,
full_288,pro,0.05,Context cells,threshold,0.6,0.3801666666666663,0.1656950000000002,0.3801666666666663,0.0,0.009537395277777775,5.6756086623978,1.0,
full_288,astra,0.05,Context cells,threshold,0.6,0.3801666666666663,0.1656950000000002,0.3801666666666663,0.0,0.007478676475694443,2.9330998881916748,1.0,
full_288,sonnet,0.05,Context cells,threshold,0.6,0.3801666666666663,0.1656950000000002,0.38002777777777746,0.0001388888888888884,0.004272282958333334,3.531923369505853,0.9996346631594331,
full_288,lite,0.05,Context cells,threshold,0.6,0.3801666666666663,0.1656950000000002,0.36858333333333354,0.011583333333333319,0.0016774475354166681,1.8687738157524898,0.9695309074967134,
full_288,luna,0.05,Context cells,threshold,0.6,0.3801666666666663,0.1656950000000002,0.37175000000000014,0.008416666666666645,0.0002846446197916664,2.7260487341530166,0.9778605874616408,
full_288,qwen_local,0.05,Context cells,threshold,0.6,0.3801666666666663,0.1656950000000002,0.36804861111111103,0.012118055555555562,0.0,47.60924295852465,0.9681243606605296,
full_288,baseline,0.05,Context cells,threshold,0.7,0.621499999999999,0.07944500000000017,0.4010069444444444,0.2204930555555561,0.0002430710611111113,1.0375413237417286,0.6452243675695012,
full_288,opus,0.05,Context cells,threshold,0.7,0.621499999999999,0.07944500000000017,0.621499999999999,0.0,0.010676912569444435,4.351580304791765,1.0,
full_288,pro,0.05,Context cells,threshold,0.7,0.621499999999999,0.07944500000000017,0.621499999999999,0.0,0.016713862972222195,9.82274243479715,1.0,
full_288,astra,0.05,Context cells,threshold,0.7,0.621499999999999,0.07944500000000017,0.621499999999999,0.0,0.012510390729166685,4.8808343819366495,1.0,
full_288,sonnet,0.05,Context cells,threshold,0.7,0.621499999999999,0.07944500000000017,0.619805555555554,0.0016944444444444385,0.007503631347222219,6.229894573111866,0.9972736211674256,
full_288,lite,0.05,Context cells,threshold,0.7,0.621499999999999,0.07944500000000017,0.6044444444444439,0.01705555555555553,0.0027714526236111135,3.068419423094131,0.9725574327344245,
full_288,luna,0.05,Context cells,threshold,0.7,0.621499999999999,0.07944500000000017,0.6098333333333334,0.011666666666666627,0.00047912427569444534,4.504003969151885,0.9812282113167086,
full_288,qwen_local,0.05,Context cells,threshold,0.7,0.621499999999999,0.07944500000000017,0.6020833333333339,0.019416666666666783,0.0,77.41189568459887,0.9687583802628074,
full_288,baseline,0.05,Context cells,threshold,0.8,0.8353333333333359,0.024679999999999935,0.5375277777777783,0.2978055555555564,0.0003268203777777774,1.393578520624358,0.6434889598297405,
full_288,opus,0.05,Context cells,threshold,0.8,0.8353333333333359,0.024679999999999935,0.8353333333333359,0.0,0.014570479722222238,5.955682056605471,1.0,
full_288,pro,0.05,Context cells,threshold,0.8,0.8353333333333359,0.024679999999999935,0.8353333333333359,0.0,0.023025530333333367,13.49159041759151,1.0,
full_288,astra,0.05,Context cells,threshold,0.8,0.8353333333333359,0.024679999999999935,0.8353333333333359,0.0,0.017164416527777834,6.69779158157417,1.0,
full_288,sonnet,0.05,Context cells,threshold,0.8,0.8353333333333359,0.024679999999999935,0.8277222222222234,0.007611111111111084,0.01066499077777777,8.863623144293918,0.9908885341846219,
full_288,lite,0.05,Context cells,threshold,0.8,0.8353333333333359,0.024679999999999935,0.8116666666666673,0.02366666666666661,0.003735409874999993,4.127362455208594,0.9716679968076594,
full_288,luna,0.05,Context cells,threshold,0.8,0.8353333333333359,0.024679999999999935,0.8172222222222224,0.018111111111111047,0.0006615323583333346,6.172344078688628,0.9783187017823861,
full_288,qwen_local,0.05,Context cells,threshold,0.8,0.8353333333333359,0.024679999999999935,0.8123611111111103,0.02297222222222233,0.0,103.87723750192319,0.9724993349294986,
full_288,baseline,0.05,Context cells,threshold,0.9,0.9353333333333351,0.004140000000000004,0.6022500000000012,0.333083333333334,0.00036526153333333374,1.5554699896251243,0.643888096935139,
full_288,opus,0.05,Context cells,threshold,0.9,0.9353333333333351,0.004140000000000004,0.9353333333333351,0.0,0.01628491624999994,6.643281251916493,1.0,
full_288,pro,0.05,Context cells,threshold,0.9,0.9353333333333351,0.004140000000000004,0.9353333333333351,0.0,0.025992364888888862,15.220194757360094,1.0,
full_288,astra,0.05,Context cells,threshold,0.9,0.9353333333333351,0.004140000000000004,0.9353333333333351,0.0,0.019224832499999976,7.508966045215191,1.0,
full_288,sonnet,0.05,Context cells,threshold,0.9,0.9353333333333351,0.004140000000000004,0.9268055555555575,0.008527777777777747,0.011963387333333329,9.936783047401589,0.9908826324542649,
full_288,lite,0.05,Context cells,threshold,0.9,0.9353333333333351,0.004140000000000004,0.9077777777777796,0.02755555555555548,0.004182816902777765,4.616098204332356,0.9705393205036826,
full_288,luna,0.05,Context cells,threshold,0.9,0.9353333333333351,0.004140000000000004,0.9131388888888858,0.022194444444444385,0.0007463573555555581,6.9396203412045905,0.976271085768586,
full_288,qwen_local,0.05,Context cells,threshold,0.9,0.9353333333333351,0.004140000000000004,0.9101388888888873,0.025194444444444467,0.0,116.31178659828512,0.9730636730814884,
full_288,baseline,0.05,Context cells,equal_call_budget,0.0,0.0,0.35399999999999937,0.0,0.0,0.0,0.0,,
full_288,opus,0.05,Context cells,equal_call_budget,0.0,0.0,0.35399999999999937,0.0,0.0,0.0,0.0,,
full_288,pro,0.05,Context cells,equal_call_budget,0.0,0.0,0.35399999999999937,0.0,0.0,0.0,0.0,,
full_288,astra,0.05,Context cells,equal_call_budget,0.0,0.0,0.35399999999999937,0.0,0.0,0.0,0.0,,
full_288,sonnet,0.05,Context cells,equal_call_budget,0.0,0.0,0.35399999999999937,0.0,0.0,0.0,0.0,,
full_288,lite,0.05,Context cells,equal_call_budget,0.0,0.0,0.35399999999999937,0.0,0.0,0.0,0.0,,
full_288,luna,0.05,Context cells,equal_call_budget,0.0,0.0,0.35399999999999937,0.0,0.0,0.0,0.0,,
full_288,qwen_local,0.05,Context cells,equal_call_budget,0.0,0.0,0.35399999999999937,0.0,0.0,0.0,0.0,,
full_288,baseline,0.05,Context cells,equal_call_budget,0.1,0.10000000000000007,0.2988599999999989,0.06552083333333324,0.03447916666666659,3.90943000000001e-05,0.16586590340744675,0.6552083333333318,
full_288,opus,0.05,Context cells,equal_call_budget,0.1,0.10000000000000007,0.2988599999999989,0.10000000000000007,0.0,0.0015681923958333335,0.6140708290088344,1.0,
full_288,pro,0.05,Context cells,equal_call_budget,0.1,0.10000000000000007,0.2988599999999989,0.10000000000000007,0.0,0.002216382333333337,1.3338451309638018,1.0,
full_288,astra,0.05,Context cells,equal_call_budget,0.1,0.10000000000000007,0.2988599999999989,0.10000000000000007,0.0,0.0019227573958333361,0.7558469119106849,1.0,
full_288,sonnet,0.05,Context cells,equal_call_budget,0.1,0.10000000000000007,0.2988599999999989,0.10000000000000007,0.0,0.0009792502916666666,0.7986226027757367,1.0,
full_288,lite,0.05,Context cells,equal_call_budget,0.1,0.10000000000000007,0.2988599999999989,0.09881250000000011,0.001187499999999998,0.00042527309375000005,0.48020491128731246,0.9881250000000004,
full_288,luna,0.05,Context cells,equal_call_budget,0.1,0.10000000000000007,0.2988599999999989,0.09887500000000012,0.0011249999999999982,7.65285854166667e-05,0.7386292699226346,0.9887500000000005,
full_288,qwen_local,0.05,Context cells,equal_call_budget,0.1,0.10000000000000007,0.2988599999999989,0.09881250000000011,0.001187499999999998,0.0,12.130820066063858,0.9881250000000004,
full_288,baseline,0.05,Context cells,equal_call_budget,0.2,0.20000000000000015,0.24678499999999978,0.1296041666666669,0.07039583333333352,7.83344555555558e-05,0.3337291458699914,0.648020833333334,
full_288,opus,0.05,Context cells,equal_call_budget,0.2,0.20000000000000015,0.24678499999999978,0.20000000000000015,0.0,0.0032340679166666607,1.2771822441168783,1.0,
full_288,pro,0.05,Context cells,equal_call_budget,0.2,0.20000000000000015,0.24678499999999978,0.20000000000000015,0.0,0.004636681194444445,2.783079026411004,1.0,
full_288,astra,0.05,Context cells,equal_call_budget,0.2,0.20000000000000015,0.24678499999999978,0.20000000000000015,0.0,0.0038856806249999974,1.5327570845099714,1.0,
full_288,sonnet,0.05,Context cells,equal_call_budget,0.2,0.20000000000000015,0.24678499999999978,0.20000000000000015,0.0,0.002069538625000003,1.6966758634414218,1.0,
full_288,lite,0.05,Context cells,equal_call_budget,0.2,0.20000000000000015,0.24678499999999978,0.19602083333333328,0.003979166666666657,0.0008638024236111083,0.9714866417623989,0.9801041666666657,
full_288,luna,0.05,Context cells,equal_call_budget,0.2,0.20000000000000015,0.24678499999999978,0.19652777777777788,0.0034722222222222134,0.00015000432500000032,1.4489923745070277,0.9826388888888887,
full_288,qwen_local,0.05,Context cells,equal_call_budget,0.2,0.20000000000000015,0.24678499999999978,0.1960069444444444,0.003993055555555546,0.0,24.855214893559832,0.9800347222222212,
full_288,baseline,0.05,Context cells,equal_call_budget,0.3,0.29999999999999893,0.19913750000000008,0.19305208333333332,0.10694791666666664,0.00011733461666666647,0.5014385302323917,0.6435069444444467,
full_288,opus,0.05,Context cells,equal_call_budget,0.3,0.29999999999999893,0.19913750000000008,0.29999999999999893,0.0,0.004949407916666666,1.9713986940135197,1.0,
full_288,pro,0.05,Context cells,equal_call_budget,0.3,0.29999999999999893,0.19913750000000008,0.29999999999999893,0.0,0.007262860291666662,4.341937993941032,1.0,
full_288,astra,0.05,Context cells,equal_call_budget,0.3,0.29999999999999893,0.19913750000000008,0.29999999999999893,0.0,0.005883169461805553,2.3187791895920333,1.0,
full_288,sonnet,0.05,Context cells,equal_call_budget,0.3,0.29999999999999893,0.19913750000000008,0.2999861111111101,1.3888888888888839e-05,0.0032327434097222225,2.6617390189914447,0.999953703703704,
full_288,lite,0.05,Context cells,equal_call_budget,0.3,0.29999999999999893,0.19913750000000008,0.29221874999999975,0.0077812499999999766,0.001307439184027778,1.4639280529447007,0.9740625000000026,
full_288,luna,0.05,Context cells,equal_call_budget,0.3,0.29999999999999893,0.19913750000000008,0.293756944444444,0.006243055555555533,0.0002233289690972223,2.150190198021945,0.9791898148148168,
full_288,qwen_local,0.05,Context cells,equal_call_budget,0.3,0.29999999999999893,0.19913750000000008,0.29183680555555513,0.008163194444444417,0.0,37.55692083635501,0.9727893518518539,
full_288,baseline,0.05,Context cells,equal_call_budget,0.4,0.4000000000000003,0.15716000000000008,0.25597916666666704,0.14402083333333307,0.00015536232222222198,0.6634694531424072,0.6399479166666671,
full_288,opus,0.05,Context cells,equal_call_budget,0.4,0.4000000000000003,0.15716000000000008,0.40000000000000036,-2.942091015256665e-17,0.006724470694444461,2.7112680569796215,1.0000000000000002,
full_288,pro,0.05,Context cells,equal_call_budget,0.4,0.4000000000000003,0.15716000000000008,0.40000000000000036,-2.942091015256665e-17,0.010114180416666644,6.012512854697993,1.0000000000000002,
full_288,astra,0.05,Context cells,equal_call_budget,0.4,0.4000000000000003,0.15716000000000008,0.40000000000000036,-2.942091015256665e-17,0.007874787795138904,3.0847196879264778,1.0000000000000002,
full_288,sonnet,0.05,Context cells,equal_call_budget,0.4,0.4000000000000003,0.15716000000000008,0.3998402777777781,0.00015972222222219223,0.004510635708333329,3.733964572523517,0.9996006944444444,
full_288,lite,0.05,Context cells,equal_call_budget,0.4,0.4000000000000003,0.15716000000000008,0.38687500000000064,0.013124999999999965,0.0017661050930555574,1.965943201684675,0.9671875000000009,
full_288,luna,0.05,Context cells,equal_call_budget,0.4,0.4000000000000003,0.15716000000000008,0.3907499999999994,0.009249999999999967,0.00029974765868055585,2.87054145509036,0.9768749999999977,
full_288,qwen_local,0.05,Context cells,equal_call_budget,0.4,0.4000000000000003,0.15716000000000008,0.38634722222222256,0.013652777777777736,0.0,50.152876454053576,0.9658680555555557,
full_288,baseline,0.05,Context cells,equal_call_budget,0.5,0.5,0.12049499999999995,0.32214583333333396,0.17785416666666667,0.00019499901111111123,0.8328892970809172,0.6442916666666679,
full_288,opus,0.05,Context cells,equal_call_budget,0.5,0.5,0.12049499999999995,0.5,-5.440092820663267e-17,0.00848584881944443,3.4418436961870014,1.0,
full_288,pro,0.05,Context cells,equal_call_budget,0.5,0.5,0.12049499999999995,0.5,-5.440092820663267e-17,0.01305401930555553,7.716606932285228,1.0,
full_288,astra,0.05,Context cells,equal_call_budget,0.5,0.5,0.12049499999999995,0.5,-5.440092820663267e-17,0.009939833645833349,3.8831542539889985,1.0,
full_288,sonnet,0.05,Context cells,equal_call_budget,0.5,0.5,0.12049499999999995,0.4994236111111113,0.0005763888888888333,0.005835606124999989,4.837047868279944,0.9988472222222226,
full_288,lite,0.05,Context cells,equal_call_budget,0.5,0.5,0.12049499999999995,0.48502083333333373,0.014979166666666623,0.002219520844444441,2.462477349836826,0.9700416666666675,
full_288,luna,0.05,Context cells,equal_call_budget,0.5,0.5,0.12049499999999995,0.4896875000000007,0.010312499999999964,0.0003790895923611112,3.5942446050375283,0.9793750000000014,
full_288,qwen_local,0.05,Context cells,equal_call_budget,0.5,0.5,0.12049499999999995,0.48349305555555644,0.016506944444444435,0.0,62.286485088769226,0.9669861111111129,
full_288,baseline,0.05,Context cells,equal_call_budget,0.6,0.5999999999999979,0.08530000000000024,0.3881111111111112,0.2118888888888894,0.0002348172166666663,1.0019770731236157,0.6468518518518542,
full_288,opus,0.05,Context cells,equal_call_budget,0.6,0.5999999999999979,0.08530000000000024,0.5999999999999979,1.6653345369377347e-18,0.010281284305555556,4.188526627461186,1.0,
full_288,pro,0.05,Context cells,equal_call_budget,0.6,0.5999999999999979,0.08530000000000024,0.5999999999999979,1.6653345369377347e-18,0.016041052833333312,9.437837245863003,1.0,
full_288,astra,0.05,Context cells,equal_call_budget,0.6,0.5999999999999979,0.08530000000000024,0.5999999999999979,1.6653345369377347e-18,0.012009889947916687,4.683117965775715,1.0,
full_288,sonnet,0.05,Context cells,equal_call_budget,0.6,0.5999999999999979,0.08530000000000024,0.5989027777777765,0.00109722222222222,0.00720986066666666,5.9836144828496085,0.9981712962962976,
full_288,lite,0.05,Context cells,equal_call_budget,0.6,0.5999999999999979,0.08530000000000024,0.5834166666666654,0.016583333333333332,0.0026800530638888924,2.966648797026614,0.9723611111111123,
full_288,luna,0.05,Context cells,equal_call_budget,0.6,0.5999999999999979,0.08530000000000024,0.588736111111111,0.011263888888888858,0.00045956264479166744,4.325508987629954,0.9812268518518552,
full_288,qwen_local,0.05,Context cells,equal_call_budget,0.6,0.5999999999999979,0.08530000000000024,0.5813402777777782,0.018659722222222296,0.0,74.71237487454228,0.9689004629629671,
full_288,baseline,0.05,Context cells,equal_call_budget,0.7,0.7000000000000008,0.05788999999999993,0.4522916666666667,0.24770833333333317,0.000273939858333333,1.1692188587322851,0.6461309523809516,
full_288,opus,0.05,Context cells,equal_call_budget,0.7,0.7000000000000008,0.05788999999999993,0.7000000000000008,2.7755575615628915e-18,0.012107550520833326,4.946704860722904,1.0,
full_288,pro,0.05,Context cells,equal_call_budget,0.7,0.7000000000000008,0.05788999999999993,0.7000000000000008,2.7755575615628915e-18,0.01903784800000004,11.174511871499917,1.0,
full_288,astra,0.05,Context cells,equal_call_budget,0.7,0.7000000000000008,0.05788999999999993,0.7000000000000008,2.7755575615628915e-18,0.014228472083333325,5.552049261474513,1.0,
full_288,sonnet,0.05,Context cells,equal_call_budget,0.7,0.7000000000000008,0.05788999999999993,0.6961909722222235,0.003809027777777767,0.008668969583333349,7.199461005644671,0.9945585317460324,
full_288,lite,0.05,Context cells,equal_call_budget,0.7,0.7000000000000008,0.05788999999999993,0.6811736111111116,0.0188263888888889,0.00312817969548611,3.46024668146282,0.9731051587301583,
full_288,luna,0.05,Context cells,equal_call_budget,0.7,0.7000000000000008,0.05788999999999993,0.6866874999999986,0.01331249999999996,0.0005469287187499997,5.123316190059999,0.9809821428571396,
full_288,qwen_local,0.05,Context cells,equal_call_budget,0.7,0.7000000000000008,0.05788999999999993,0.6788368055555547,0.02116319444444446,0.0,87.0005010391735,0.9697668650793627,
full_288,baseline,0.05,Context cells,equal_call_budget,0.8,0.8000000000000006,0.033284999999999954,0.5159583333333336,0.2840416666666659,0.00031311744444444426,1.3356298217012685,0.6449479166666665,
full_288,opus,0.05,Context cells,equal_call_budget,0.8,0.8000000000000006,0.033284999999999954,0.8000000000000006,-3.885780586188048e-18,0.013909702534722203,5.684318849829941,1.0,
full_288,pro,0.05,Context cells,equal_call_budget,0.8,0.8000000000000006,0.033284999999999954,0.8000000000000006,-3.885780586188048e-18,0.022007989000000006,12.898142776367152,1.0,
full_288,astra,0.05,Context cells,equal_call_budget,0.8,0.8000000000000006,0.033284999999999954,0.8000000000000006,-3.885780586188048e-18,0.016390685972222215,6.397979007607637,1.0,
full_288,sonnet,0.05,Context cells,equal_call_budget,0.8,0.8000000000000006,0.033284999999999954,0.7933611111111111,0.006638888888888861,0.010104661361111121,8.392389949279899,0.9917013888888881,
full_288,lite,0.05,Context cells,equal_call_budget,0.8,0.8000000000000006,0.033284999999999954,0.7785138888888884,0.021486111111111077,0.0035745200215277773,3.950829617641779,0.9731423611111097,
full_288,luna,0.05,Context cells,equal_call_budget,0.8,0.8000000000000006,0.033284999999999954,0.7840694444444432,0.015930555555555503,0.0006312901541666663,5.895579502853582,0.9800868055555532,
full_288,qwen_local,0.05,Context cells,equal_call_budget,0.8,0.8000000000000006,0.033284999999999954,0.7770486111111135,0.022951388888888914,0.0,99.4421133085726,0.971310763888891,
full_288,baseline,0.05,Context cells,equal_call_budget,0.9,0.9000000000000032,0.01048499999999998,0.578569444444445,0.3214305555555556,0.0003516152111111113,1.498166549059978,0.6428549382716032,
full_288,opus,0.05,Context cells,equal_call_budget,0.9,0.9000000000000032,0.01048499999999998,0.9000000000000032,-7.716050021144837e-17,0.01571571559027779,6.4184741613579375,1.0,
full_288,pro,0.05,Context cells,equal_call_budget,0.9,0.9000000000000032,0.01048499999999998,0.9000000000000032,-7.716050021144837e-17,0.024950471777777875,14.612226616228638,1.0,
full_288,astra,0.05,Context cells,equal_call_budget,0.9,0.9000000000000032,0.01048499999999998,0.9000000000000032,-7.716050021144837e-17,0.01853896243055562,7.237001859506554,1.0,
full_288,sonnet,0.05,Context cells,equal_call_budget,0.9,0.9000000000000032,0.01048499999999998,0.8917083333333363,0.008291666666666586,0.011564132972222236,9.613309569323725,0.9907870370370367,
full_288,lite,0.05,Context cells,equal_call_budget,0.9,0.9000000000000032,0.01048499999999998,0.8729861111111125,0.02701388888888888,0.004024875372916672,4.444003145682561,0.9699845679012326,
full_288,luna,0.05,Context cells,equal_call_budget,0.9,0.9000000000000032,0.01048499999999998,0.8785138888888882,0.021486111111111032,0.000717811491666668,6.681751321462966,0.9761265432098722,
full_288,qwen_local,0.05,Context cells,equal_call_budget,0.9,0.9000000000000032,0.01048499999999998,0.8760069444444446,0.023993055555555632,0.0,111.9548281904915,0.9733410493827127,
full_288,baseline,0.05,Context cells,equal_call_budget,1.0,0.9999999999999999,0.0,0.6444444444444454,0.3555555555555546,0.0003905255555555542,1.662141628188293,0.6444444444444455,
full_288,opus,0.05,Context cells,equal_call_budget,1.0,0.9999999999999999,0.0,0.9999999999999999,0.0,0.017315270833333386,7.062639848975858,1.0,
full_288,pro,0.05,Context cells,equal_call_budget,1.0,0.9999999999999999,0.0,0.9999999999999999,0.0,0.027610677777777794,16.162547162934505,1.0,
full_288,astra,0.05,Context cells,equal_call_budget,1.0,0.9999999999999999,0.0,0.9999999999999999,0.0,0.02046169444444434,7.995701999012608,1.0,
full_288,sonnet,0.05,Context cells,equal_call_budget,1.0,0.9999999999999999,0.0,0.9875000000000027,0.0125,0.01271852499999996,10.551339969306758,0.9875000000000028,
full_288,lite,0.05,Context cells,equal_call_budget,1.0,0.9999999999999999,0.0,0.9722222222222263,0.0277777777777777,0.0044868488888888695,4.9502314325506,0.9722222222222264,
full_288,luna,0.05,Context cells,equal_call_budget,1.0,0.9999999999999999,0.0,0.9749999999999965,0.025,0.000789367499999999,7.332745643770461,0.9749999999999966,
full_288,qwen_local,0.05,Context cells,equal_call_budget,1.0,0.9999999999999999,0.0,0.9736111111111064,0.02638888888888889,0.0,124.27882091303401,0.9736111111111065,
full_288,baseline,0.05,Global,threshold,0.4,0.0,0.35399999999999937,0.0,0.0,0.0,0.0,,
full_288,opus,0.05,Global,threshold,0.4,0.0,0.35399999999999937,0.0,0.0,0.0,0.0,,
full_288,pro,0.05,Global,threshold,0.4,0.0,0.35399999999999937,0.0,0.0,0.0,0.0,,
full_288,astra,0.05,Global,threshold,0.4,0.0,0.35399999999999937,0.0,0.0,0.0,0.0,,
full_288,sonnet,0.05,Global,threshold,0.4,0.0,0.35399999999999937,0.0,0.0,0.0,0.0,,
full_288,lite,0.05,Global,threshold,0.4,0.0,0.35399999999999937,0.0,0.0,0.0,0.0,,
full_288,luna,0.05,Global,threshold,0.4,0.0,0.35399999999999937,0.0,0.0,0.0,0.0,,
full_288,qwen_local,0.05,Global,threshold,0.4,0.0,0.35399999999999937,0.0,0.0,0.0,0.0,,
full_288,baseline,0.05,Global,threshold,0.6,0.16500000000000037,0.27381000000000116,0.10449999999999983,0.06050000000000012,6.641580000000017e-05,0.290176478444569,0.6333333333333309,
full_288,opus,0.05,Global,threshold,0.6,0.16500000000000037,0.27381000000000116,0.16500000000000037,0.0,0.0028904356250000003,1.154234539452769,1.0,
full_288,pro,0.05,Global,threshold,0.6,0.16500000000000037,0.27381000000000116,0.16500000000000037,0.0,0.004352006999999981,2.6023741824275572,1.0,
full_288,astra,0.05,Global,threshold,0.6,0.16500000000000037,0.27381000000000116,0.16500000000000037,0.0,0.0033924171875000077,1.3692181681941196,1.0,
full_288,sonnet,0.05,Global,threshold,0.6,0.16500000000000037,0.27381000000000116,0.16500000000000037,0.0,0.001948091749999993,1.6074330026032042,1.0,
full_288,lite,0.05,Global,threshold,0.6,0.16500000000000037,0.27381000000000116,0.15950000000000025,0.0054999999999999875,0.0007298102625000002,0.8144185761271494,0.966666666666666,
full_288,luna,0.05,Global,threshold,0.6,0.16500000000000037,0.27381000000000116,0.15950000000000025,0.0054999999999999875,0.00011303991874999987,1.0896893804153382,0.966666666666666,
full_288,qwen_local,0.05,Global,threshold,0.6,0.16500000000000037,0.27381000000000116,0.15812499999999946,0.006874999999999981,0.0,21.799498189712263,0.9583333333333279,
full_288,baseline,0.05,Global,threshold,0.7,0.333333333333334,0.18599999999999997,0.21249999999999922,0.1208333333333335,0.00013196555555555517,0.5660753063120265,0.6374999999999964,
full_288,opus,0.05,Global,threshold,0.7,0.333333333333334,0.18599999999999997,0.333333333333334,0.0,0.005514284722222242,2.1775212225251885,1.0,
full_288,pro,0.05,Global,threshold,0.7,0.333333333333334,0.18599999999999997,0.333333333333334,0.0,0.008272205555555537,4.9043586688636704,1.0,
full_288,astra,0.05,Global,threshold,0.7,0.333333333333334,0.18599999999999997,0.333333333333334,0.0,0.0066730520833333485,2.646215017316805,1.0,
full_288,sonnet,0.05,Global,threshold,0.7,0.333333333333334,0.18599999999999997,0.333333333333334,0.0,0.003537005555555554,2.9093221210783993,1.0,
full_288,lite,0.05,Global,threshold,0.7,0.333333333333334,0.18599999999999997,0.3277777777777772,0.005555555555555536,0.0014273956944444444,1.6040868776087225,0.9833333333333297,
full_288,luna,0.05,Global,threshold,0.7,0.333333333333334,0.18599999999999997,0.3277777777777772,0.005555555555555536,0.0002477313194444442,2.366574964218626,0.9833333333333297,
full_288,qwen_local,0.05,Global,threshold,0.7,0.333333333333334,0.18599999999999997,0.32638888888888745,0.00694444444444442,0.0,42.06640779742784,0.9791666666666604,
full_288,baseline,0.05,Global,threshold,0.8,0.5,0.12999999999999984,0.333333333333334,0.166666666666667,0.00020115555555555496,0.8570982572279862,0.666666666666668,
full_288,opus,0.05,Global,threshold,0.8,0.5,0.12999999999999984,0.5,0.0,0.00853131249999996,3.4523730475141714,1.0,
full_288,pro,0.05,Global,threshold,0.8,0.5,0.12999999999999984,0.5,0.0,0.012967311111111131,7.65471965550584,1.0,
full_288,astra,0.05,Global,threshold,0.8,0.5,0.12999999999999984,0.5,0.0,0.009951118055555583,3.897742891328136,1.0,
full_288,sonnet,0.05,Global,threshold,0.8,0.5,0.12999999999999984,0.49722222222222096,0.002777777777777768,0.0061731222222222385,5.086833615644416,0.9944444444444419,
full_288,lite,0.05,Global,threshold,0.8,0.5,0.12999999999999984,0.4944444444444436,0.005555555555555536,0.0022537780555555477,2.4995176432353645,0.9888888888888872,
full_288,luna,0.05,Global,threshold,0.8,0.5,0.12999999999999984,0.4944444444444436,0.005555555555555536,0.0003752301388888896,3.5256819563571757,0.9888888888888872,
full_288,qwen_local,0.05,Global,threshold,0.8,0.5,0.12999999999999984,0.49305555555555686,0.00694444444444442,0.0,62.217136467632365,0.9861111111111137,
full_288,baseline,0.05,Global,threshold,0.9,0.6808333333333345,0.0653649999999998,0.4433402777777768,0.23749305555555544,0.0002673480500000003,1.137657410336825,0.6511729906160725,
full_288,opus,0.05,Global,threshold,0.9,0.6808333333333345,0.0653649999999998,0.6808333333333345,0.0,0.011651109340277839,4.741452181887495,1.0,
full_288,pro,0.05,Global,threshold,0.9,0.6808333333333345,0.0653649999999998,0.6808333333333345,0.0,0.018313384499999974,10.771470926290585,1.0,
full_288,astra,0.05,Global,threshold,0.9,0.6808333333333345,0.0653649999999998,0.6808333333333345,0.0,0.013510010208333345,5.259972235301124,1.0,
full_288,sonnet,0.05,Global,threshold,0.9,0.6808333333333345,0.0653649999999998,0.6779375000000017,0.002895833333333323,0.008299913666666653,6.8735381066544265,0.9957466340269286,
full_288,lite,0.05,Global,threshold,0.9,0.6808333333333345,0.0653649999999998,0.6632222222222246,0.01761111111111108,0.003059401147916667,3.3775742093087406,0.9741330069359463,
full_288,luna,0.05,Global,threshold,0.9,0.6808333333333345,0.0653649999999998,0.6686597222222213,0.012173611111111069,0.0005167899638888877,4.8547421488264275,0.9821195430436526,
full_288,qwen_local,0.05,Global,threshold,0.9,0.6808333333333345,0.0653649999999998,0.6612708333333351,0.019562499999999976,0.0,84.77255794441473,0.9712668298653621,
full_288,baseline,0.05,Global,equal_call_budget,0.0,0.0,0.35399999999999937,0.0,0.0,0.0,0.0,,
full_288,opus,0.05,Global,equal_call_budget,0.0,0.0,0.35399999999999937,0.0,0.0,0.0,0.0,,
full_288,pro,0.05,Global,equal_call_budget,0.0,0.0,0.35399999999999937,0.0,0.0,0.0,0.0,,
full_288,astra,0.05,Global,equal_call_budget,0.0,0.0,0.35399999999999937,0.0,0.0,0.0,0.0,,
full_288,sonnet,0.05,Global,equal_call_budget,0.0,0.0,0.35399999999999937,0.0,0.0,0.0,0.0,,
full_288,lite,0.05,Global,equal_call_budget,0.0,0.0,0.35399999999999937,0.0,0.0,0.0,0.0,,
full_288,luna,0.05,Global,equal_call_budget,0.0,0.0,0.35399999999999937,0.0,0.0,0.0,0.0,,
full_288,qwen_local,0.05,Global,equal_call_budget,0.0,0.0,0.35399999999999937,0.0,0.0,0.0,0.0,,
full_288,baseline,0.05,Global,equal_call_budget,0.1,0.10000000000000009,0.30539999999999917,0.06333333333333313,0.036666666666666826,4.02520000000001e-05,0.1758645323906479,0.6333333333333308,
full_288,opus,0.05,Global,equal_call_budget,0.1,0.10000000000000009,0.30539999999999917,0.10000000000000009,0.0,0.0017517791666666707,0.6995360845168264,1.0,
full_288,pro,0.05,Global,equal_call_budget,0.1,0.10000000000000009,0.30539999999999917,0.10000000000000009,0.0,0.0026375799999999888,1.5771964741985232,1.0,
full_288,astra,0.05,Global,equal_call_budget,0.1,0.10000000000000009,0.30539999999999917,0.10000000000000009,0.0,0.002056010416666659,0.8298291928449177,1.0,
full_288,sonnet,0.05,Global,equal_call_budget,0.1,0.10000000000000009,0.30539999999999917,0.10000000000000009,0.0,0.001180661666666666,0.9742018197595215,1.0,
full_288,lite,0.05,Global,equal_call_budget,0.1,0.10000000000000009,0.30539999999999917,0.09666666666666719,0.0033333333333333097,0.0004423092499999993,0.49358701583463566,0.9666666666666711,
full_288,luna,0.05,Global,equal_call_budget,0.1,0.10000000000000009,0.30539999999999917,0.09666666666666719,0.0033333333333333097,6.850904166666636e-05,0.6604178063123246,0.9666666666666711,
full_288,qwen_local,0.05,Global,equal_call_budget,0.1,0.10000000000000009,0.30539999999999917,0.09583333333333353,0.0041666666666666545,0.0,13.211817084674117,0.9583333333333345,
full_288,baseline,0.05,Global,equal_call_budget,0.2,0.20000000000000015,0.2556000000000007,0.12694444444444408,0.07305555555555544,8.00624444444449e-05,0.34770110444993757,0.63472222222222,
full_288,opus,0.05,Global,equal_call_budget,0.2,0.20000000000000015,0.2556000000000007,0.20000000000000015,0.0,0.0034385624999999963,1.3682190238608063,1.0,
full_288,pro,0.05,Global,equal_call_budget,0.2,0.20000000000000015,0.2556000000000007,0.20000000000000015,0.0,0.0051712144444444556,3.0838003660374325,1.0,
full_288,astra,0.05,Global,equal_call_budget,0.2,0.20000000000000015,0.2556000000000007,0.20000000000000015,0.0,0.004075957638888898,1.6356819272565817,1.0,
full_288,sonnet,0.05,Global,equal_call_budget,0.2,0.20000000000000015,0.2556000000000007,0.20000000000000015,0.0,0.0022816166666666565,1.8808001838950381,1.0,
full_288,lite,0.05,Global,equal_call_budget,0.2,0.20000000000000015,0.2556000000000007,0.1944444444444436,0.005555555555555536,0.0008752248055555546,0.9789333966345951,0.9722222222222172,
full_288,luna,0.05,Global,equal_call_budget,0.2,0.20000000000000015,0.2556000000000007,0.1944444444444436,0.005555555555555536,0.00014089165277777715,1.3538720679268288,0.9722222222222172,
full_288,qwen_local,0.05,Global,equal_call_budget,0.2,0.20000000000000015,0.2556000000000007,0.19305555555555565,0.00694444444444442,0.0,26.029037672384238,0.9652777777777775,
full_288,baseline,0.05,Global,equal_call_budget,0.3,0.29999999999999893,0.2033999999999999,0.19111111111111184,0.10888888888888845,0.00011898977777777724,0.5114817558465035,0.6370370370370417,
full_288,opus,0.05,Global,equal_call_budget,0.3,0.29999999999999893,0.2033999999999999,0.29999999999999893,0.0,0.004995354166666653,1.975195672859111,1.0,
full_288,pro,0.05,Global,equal_call_budget,0.3,0.29999999999999893,0.2033999999999999,0.29999999999999893,0.0,0.007496957777777762,4.449219093157125,1.0,
full_288,astra,0.05,Global,equal_call_budget,0.3,0.29999999999999893,0.2033999999999999,0.29999999999999893,0.0,0.0060237784722222175,2.393581744801739,1.0,
full_288,sonnet,0.05,Global,equal_call_budget,0.3,0.29999999999999893,0.2033999999999999,0.29999999999999893,0.0,0.0032231583333333196,2.6521916367825638,1.0,
full_288,lite,0.05,Global,equal_call_budget,0.3,0.29999999999999893,0.2033999999999999,0.29444444444444434,0.005555555555555536,0.0012893529722222182,1.4477985073651842,0.9814814814814846,
full_288,luna,0.05,Global,equal_call_budget,0.3,0.29999999999999893,0.2033999999999999,0.29444444444444434,0.005555555555555536,0.00022102140277777813,2.113399240145672,0.9814814814814846,
full_288,qwen_local,0.05,Global,equal_call_budget,0.3,0.29999999999999893,0.2033999999999999,0.2930555555555547,0.00694444444444442,0.0,38.057065266166994,0.9768518518518524,
full_288,baseline,0.05,Global,equal_call_budget,0.4,0.4000000000000003,0.16359999999999963,0.2608333333333326,0.13916666666666702,0.00015964155555555514,0.6824844866784064,0.652083333333331,
full_288,opus,0.05,Global,equal_call_budget,0.4,0.4000000000000003,0.16359999999999963,0.4000000000000003,0.0,0.006721095833333324,2.6874619525207906,1.0,
full_288,pro,0.05,Global,equal_call_budget,0.4,0.4000000000000003,0.16359999999999963,0.4000000000000003,0.0,0.010150247777777746,6.004503063520564,1.0,
full_288,astra,0.05,Global,equal_call_budget,0.4,0.4000000000000003,0.16359999999999963,0.4000000000000003,0.0,0.007984278472222214,3.1468261669213358,1.0,
full_288,sonnet,0.05,Global,equal_call_budget,0.4,0.4000000000000003,0.16359999999999963,0.3988888888888898,0.0011111111111111183,0.004591452222222234,3.780326718904803,0.9972222222222238,
full_288,lite,0.05,Global,equal_call_budget,0.4,0.4000000000000003,0.16359999999999963,0.39444444444444543,0.005555555555555536,0.0017579486388888941,1.9622591838593737,0.9861111111111128,
full_288,luna,0.05,Global,equal_call_budget,0.4,0.4000000000000003,0.16359999999999963,0.39444444444444543,0.005555555555555536,0.00029873084722222145,2.830217761074047,0.9861111111111128,
full_288,qwen_local,0.05,Global,equal_call_budget,0.4,0.4000000000000003,0.16359999999999963,0.3930555555555544,0.00694444444444442,0.0,50.126699265509345,0.9826388888888852,
full_288,baseline,0.05,Global,equal_call_budget,0.5,0.5,0.12999999999999984,0.333333333333334,0.166666666666667,0.00020115555555555496,0.8570982572279862,0.666666666666668,
full_288,opus,0.05,Global,equal_call_budget,0.5,0.5,0.12999999999999984,0.5,0.0,0.008531312499999992,3.4523730475141714,1.0,
full_288,pro,0.05,Global,equal_call_budget,0.5,0.5,0.12999999999999984,0.5,0.0,0.012967311111111131,7.65471965550584,1.0,
full_288,astra,0.05,Global,equal_call_budget,0.5,0.5,0.12999999999999984,0.5,0.0,0.009951118055555586,3.897742891328136,1.0,
full_288,sonnet,0.05,Global,equal_call_budget,0.5,0.5,0.12999999999999984,0.49722222222222096,0.002777777777777768,0.0061731222222222385,5.086833615644416,0.9944444444444419,
full_288,lite,0.05,Global,equal_call_budget,0.5,0.5,0.12999999999999984,0.4944444444444436,0.005555555555555536,0.0022537780555555477,2.4995176432353645,0.9888888888888872,
full_288,luna,0.05,Global,equal_call_budget,0.5,0.5,0.12999999999999984,0.4944444444444436,0.005555555555555536,0.00037523013888889024,3.5256819563571766,0.9888888888888872,
full_288,qwen_local,0.05,Global,equal_call_budget,0.5,0.5,0.12999999999999984,0.49305555555555686,0.00694444444444442,0.0,62.21713646763237,0.9861111111111137,
full_288,baseline,0.05,Global,equal_call_budget,0.6,0.5999999999999979,0.09280000000000013,0.3941666666666649,0.20583333333333312,0.00023764688888888778,1.0119379052891022,0.6569444444444438,
full_288,opus,0.05,Global,equal_call_budget,0.6,0.5999999999999979,0.09280000000000013,0.5999999999999979,0.0,0.010255929166666636,4.166685862972005,1.0,
full_288,pro,0.05,Global,equal_call_budget,0.6,0.5999999999999979,0.09280000000000013,0.5999999999999979,0.0,0.015940574444444494,9.387437487412411,1.0,
full_288,astra,0.05,Global,equal_call_budget,0.6,0.5999999999999979,0.09280000000000013,0.5999999999999979,0.0,0.011916247222222216,4.648793697436329,1.0,
full_288,sonnet,0.05,Global,equal_call_budget,0.6,0.5999999999999979,0.09280000000000013,0.5972222222222248,0.002777777777777768,0.007333518888888855,6.062191854037488,0.9953703703703781,
full_288,lite,0.05,Global,equal_call_budget,0.6,0.5999999999999979,0.09280000000000013,0.5877777777777766,0.012222222222222174,0.0026976913055555664,2.9832530597678892,0.9796296296296312,
full_288,luna,0.05,Global,equal_call_budget,0.6,0.5999999999999979,0.09280000000000013,0.5911111111111079,0.008888888888888884,0.0004531475555555564,4.259805789485058,0.9851851851851834,
full_288,qwen_local,0.05,Global,equal_call_budget,0.6,0.5999999999999979,0.09280000000000013,0.5855555555555574,0.014444444444444442,0.0,74.6858919264037,0.9759259259259324,
full_288,baseline,0.05,Global,equal_call_budget,0.7,0.7000000000000008,0.06179999999999988,0.45499999999999863,0.24499999999999933,0.00027461822222222355,1.1680892149933302,0.6499999999999972,
full_288,opus,0.05,Global,equal_call_budget,0.7,0.7000000000000008,0.06179999999999988,0.7000000000000008,0.0,0.011983169444444506,4.874795054320991,1.0,
full_288,pro,0.05,Global,equal_call_budget,0.7,0.7000000000000008,0.06179999999999988,0.7000000000000008,0.0,0.018841890000000024,11.08114322070014,1.0,
full_288,astra,0.05,Global,equal_call_budget,0.7,0.7000000000000008,0.06179999999999988,0.7000000000000008,0.0,0.013893808333333377,5.4094424712167095,1.0,
full_288,sonnet,0.05,Global,equal_call_budget,0.7,0.7000000000000008,0.06179999999999988,0.6969444444444443,0.003055555555555589,0.008560756666666622,7.091506978507075,0.9956349206349192,
full_288,lite,0.05,Global,equal_call_budget,0.7,0.7000000000000008,0.06179999999999988,0.68111111111111,0.018888888888889056,0.00314838094444444,3.474757153579772,0.9730158730158702,
full_288,luna,0.05,Global,equal_call_budget,0.7,0.7000000000000008,0.06179999999999988,0.6863888888888886,0.01361111111111106,0.0005326159444444429,4.997505138447507,0.980555555555554,
full_288,qwen_local,0.05,Global,equal_call_budget,0.7,0.7000000000000008,0.06179999999999988,0.6802777777777758,0.019722222222222224,0.0,87.17289528047898,0.9718253968253928,
full_288,baseline,0.05,Global,equal_call_budget,0.8,0.8000000000000007,0.04319999999999991,0.5158333333333333,0.2841666666666659,0.00031254955555555525,1.3268638479837644,0.644791666666666,
full_288,opus,0.05,Global,equal_call_budget,0.8,0.8000000000000007,0.04319999999999991,0.8000000000000007,0.0,0.013715656944444503,5.570496997452231,1.0,
full_288,pro,0.05,Global,equal_call_budget,0.8,0.8000000000000007,0.04319999999999991,0.8000000000000007,0.0,0.021599310000000028,12.696824756749988,1.0,
full_288,astra,0.05,Global,equal_call_budget,0.8,0.8000000000000007,0.04319999999999991,0.8000000000000007,0.0,0.015896233333333266,6.189287180341372,1.0,
full_288,sonnet,0.05,Global,equal_call_budget,0.8,0.8000000000000007,0.04319999999999991,0.7961111111111139,0.0038888888888889417,0.009921676666666714,8.228735875129592,0.9951388888888915,
full_288,lite,0.05,Global,equal_call_budget,0.8,0.8000000000000007,0.04319999999999991,0.7744444444444418,0.025555555555555675,0.0036126233611111203,3.9817986019504246,0.9680555555555515,
full_288,luna,0.05,Global,equal_call_budget,0.8,0.8000000000000007,0.04319999999999991,0.7788888888888895,0.021111111111111254,0.0006151862777777769,5.742355519079082,0.973611111111111,
full_288,qwen_local,0.05,Global,equal_call_budget,0.8,0.8000000000000007,0.04319999999999991,0.7794444444444454,0.02055555555555562,0.0,99.69639442516088,0.9743055555555559,
full_288,baseline,0.05,Global,equal_call_budget,0.9,0.9000000000000032,0.022199999999999873,0.579444444444447,0.32055555555555637,0.00035132622222222424,1.4927298866636591,0.6438271604938277,
full_288,opus,0.05,Global,equal_call_budget,0.9,0.9000000000000032,0.022199999999999873,0.9000000000000032,-1.1102230246251565e-16,0.015502000000000018,6.306494526687947,1.0,
full_288,pro,0.05,Global,equal_call_budget,0.9,0.9000000000000032,0.022199999999999873,0.9000000000000032,-1.1102230246251565e-16,0.02455534111111117,14.406250026433685,1.0,
full_288,astra,0.05,Global,equal_call_budget,0.9,0.9000000000000032,0.022199999999999873,0.9000000000000032,-1.1102230246251565e-16,0.018122902777777828,7.067822049634803,1.0,
full_288,sonnet,0.05,Global,equal_call_budget,0.9,0.9000000000000032,0.022199999999999873,0.8925000000000025,0.007499999999999916,0.011312599999999971,9.385223292124934,0.9916666666666659,
full_288,lite,0.05,Global,equal_call_budget,0.9,0.9000000000000032,0.022199999999999873,0.8722222222222245,0.02777777777777768,0.00405516205555556,4.470580023864615,0.9691358024691348,
full_288,luna,0.05,Global,equal_call_budget,0.9,0.9000000000000032,0.022199999999999873,0.8758333333333327,0.024166666666666548,0.0007013728333333345,6.527481645081935,0.9731481481481439,
full_288,qwen_local,0.05,Global,equal_call_budget,0.9,0.9000000000000032,0.022199999999999873,0.8769444444444429,0.02305555555555558,0.0,112.03406484924662,0.9743827160493774,
full_288,baseline,0.05,Global,equal_call_budget,1.0,0.9999999999999999,0.0,0.6444444444444454,0.3555555555555546,0.0003905255555555542,1.662141628188293,0.6444444444444455,
full_288,opus,0.05,Global,equal_call_budget,1.0,0.9999999999999999,0.0,0.9999999999999999,0.0,0.017315270833333386,7.062639848975858,1.0,
full_288,pro,0.05,Global,equal_call_budget,1.0,0.9999999999999999,0.0,0.9999999999999999,0.0,0.027610677777777794,16.162547162934505,1.0,
full_288,astra,0.05,Global,equal_call_budget,1.0,0.9999999999999999,0.0,0.9999999999999999,0.0,0.02046169444444434,7.995701999012608,1.0,
full_288,sonnet,0.05,Global,equal_call_budget,1.0,0.9999999999999999,0.0,0.9875000000000027,0.0125,0.01271852499999996,10.551339969306758,0.9875000000000028,
full_288,lite,0.05,Global,equal_call_budget,1.0,0.9999999999999999,0.0,0.9722222222222263,0.0277777777777777,0.0044868488888888695,4.9502314325506,0.9722222222222264,
full_288,luna,0.05,Global,equal_call_budget,1.0,0.9999999999999999,0.0,0.9749999999999965,0.025,0.000789367499999999,7.332745643770461,0.9749999999999966,
full_288,qwen_local,0.05,Global,equal_call_budget,1.0,0.9999999999999999,0.0,0.9736111111111064,0.02638888888888889,0.0,124.27882091303401,0.9736111111111065,
full_288,baseline,0.05,Oracle,threshold,0.4,0.0,0.35399999999999937,0.0,0.0,0.0,0.0,,
full_288,opus,0.05,Oracle,threshold,0.4,0.0,0.35399999999999937,0.0,0.0,0.0,0.0,,
full_288,pro,0.05,Oracle,threshold,0.4,0.0,0.35399999999999937,0.0,0.0,0.0,0.0,,
full_288,astra,0.05,Oracle,threshold,0.4,0.0,0.35399999999999937,0.0,0.0,0.0,0.0,,
full_288,sonnet,0.05,Oracle,threshold,0.4,0.0,0.35399999999999937,0.0,0.0,0.0,0.0,,
full_288,lite,0.05,Oracle,threshold,0.4,0.0,0.35399999999999937,0.0,0.0,0.0,0.0,,
full_288,luna,0.05,Oracle,threshold,0.4,0.0,0.35399999999999937,0.0,0.0,0.0,0.0,,
full_288,qwen_local,0.05,Oracle,threshold,0.4,0.0,0.35399999999999937,0.0,0.0,0.0,0.0,,
full_288,baseline,0.05,Oracle,threshold,0.6,0.4000000000000003,0.15399999999999994,0.25,0.14999999999999947,0.00015326666666666615,0.6547069340362238,0.6249999999999996,
full_288,opus,0.05,Oracle,threshold,0.6,0.4000000000000003,0.15399999999999994,0.4000000000000003,0.0,0.0067310000000000226,2.7125123657674117,1.0,
full_288,pro,0.05,Oracle,threshold,0.6,0.4000000000000003,0.15399999999999994,0.4000000000000003,0.0,0.010132755555555525,6.0232486733752895,1.0,
full_288,astra,0.05,Oracle,threshold,0.6,0.4000000000000003,0.15399999999999994,0.4000000000000003,0.0,0.007858541666666705,3.074585934727101,1.0,
full_288,sonnet,0.05,Oracle,threshold,0.6,0.4000000000000003,0.15399999999999994,0.4000000000000003,0.0,0.004400566666666662,3.654876506946872,1.0,
full_288,lite,0.05,Oracle,threshold,0.6,0.4000000000000003,0.15399999999999994,0.3833333333333341,0.016666666666666642,0.0017532283333333376,1.9532301208521796,0.9583333333333345,
full_288,luna,0.05,Oracle,threshold,0.6,0.4000000000000003,0.15399999999999994,0.3888888888888872,0.011111111111111086,0.0002983819444444452,2.8771363057752426,0.9722222222222172,
full_288,qwen_local,0.05,Oracle,threshold,0.6,0.4000000000000003,0.15399999999999994,0.3833333333333341,0.016666666666666642,0.0,50.57731699393539,0.9583333333333345,
full_288,baseline,0.05,Oracle,threshold,0.7,0.5999999999999979,0.08200000000000034,0.39027777777777817,0.209722222222223,0.00023530777777777724,1.002679149831074,0.6504629629629659,
full_288,opus,0.05,Oracle,threshold,0.7,0.5999999999999979,0.08200000000000034,0.5999999999999979,0.0,0.010266479166666669,4.18501381002844,1.0,
full_288,pro,0.05,Oracle,threshold,0.7,0.5999999999999979,0.08200000000000034,0.5999999999999979,0.0,0.0159886944444444,9.41141016053894,1.0,
full_288,astra,0.05,Oracle,threshold,0.7,0.5999999999999979,0.08200000000000034,0.5999999999999979,0.0,0.011890760416666693,4.6274851335183484,1.0,
full_288,sonnet,0.05,Oracle,threshold,0.7,0.5999999999999979,0.08200000000000034,0.5999999999999979,0.0,0.007213105555555544,5.98555952384809,1.0,
full_288,lite,0.05,Oracle,threshold,0.7,0.5999999999999979,0.08200000000000034,0.5833333333333317,0.016666666666666642,0.0026963284722222288,2.9807867250767566,0.972222222222223,
full_288,luna,0.05,Oracle,threshold,0.7,0.5999999999999979,0.08200000000000034,0.5888888888888887,0.011111111111111072,0.00045501548611111243,4.282852069786824,0.9814814814814846,
full_288,qwen_local,0.05,Oracle,threshold,0.7,0.5999999999999979,0.08200000000000034,0.5819444444444454,0.018055555555555682,0.0,74.74344173005373,0.9699074074074124,
full_288,baseline,0.05,Oracle,threshold,0.8,0.9000000000000032,0.010000000000000007,0.5777777777777796,0.3222222222222227,0.00035153777777777775,1.4978728676596418,0.641975308641975,
full_288,opus,0.05,Oracle,threshold,0.8,0.9000000000000032,0.010000000000000007,0.9000000000000032,0.0,0.015741534722222256,6.431149824381099,1.0,
full_288,pro,0.05,Oracle,threshold,0.8,0.9000000000000032,0.010000000000000007,0.9000000000000032,0.0,0.024941355555555676,14.606949681221106,1.0,
full_288,astra,0.05,Oracle,threshold,0.8,0.9000000000000032,0.010000000000000007,0.9000000000000032,0.0,0.01856306250000006,7.244586472568683,1.0,
full_288,sonnet,0.05,Oracle,threshold,0.8,0.9000000000000032,0.010000000000000007,0.8916666666666698,0.008333333333333304,0.011608600000000009,9.655299540609791,0.9907407407407407,
full_288,lite,0.05,Oracle,threshold,0.8,0.9000000000000032,0.010000000000000007,0.8722222222222242,0.0277777777777777,0.004026096944444445,4.445588810160783,0.9691358024691346,
full_288,luna,0.05,Oracle,threshold,0.8,0.9000000000000032,0.010000000000000007,0.8777777777777755,0.022222222222222143,0.0007186190277777808,6.6891313485157475,0.9753086419753026,
full_288,qwen_local,0.05,Oracle,threshold,0.8,0.9000000000000032,0.010000000000000007,0.8763888888888891,0.02361111111111122,0.0,111.9868446770974,0.9737654320987622,
full_288,baseline,0.05,Oracle,threshold,0.9,0.9333333333333352,0.0040000000000000036,0.6013888888888906,0.33194444444444526,0.0003645211111111119,1.5522466252991207,0.6443452380952387,
full_288,opus,0.05,Oracle,threshold,0.9,0.9333333333333352,0.0040000000000000036,0.9333333333333352,0.0,0.01626134027777772,6.6335039802235345,1.0,
full_288,pro,0.05,Oracle,threshold,0.9,0.9333333333333352,0.0040000000000000036,0.9333333333333352,0.0,0.025969905555555527,15.206548811024161,1.0,
full_288,astra,0.05,Oracle,threshold,0.9,0.9333333333333352,0.0040000000000000036,0.9333333333333352,0.0,0.019197888888888855,7.4981257151585705,1.0,
full_288,sonnet,0.05,Oracle,threshold,0.9,0.9333333333333352,0.0040000000000000036,0.9250000000000022,0.008333333333333304,0.01195527222222221,9.931285904150345,0.9910714285714288,
full_288,lite,0.05,Oracle,threshold,0.9,0.9333333333333352,0.0040000000000000036,0.9055555555555576,0.0277777777777777,0.004171996249999984,4.603770993490881,0.9702380952380955,
full_288,luna,0.05,Oracle,threshold,0.9,0.9333333333333352,0.0040000000000000036,0.9111111111111072,0.022222222222222143,0.0007453936111111142,6.930936997243841,0.9761904761904701,
full_288,qwen_local,0.05,Oracle,threshold,0.9,0.9333333333333352,0.0040000000000000036,0.9083333333333318,0.025000000000000022,0.0,116.09212937252468,0.973214285714282,
full_288,baseline,0.05,Oracle,equal_call_budget,0.0,0.0,0.35399999999999937,0.0,0.0,0.0,0.0,,
full_288,opus,0.05,Oracle,equal_call_budget,0.0,0.0,0.35399999999999937,0.0,0.0,0.0,0.0,,
full_288,pro,0.05,Oracle,equal_call_budget,0.0,0.0,0.35399999999999937,0.0,0.0,0.0,0.0,,
full_288,astra,0.05,Oracle,equal_call_budget,0.0,0.0,0.35399999999999937,0.0,0.0,0.0,0.0,,
full_288,sonnet,0.05,Oracle,equal_call_budget,0.0,0.0,0.35399999999999937,0.0,0.0,0.0,0.0,,
full_288,lite,0.05,Oracle,equal_call_budget,0.0,0.0,0.35399999999999937,0.0,0.0,0.0,0.0,,
full_288,luna,0.05,Oracle,equal_call_budget,0.0,0.0,0.35399999999999937,0.0,0.0,0.0,0.0,,
full_288,qwen_local,0.05,Oracle,equal_call_budget,0.0,0.0,0.35399999999999937,0.0,0.0,0.0,0.0,,
full_288,baseline,0.05,Oracle,equal_call_budget,0.1,0.10000000000000007,0.2969999999999989,0.06666666666666653,0.033333333333333263,3.8690000000000065e-05,0.1626476640686933,0.6666666666666647,
full_288,opus,0.05,Oracle,equal_call_budget,0.1,0.10000000000000007,0.2969999999999989,0.10000000000000007,0.0,0.0014802499999999985,0.5730860967033881,1.0,
full_288,pro,0.05,Oracle,equal_call_budget,0.1,0.10000000000000007,0.2969999999999989,0.10000000000000007,0.0,0.0020662166666666724,1.245672074483201,1.0,
full_288,astra,0.05,Oracle,equal_call_budget,0.1,0.10000000000000007,0.2969999999999989,0.10000000000000007,0.0,0.0018838645833333379,0.7315405585172524,1.0,
full_288,sonnet,0.05,Oracle,equal_call_budget,0.1,0.10000000000000007,0.2969999999999989,0.10000000000000007,0.0,0.0008840999999999989,0.7150692484448297,1.0,
full_288,lite,0.05,Oracle,equal_call_budget,0.1,0.10000000000000007,0.2969999999999989,0.10000000000000007,0.0,0.0004135087499999996,0.4692872795159946,1.0,
full_288,luna,0.05,Oracle,equal_call_budget,0.1,0.10000000000000007,0.2969999999999989,0.10000000000000007,0.0,8.005979166666664e-05,0.7693288260401487,1.0,
full_288,qwen_local,0.05,Oracle,equal_call_budget,0.1,0.10000000000000007,0.2969999999999989,0.10000000000000007,0.0,0.0,11.488467255724611,1.0,
full_288,baseline,0.05,Oracle,equal_call_budget,0.2,0.20000000000000015,0.2439999999999998,0.13055555555555615,0.0694444444444446,7.850888888888917e-05,0.33393908183271553,0.6527777777777802,
full_288,opus,0.05,Oracle,equal_call_budget,0.2,0.20000000000000015,0.2439999999999998,0.20000000000000015,0.0,0.0031750555555555395,1.244229979058986,1.0,
full_288,pro,0.05,Oracle,equal_call_budget,0.2,0.20000000000000015,0.2439999999999998,0.20000000000000015,0.0,0.004480411111111106,2.6979404246557532,1.0,
full_288,astra,0.05,Oracle,equal_call_budget,0.2,0.20000000000000015,0.2439999999999998,0.20000000000000015,0.0,0.003864986111111107,1.5258806225798478,1.0,
full_288,sonnet,0.05,Oracle,equal_call_budget,0.2,0.20000000000000015,0.2439999999999998,0.20000000000000015,0.0,0.0019960222222222255,1.6293457355460177,1.0,
full_288,lite,0.05,Oracle,equal_call_budget,0.2,0.20000000000000015,0.2439999999999998,0.19722222222222272,0.002777777777777768,0.0008553086111111077,0.9654514913246713,0.9861111111111128,
full_288,luna,0.05,Oracle,equal_call_budget,0.2,0.20000000000000015,0.2439999999999998,0.19722222222222272,0.002777777777777768,0.00015102027777777813,1.4605870003385149,0.9861111111111128,
full_288,qwen_local,0.05,Oracle,equal_call_budget,0.2,0.20000000000000015,0.2439999999999998,0.19722222222222272,0.002777777777777768,0.0,24.609649466187783,0.9861111111111128,
full_288,baseline,0.05,Oracle,equal_call_budget,0.3,0.29999999999999893,0.19600000000000015,0.19166666666666704,0.10833333333333328,0.0001173899999999996,0.5019376921894328,0.6388888888888924,
full_288,opus,0.05,Oracle,equal_call_budget,0.3,0.29999999999999893,0.19600000000000015,0.29999999999999893,0.0,0.0049650833333333404,1.9713869633269494,1.0,
full_288,pro,0.05,Oracle,equal_call_budget,0.3,0.29999999999999893,0.19600000000000015,0.29999999999999893,0.0,0.007187588888888878,4.307050730844246,1.0,
full_288,astra,0.05,Oracle,equal_call_budget,0.3,0.29999999999999893,0.19600000000000015,0.29999999999999893,0.0,0.005878249999999996,2.325926859034283,1.0,
full_288,sonnet,0.05,Oracle,equal_call_budget,0.3,0.29999999999999893,0.19600000000000015,0.29999999999999893,0.0,0.003210075,2.6426684816109294,1.0,
full_288,lite,0.05,Oracle,equal_call_budget,0.3,0.29999999999999893,0.19600000000000015,0.29166666666666585,0.008333333333333304,0.0013077612500000037,1.467197487684056,0.972222222222223,
full_288,luna,0.05,Oracle,equal_call_budget,0.3,0.29999999999999893,0.19600000000000015,0.2930555555555547,0.00694444444444442,0.0002210661111111118,2.1408357509114357,0.9768518518518524,
full_288,qwen_local,0.05,Oracle,equal_call_budget,0.3,0.29999999999999893,0.19600000000000015,0.29166666666666585,0.008333333333333304,0.0,38.07033619204067,0.972222222222223,
full_288,baseline,0.05,Oracle,equal_call_budget,0.4,0.4000000000000003,0.15399999999999994,0.25000000000000006,0.14999999999999947,0.00015326666666666625,0.6547069340362238,0.6249999999999997,
full_288,opus,0.05,Oracle,equal_call_budget,0.4,0.4000000000000003,0.15399999999999994,0.40000000000000036,-5.551115123125783e-17,0.0067310000000000226,2.7125123657674117,1.0000000000000002,
full_288,pro,0.05,Oracle,equal_call_budget,0.4,0.4000000000000003,0.15399999999999994,0.40000000000000036,-5.551115123125783e-17,0.010132755555555529,6.0232486733752895,1.0000000000000002,
full_288,astra,0.05,Oracle,equal_call_budget,0.4,0.4000000000000003,0.15399999999999994,0.40000000000000036,-5.551115123125783e-17,0.007858541666666705,3.074585934727101,1.0000000000000002,
full_288,sonnet,0.05,Oracle,equal_call_budget,0.4,0.4000000000000003,0.15399999999999994,0.40000000000000036,-5.551115123125783e-17,0.004400566666666662,3.654876506946872,1.0000000000000002,
full_288,lite,0.05,Oracle,equal_call_budget,0.4,0.4000000000000003,0.15399999999999994,0.38333333333333414,0.016666666666666618,0.0017532283333333376,1.9532301208521796,0.9583333333333346,
full_288,luna,0.05,Oracle,equal_call_budget,0.4,0.4000000000000003,0.15399999999999994,0.3888888888888872,0.011111111111111072,0.0002983819444444452,2.8771363057752426,0.9722222222222172,
full_288,qwen_local,0.05,Oracle,equal_call_budget,0.4,0.4000000000000003,0.15399999999999994,0.38333333333333414,0.016666666666666618,0.0,50.57731699393539,0.9583333333333346,
full_288,baseline,0.05,Oracle,equal_call_budget,0.5,0.5,0.11700000000000058,0.3222222222222227,0.1777777777777773,0.0001942622222222225,0.8301191890667213,0.6444444444444454,
full_288,opus,0.05,Oracle,equal_call_budget,0.5,0.5,0.11700000000000058,0.5000000000000001,-1.1102230246251565e-16,0.008446673611111082,3.4278381651778322,1.0000000000000002,
full_288,pro,0.05,Oracle,equal_call_budget,0.5,0.5,0.11700000000000058,0.5000000000000001,-1.1102230246251565e-16,0.012972611111111067,7.687214597166777,1.0000000000000002,
full_288,astra,0.05,Oracle,equal_call_budget,0.5,0.5,0.11700000000000058,0.5000000000000001,-1.1102230246251565e-16,0.00986755208333334,3.8481771746604996,1.0000000000000002,
full_288,sonnet,0.05,Oracle,equal_call_budget,0.5,0.5,0.11700000000000058,0.5000000000000001,-1.1102230246251565e-16,0.005778280555555535,4.790019415801113,1.0000000000000002,
full_288,lite,0.05,Oracle,equal_call_budget,0.5,0.5,0.11700000000000058,0.483333333333334,0.016666666666666618,0.0022199715277777684,2.460733078258485,0.966666666666668,
full_288,luna,0.05,Oracle,equal_call_budget,0.5,0.5,0.11700000000000058,0.4888888888888899,0.011111111111111072,0.00037611409722222244,3.5754737012673563,0.9777777777777799,
full_288,qwen_local,0.05,Oracle,equal_call_budget,0.5,0.5,0.11700000000000058,0.48194444444444673,0.0180555555555556,0.0,62.01415564966559,0.9638888888888935,
full_288,baseline,0.05,Oracle,equal_call_budget,0.6,0.5999999999999979,0.08200000000000034,0.39027777777777817,0.209722222222223,0.00023530777777777724,1.002679149831074,0.6504629629629659,
full_288,opus,0.05,Oracle,equal_call_budget,0.6,0.5999999999999979,0.08200000000000034,0.5999999999999979,0.0,0.010266479166666669,4.18501381002844,1.0,
full_288,pro,0.05,Oracle,equal_call_budget,0.6,0.5999999999999979,0.08200000000000034,0.5999999999999979,0.0,0.0159886944444444,9.41141016053894,1.0,
full_288,astra,0.05,Oracle,equal_call_budget,0.6,0.5999999999999979,0.08200000000000034,0.5999999999999979,0.0,0.011890760416666693,4.627485133518349,1.0,
full_288,sonnet,0.05,Oracle,equal_call_budget,0.6,0.5999999999999979,0.08200000000000034,0.5999999999999979,0.0,0.007213105555555544,5.98555952384809,1.0,
full_288,lite,0.05,Oracle,equal_call_budget,0.6,0.5999999999999979,0.08200000000000034,0.5833333333333317,0.016666666666666607,0.0026963284722222288,2.9807867250767566,0.972222222222223,
full_288,luna,0.05,Oracle,equal_call_budget,0.6,0.5999999999999979,0.08200000000000034,0.5888888888888887,0.011111111111111072,0.00045501548611111243,4.282852069786824,0.9814814814814846,
full_288,qwen_local,0.05,Oracle,equal_call_budget,0.6,0.5999999999999979,0.08200000000000034,0.5819444444444455,0.01805555555555559,0.0,74.74344173005375,0.9699074074074125,
full_288,baseline,0.05,Oracle,equal_call_budget,0.7,0.7000000000000008,0.05499999999999984,0.4527777777777788,0.2472222222222218,0.00027420111111111007,1.1719406312528806,0.6468253968253975,
full_288,opus,0.05,Oracle,equal_call_budget,0.7,0.7000000000000008,0.05499999999999984,0.7000000000000008,0.0,0.012123833333333334,4.9628779509990855,1.0,
full_288,pro,0.05,Oracle,equal_call_budget,0.7,0.7000000000000008,0.05499999999999984,0.7000000000000008,0.0,0.019113411111111197,11.206198430689696,1.0,
full_288,astra,0.05,Oracle,equal_call_budget,0.7,0.7000000000000008,0.05499999999999984,0.7000000000000008,0.0,0.014305572916666669,5.586817640291207,1.0,
full_288,sonnet,0.05,Oracle,equal_call_budget,0.7,0.7000000000000008,0.05499999999999984,0.6958333333333355,0.004166666666666652,0.008648755555555603,7.181624695545472,0.994047619047621,
full_288,lite,0.05,Oracle,equal_call_budget,0.7,0.7000000000000008,0.05499999999999984,0.6833333333333346,0.016666666666666607,0.003123057222222214,3.457514683766777,0.9761904761904768,
full_288,luna,0.05,Oracle,equal_call_budget,0.7,0.7000000000000008,0.05499999999999984,0.688888888888887,0.011111111111111072,0.0005494475694444444,5.145161630042168,0.9841269841269802,
full_288,qwen_local,0.05,Oracle,equal_call_budget,0.7,0.7000000000000008,0.05499999999999984,0.6777777777777773,0.022222222222222143,0.0,86.89580814151478,0.9682539682539664,
full_288,baseline,0.05,Oracle,equal_call_budget,0.8,0.8000000000000006,0.030999999999999917,0.5152777777777793,0.2847222222222216,0.0003135211111111107,1.3393226331044936,0.6440972222222237,
full_288,opus,0.05,Oracle,equal_call_budget,0.8,0.8000000000000006,0.030999999999999917,0.8000000000000006,0.0,0.013957138888888863,5.716056785141998,1.0,
full_288,pro,0.05,Oracle,equal_call_budget,0.8,0.8000000000000006,0.030999999999999917,0.8000000000000006,0.0,0.022030705555555613,12.903763374616405,1.0,
full_288,astra,0.05,Oracle,equal_call_budget,0.8,0.8000000000000006,0.030999999999999917,0.8000000000000006,0.0,0.016499208333333303,6.442445369103938,1.0,
full_288,sonnet,0.05,Oracle,equal_call_budget,0.8,0.8000000000000006,0.030999999999999917,0.7916666666666664,0.008333333333333304,0.010158133333333364,8.437223293919086,0.9895833333333323,
full_288,lite,0.05,Oracle,equal_call_budget,0.8,0.8000000000000006,0.030999999999999917,0.7805555555555563,0.019444444444444403,0.0035690536111111187,3.9487960268248714,0.9756944444444446,
full_288,luna,0.05,Oracle,equal_call_budget,0.8,0.8000000000000006,0.030999999999999917,0.7861111111111088,0.01388888888888884,0.0006328252777777769,5.915154419516033,0.9826388888888852,
full_288,qwen_local,0.05,Oracle,equal_call_budget,0.8,0.8000000000000006,0.030999999999999917,0.7763888888888911,0.02361111111111122,0.0,99.31891073335423,0.9704861111111132,
full_288,baseline,0.05,Oracle,equal_call_budget,0.9,0.9000000000000032,0.009999999999999998,0.5777777777777796,0.3222222222222227,0.00035153777777777775,1.4978728676596418,0.641975308641975,
full_288,opus,0.05,Oracle,equal_call_budget,0.9,0.9000000000000032,0.009999999999999998,0.9000000000000032,-1.1102230246251565e-16,0.015741534722222256,6.431149824381099,1.0,
full_288,pro,0.05,Oracle,equal_call_budget,0.9,0.9000000000000032,0.009999999999999998,0.9000000000000032,-1.1102230246251565e-16,0.024941355555555676,14.606949681221106,1.0,
full_288,astra,0.05,Oracle,equal_call_budget,0.9,0.9000000000000032,0.009999999999999998,0.9000000000000032,-1.1102230246251565e-16,0.01856306250000006,7.244586472568683,1.0,
full_288,sonnet,0.05,Oracle,equal_call_budget,0.9,0.9000000000000032,0.009999999999999998,0.8916666666666698,0.008333333333333238,0.011608600000000009,9.655299540609791,0.9907407407407407,
full_288,lite,0.05,Oracle,equal_call_budget,0.9,0.9000000000000032,0.009999999999999998,0.8722222222222245,0.02777777777777768,0.004026096944444445,4.445588810160784,0.9691358024691348,
full_288,luna,0.05,Oracle,equal_call_budget,0.9,0.9000000000000032,0.009999999999999998,0.8777777777777755,0.022222222222222116,0.0007186190277777808,6.6891313485157475,0.9753086419753026,
full_288,qwen_local,0.05,Oracle,equal_call_budget,0.9,0.9000000000000032,0.009999999999999998,0.8763888888888891,0.02361111111111122,0.0,111.98684467709741,0.9737654320987622,
full_288,baseline,0.05,Oracle,equal_call_budget,1.0,0.9999999999999999,0.0,0.6444444444444454,0.3555555555555546,0.0003905255555555542,1.662141628188293,0.6444444444444455,
full_288,opus,0.05,Oracle,equal_call_budget,1.0,0.9999999999999999,0.0,0.9999999999999999,0.0,0.017315270833333386,7.062639848975858,1.0,
full_288,pro,0.05,Oracle,equal_call_budget,1.0,0.9999999999999999,0.0,0.9999999999999999,0.0,0.027610677777777794,16.162547162934505,1.0,
full_288,astra,0.05,Oracle,equal_call_budget,1.0,0.9999999999999999,0.0,0.9999999999999999,0.0,0.02046169444444434,7.995701999012608,1.0,
full_288,sonnet,0.05,Oracle,equal_call_budget,1.0,0.9999999999999999,0.0,0.9875000000000027,0.0125,0.01271852499999996,10.551339969306758,0.9875000000000028,
full_288,lite,0.05,Oracle,equal_call_budget,1.0,0.9999999999999999,0.0,0.9722222222222263,0.0277777777777777,0.0044868488888888695,4.9502314325506,0.9722222222222264,
full_288,luna,0.05,Oracle,equal_call_budget,1.0,0.9999999999999999,0.0,0.9749999999999965,0.025,0.000789367499999999,7.332745643770461,0.9749999999999966,
full_288,qwen_local,0.05,Oracle,equal_call_budget,1.0,0.9999999999999999,0.0,0.9736111111111064,0.02638888888888889,0.0,124.27882091303401,0.9736111111111065,
full_288,baseline,0.05,Raw,threshold,0.4,0.0,0.35399999999999937,0.0,0.0,0.0,0.0,,
full_288,opus,0.05,Raw,threshold,0.4,0.0,0.35399999999999937,0.0,0.0,0.0,0.0,,
full_288,pro,0.05,Raw,threshold,0.4,0.0,0.35399999999999937,0.0,0.0,0.0,0.0,,
full_288,astra,0.05,Raw,threshold,0.4,0.0,0.35399999999999937,0.0,0.0,0.0,0.0,,
full_288,sonnet,0.05,Raw,threshold,0.4,0.0,0.35399999999999937,0.0,0.0,0.0,0.0,,
full_288,lite,0.05,Raw,threshold,0.4,0.0,0.35399999999999937,0.0,0.0,0.0,0.0,,
full_288,luna,0.05,Raw,threshold,0.4,0.0,0.35399999999999937,0.0,0.0,0.0,0.0,,
full_288,qwen_local,0.05,Raw,threshold,0.4,0.0,0.35399999999999937,0.0,0.0,0.0,0.0,,
full_288,baseline,0.05,Raw,threshold,0.6,0.166666666666667,0.2730000000000012,0.10555555555555537,0.06111111111111124,6.708666666666685e-05,0.2931075539844131,0.633333333333331,
full_288,opus,0.05,Raw,threshold,0.6,0.166666666666667,0.2730000000000012,0.166666666666667,0.0,0.0029196319444444447,1.1658934741947162,1.0,
full_288,pro,0.05,Raw,threshold,0.6,0.166666666666667,0.2730000000000012,0.166666666666667,0.0,0.0043959666666666475,2.6286607903308656,1.0,
full_288,astra,0.05,Raw,threshold,0.6,0.166666666666667,0.2730000000000012,0.166666666666667,0.0,0.0034266840277777854,1.3830486547415348,1.0,
full_288,sonnet,0.05,Raw,threshold,0.6,0.166666666666667,0.2730000000000012,0.166666666666667,0.0,0.0019677694444444373,1.623669699599196,1.0,
full_288,lite,0.05,Raw,threshold,0.6,0.166666666666667,0.2730000000000012,0.16111111111111134,0.005555555555555543,0.0007371820833333336,0.82264502639106,0.9666666666666662,
full_288,luna,0.05,Raw,threshold,0.6,0.166666666666667,0.2730000000000012,0.16111111111111134,0.005555555555555543,0.00011418173611111097,1.100696343853877,0.9666666666666662,
full_288,qwen_local,0.05,Raw,threshold,0.6,0.166666666666667,0.2730000000000012,0.15972222222222165,0.006944444444444425,0.0,22.0196951411235,0.958333333333328,
full_288,baseline,0.05,Raw,threshold,0.7,0.5,0.12999999999999984,0.333333333333334,0.166666666666667,0.00020115555555555496,0.8570982572279862,0.666666666666668,
full_288,opus,0.05,Raw,threshold,0.7,0.5,0.12999999999999984,0.5,0.0,0.00853131249999996,3.4523730475141714,1.0,
full_288,pro,0.05,Raw,threshold,0.7,0.5,0.12999999999999984,0.5,0.0,0.012967311111111131,7.65471965550584,1.0,
full_288,astra,0.05,Raw,threshold,0.7,0.5,0.12999999999999984,0.5,0.0,0.009951118055555583,3.897742891328136,1.0,
full_288,sonnet,0.05,Raw,threshold,0.7,0.5,0.12999999999999984,0.49722222222222096,0.002777777777777768,0.0061731222222222385,5.086833615644416,0.9944444444444419,
full_288,lite,0.05,Raw,threshold,0.7,0.5,0.12999999999999984,0.4944444444444436,0.005555555555555536,0.0022537780555555477,2.4995176432353645,0.9888888888888872,
full_288,luna,0.05,Raw,threshold,0.7,0.5,0.12999999999999984,0.4944444444444436,0.005555555555555536,0.0003752301388888896,3.5256819563571757,0.9888888888888872,
full_288,qwen_local,0.05,Raw,threshold,0.7,0.5,0.12999999999999984,0.49305555555555686,0.00694444444444442,0.0,62.217136467632365,0.9861111111111137,
full_288,baseline,0.05,Raw,threshold,0.8,0.666666666666668,0.06799999999999976,0.434722222222221,0.23194444444444431,0.0002619744444444446,1.1151643373298463,0.6520833333333302,
full_288,opus,0.05,Raw,threshold,0.8,0.666666666666668,0.06799999999999976,0.666666666666668,0.0,0.011405673611111174,4.642894406610563,1.0,
full_288,pro,0.05,Raw,threshold,0.8,0.666666666666668,0.06799999999999976,0.666666666666668,0.0,0.01792274999999997,10.54258270868353,1.0,
full_288,astra,0.05,Raw,threshold,0.8,0.666666666666668,0.06799999999999976,0.666666666666668,0.0,0.013226333333333338,5.149494234841791,1.0,
full_288,sonnet,0.05,Raw,threshold,0.8,0.666666666666668,0.06799999999999976,0.6638888888888907,0.002777777777777768,0.00810711666666665,6.7124306796329,0.9958333333333342,
full_288,lite,0.05,Raw,threshold,0.8,0.666666666666668,0.06799999999999976,0.6500000000000025,0.016666666666666642,0.0029936334722222213,3.3057433374562337,0.9750000000000018,
full_288,luna,0.05,Raw,threshold,0.8,0.666666666666668,0.06799999999999976,0.6555555555555544,0.011111111111111072,0.0005050924999999987,4.7492216782369505,0.9833333333333297,
full_288,qwen_local,0.05,Raw,threshold,0.8,0.666666666666668,0.06799999999999976,0.6472222222222246,0.019444444444444403,0.0,82.9983955655848,0.970833333333335,
full_288,baseline,0.05,Raw,threshold,0.9,0.8333333333333341,0.03699999999999994,0.5361111111111113,0.29722222222222283,0.00032519333333333423,1.3797887256472456,0.643333333333333,
full_288,opus,0.05,Raw,threshold,0.9,0.8333333333333341,0.03699999999999994,0.8333333333333341,0.0,0.014293152777777835,5.802397645162703,1.0,
full_288,pro,0.05,Raw,threshold,0.9,0.8333333333333341,0.03699999999999994,0.8333333333333341,0.0,0.022518450000000047,13.23538526876655,1.0,
full_288,astra,0.05,Raw,threshold,0.9,0.8333333333333341,0.03699999999999994,0.8333333333333341,0.0,0.016563708333333392,6.449235416716277,1.0,
full_288,sonnet,0.05,Raw,threshold,0.9,0.8333333333333341,0.03699999999999994,0.8291666666666689,0.004166666666666652,0.01037531666666668,8.607812174003808,0.9950000000000018,
full_288,lite,0.05,Raw,threshold,0.9,0.8333333333333341,0.03699999999999994,0.805555555555554,0.0277777777777777,0.0037673708333333385,4.150812418073969,0.9666666666666639,
full_288,luna,0.05,Raw,threshold,0.9,0.8333333333333341,0.03699999999999994,0.8097222222222236,0.023611111111111156,0.0006427097222222204,5.990638979289615,0.9716666666666673,
full_288,qwen_local,0.05,Raw,threshold,0.9,0.8333333333333341,0.03699999999999994,0.8124999999999999,0.020833333333333436,0.0,103.87089414005466,0.9749999999999989,
full_288,baseline,0.05,Raw,equal_call_budget,0.0,0.0,0.35399999999999937,0.0,0.0,0.0,0.0,,
full_288,opus,0.05,Raw,equal_call_budget,0.0,0.0,0.35399999999999937,0.0,0.0,0.0,0.0,,
full_288,pro,0.05,Raw,equal_call_budget,0.0,0.0,0.35399999999999937,0.0,0.0,0.0,0.0,,
full_288,astra,0.05,Raw,equal_call_budget,0.0,0.0,0.35399999999999937,0.0,0.0,0.0,0.0,,
full_288,sonnet,0.05,Raw,equal_call_budget,0.0,0.0,0.35399999999999937,0.0,0.0,0.0,0.0,,
full_288,lite,0.05,Raw,equal_call_budget,0.0,0.0,0.35399999999999937,0.0,0.0,0.0,0.0,,
full_288,luna,0.05,Raw,equal_call_budget,0.0,0.0,0.35399999999999937,0.0,0.0,0.0,0.0,,
full_288,qwen_local,0.05,Raw,equal_call_budget,0.0,0.0,0.35399999999999937,0.0,0.0,0.0,0.0,,
full_288,baseline,0.05,Raw,equal_call_budget,0.1,0.10000000000000009,0.30539999999999917,0.06333333333333313,0.036666666666666826,4.02520000000001e-05,0.1758645323906479,0.6333333333333308,
full_288,opus,0.05,Raw,equal_call_budget,0.1,0.10000000000000009,0.30539999999999917,0.10000000000000009,0.0,0.0017517791666666707,0.6995360845168264,1.0,
full_288,pro,0.05,Raw,equal_call_budget,0.1,0.10000000000000009,0.30539999999999917,0.10000000000000009,0.0,0.0026375799999999888,1.5771964741985232,1.0,
full_288,astra,0.05,Raw,equal_call_budget,0.1,0.10000000000000009,0.30539999999999917,0.10000000000000009,0.0,0.002056010416666659,0.8298291928449177,1.0,
full_288,sonnet,0.05,Raw,equal_call_budget,0.1,0.10000000000000009,0.30539999999999917,0.10000000000000009,0.0,0.001180661666666666,0.9742018197595215,1.0,
full_288,lite,0.05,Raw,equal_call_budget,0.1,0.10000000000000009,0.30539999999999917,0.09666666666666719,0.0033333333333333097,0.0004423092499999993,0.49358701583463566,0.9666666666666711,
full_288,luna,0.05,Raw,equal_call_budget,0.1,0.10000000000000009,0.30539999999999917,0.09666666666666719,0.0033333333333333097,6.850904166666636e-05,0.6604178063123246,0.9666666666666711,
full_288,qwen_local,0.05,Raw,equal_call_budget,0.1,0.10000000000000009,0.30539999999999917,0.09583333333333353,0.0041666666666666545,0.0,13.211817084674117,0.9583333333333345,
full_288,baseline,0.05,Raw,equal_call_budget,0.2,0.20000000000000015,0.2556000000000007,0.12694444444444408,0.07305555555555544,8.00624444444449e-05,0.34770110444993757,0.63472222222222,
full_288,opus,0.05,Raw,equal_call_budget,0.2,0.20000000000000015,0.2556000000000007,0.20000000000000015,0.0,0.0034385624999999963,1.3682190238608063,1.0,
full_288,pro,0.05,Raw,equal_call_budget,0.2,0.20000000000000015,0.2556000000000007,0.20000000000000015,0.0,0.0051712144444444556,3.0838003660374325,1.0,
full_288,astra,0.05,Raw,equal_call_budget,0.2,0.20000000000000015,0.2556000000000007,0.20000000000000015,0.0,0.004075957638888898,1.6356819272565817,1.0,
full_288,sonnet,0.05,Raw,equal_call_budget,0.2,0.20000000000000015,0.2556000000000007,0.20000000000000015,0.0,0.0022816166666666565,1.8808001838950381,1.0,
full_288,lite,0.05,Raw,equal_call_budget,0.2,0.20000000000000015,0.2556000000000007,0.1944444444444436,0.005555555555555536,0.0008752248055555546,0.9789333966345951,0.9722222222222172,
full_288,luna,0.05,Raw,equal_call_budget,0.2,0.20000000000000015,0.2556000000000007,0.1944444444444436,0.005555555555555536,0.00014089165277777715,1.3538720679268288,0.9722222222222172,
full_288,qwen_local,0.05,Raw,equal_call_budget,0.2,0.20000000000000015,0.2556000000000007,0.19305555555555565,0.00694444444444442,0.0,26.029037672384238,0.9652777777777775,
full_288,baseline,0.05,Raw,equal_call_budget,0.3,0.29999999999999893,0.2033999999999999,0.19111111111111184,0.10888888888888845,0.00011898977777777724,0.5114817558465035,0.6370370370370417,
full_288,opus,0.05,Raw,equal_call_budget,0.3,0.29999999999999893,0.2033999999999999,0.29999999999999893,0.0,0.004995354166666653,1.975195672859111,1.0,
full_288,pro,0.05,Raw,equal_call_budget,0.3,0.29999999999999893,0.2033999999999999,0.29999999999999893,0.0,0.007496957777777762,4.449219093157125,1.0,
full_288,astra,0.05,Raw,equal_call_budget,0.3,0.29999999999999893,0.2033999999999999,0.29999999999999893,0.0,0.0060237784722222175,2.393581744801739,1.0,
full_288,sonnet,0.05,Raw,equal_call_budget,0.3,0.29999999999999893,0.2033999999999999,0.29999999999999893,0.0,0.0032231583333333196,2.6521916367825638,1.0,
full_288,lite,0.05,Raw,equal_call_budget,0.3,0.29999999999999893,0.2033999999999999,0.29444444444444434,0.005555555555555536,0.0012893529722222182,1.4477985073651842,0.9814814814814846,
full_288,luna,0.05,Raw,equal_call_budget,0.3,0.29999999999999893,0.2033999999999999,0.29444444444444434,0.005555555555555536,0.00022102140277777813,2.113399240145672,0.9814814814814846,
full_288,qwen_local,0.05,Raw,equal_call_budget,0.3,0.29999999999999893,0.2033999999999999,0.2930555555555547,0.00694444444444442,0.0,38.057065266166994,0.9768518518518524,
full_288,baseline,0.05,Raw,equal_call_budget,0.4,0.4000000000000003,0.16359999999999963,0.2608333333333326,0.13916666666666702,0.00015964155555555514,0.6824844866784064,0.652083333333331,
full_288,opus,0.05,Raw,equal_call_budget,0.4,0.4000000000000003,0.16359999999999963,0.4000000000000003,0.0,0.006721095833333324,2.6874619525207906,1.0,
full_288,pro,0.05,Raw,equal_call_budget,0.4,0.4000000000000003,0.16359999999999963,0.4000000000000003,0.0,0.010150247777777746,6.004503063520564,1.0,
full_288,astra,0.05,Raw,equal_call_budget,0.4,0.4000000000000003,0.16359999999999963,0.4000000000000003,0.0,0.007984278472222214,3.1468261669213358,1.0,
full_288,sonnet,0.05,Raw,equal_call_budget,0.4,0.4000000000000003,0.16359999999999963,0.3988888888888898,0.0011111111111111183,0.004591452222222234,3.780326718904803,0.9972222222222238,
full_288,lite,0.05,Raw,equal_call_budget,0.4,0.4000000000000003,0.16359999999999963,0.39444444444444543,0.005555555555555536,0.0017579486388888941,1.9622591838593737,0.9861111111111128,
full_288,luna,0.05,Raw,equal_call_budget,0.4,0.4000000000000003,0.16359999999999963,0.39444444444444543,0.005555555555555536,0.00029873084722222145,2.830217761074047,0.9861111111111128,
full_288,qwen_local,0.05,Raw,equal_call_budget,0.4,0.4000000000000003,0.16359999999999963,0.3930555555555544,0.00694444444444442,0.0,50.126699265509345,0.9826388888888852,
full_288,baseline,0.05,Raw,equal_call_budget,0.5,0.5,0.12999999999999984,0.333333333333334,0.166666666666667,0.00020115555555555496,0.8570982572279862,0.666666666666668,
full_288,opus,0.05,Raw,equal_call_budget,0.5,0.5,0.12999999999999984,0.5,0.0,0.008531312499999992,3.4523730475141714,1.0,
full_288,pro,0.05,Raw,equal_call_budget,0.5,0.5,0.12999999999999984,0.5,0.0,0.012967311111111131,7.65471965550584,1.0,
full_288,astra,0.05,Raw,equal_call_budget,0.5,0.5,0.12999999999999984,0.5,0.0,0.009951118055555586,3.897742891328136,1.0,
full_288,sonnet,0.05,Raw,equal_call_budget,0.5,0.5,0.12999999999999984,0.49722222222222096,0.002777777777777768,0.0061731222222222385,5.086833615644416,0.9944444444444419,
full_288,lite,0.05,Raw,equal_call_budget,0.5,0.5,0.12999999999999984,0.4944444444444436,0.005555555555555536,0.0022537780555555477,2.4995176432353645,0.9888888888888872,
full_288,luna,0.05,Raw,equal_call_budget,0.5,0.5,0.12999999999999984,0.4944444444444436,0.005555555555555536,0.00037523013888889024,3.5256819563571766,0.9888888888888872,
full_288,qwen_local,0.05,Raw,equal_call_budget,0.5,0.5,0.12999999999999984,0.49305555555555686,0.00694444444444442,0.0,62.21713646763237,0.9861111111111137,
full_288,baseline,0.05,Raw,equal_call_budget,0.6,0.5999999999999979,0.09280000000000013,0.3941666666666649,0.20583333333333312,0.00023764688888888778,1.0119379052891022,0.6569444444444438,
full_288,opus,0.05,Raw,equal_call_budget,0.6,0.5999999999999979,0.09280000000000013,0.5999999999999979,0.0,0.010255929166666636,4.166685862972005,1.0,
full_288,pro,0.05,Raw,equal_call_budget,0.6,0.5999999999999979,0.09280000000000013,0.5999999999999979,0.0,0.015940574444444494,9.387437487412411,1.0,
full_288,astra,0.05,Raw,equal_call_budget,0.6,0.5999999999999979,0.09280000000000013,0.5999999999999979,0.0,0.011916247222222216,4.648793697436329,1.0,
full_288,sonnet,0.05,Raw,equal_call_budget,0.6,0.5999999999999979,0.09280000000000013,0.5972222222222248,0.002777777777777768,0.007333518888888855,6.062191854037488,0.9953703703703781,
full_288,lite,0.05,Raw,equal_call_budget,0.6,0.5999999999999979,0.09280000000000013,0.5877777777777766,0.012222222222222174,0.0026976913055555664,2.9832530597678892,0.9796296296296312,
full_288,luna,0.05,Raw,equal_call_budget,0.6,0.5999999999999979,0.09280000000000013,0.5911111111111079,0.008888888888888884,0.0004531475555555564,4.259805789485058,0.9851851851851834,
full_288,qwen_local,0.05,Raw,equal_call_budget,0.6,0.5999999999999979,0.09280000000000013,0.5855555555555574,0.014444444444444442,0.0,74.6858919264037,0.9759259259259324,
full_288,baseline,0.05,Raw,equal_call_budget,0.7,0.7000000000000008,0.06179999999999988,0.45499999999999863,0.24499999999999933,0.00027461822222222355,1.1680892149933302,0.6499999999999972,
full_288,opus,0.05,Raw,equal_call_budget,0.7,0.7000000000000008,0.06179999999999988,0.7000000000000008,0.0,0.011983169444444506,4.874795054320991,1.0,
full_288,pro,0.05,Raw,equal_call_budget,0.7,0.7000000000000008,0.06179999999999988,0.7000000000000008,0.0,0.018841890000000024,11.08114322070014,1.0,
full_288,astra,0.05,Raw,equal_call_budget,0.7,0.7000000000000008,0.06179999999999988,0.7000000000000008,0.0,0.013893808333333377,5.4094424712167095,1.0,
full_288,sonnet,0.05,Raw,equal_call_budget,0.7,0.7000000000000008,0.06179999999999988,0.6969444444444443,0.003055555555555589,0.008560756666666622,7.091506978507075,0.9956349206349192,
full_288,lite,0.05,Raw,equal_call_budget,0.7,0.7000000000000008,0.06179999999999988,0.68111111111111,0.018888888888889056,0.00314838094444444,3.474757153579772,0.9730158730158702,
full_288,luna,0.05,Raw,equal_call_budget,0.7,0.7000000000000008,0.06179999999999988,0.6863888888888886,0.01361111111111106,0.0005326159444444429,4.997505138447507,0.980555555555554,
full_288,qwen_local,0.05,Raw,equal_call_budget,0.7,0.7000000000000008,0.06179999999999988,0.6802777777777758,0.019722222222222224,0.0,87.17289528047898,0.9718253968253928,
full_288,baseline,0.05,Raw,equal_call_budget,0.8,0.8000000000000007,0.04319999999999991,0.5158333333333333,0.2841666666666659,0.00031254955555555525,1.3268638479837644,0.644791666666666,
full_288,opus,0.05,Raw,equal_call_budget,0.8,0.8000000000000007,0.04319999999999991,0.8000000000000007,0.0,0.013715656944444503,5.570496997452231,1.0,
full_288,pro,0.05,Raw,equal_call_budget,0.8,0.8000000000000007,0.04319999999999991,0.8000000000000007,0.0,0.021599310000000028,12.696824756749988,1.0,
full_288,astra,0.05,Raw,equal_call_budget,0.8,0.8000000000000007,0.04319999999999991,0.8000000000000007,0.0,0.015896233333333266,6.189287180341372,1.0,
full_288,sonnet,0.05,Raw,equal_call_budget,0.8,0.8000000000000007,0.04319999999999991,0.7961111111111139,0.0038888888888889417,0.009921676666666714,8.228735875129592,0.9951388888888915,
full_288,lite,0.05,Raw,equal_call_budget,0.8,0.8000000000000007,0.04319999999999991,0.7744444444444418,0.025555555555555675,0.0036126233611111203,3.9817986019504246,0.9680555555555515,
full_288,luna,0.05,Raw,equal_call_budget,0.8,0.8000000000000007,0.04319999999999991,0.7788888888888895,0.021111111111111254,0.0006151862777777769,5.742355519079082,0.973611111111111,
full_288,qwen_local,0.05,Raw,equal_call_budget,0.8,0.8000000000000007,0.04319999999999991,0.7794444444444454,0.02055555555555562,0.0,99.69639442516088,0.9743055555555559,
full_288,baseline,0.05,Raw,equal_call_budget,0.9,0.9000000000000032,0.022199999999999873,0.579444444444447,0.32055555555555637,0.00035132622222222424,1.4927298866636591,0.6438271604938277,
full_288,opus,0.05,Raw,equal_call_budget,0.9,0.9000000000000032,0.022199999999999873,0.9000000000000032,-1.1102230246251565e-16,0.015502000000000018,6.306494526687947,1.0,
full_288,pro,0.05,Raw,equal_call_budget,0.9,0.9000000000000032,0.022199999999999873,0.9000000000000032,-1.1102230246251565e-16,0.02455534111111117,14.406250026433685,1.0,
full_288,astra,0.05,Raw,equal_call_budget,0.9,0.9000000000000032,0.022199999999999873,0.9000000000000032,-1.1102230246251565e-16,0.018122902777777828,7.067822049634803,1.0,
full_288,sonnet,0.05,Raw,equal_call_budget,0.9,0.9000000000000032,0.022199999999999873,0.8925000000000025,0.007499999999999916,0.011312599999999971,9.385223292124934,0.9916666666666659,
full_288,lite,0.05,Raw,equal_call_budget,0.9,0.9000000000000032,0.022199999999999873,0.8722222222222245,0.02777777777777768,0.00405516205555556,4.470580023864615,0.9691358024691348,
full_288,luna,0.05,Raw,equal_call_budget,0.9,0.9000000000000032,0.022199999999999873,0.8758333333333327,0.024166666666666548,0.0007013728333333345,6.527481645081935,0.9731481481481439,
full_288,qwen_local,0.05,Raw,equal_call_budget,0.9,0.9000000000000032,0.022199999999999873,0.8769444444444429,0.02305555555555558,0.0,112.03406484924662,0.9743827160493774,
full_288,baseline,0.05,Raw,equal_call_budget,1.0,0.9999999999999999,0.0,0.6444444444444454,0.3555555555555546,0.0003905255555555542,1.662141628188293,0.6444444444444455,
full_288,opus,0.05,Raw,equal_call_budget,1.0,0.9999999999999999,0.0,0.9999999999999999,0.0,0.017315270833333386,7.062639848975858,1.0,
full_288,pro,0.05,Raw,equal_call_budget,1.0,0.9999999999999999,0.0,0.9999999999999999,0.0,0.027610677777777794,16.162547162934505,1.0,
full_288,astra,0.05,Raw,equal_call_budget,1.0,0.9999999999999999,0.0,0.9999999999999999,0.0,0.02046169444444434,7.995701999012608,1.0,
full_288,sonnet,0.05,Raw,equal_call_budget,1.0,0.9999999999999999,0.0,0.9875000000000027,0.0125,0.01271852499999996,10.551339969306758,0.9875000000000028,
full_288,lite,0.05,Raw,equal_call_budget,1.0,0.9999999999999999,0.0,0.9722222222222263,0.0277777777777777,0.0044868488888888695,4.9502314325506,0.9722222222222264,
full_288,luna,0.05,Raw,equal_call_budget,1.0,0.9999999999999999,0.0,0.9749999999999965,0.025,0.000789367499999999,7.332745643770461,0.9749999999999966,
full_288,qwen_local,0.05,Raw,equal_call_budget,1.0,0.9999999999999999,0.0,0.9736111111111064,0.02638888888888889,0.0,124.27882091303401,0.9736111111111065,
full_288,baseline,0.05,Regime,threshold,0.4,0.0,0.35399999999999937,0.0,0.0,0.0,0.0,,
full_288,opus,0.05,Regime,threshold,0.4,0.0,0.35399999999999937,0.0,0.0,0.0,0.0,,
full_288,pro,0.05,Regime,threshold,0.4,0.0,0.35399999999999937,0.0,0.0,0.0,0.0,,
full_288,astra,0.05,Regime,threshold,0.4,0.0,0.35399999999999937,0.0,0.0,0.0,0.0,,
full_288,sonnet,0.05,Regime,threshold,0.4,0.0,0.35399999999999937,0.0,0.0,0.0,0.0,,
full_288,lite,0.05,Regime,threshold,0.4,0.0,0.35399999999999937,0.0,0.0,0.0,0.0,,
full_288,luna,0.05,Regime,threshold,0.4,0.0,0.35399999999999937,0.0,0.0,0.0,0.0,,
full_288,qwen_local,0.05,Regime,threshold,0.4,0.0,0.35399999999999937,0.0,0.0,0.0,0.0,,
full_288,baseline,0.05,Regime,threshold,0.6,0.08833333333333326,0.3110700000000005,0.055944444444444456,0.03238888888888881,3.555593333333328e-05,0.155347003611739,0.633333333333334,
full_288,opus,0.05,Regime,threshold,0.6,0.08833333333333326,0.3110700000000005,0.08833333333333326,0.0,0.0015474049305555556,0.6179235413231988,1.0,
full_288,pro,0.05,Regime,threshold,0.6,0.08833333333333326,0.3110700000000005,0.08833333333333326,0.0,0.002329862333333327,1.3931902188753638,1.0,
full_288,astra,0.05,Regime,threshold,0.6,0.08833333333333326,0.3110700000000005,0.08833333333333326,0.0,0.0018161425347222229,0.7330157870130114,1.0,
full_288,sonnet,0.05,Regime,threshold,0.6,0.08833333333333326,0.3110700000000005,0.08833333333333326,0.0,0.0010429178055555534,0.8605449407875764,1.0,
full_288,lite,0.05,Regime,threshold,0.6,0.08833333333333326,0.3110700000000005,0.085388888888889,0.00294444444444444,0.00039070650416666674,0.4360018639872627,0.9666666666666687,
full_288,luna,0.05,Regime,threshold,0.6,0.08833333333333326,0.3110700000000005,0.085388888888889,0.00294444444444444,6.051632013888883e-05,0.5833690622425527,0.9666666666666687,
full_288,qwen_local,0.05,Regime,threshold,0.6,0.08833333333333326,0.3110700000000005,0.08465277777777759,0.0036805555555555476,0.0,11.670438424795442,0.9583333333333319,
full_288,baseline,0.05,Regime,threshold,0.7,0.333333333333334,0.18599999999999997,0.21249999999999922,0.1208333333333335,0.00013196555555555517,0.5660753063120265,0.6374999999999964,
full_288,opus,0.05,Regime,threshold,0.7,0.333333333333334,0.18599999999999997,0.333333333333334,0.0,0.005514284722222242,2.1775212225251885,1.0,
full_288,pro,0.05,Regime,threshold,0.7,0.333333333333334,0.18599999999999997,0.333333333333334,0.0,0.008272205555555537,4.9043586688636704,1.0,
full_288,astra,0.05,Regime,threshold,0.7,0.333333333333334,0.18599999999999997,0.333333333333334,0.0,0.0066730520833333485,2.646215017316805,1.0,
full_288,sonnet,0.05,Regime,threshold,0.7,0.333333333333334,0.18599999999999997,0.333333333333334,0.0,0.003537005555555554,2.9093221210783993,1.0,
full_288,lite,0.05,Regime,threshold,0.7,0.333333333333334,0.18599999999999997,0.3277777777777772,0.005555555555555536,0.0014273956944444444,1.6040868776087225,0.9833333333333297,
full_288,luna,0.05,Regime,threshold,0.7,0.333333333333334,0.18599999999999997,0.3277777777777772,0.005555555555555536,0.0002477313194444442,2.366574964218626,0.9833333333333297,
full_288,qwen_local,0.05,Regime,threshold,0.7,0.333333333333334,0.18599999999999997,0.32638888888888745,0.00694444444444442,0.0,42.06640779742784,0.9791666666666604,
full_288,baseline,0.05,Regime,threshold,0.8,0.5,0.12999999999999984,0.333333333333334,0.166666666666667,0.00020115555555555496,0.8570982572279862,0.666666666666668,
full_288,opus,0.05,Regime,threshold,0.8,0.5,0.12999999999999984,0.5,0.0,0.00853131249999996,3.4523730475141714,1.0,
full_288,pro,0.05,Regime,threshold,0.8,0.5,0.12999999999999984,0.5,0.0,0.012967311111111131,7.65471965550584,1.0,
full_288,astra,0.05,Regime,threshold,0.8,0.5,0.12999999999999984,0.5,0.0,0.009951118055555583,3.897742891328136,1.0,
full_288,sonnet,0.05,Regime,threshold,0.8,0.5,0.12999999999999984,0.49722222222222096,0.002777777777777768,0.0061731222222222385,5.086833615644416,0.9944444444444419,
full_288,lite,0.05,Regime,threshold,0.8,0.5,0.12999999999999984,0.4944444444444436,0.005555555555555536,0.0022537780555555477,2.4995176432353645,0.9888888888888872,
full_288,luna,0.05,Regime,threshold,0.8,0.5,0.12999999999999984,0.4944444444444436,0.005555555555555536,0.0003752301388888896,3.5256819563571757,0.9888888888888872,
full_288,qwen_local,0.05,Regime,threshold,0.8,0.5,0.12999999999999984,0.49305555555555686,0.00694444444444442,0.0,62.217136467632365,0.9861111111111137,
full_288,baseline,0.05,Regime,threshold,0.9,0.7408333333333329,0.054204999999999975,0.47984027777777727,0.2609930555555557,0.00029010685000000055,1.232922190131089,0.6477034120734905,
full_288,opus,0.05,Regime,threshold,0.9,0.7408333333333329,0.054204999999999975,0.7408333333333329,0.0,0.012690601840277838,5.158873347766265,1.0,
full_288,pro,0.05,Regime,threshold,0.9,0.7408333333333329,0.054204999999999975,0.7408333333333329,0.0,0.019967836500000023,11.740879847920462,1.0,
full_288,astra,0.05,Regime,threshold,0.9,0.7408333333333329,0.054204999999999975,0.7408333333333329,0.0,0.014711465208333364,5.727879060775942,1.0,
full_288,sonnet,0.05,Regime,threshold,0.9,0.7408333333333329,0.054204999999999975,0.7374375000000015,0.0033958333333333215,0.009116465666666665,7.5558754446279535,0.9954161979752557,
full_288,lite,0.05,Regime,threshold,0.9,0.7408333333333329,0.054204999999999975,0.7192222222222234,0.02161111111111106,0.0033379465979166702,3.681799078331124,0.9708286464191997,
full_288,luna,0.05,Regime,threshold,0.9,0.7408333333333329,0.054204999999999975,0.7241597222222224,0.016673611111111094,0.0005663321638888874,5.301652377205394,0.9774934383202107,
full_288,qwen_local,0.05,Regime,threshold,0.9,0.7408333333333329,0.054204999999999975,0.7207708333333339,0.02006250000000003,0.0,92.2866574312239,0.9729190101237359,
full_288,baseline,0.05,Regime,equal_call_budget,0.0,0.0,0.35399999999999937,0.0,0.0,0.0,0.0,,
full_288,opus,0.05,Regime,equal_call_budget,0.0,0.0,0.35399999999999937,0.0,0.0,0.0,0.0,,
full_288,pro,0.05,Regime,equal_call_budget,0.0,0.0,0.35399999999999937,0.0,0.0,0.0,0.0,,
full_288,astra,0.05,Regime,equal_call_budget,0.0,0.0,0.35399999999999937,0.0,0.0,0.0,0.0,,
full_288,sonnet,0.05,Regime,equal_call_budget,0.0,0.0,0.35399999999999937,0.0,0.0,0.0,0.0,,
full_288,lite,0.05,Regime,equal_call_budget,0.0,0.0,0.35399999999999937,0.0,0.0,0.0,0.0,,
full_288,luna,0.05,Regime,equal_call_budget,0.0,0.0,0.35399999999999937,0.0,0.0,0.0,0.0,,
full_288,qwen_local,0.05,Regime,equal_call_budget,0.0,0.0,0.35399999999999937,0.0,0.0,0.0,0.0,,
full_288,baseline,0.05,Regime,equal_call_budget,0.1,0.10000000000000009,0.3053639999999992,0.06334166666666646,0.036658333333333494,4.0238753333333435e-05,0.17574369358070707,0.6334166666666641,
full_288,opus,0.05,Regime,equal_call_budget,0.1,0.10000000000000009,0.3053639999999992,0.10000000000000009,0.0,0.0017498292916666707,0.698610490161641,1.0,
full_288,pro,0.05,Regime,equal_call_budget,0.1,0.10000000000000009,0.3053639999999992,0.10000000000000009,0.0,0.0026344616333333223,1.575078696727735,1.0,
full_288,astra,0.05,Regime,equal_call_budget,0.1,0.10000000000000009,0.3053639999999992,0.10000000000000009,0.0,0.002054928520833326,0.8291098990919201,1.0,
full_288,sonnet,0.05,Regime,equal_call_budget,0.1,0.10000000000000009,0.3053639999999992,0.10000000000000009,0.0,0.001178270466666666,0.9721737160908015,1.0,
full_288,lite,0.05,Regime,equal_call_budget,0.1,0.10000000000000009,0.3053639999999992,0.09670000000000054,0.003299999999999977,0.000442027439166666,0.49333979678359524,0.9670000000000045,
full_288,luna,0.05,Regime,equal_call_budget,0.1,0.10000000000000009,0.3053639999999992,0.09670000000000054,0.003299999999999977,6.86252487499997e-05,0.6614088999713899,0.9670000000000045,
full_288,qwen_local,0.05,Regime,equal_call_budget,0.1,0.10000000000000009,0.3053639999999992,0.0958750000000002,0.004124999999999987,0.0,13.1999791897652,0.9587500000000011,
full_288,baseline,0.05,Regime,equal_call_budget,0.2,0.20000000000000015,0.2555520000000007,0.1269555555555552,0.07304444444444433,8.004478222222267e-05,0.3475399860366831,0.6347777777777756,
full_288,opus,0.05,Regime,equal_call_budget,0.2,0.20000000000000015,0.2555520000000007,0.20000000000000015,0.0,0.003435962666666663,1.3669848980538928,1.0,
full_288,pro,0.05,Regime,equal_call_budget,0.2,0.20000000000000015,0.2555520000000007,0.20000000000000015,0.0,0.005167056622222233,3.080976662743048,1.0,
full_288,astra,0.05,Regime,equal_call_budget,0.2,0.20000000000000015,0.2555520000000007,0.20000000000000015,0.0,0.00407451511111112,1.634722868919252,1.0,
full_288,sonnet,0.05,Regime,equal_call_budget,0.2,0.20000000000000015,0.2555520000000007,0.20000000000000015,0.0,0.00227842839999999,1.878096045670078,1.0,
full_288,lite,0.05,Regime,equal_call_budget,0.2,0.20000000000000015,0.2555520000000007,0.19448888888888802,0.005511111111111091,0.0008748490577777767,0.9786037712332079,0.9724444444444393,
full_288,luna,0.05,Regime,equal_call_budget,0.2,0.20000000000000015,0.2555520000000007,0.19448888888888802,0.005511111111111091,0.00014104659555555494,1.3551935261389159,0.9724444444444393,
full_288,qwen_local,0.05,Regime,equal_call_budget,0.2,0.20000000000000015,0.2555520000000007,0.19311111111111118,0.0068888888888888646,0.0,26.013253812505685,0.9655555555555552,
full_288,baseline,0.05,Regime,equal_call_budget,0.3,0.29999999999999893,0.20338799999999993,0.19111388888888964,0.10888611111111068,0.00011898536222222169,0.5114414762431899,0.637046296296301,
full_288,opus,0.05,Regime,equal_call_budget,0.3,0.29999999999999893,0.20338799999999993,0.29999999999999893,0.0,0.00499470420833332,1.974887141407382,1.0,
full_288,pro,0.05,Regime,equal_call_budget,0.3,0.29999999999999893,0.20338799999999993,0.29999999999999893,0.0,0.007495918322222206,4.448513167333529,1.0,
full_288,astra,0.05,Regime,equal_call_budget,0.3,0.29999999999999893,0.20338799999999993,0.29999999999999893,0.0,0.006023417840277772,2.3933419802174067,1.0,
full_288,sonnet,0.05,Regime,equal_call_budget,0.3,0.29999999999999893,0.20338799999999993,0.29999999999999893,0.0,0.0032223612666666527,2.6515156022263238,1.0,
full_288,lite,0.05,Regime,equal_call_budget,0.3,0.29999999999999893,0.20338799999999993,0.2944555555555554,0.005544444444444425,0.0012892590352777738,1.4477161010148376,0.9815185185185216,
full_288,luna,0.05,Regime,equal_call_budget,0.3,0.29999999999999893,0.20338799999999993,0.2944555555555554,0.005544444444444425,0.0002210601384722226,2.113729604698694,0.9815185185185216,
full_288,qwen_local,0.05,Regime,equal_call_budget,0.3,0.29999999999999893,0.20338799999999993,0.2930694444444436,0.006930555555555531,0.0,38.053119301197356,0.9768981481481488,
full_288,baseline,0.05,Regime,equal_call_budget,0.4,0.4000000000000003,0.16359999999999963,0.2608333333333326,0.13916666666666702,0.00015964155555555514,0.6824844866784064,0.652083333333331,
full_288,opus,0.05,Regime,equal_call_budget,0.4,0.4000000000000003,0.16359999999999963,0.4000000000000003,0.0,0.006721095833333324,2.6874619525207906,1.0,
full_288,pro,0.05,Regime,equal_call_budget,0.4,0.4000000000000003,0.16359999999999963,0.4000000000000003,0.0,0.010150247777777746,6.004503063520564,1.0,
full_288,astra,0.05,Regime,equal_call_budget,0.4,0.4000000000000003,0.16359999999999963,0.4000000000000003,0.0,0.007984278472222214,3.1468261669213358,1.0,
full_288,sonnet,0.05,Regime,equal_call_budget,0.4,0.4000000000000003,0.16359999999999963,0.3988888888888898,0.0011111111111111183,0.004591452222222234,3.780326718904803,0.9972222222222238,
full_288,lite,0.05,Regime,equal_call_budget,0.4,0.4000000000000003,0.16359999999999963,0.39444444444444543,0.005555555555555536,0.0017579486388888941,1.9622591838593737,0.9861111111111128,
full_288,luna,0.05,Regime,equal_call_budget,0.4,0.4000000000000003,0.16359999999999963,0.39444444444444543,0.005555555555555536,0.00029873084722222145,2.830217761074047,0.9861111111111128,
full_288,qwen_local,0.05,Regime,equal_call_budget,0.4,0.4000000000000003,0.16359999999999963,0.3930555555555544,0.00694444444444442,0.0,50.126699265509345,0.9826388888888852,
full_288,baseline,0.05,Regime,equal_call_budget,0.5,0.5,0.12999999999999984,0.333333333333334,0.166666666666667,0.00020115555555555496,0.8570982572279862,0.666666666666668,
full_288,opus,0.05,Regime,equal_call_budget,0.5,0.5,0.12999999999999984,0.5,0.0,0.008531312499999992,3.4523730475141714,1.0,
full_288,pro,0.05,Regime,equal_call_budget,0.5,0.5,0.12999999999999984,0.5,0.0,0.012967311111111131,7.65471965550584,1.0,
full_288,astra,0.05,Regime,equal_call_budget,0.5,0.5,0.12999999999999984,0.5,0.0,0.009951118055555586,3.897742891328136,1.0,
full_288,sonnet,0.05,Regime,equal_call_budget,0.5,0.5,0.12999999999999984,0.49722222222222096,0.002777777777777768,0.0061731222222222385,5.086833615644416,0.9944444444444419,
full_288,lite,0.05,Regime,equal_call_budget,0.5,0.5,0.12999999999999984,0.4944444444444436,0.005555555555555536,0.0022537780555555477,2.4995176432353645,0.9888888888888872,
full_288,luna,0.05,Regime,equal_call_budget,0.5,0.5,0.12999999999999984,0.4944444444444436,0.005555555555555536,0.00037523013888889024,3.5256819563571766,0.9888888888888872,
full_288,qwen_local,0.05,Regime,equal_call_budget,0.5,0.5,0.12999999999999984,0.49305555555555686,0.00694444444444442,0.0,62.21713646763237,0.9861111111111137,
full_288,baseline,0.05,Regime,equal_call_budget,0.6,0.5999999999999979,0.09280000000000013,0.3941666666666649,0.20583333333333312,0.00023764688888888778,1.0119379052891022,0.6569444444444438,
full_288,opus,0.05,Regime,equal_call_budget,0.6,0.5999999999999979,0.09280000000000013,0.5999999999999979,0.0,0.010255929166666636,4.166685862972005,1.0,
full_288,pro,0.05,Regime,equal_call_budget,0.6,0.5999999999999979,0.09280000000000013,0.5999999999999979,0.0,0.015940574444444494,9.387437487412411,1.0,
full_288,astra,0.05,Regime,equal_call_budget,0.6,0.5999999999999979,0.09280000000000013,0.5999999999999979,0.0,0.011916247222222216,4.648793697436329,1.0,
full_288,sonnet,0.05,Regime,equal_call_budget,0.6,0.5999999999999979,0.09280000000000013,0.5972222222222248,0.002777777777777768,0.007333518888888855,6.062191854037488,0.9953703703703781,
full_288,lite,0.05,Regime,equal_call_budget,0.6,0.5999999999999979,0.09280000000000013,0.5877777777777766,0.012222222222222174,0.0026976913055555664,2.9832530597678892,0.9796296296296312,
full_288,luna,0.05,Regime,equal_call_budget,0.6,0.5999999999999979,0.09280000000000013,0.5911111111111079,0.008888888888888884,0.0004531475555555564,4.259805789485058,0.9851851851851834,
full_288,qwen_local,0.05,Regime,equal_call_budget,0.6,0.5999999999999979,0.09280000000000013,0.5855555555555574,0.014444444444444442,0.0,74.6858919264037,0.9759259259259324,
full_288,baseline,0.05,Regime,equal_call_budget,0.7,0.7000000000000008,0.06179999999999988,0.45499999999999863,0.24499999999999933,0.00027461822222222355,1.1680892149933302,0.6499999999999972,
full_288,opus,0.05,Regime,equal_call_budget,0.7,0.7000000000000008,0.06179999999999988,0.7000000000000008,0.0,0.011983169444444506,4.874795054320991,1.0,
full_288,pro,0.05,Regime,equal_call_budget,0.7,0.7000000000000008,0.06179999999999988,0.7000000000000008,0.0,0.018841890000000024,11.08114322070014,1.0,
full_288,astra,0.05,Regime,equal_call_budget,0.7,0.7000000000000008,0.06179999999999988,0.7000000000000008,0.0,0.013893808333333377,5.4094424712167095,1.0,
full_288,sonnet,0.05,Regime,equal_call_budget,0.7,0.7000000000000008,0.06179999999999988,0.6969444444444443,0.003055555555555589,0.008560756666666622,7.091506978507075,0.9956349206349192,
full_288,lite,0.05,Regime,equal_call_budget,0.7,0.7000000000000008,0.06179999999999988,0.68111111111111,0.018888888888889056,0.00314838094444444,3.474757153579772,0.9730158730158702,
full_288,luna,0.05,Regime,equal_call_budget,0.7,0.7000000000000008,0.06179999999999988,0.6863888888888886,0.01361111111111106,0.0005326159444444429,4.997505138447507,0.980555555555554,
full_288,qwen_local,0.05,Regime,equal_call_budget,0.7,0.7000000000000008,0.06179999999999988,0.6802777777777758,0.019722222222222224,0.0,87.17289528047898,0.9718253968253928,
full_288,baseline,0.05,Regime,equal_call_budget,0.8,0.8000000000000007,0.04319999999999991,0.5158333333333333,0.2841666666666659,0.00031254955555555525,1.3268638479837644,0.644791666666666,
full_288,opus,0.05,Regime,equal_call_budget,0.8,0.8000000000000007,0.04319999999999991,0.8000000000000007,0.0,0.013715656944444503,5.570496997452231,1.0,
full_288,pro,0.05,Regime,equal_call_budget,0.8,0.8000000000000007,0.04319999999999991,0.8000000000000007,0.0,0.021599310000000028,12.696824756749988,1.0,
full_288,astra,0.05,Regime,equal_call_budget,0.8,0.8000000000000007,0.04319999999999991,0.8000000000000007,0.0,0.015896233333333266,6.189287180341372,1.0,
full_288,sonnet,0.05,Regime,equal_call_budget,0.8,0.8000000000000007,0.04319999999999991,0.7961111111111139,0.0038888888888889417,0.009921676666666714,8.228735875129592,0.9951388888888915,
full_288,lite,0.05,Regime,equal_call_budget,0.8,0.8000000000000007,0.04319999999999991,0.7744444444444418,0.025555555555555675,0.0036126233611111203,3.9817986019504246,0.9680555555555515,
full_288,luna,0.05,Regime,equal_call_budget,0.8,0.8000000000000007,0.04319999999999991,0.7788888888888895,0.021111111111111254,0.0006151862777777769,5.742355519079082,0.973611111111111,
full_288,qwen_local,0.05,Regime,equal_call_budget,0.8,0.8000000000000007,0.04319999999999991,0.7794444444444454,0.02055555555555562,0.0,99.69639442516088,0.9743055555555559,
full_288,baseline,0.05,Regime,equal_call_budget,0.9,0.9000000000000032,0.022199999999999873,0.579444444444447,0.32055555555555637,0.00035132622222222424,1.4927298866636591,0.6438271604938277,
full_288,opus,0.05,Regime,equal_call_budget,0.9,0.9000000000000032,0.022199999999999873,0.9000000000000032,-1.1102230246251565e-16,0.015502000000000018,6.306494526687947,1.0,
full_288,pro,0.05,Regime,equal_call_budget,0.9,0.9000000000000032,0.022199999999999873,0.9000000000000032,-1.1102230246251565e-16,0.02455534111111117,14.406250026433685,1.0,
full_288,astra,0.05,Regime,equal_call_budget,0.9,0.9000000000000032,0.022199999999999873,0.9000000000000032,-1.1102230246251565e-16,0.018122902777777828,7.067822049634803,1.0,
full_288,sonnet,0.05,Regime,equal_call_budget,0.9,0.9000000000000032,0.022199999999999873,0.8925000000000025,0.007499999999999916,0.011312599999999971,9.385223292124934,0.9916666666666659,
full_288,lite,0.05,Regime,equal_call_budget,0.9,0.9000000000000032,0.022199999999999873,0.8722222222222245,0.02777777777777768,0.00405516205555556,4.470580023864615,0.9691358024691348,
full_288,luna,0.05,Regime,equal_call_budget,0.9,0.9000000000000032,0.022199999999999873,0.8758333333333327,0.024166666666666548,0.0007013728333333345,6.527481645081935,0.9731481481481439,
full_288,qwen_local,0.05,Regime,equal_call_budget,0.9,0.9000000000000032,0.022199999999999873,0.8769444444444429,0.02305555555555558,0.0,112.03406484924662,0.9743827160493774,
full_288,baseline,0.05,Regime,equal_call_budget,1.0,0.9999999999999999,0.0,0.6444444444444454,0.3555555555555546,0.0003905255555555542,1.662141628188293,0.6444444444444455,
full_288,opus,0.05,Regime,equal_call_budget,1.0,0.9999999999999999,0.0,0.9999999999999999,0.0,0.017315270833333386,7.062639848975858,1.0,
full_288,pro,0.05,Regime,equal_call_budget,1.0,0.9999999999999999,0.0,0.9999999999999999,0.0,0.027610677777777794,16.162547162934505,1.0,
full_288,astra,0.05,Regime,equal_call_budget,1.0,0.9999999999999999,0.0,0.9999999999999999,0.0,0.02046169444444434,7.995701999012608,1.0,
full_288,sonnet,0.05,Regime,equal_call_budget,1.0,0.9999999999999999,0.0,0.9875000000000027,0.0125,0.01271852499999996,10.551339969306758,0.9875000000000028,
full_288,lite,0.05,Regime,equal_call_budget,1.0,0.9999999999999999,0.0,0.9722222222222263,0.0277777777777777,0.0044868488888888695,4.9502314325506,0.9722222222222264,
full_288,luna,0.05,Regime,equal_call_budget,1.0,0.9999999999999999,0.0,0.9749999999999965,0.025,0.000789367499999999,7.332745643770461,0.9749999999999966,
full_288,qwen_local,0.05,Regime,equal_call_budget,1.0,0.9999999999999999,0.0,0.9736111111111064,0.02638888888888889,0.0,124.27882091303401,0.9736111111111065,
full_288,baseline,0.05,Weighted global,threshold,0.4,0.004166666666666667,0.3519749999999994,0.0026388888888888885,0.0015277777777777779,1.6771666666666672e-06,0.007327688849610341,0.6333333333333333,
full_288,opus,0.05,Weighted global,threshold,0.4,0.004166666666666667,0.3519749999999994,0.004166666666666667,0.0,7.29907986111111e-05,0.029147336854867815,1.0,
full_288,pro,0.05,Weighted global,threshold,0.4,0.004166666666666667,0.3519749999999994,0.004166666666666667,0.0,0.00010989916666666665,0.06571651975827182,1.0,
full_288,astra,0.05,Weighted global,threshold,0.4,0.004166666666666667,0.3519749999999994,0.004166666666666667,0.0,8.566710069444445e-05,0.03457621636853825,1.0,
full_288,sonnet,0.05,Weighted global,threshold,0.4,0.004166666666666667,0.3519749999999994,0.004166666666666667,0.0,4.9194236111111094e-05,0.04059174248998008,1.0,
full_288,lite,0.05,Weighted global,threshold,0.4,0.004166666666666667,0.3519749999999994,0.004027777777777778,0.00013888888888888908,1.8429552083333337e-05,0.02056612565977654,0.9666666666666667,
full_288,luna,0.05,Weighted global,threshold,0.4,0.004166666666666667,0.3519749999999994,0.004027777777777778,0.00013888888888888908,2.854543402777777e-06,0.027517408596346896,0.9666666666666667,
full_288,qwen_local,0.05,Weighted global,threshold,0.4,0.004166666666666667,0.3519749999999994,0.003993055555555555,0.0001736111111111112,0.0,0.550492378528086,0.9583333333333333,
full_288,baseline,0.05,Weighted global,threshold,0.6,0.3816666666666666,0.1714649999999999,0.2483055555555552,0.1333611111111113,0.00015226776666666625,0.6514649980000139,0.6505822416302758,
full_288,opus,0.05,Weighted global,threshold,0.6,0.3816666666666666,0.1714649999999999,0.3816666666666666,0.0,0.006412453402777779,2.5617055759882157,1.0,
full_288,pro,0.05,Weighted global,threshold,0.6,0.3816666666666666,0.1714649999999999,0.3816666666666666,0.0,0.009678823833333315,5.728069825935915,1.0,
full_288,astra,0.05,Weighted global,threshold,0.6,0.3816666666666666,0.1714649999999999,0.3816666666666666,0.0,0.007625434600694461,3.0085179839090723,1.0,
full_288,sonnet,0.05,Weighted global,threshold,0.6,0.3816666666666666,0.1714649999999999,0.3807083333333329,0.0009583333333333299,0.004360157819444445,3.5898527035223173,0.9974890829694314,
full_288,lite,0.05,Weighted global,threshold,0.6,0.3816666666666666,0.1714649999999999,0.37611111111111156,0.005555555555555536,0.0016745358604166646,1.8700311899329407,0.9854439592430873,
full_288,luna,0.05,Weighted global,threshold,0.6,0.3816666666666666,0.1714649999999999,0.37611111111111156,0.005555555555555536,0.00028437318506944445,2.6968435523863663,0.9854439592430873,
full_288,qwen_local,0.05,Weighted global,threshold,0.6,0.3816666666666666,0.1714649999999999,0.37472222222222173,0.00694444444444442,0.0,47.915839992551575,0.9818049490538563,
full_288,baseline,0.05,Weighted global,threshold,0.7,0.6516666666666682,0.07416999999999982,0.42563194444444347,0.22603472222222204,0.0002565593111111112,1.092158198856108,0.6531436487638503,
full_288,opus,0.05,Weighted global,threshold,0.7,0.6516666666666682,0.07416999999999982,0.6516666666666682,0.0,0.011147916666666707,4.535630816707306,1.0,
full_288,pro,0.05,Weighted global,threshold,0.7,0.6516666666666682,0.07416999999999982,0.6516666666666682,0.0,0.01747204836111109,10.279945620706078,1.0,
full_288,astra,0.05,Weighted global,threshold,0.7,0.6516666666666682,0.07416999999999982,0.6516666666666682,0.0,0.012935610208333342,5.039030037694887,1.0,
full_288,sonnet,0.05,Weighted global,threshold,0.7,0.6516666666666682,0.07416999999999982,0.6488263888888902,0.0028402777777777675,0.007940116319444435,6.571763363986243,0.9956415174765556,
full_288,lite,0.05,Weighted global,threshold,0.7,0.6516666666666682,0.07416999999999982,0.6360555555555574,0.01561111111111109,0.002927452827083332,3.233731642373588,0.9760443307757891,
full_288,luna,0.05,Weighted global,threshold,0.7,0.6516666666666682,0.07416999999999982,0.6409722222222207,0.010694444444444406,0.000493605187499999,4.639964101668369,0.9835890878090321,
full_288,qwen_local,0.05,Weighted global,threshold,0.7,0.6516666666666682,0.07416999999999982,0.6335486111111135,0.018118055555555526,0.0,81.127584177292,0.9721973572037524,
full_288,baseline,0.05,Weighted global,threshold,0.8,0.891666666666667,0.02362999999999997,0.5745138888888893,0.31715277777777773,0.0003482075444444446,1.4798532375322677,0.6443146417445484,
full_288,opus,0.05,Weighted global,threshold,0.8,0.891666666666667,0.02362999999999997,0.891666666666667,0.0,0.015360318819444501,6.250534144065585,1.0,
full_288,pro,0.05,Weighted global,threshold,0.8,0.891666666666667,0.02362999999999997,0.891666666666667,0.0,0.024335486666666673,14.276297085111276,1.0,
full_288,astra,0.05,Weighted global,threshold,0.8,0.891666666666667,0.02362999999999997,0.891666666666667,0.0,0.017967246249999992,7.007769498549517,1.0,
full_288,sonnet,0.05,Weighted global,threshold,0.8,0.891666666666667,0.02362999999999997,0.8840972222222245,0.007569444444444418,0.011200690166666652,9.291417143425083,0.9915109034267935,
full_288,lite,0.05,Weighted global,threshold,0.8,0.891666666666667,0.02362999999999997,0.8646666666666674,0.026999999999999927,0.004015390001388884,4.427413568510912,0.9697196261682247,
full_288,luna,0.05,Weighted global,threshold,0.8,0.891666666666667,0.02362999999999997,0.8683472222222219,0.023319444444444414,0.0006946727833333319,6.467424567297882,0.9738473520249213,
full_288,qwen_local,0.05,Weighted global,threshold,0.8,0.891666666666667,0.02362999999999997,0.8685972222222206,0.023069444444444493,0.0,110.98114848449308,0.9741277258566956,
full_288,baseline,0.05,Weighted global,threshold,0.9,0.9999999999999999,0.0,0.6444444444444454,0.3555555555555546,0.0003905255555555542,1.662141628188293,0.6444444444444455,
full_288,opus,0.05,Weighted global,threshold,0.9,0.9999999999999999,0.0,0.9999999999999999,0.0,0.017315270833333386,7.062639848975858,1.0,
full_288,pro,0.05,Weighted global,threshold,0.9,0.9999999999999999,0.0,0.9999999999999999,0.0,0.027610677777777794,16.162547162934505,1.0,
full_288,astra,0.05,Weighted global,threshold,0.9,0.9999999999999999,0.0,0.9999999999999999,0.0,0.02046169444444434,7.995701999012608,1.0,
full_288,sonnet,0.05,Weighted global,threshold,0.9,0.9999999999999999,0.0,0.9875000000000027,0.0125,0.01271852499999996,10.551339969306758,0.9875000000000028,
full_288,lite,0.05,Weighted global,threshold,0.9,0.9999999999999999,0.0,0.9722222222222263,0.0277777777777777,0.0044868488888888695,4.9502314325506,0.9722222222222264,
full_288,luna,0.05,Weighted global,threshold,0.9,0.9999999999999999,0.0,0.9749999999999965,0.025,0.000789367499999999,7.332745643770461,0.9749999999999966,
full_288,qwen_local,0.05,Weighted global,threshold,0.9,0.9999999999999999,0.0,0.9736111111111064,0.02638888888888889,0.0,124.27882091303401,0.9736111111111065,
full_288,baseline,0.05,Weighted global,equal_call_budget,0.0,0.0,0.35399999999999937,0.0,0.0,0.0,0.0,,
full_288,opus,0.05,Weighted global,equal_call_budget,0.0,0.0,0.35399999999999937,0.0,0.0,0.0,0.0,,
full_288,pro,0.05,Weighted global,equal_call_budget,0.0,0.0,0.35399999999999937,0.0,0.0,0.0,0.0,,
full_288,astra,0.05,Weighted global,equal_call_budget,0.0,0.0,0.35399999999999937,0.0,0.0,0.0,0.0,,
full_288,sonnet,0.05,Weighted global,equal_call_budget,0.0,0.0,0.35399999999999937,0.0,0.0,0.0,0.0,,
full_288,lite,0.05,Weighted global,equal_call_budget,0.0,0.0,0.35399999999999937,0.0,0.0,0.0,0.0,,
full_288,luna,0.05,Weighted global,equal_call_budget,0.0,0.0,0.35399999999999937,0.0,0.0,0.0,0.0,,
full_288,qwen_local,0.05,Weighted global,equal_call_budget,0.0,0.0,0.35399999999999937,0.0,0.0,0.0,0.0,,
full_288,baseline,0.05,Weighted global,equal_call_budget,0.1,0.10000000000000009,0.30539999999999917,0.06333333333333313,0.036666666666666826,4.02520000000001e-05,0.1758645323906479,0.6333333333333308,
full_288,opus,0.05,Weighted global,equal_call_budget,0.1,0.10000000000000009,0.30539999999999917,0.10000000000000009,0.0,0.0017517791666666707,0.6995360845168264,1.0,
full_288,pro,0.05,Weighted global,equal_call_budget,0.1,0.10000000000000009,0.30539999999999917,0.10000000000000009,0.0,0.0026375799999999888,1.5771964741985232,1.0,
full_288,astra,0.05,Weighted global,equal_call_budget,0.1,0.10000000000000009,0.30539999999999917,0.10000000000000009,0.0,0.002056010416666659,0.8298291928449177,1.0,
full_288,sonnet,0.05,Weighted global,equal_call_budget,0.1,0.10000000000000009,0.30539999999999917,0.10000000000000009,0.0,0.001180661666666666,0.9742018197595215,1.0,
full_288,lite,0.05,Weighted global,equal_call_budget,0.1,0.10000000000000009,0.30539999999999917,0.09666666666666719,0.0033333333333333097,0.0004423092499999993,0.49358701583463566,0.9666666666666711,
full_288,luna,0.05,Weighted global,equal_call_budget,0.1,0.10000000000000009,0.30539999999999917,0.09666666666666719,0.0033333333333333097,6.850904166666636e-05,0.6604178063123246,0.9666666666666711,
full_288,qwen_local,0.05,Weighted global,equal_call_budget,0.1,0.10000000000000009,0.30539999999999917,0.09583333333333353,0.0041666666666666545,0.0,13.211817084674117,0.9583333333333345,
full_288,baseline,0.05,Weighted global,equal_call_budget,0.2,0.20000000000000015,0.2556000000000007,0.12694444444444408,0.07305555555555544,8.00624444444449e-05,0.34770110444993757,0.63472222222222,
full_288,opus,0.05,Weighted global,equal_call_budget,0.2,0.20000000000000015,0.2556000000000007,0.20000000000000015,0.0,0.0034385624999999963,1.3682190238608063,1.0,
full_288,pro,0.05,Weighted global,equal_call_budget,0.2,0.20000000000000015,0.2556000000000007,0.20000000000000015,0.0,0.0051712144444444556,3.0838003660374325,1.0,
full_288,astra,0.05,Weighted global,equal_call_budget,0.2,0.20000000000000015,0.2556000000000007,0.20000000000000015,0.0,0.004075957638888898,1.6356819272565817,1.0,
full_288,sonnet,0.05,Weighted global,equal_call_budget,0.2,0.20000000000000015,0.2556000000000007,0.20000000000000015,0.0,0.0022816166666666565,1.8808001838950381,1.0,
full_288,lite,0.05,Weighted global,equal_call_budget,0.2,0.20000000000000015,0.2556000000000007,0.1944444444444436,0.005555555555555536,0.0008752248055555546,0.9789333966345951,0.9722222222222172,
full_288,luna,0.05,Weighted global,equal_call_budget,0.2,0.20000000000000015,0.2556000000000007,0.1944444444444436,0.005555555555555536,0.00014089165277777715,1.3538720679268288,0.9722222222222172,
full_288,qwen_local,0.05,Weighted global,equal_call_budget,0.2,0.20000000000000015,0.2556000000000007,0.19305555555555565,0.00694444444444442,0.0,26.029037672384238,0.9652777777777775,
full_288,baseline,0.05,Weighted global,equal_call_budget,0.3,0.29999999999999893,0.2033999999999999,0.19111111111111184,0.10888888888888845,0.00011898977777777724,0.5114817558465035,0.6370370370370417,
full_288,opus,0.05,Weighted global,equal_call_budget,0.3,0.29999999999999893,0.2033999999999999,0.29999999999999893,0.0,0.004995354166666653,1.975195672859111,1.0,
full_288,pro,0.05,Weighted global,equal_call_budget,0.3,0.29999999999999893,0.2033999999999999,0.29999999999999893,0.0,0.007496957777777762,4.449219093157125,1.0,
full_288,astra,0.05,Weighted global,equal_call_budget,0.3,0.29999999999999893,0.2033999999999999,0.29999999999999893,0.0,0.0060237784722222175,2.393581744801739,1.0,
full_288,sonnet,0.05,Weighted global,equal_call_budget,0.3,0.29999999999999893,0.2033999999999999,0.29999999999999893,0.0,0.0032231583333333196,2.6521916367825638,1.0,
full_288,lite,0.05,Weighted global,equal_call_budget,0.3,0.29999999999999893,0.2033999999999999,0.29444444444444434,0.005555555555555536,0.0012893529722222182,1.4477985073651842,0.9814814814814846,
full_288,luna,0.05,Weighted global,equal_call_budget,0.3,0.29999999999999893,0.2033999999999999,0.29444444444444434,0.005555555555555536,0.00022102140277777813,2.113399240145672,0.9814814814814846,
full_288,qwen_local,0.05,Weighted global,equal_call_budget,0.3,0.29999999999999893,0.2033999999999999,0.2930555555555547,0.00694444444444442,0.0,38.057065266166994,0.9768518518518524,
full_288,baseline,0.05,Weighted global,equal_call_budget,0.4,0.4000000000000003,0.16359999999999963,0.2608333333333326,0.13916666666666702,0.00015964155555555514,0.6824844866784064,0.652083333333331,
full_288,opus,0.05,Weighted global,equal_call_budget,0.4,0.4000000000000003,0.16359999999999963,0.4000000000000003,0.0,0.006721095833333324,2.6874619525207906,1.0,
full_288,pro,0.05,Weighted global,equal_call_budget,0.4,0.4000000000000003,0.16359999999999963,0.4000000000000003,0.0,0.010150247777777746,6.004503063520564,1.0,
full_288,astra,0.05,Weighted global,equal_call_budget,0.4,0.4000000000000003,0.16359999999999963,0.4000000000000003,0.0,0.007984278472222214,3.1468261669213358,1.0,
full_288,sonnet,0.05,Weighted global,equal_call_budget,0.4,0.4000000000000003,0.16359999999999963,0.3988888888888898,0.0011111111111111183,0.004591452222222234,3.780326718904803,0.9972222222222238,
full_288,lite,0.05,Weighted global,equal_call_budget,0.4,0.4000000000000003,0.16359999999999963,0.39444444444444543,0.005555555555555536,0.0017579486388888941,1.9622591838593737,0.9861111111111128,
full_288,luna,0.05,Weighted global,equal_call_budget,0.4,0.4000000000000003,0.16359999999999963,0.39444444444444543,0.005555555555555536,0.00029873084722222145,2.830217761074047,0.9861111111111128,
full_288,qwen_local,0.05,Weighted global,equal_call_budget,0.4,0.4000000000000003,0.16359999999999963,0.3930555555555544,0.00694444444444442,0.0,50.126699265509345,0.9826388888888852,
full_288,baseline,0.05,Weighted global,equal_call_budget,0.5,0.5,0.12999999999999984,0.333333333333334,0.166666666666667,0.00020115555555555496,0.8570982572279862,0.666666666666668,
full_288,opus,0.05,Weighted global,equal_call_budget,0.5,0.5,0.12999999999999984,0.5,0.0,0.008531312499999992,3.4523730475141714,1.0,
full_288,pro,0.05,Weighted global,equal_call_budget,0.5,0.5,0.12999999999999984,0.5,0.0,0.012967311111111131,7.65471965550584,1.0,
full_288,astra,0.05,Weighted global,equal_call_budget,0.5,0.5,0.12999999999999984,0.5,0.0,0.009951118055555586,3.897742891328136,1.0,
full_288,sonnet,0.05,Weighted global,equal_call_budget,0.5,0.5,0.12999999999999984,0.49722222222222096,0.002777777777777768,0.0061731222222222385,5.086833615644416,0.9944444444444419,
full_288,lite,0.05,Weighted global,equal_call_budget,0.5,0.5,0.12999999999999984,0.4944444444444436,0.005555555555555536,0.0022537780555555477,2.4995176432353645,0.9888888888888872,
full_288,luna,0.05,Weighted global,equal_call_budget,0.5,0.5,0.12999999999999984,0.4944444444444436,0.005555555555555536,0.00037523013888889024,3.5256819563571766,0.9888888888888872,
full_288,qwen_local,0.05,Weighted global,equal_call_budget,0.5,0.5,0.12999999999999984,0.49305555555555686,0.00694444444444442,0.0,62.21713646763237,0.9861111111111137,
full_288,baseline,0.05,Weighted global,equal_call_budget,0.6,0.5999999999999979,0.09280000000000013,0.3941666666666649,0.20583333333333312,0.00023764688888888778,1.0119379052891022,0.6569444444444438,
full_288,opus,0.05,Weighted global,equal_call_budget,0.6,0.5999999999999979,0.09280000000000013,0.5999999999999979,0.0,0.010255929166666636,4.166685862972005,1.0,
full_288,pro,0.05,Weighted global,equal_call_budget,0.6,0.5999999999999979,0.09280000000000013,0.5999999999999979,0.0,0.015940574444444494,9.387437487412411,1.0,
full_288,astra,0.05,Weighted global,equal_call_budget,0.6,0.5999999999999979,0.09280000000000013,0.5999999999999979,0.0,0.011916247222222216,4.648793697436329,1.0,
full_288,sonnet,0.05,Weighted global,equal_call_budget,0.6,0.5999999999999979,0.09280000000000013,0.5972222222222248,0.002777777777777768,0.007333518888888855,6.062191854037488,0.9953703703703781,
full_288,lite,0.05,Weighted global,equal_call_budget,0.6,0.5999999999999979,0.09280000000000013,0.5877777777777766,0.012222222222222174,0.0026976913055555664,2.9832530597678892,0.9796296296296312,
full_288,luna,0.05,Weighted global,equal_call_budget,0.6,0.5999999999999979,0.09280000000000013,0.5911111111111079,0.008888888888888884,0.0004531475555555564,4.259805789485058,0.9851851851851834,
full_288,qwen_local,0.05,Weighted global,equal_call_budget,0.6,0.5999999999999979,0.09280000000000013,0.5855555555555574,0.014444444444444442,0.0,74.6858919264037,0.9759259259259324,
full_288,baseline,0.05,Weighted global,equal_call_budget,0.7,0.7000000000000008,0.06179999999999988,0.45499999999999863,0.24499999999999933,0.00027461822222222355,1.1680892149933302,0.6499999999999972,
full_288,opus,0.05,Weighted global,equal_call_budget,0.7,0.7000000000000008,0.06179999999999988,0.7000000000000008,0.0,0.011983169444444506,4.874795054320991,1.0,
full_288,pro,0.05,Weighted global,equal_call_budget,0.7,0.7000000000000008,0.06179999999999988,0.7000000000000008,0.0,0.018841890000000024,11.08114322070014,1.0,
full_288,astra,0.05,Weighted global,equal_call_budget,0.7,0.7000000000000008,0.06179999999999988,0.7000000000000008,0.0,0.013893808333333377,5.4094424712167095,1.0,
full_288,sonnet,0.05,Weighted global,equal_call_budget,0.7,0.7000000000000008,0.06179999999999988,0.6969444444444443,0.003055555555555589,0.008560756666666622,7.091506978507075,0.9956349206349192,
full_288,lite,0.05,Weighted global,equal_call_budget,0.7,0.7000000000000008,0.06179999999999988,0.68111111111111,0.018888888888889056,0.00314838094444444,3.474757153579772,0.9730158730158702,
full_288,luna,0.05,Weighted global,equal_call_budget,0.7,0.7000000000000008,0.06179999999999988,0.6863888888888886,0.01361111111111106,0.0005326159444444429,4.997505138447507,0.980555555555554,
full_288,qwen_local,0.05,Weighted global,equal_call_budget,0.7,0.7000000000000008,0.06179999999999988,0.6802777777777758,0.019722222222222224,0.0,87.17289528047898,0.9718253968253928,
full_288,baseline,0.05,Weighted global,equal_call_budget,0.8,0.8000000000000007,0.04319999999999991,0.5158333333333333,0.2841666666666659,0.00031254955555555525,1.3268638479837644,0.644791666666666,
full_288,opus,0.05,Weighted global,equal_call_budget,0.8,0.8000000000000007,0.04319999999999991,0.8000000000000007,0.0,0.013715656944444503,5.570496997452231,1.0,
full_288,pro,0.05,Weighted global,equal_call_budget,0.8,0.8000000000000007,0.04319999999999991,0.8000000000000007,0.0,0.021599310000000028,12.696824756749988,1.0,
full_288,astra,0.05,Weighted global,equal_call_budget,0.8,0.8000000000000007,0.04319999999999991,0.8000000000000007,0.0,0.015896233333333266,6.189287180341372,1.0,
full_288,sonnet,0.05,Weighted global,equal_call_budget,0.8,0.8000000000000007,0.04319999999999991,0.7961111111111139,0.0038888888888889417,0.009921676666666714,8.228735875129592,0.9951388888888915,
full_288,lite,0.05,Weighted global,equal_call_budget,0.8,0.8000000000000007,0.04319999999999991,0.7744444444444418,0.025555555555555675,0.0036126233611111203,3.9817986019504246,0.9680555555555515,
full_288,luna,0.05,Weighted global,equal_call_budget,0.8,0.8000000000000007,0.04319999999999991,0.7788888888888895,0.021111111111111254,0.0006151862777777769,5.742355519079082,0.973611111111111,
full_288,qwen_local,0.05,Weighted global,equal_call_budget,0.8,0.8000000000000007,0.04319999999999991,0.7794444444444454,0.02055555555555562,0.0,99.69639442516088,0.9743055555555559,
full_288,baseline,0.05,Weighted global,equal_call_budget,0.9,0.9000000000000032,0.022199999999999873,0.579444444444447,0.32055555555555637,0.00035132622222222424,1.4927298866636591,0.6438271604938277,
full_288,opus,0.05,Weighted global,equal_call_budget,0.9,0.9000000000000032,0.022199999999999873,0.9000000000000032,-1.1102230246251565e-16,0.015502000000000018,6.306494526687947,1.0,
full_288,pro,0.05,Weighted global,equal_call_budget,0.9,0.9000000000000032,0.022199999999999873,0.9000000000000032,-1.1102230246251565e-16,0.02455534111111117,14.406250026433685,1.0,
full_288,astra,0.05,Weighted global,equal_call_budget,0.9,0.9000000000000032,0.022199999999999873,0.9000000000000032,-1.1102230246251565e-16,0.018122902777777828,7.067822049634803,1.0,
full_288,sonnet,0.05,Weighted global,equal_call_budget,0.9,0.9000000000000032,0.022199999999999873,0.8925000000000025,0.007499999999999916,0.011312599999999971,9.385223292124934,0.9916666666666659,
full_288,lite,0.05,Weighted global,equal_call_budget,0.9,0.9000000000000032,0.022199999999999873,0.8722222222222245,0.02777777777777768,0.00405516205555556,4.470580023864615,0.9691358024691348,
full_288,luna,0.05,Weighted global,equal_call_budget,0.9,0.9000000000000032,0.022199999999999873,0.8758333333333327,0.024166666666666548,0.0007013728333333345,6.527481645081935,0.9731481481481439,
full_288,qwen_local,0.05,Weighted global,equal_call_budget,0.9,0.9000000000000032,0.022199999999999873,0.8769444444444429,0.02305555555555558,0.0,112.03406484924662,0.9743827160493774,
full_288,baseline,0.05,Weighted global,equal_call_budget,1.0,0.9999999999999999,0.0,0.6444444444444454,0.3555555555555546,0.0003905255555555542,1.662141628188293,0.6444444444444455,
full_288,opus,0.05,Weighted global,equal_call_budget,1.0,0.9999999999999999,0.0,0.9999999999999999,0.0,0.017315270833333386,7.062639848975858,1.0,
full_288,pro,0.05,Weighted global,equal_call_budget,1.0,0.9999999999999999,0.0,0.9999999999999999,0.0,0.027610677777777794,16.162547162934505,1.0,
full_288,astra,0.05,Weighted global,equal_call_budget,1.0,0.9999999999999999,0.0,0.9999999999999999,0.0,0.02046169444444434,7.995701999012608,1.0,
full_288,sonnet,0.05,Weighted global,equal_call_budget,1.0,0.9999999999999999,0.0,0.9875000000000027,0.0125,0.01271852499999996,10.551339969306758,0.9875000000000028,
full_288,lite,0.05,Weighted global,equal_call_budget,1.0,0.9999999999999999,0.0,0.9722222222222263,0.0277777777777777,0.0044868488888888695,4.9502314325506,0.9722222222222264,
full_288,luna,0.05,Weighted global,equal_call_budget,1.0,0.9999999999999999,0.0,0.9749999999999965,0.025,0.000789367499999999,7.332745643770461,0.9749999999999966,
full_288,qwen_local,0.05,Weighted global,equal_call_budget,1.0,0.9999999999999999,0.0,0.9736111111111064,0.02638888888888889,0.0,124.27882091303401,0.9736111111111065,
full_288,baseline,0.05,Weighted regime,threshold,0.4,0.008333333333333333,0.3496799999999995,0.005340277777777776,0.002993055555555556,3.254983333333334e-06,0.013749086624664614,0.6408333333333331,
full_288,opus,0.05,Weighted regime,threshold,0.4,0.008333333333333333,0.3496799999999995,0.008333333333333333,0.0,0.00013135753472222223,0.05135271604584544,1.0,
full_288,pro,0.05,Weighted regime,threshold,0.4,0.008333333333333333,0.3496799999999995,0.008333333333333333,0.0,0.00019641058333333335,0.11554970848563081,1.0,
full_288,astra,0.05,Weighted regime,threshold,0.4,0.008333333333333333,0.3496799999999995,0.008333333333333333,0.0,0.00016321998263888892,0.06375772958959472,1.0,
full_288,sonnet,0.05,Weighted regime,threshold,0.4,0.008333333333333333,0.3496799999999995,0.008333333333333333,0.0,8.045447222222222e-05,0.0659727074645602,1.0,
full_288,lite,0.05,Weighted regime,threshold,0.4,0.008333333333333333,0.3496799999999995,0.008305555555555556,2.7777777777777816e-05,3.474552291666666e-05,0.03927810843675009,0.9966666666666667,
full_288,luna,0.05,Weighted regime,threshold,0.4,0.008333333333333333,0.3496799999999995,0.008305555555555556,2.7777777777777816e-05,6.580639930555556e-06,0.06246801963568336,0.9966666666666667,
full_288,qwen_local,0.05,Weighted regime,threshold,0.4,0.008333333333333333,0.3496799999999995,0.00829861111111111,3.4722222222222236e-05,0.0,1.012200545239309,0.9958333333333333,
full_288,baseline,0.05,Weighted regime,threshold,0.6,0.36250000000000016,0.17615499999999995,0.23043749999999946,0.1320625000000001,0.00014250527222222183,0.6104198404297053,0.635689655172412,
full_288,opus,0.05,Weighted regime,threshold,0.6,0.36250000000000016,0.17615499999999995,0.36250000000000016,0.0,0.0060197389583333495,2.389428653134801,1.0,
full_288,pro,0.05,Weighted regime,threshold,0.6,0.36250000000000016,0.17615499999999995,0.36250000000000016,0.0,0.009161975583333313,5.4204135782261655,1.0,
full_288,astra,0.05,Weighted regime,threshold,0.6,0.36250000000000016,0.17615499999999995,0.36250000000000016,0.0,0.007240357256944454,2.8599580654972248,1.0,
full_288,sonnet,0.05,Weighted regime,threshold,0.6,0.36250000000000016,0.17615499999999995,0.36244444444444457,5.5555555555555355e-05,0.0038899698194444464,3.2066167136760515,0.9998467432950191,
full_288,lite,0.05,Weighted regime,threshold,0.6,0.36250000000000016,0.17615499999999995,0.35494444444444445,0.0075555555555555445,0.0015589560736111098,1.7464276214537018,0.9791570881226049,
full_288,luna,0.05,Weighted regime,threshold,0.6,0.36250000000000016,0.17615499999999995,0.3560555555555554,0.006444444444444422,0.0002710187506944444,2.58410780158137,0.9822222222222213,
full_288,qwen_local,0.05,Weighted regime,threshold,0.6,0.36250000000000016,0.17615499999999995,0.3533333333333319,0.009166666666666656,0.0,45.64465282149597,0.9747126436781565,
full_288,baseline,0.05,Weighted regime,threshold,0.7,0.6575000000000011,0.07221499999999982,0.42754861111111003,0.2299513888888886,0.00025802996111111144,1.098922148505872,0.6502640473172765,
full_288,opus,0.05,Weighted regime,threshold,0.7,0.6575000000000011,0.07221499999999982,0.6575000000000011,0.0,0.011240770520833367,4.57231363690412,1.0,
full_288,pro,0.05,Weighted regime,threshold,0.7,0.6575000000000011,0.07221499999999982,0.6575000000000011,0.0,0.017681274944444422,10.398490086996354,1.0,
full_288,astra,0.05,Weighted regime,threshold,0.7,0.6575000000000011,0.07221499999999982,0.6575000000000011,0.0,0.013077360763888893,5.095645969029708,1.0,
full_288,sonnet,0.05,Weighted regime,threshold,0.7,0.6575000000000011,0.07221499999999982,0.6545763888888904,0.002923611111111101,0.00795266647222221,6.585076856773415,0.9955534431770179,
full_288,lite,0.05,Weighted regime,threshold,0.7,0.6575000000000011,0.07221499999999982,0.6408888888888908,0.016611111111111087,0.0029434392715277763,3.2523343000782843,0.9747359526827221,
full_288,luna,0.05,Weighted regime,threshold,0.7,0.6575000000000011,0.07221499999999982,0.6463124999999994,0.01118749999999996,0.0004990649694444435,4.694388001533605,0.9829847908745222,
full_288,qwen_local,0.05,Weighted regime,threshold,0.7,0.6575000000000011,0.07221499999999982,0.6378958333333352,0.019604166666666627,0.0,81.9002689391062,0.9701837769328276,
full_288,baseline,0.05,Weighted regime,threshold,0.8,0.8366666666666673,0.03253999999999992,0.5425833333333329,0.2940833333333325,0.00032781024444444433,1.3964274625167272,0.6485059760956164,
full_288,opus,0.05,Weighted regime,threshold,0.8,0.8366666666666673,0.03253999999999992,0.8366666666666673,0.0,0.014437071250000046,5.8900606477008095,1.0,
full_288,pro,0.05,Weighted regime,threshold,0.8,0.8366666666666673,0.03253999999999992,0.8366666666666673,0.0,0.02292814177777775,13.43923129378253,1.0,
full_288,astra,0.05,Weighted regime,threshold,0.8,0.8366666666666673,0.03253999999999992,0.8366666666666673,0.0,0.016989246944444453,6.633134496623731,1.0,
full_288,sonnet,0.05,Weighted regime,threshold,0.8,0.8366666666666673,0.03253999999999992,0.8280277777777789,0.008638888888888857,0.010468686000000003,8.676533436487734,0.9896746347941573,
full_288,lite,0.05,Weighted regime,threshold,0.8,0.8366666666666673,0.03253999999999992,0.8157777777777784,0.020888888888888842,0.0037481196249999926,4.138497757356031,0.9750332005312085,
full_288,luna,0.05,Weighted regime,threshold,0.8,0.8366666666666673,0.03253999999999992,0.8199166666666662,0.016749999999999966,0.000651248022222222,6.079908517904709,0.9799800796812735,
full_288,qwen_local,0.05,Weighted regime,threshold,0.8,0.8366666666666673,0.03253999999999992,0.8131388888888891,0.02352777777777781,0.0,103.99101815859007,0.9718791500664005,
full_288,baseline,0.05,Weighted regime,threshold,0.9,0.9966666666666667,0.0006199999999999999,0.6424166666666676,0.35424999999999907,0.0003892611777777765,1.6568491404219445,0.6445652173913053,
full_288,opus,0.05,Weighted regime,threshold,0.9,0.9966666666666667,0.0006199999999999999,0.9966666666666667,0.0,0.017257521250000053,7.039449784204816,1.0,
full_288,pro,0.05,Weighted regime,threshold,0.9,0.9966666666666667,0.0006199999999999999,0.9966666666666667,0.0,0.027518763777777785,16.108691111732846,1.0,
full_288,astra,0.05,Weighted regime,threshold,0.9,0.9966666666666667,0.0006199999999999999,0.9966666666666667,0.0,0.020394946944444346,7.969707175375118,1.0,
full_288,sonnet,0.05,Weighted regime,threshold,0.9,0.9966666666666667,0.0006199999999999999,0.984194444444447,0.012472222222222218,0.012673160999999962,10.513432339419339,0.9874860646599802,
full_288,lite,0.05,Weighted regime,threshold,0.9,0.9966666666666667,0.0006199999999999999,0.9691111111111149,0.02755555555555548,0.004471374141666647,4.933330050938247,0.9723522853957675,
full_288,luna,0.05,Weighted regime,threshold,0.9,0.9966666666666667,0.0006199999999999999,0.9719166666666632,0.024749999999999987,0.0007866151555555546,7.307917297749408,0.975167224080264,
full_288,qwen_local,0.05,Weighted regime,threshold,0.9,0.9966666666666667,0.0006199999999999999,0.9703055555555511,0.026361111111111116,0.0,123.8613709415446,0.9735507246376767,
full_288,baseline,0.05,Weighted regime,equal_call_budget,0.0,0.0,0.35399999999999937,0.0,0.0,0.0,0.0,,
full_288,opus,0.05,Weighted regime,equal_call_budget,0.0,0.0,0.35399999999999937,0.0,0.0,0.0,0.0,,
full_288,pro,0.05,Weighted regime,equal_call_budget,0.0,0.0,0.35399999999999937,0.0,0.0,0.0,0.0,,
full_288,astra,0.05,Weighted regime,equal_call_budget,0.0,0.0,0.35399999999999937,0.0,0.0,0.0,0.0,,
full_288,sonnet,0.05,Weighted regime,equal_call_budget,0.0,0.0,0.35399999999999937,0.0,0.0,0.0,0.0,,
full_288,lite,0.05,Weighted regime,equal_call_budget,0.0,0.0,0.35399999999999937,0.0,0.0,0.0,0.0,,
full_288,luna,0.05,Weighted regime,equal_call_budget,0.0,0.0,0.35399999999999937,0.0,0.0,0.0,0.0,,
full_288,qwen_local,0.05,Weighted regime,equal_call_budget,0.0,0.0,0.35399999999999937,0.0,0.0,0.0,0.0,,
full_288,baseline,0.05,Weighted regime,equal_call_budget,0.1,0.10000000000000009,0.3028619999999998,0.06392083333333339,0.03607916666666677,3.931811000000007e-05,0.16734539628982126,0.6392083333333333,
full_288,opus,0.05,Weighted regime,equal_call_budget,0.1,0.10000000000000009,0.3028619999999998,0.10000000000000009,0.0,0.0016143129791666684,0.6342816824762612,1.0,
full_288,pro,0.05,Weighted regime,equal_call_budget,0.1,0.10000000000000009,0.3028619999999998,0.10000000000000009,0.0,0.0024177351500000014,1.4278931625079396,1.0,
full_288,astra,0.05,Weighted regime,equal_call_budget,0.1,0.10000000000000009,0.3028619999999998,0.10000000000000009,0.0,0.0019797367604166664,0.7791189832585909,1.0,
full_288,sonnet,0.05,Weighted regime,equal_call_budget,0.1,0.10000000000000009,0.3028619999999998,0.10000000000000009,0.0,0.0010120820666666651,0.8312205111147623,1.0,
full_288,lite,0.05,Weighted regime,equal_call_budget,0.1,0.10000000000000009,0.3028619999999998,0.09901666666666686,0.0009833333333333315,0.00042244158624999957,0.4761580727362902,0.9901666666666677,
full_288,luna,0.05,Weighted regime,equal_call_budget,0.1,0.10000000000000009,0.3028619999999998,0.09901666666666686,0.0009833333333333315,7.670164104166654e-05,0.7302899092764281,0.9901666666666677,
full_288,qwen_local,0.05,Weighted regime,equal_call_budget,0.1,0.10000000000000009,0.3028619999999998,0.09877083333333343,0.0012291666666666644,0.0,12.37724549359555,0.9877083333333334,
full_288,baseline,0.05,Weighted regime,equal_call_budget,0.2,0.20000000000000015,0.25241800000000014,0.12770416666666637,0.07229583333333318,7.876515888888897e-05,0.33604493824914533,0.6385208333333313,
full_288,opus,0.05,Weighted regime,equal_call_budget,0.2,0.20000000000000015,0.25241800000000014,0.20000000000000015,0.0,0.003255289187499988,1.2816980295141607,1.0,
full_288,pro,0.05,Weighted regime,equal_call_budget,0.2,0.20000000000000015,0.25241800000000014,0.20000000000000015,0.0,0.00488394209444444,2.8875367672570498,1.0,
full_288,astra,0.05,Weighted regime,equal_call_budget,0.2,0.20000000000000015,0.25241800000000014,0.20000000000000015,0.0,0.003972927909722234,1.5668750001852003,1.0,
full_288,sonnet,0.05,Weighted regime,equal_call_budget,0.2,0.20000000000000015,0.25241800000000014,0.19999722222222238,2.7777777777777957e-06,0.002057606772222217,1.6910676443879509,0.9999861111111111,
full_288,lite,0.05,Weighted regime,equal_call_budget,0.2,0.20000000000000015,0.25241800000000014,0.19752777777777733,0.002472222222222194,0.0008488948159722203,0.9556610207616754,0.987638888888886,
full_288,luna,0.05,Weighted regime,equal_call_budget,0.2,0.20000000000000015,0.25241800000000014,0.1975777777777773,0.0024222222222221924,0.00015195019347222197,1.44803369065297,0.9878888888888857,
full_288,qwen_local,0.05,Weighted regime,equal_call_budget,0.2,0.20000000000000015,0.25241800000000014,0.1969222222222229,0.003077777777777767,0.0,24.905233642571613,0.9846111111111137,
full_288,baseline,0.05,Weighted regime,equal_call_budget,0.3,0.29999999999999893,0.203362,0.19121249999999979,0.10878749999999965,0.00011847008555555562,0.5074527715474764,0.6373750000000016,
full_288,opus,0.05,Weighted regime,equal_call_budget,0.3,0.29999999999999893,0.203362,0.29999999999999893,0.0,0.004949591854166661,1.955383705675344,1.0,
full_288,pro,0.05,Weighted regime,equal_call_budget,0.3,0.29999999999999893,0.203362,0.29999999999999893,0.0,0.007447092627777795,4.410681256488523,1.0,
full_288,astra,0.05,Weighted regime,equal_call_budget,0.3,0.29999999999999893,0.203362,0.29999999999999893,0.0,0.005993027836805559,2.371905084447837,1.0,
full_288,sonnet,0.05,Weighted regime,equal_call_budget,0.3,0.29999999999999893,0.203362,0.2999888888888878,1.1111111111111183e-05,0.0031700167555555503,2.608168021978005,0.9999629629629629,
full_288,lite,0.05,Weighted regime,equal_call_budget,0.3,0.29999999999999893,0.203362,0.2950277777777773,0.004972222222222218,0.0012833713326388869,1.4418537193652494,0.9834259259259277,
full_288,luna,0.05,Weighted regime,equal_call_budget,0.3,0.29999999999999893,0.203362,0.2952277777777772,0.004772222222222216,0.00022429256868055597,2.1406852162297354,0.9840925925925942,
full_288,qwen_local,0.05,Weighted regime,equal_call_budget,0.3,0.29999999999999893,0.203362,0.29383472222222184,0.006165277777777758,0.0,37.73470710230879,0.9794490740740763,
full_288,baseline,0.05,Weighted regime,equal_call_budget,0.4,0.4000000000000003,0.16226200000000035,0.2544624999999996,0.1455374999999999,0.00015677301888888912,0.6709145063355791,0.6361562499999985,
full_288,opus,0.05,Weighted regime,equal_call_budget,0.4,0.4000000000000003,0.16226200000000035,0.40000000000000036,-4.274358644806853e-17,0.006674916645833317,2.6615935066938987,1.0000000000000002,
full_288,pro,0.05,Weighted regime,equal_call_budget,0.4,0.4000000000000003,0.16226200000000035,0.40000000000000036,-4.274358644806853e-17,0.01025215812777777,6.057476183499262,1.0000000000000002,
full_288,astra,0.05,Weighted regime,equal_call_budget,0.4,0.4000000000000003,0.16226200000000035,0.40000000000000036,-4.274358644806853e-17,0.007979360284722202,3.143318628171244,1.0000000000000002,
full_288,sonnet,0.05,Weighted regime,equal_call_budget,0.4,0.4000000000000003,0.16226200000000035,0.3997805555555561,0.00021944444444440297,0.004366253338888888,3.6042340594554734,0.9994513888888895,
full_288,lite,0.05,Weighted regime,equal_call_budget,0.4,0.4000000000000003,0.16226200000000035,0.39069444444444507,0.009305555555555541,0.0017303945951388918,1.9332553854985488,0.9767361111111119,
full_288,luna,0.05,Weighted regime,equal_call_budget,0.4,0.4000000000000003,0.16226200000000035,0.39264444444444413,0.007355555555555517,0.0002999018593055552,2.854090421832225,0.9816111111111095,
full_288,qwen_local,0.05,Weighted regime,equal_call_budget,0.4,0.4000000000000003,0.16226200000000035,0.3888555555555544,0.011144444444444464,0.0,50.29786539897597,0.9721388888888852,
full_288,baseline,0.05,Weighted regime,equal_call_budget,0.5,0.5,0.12513999999999972,0.3175833333333341,0.18241666666666626,0.000194374955555556,0.8304031918685711,0.6351666666666682,
full_288,opus,0.05,Weighted regime,equal_call_budget,0.5,0.5,0.12513999999999972,0.5,-8.881784197001253e-17,0.008415752499999991,3.3840653701411645,1.0,
full_288,pro,0.05,Weighted regime,equal_call_budget,0.5,0.5,0.12513999999999972,0.5,-8.881784197001253e-17,0.013178181111111116,7.766096329399646,1.0,
full_288,astra,0.05,Weighted regime,equal_call_budget,0.5,0.5,0.12513999999999972,0.5,-8.881784197001253e-17,0.009948808993055551,3.897923901625018,1.0,
full_288,sonnet,0.05,Weighted regime,equal_call_budget,0.5,0.5,0.12513999999999972,0.49947222222222204,0.0005277777777776871,0.005604403222222228,4.639782926876615,0.9989444444444441,
full_288,lite,0.05,Weighted regime,equal_call_budget,0.5,0.5,0.12513999999999972,0.485444444444445,0.014555555555555504,0.002183691230555549,2.427261535396699,0.97088888888889,
full_288,luna,0.05,Weighted regime,equal_call_budget,0.5,0.5,0.12513999999999972,0.4899444444444457,0.010055555555555509,0.00037714460763888956,3.5778724674475733,0.9798888888888914,
full_288,qwen_local,0.05,Weighted regime,equal_call_budget,0.5,0.5,0.12513999999999972,0.482930555555555,0.01706944444444439,0.0,62.72786611410852,0.96586111111111,
full_288,baseline,0.05,Weighted regime,equal_call_budget,0.6,0.5999999999999979,0.09097000000000013,0.3877916666666658,0.21220833333333344,0.00023491150222222266,1.0012078588550855,0.6463194444444453,
full_288,opus,0.05,Weighted regime,equal_call_budget,0.6,0.5999999999999979,0.09097000000000013,0.5999999999999979,0.0,0.010209735708333334,4.139275134295744,1.0,
full_288,pro,0.05,Weighted regime,equal_call_budget,0.6,0.5999999999999979,0.09097000000000013,0.5999999999999979,0.0,0.016027305177777725,9.433048962415153,1.0,
full_288,astra,0.05,Weighted regime,equal_call_budget,0.6,0.5999999999999979,0.09097000000000013,0.5999999999999979,0.0,0.011919043118055589,4.650635733804792,1.0,
full_288,sonnet,0.05,Weighted regime,equal_call_budget,0.6,0.5999999999999979,0.09097000000000013,0.5980888888888884,0.0019111111111111412,0.007104273838888874,5.881967676334808,0.9968148148148176,
full_288,lite,0.05,Weighted regime,equal_call_budget,0.6,0.5999999999999979,0.09097000000000013,0.5841777777777764,0.015822222222222203,0.002669015149722214,2.9537745461255316,0.9736296296296307,
full_288,luna,0.05,Weighted regime,equal_call_budget,0.6,0.5999999999999979,0.09097000000000013,0.5893027777777772,0.010697222222222191,0.0004540282968055559,4.281779991955251,0.9821712962962987,
full_288,qwen_local,0.05,Weighted regime,equal_call_budget,0.6,0.5999999999999979,0.09097000000000013,0.5814722222222202,0.018527777777777747,0.0,74.89172697361123,0.9691203703703704,
full_288,baseline,0.05,Weighted regime,equal_call_budget,0.7,0.7000000000000008,0.06114200000000006,0.45583750000000073,0.24416250000000062,0.00027487266000000106,1.1704132040265203,0.6511964285714288,
full_288,opus,0.05,Weighted regime,equal_call_budget,0.7,0.7000000000000008,0.06114200000000006,0.7000000000000008,-7.382983113757291e-17,0.012001386416666678,4.888277937661803,1.0,
full_288,pro,0.05,Weighted regime,equal_call_budget,0.7,0.7000000000000008,0.06114200000000006,0.7000000000000008,-7.382983113757291e-17,0.018912098227777816,11.114196138061791,1.0,
full_288,astra,0.05,Weighted regime,equal_call_budget,0.7,0.7000000000000008,0.06114200000000006,0.7000000000000008,-7.382983113757291e-17,0.013974450194444496,5.445109909939923,1.0,
full_288,sonnet,0.05,Weighted regime,equal_call_budget,0.7,0.7000000000000008,0.06114200000000006,0.6959625000000011,0.004037499999999955,0.008568539524999964,7.096134859538784,0.9942321428571433,
full_288,lite,0.05,Weighted regime,equal_call_budget,0.7,0.7000000000000008,0.06114200000000006,0.6826111111111117,0.017388888888888898,0.003140200703749992,3.46782630064153,0.9751587301587299,
full_288,luna,0.05,Weighted regime,equal_call_budget,0.7,0.7000000000000008,0.06114200000000006,0.687877777777778,0.012122222222222178,0.0005339896911111102,5.012562199889047,0.9826825396825388,
full_288,qwen_local,0.05,Weighted regime,equal_call_budget,0.7,0.7000000000000008,0.06114200000000006,0.6796708333333317,0.02032916666666656,0.0,87.11223567210023,0.9709583333333298,
full_288,baseline,0.05,Weighted regime,equal_call_budget,0.8,0.8000000000000007,0.03999799999999999,0.5195583333333339,0.2804416666666665,0.0003136830399999994,1.336419905567788,0.6494479166666668,
full_288,opus,0.05,Weighted regime,equal_call_budget,0.8,0.8000000000000007,0.03999799999999999,0.8000000000000007,0.0,0.013788372125000038,5.624866819450857,1.0,
full_288,pro,0.05,Weighted regime,equal_call_budget,0.8,0.8000000000000007,0.03999799999999999,0.8000000000000007,0.0,0.021868229244444523,12.823732398970828,1.0,
full_288,astra,0.05,Weighted regime,equal_call_budget,0.8,0.8000000000000007,0.03999799999999999,0.8000000000000007,0.0,0.016200203173611066,6.323108773985739,1.0,
full_288,sonnet,0.05,Weighted regime,equal_call_budget,0.8,0.8000000000000007,0.03999799999999999,0.7923500000000016,0.007650000000000077,0.00996159535,8.254266910234351,0.9904375000000011,
full_288,lite,0.05,Weighted regime,equal_call_budget,0.8,0.8000000000000007,0.03999799999999999,0.7804444444444428,0.019555555555555545,0.0035831095275000073,3.956955542731933,0.9755555555555526,
full_288,luna,0.05,Weighted regime,equal_call_budget,0.8,0.8000000000000007,0.03999799999999999,0.7848861111111124,0.015113888888889003,0.000620106495694445,5.797093774674982,0.9811076388888896,
full_288,qwen_local,0.05,Weighted regime,equal_call_budget,0.8,0.8000000000000007,0.03999799999999999,0.777183333333332,0.022816666666666773,0.0,99.44604004856166,0.9714791666666641,
full_288,baseline,0.05,Weighted regime,equal_call_budget,0.9,0.9000000000000032,0.019770000000000006,0.5822569444444451,0.31774305555555526,0.0003521821222222236,1.499909934924233,0.6469521604938255,
full_288,opus,0.05,Weighted regime,equal_call_budget,0.9,0.9000000000000032,0.019770000000000006,0.9000000000000032,-3.608224830031759e-17,0.015556528750000041,6.347293807618691,1.0,
full_288,pro,0.05,Weighted regime,equal_call_budget,0.9,0.9000000000000032,0.019770000000000006,0.9000000000000032,-3.608224830031759e-17,0.024756434861111117,14.501165556738071,1.0,
full_288,astra,0.05,Weighted regime,equal_call_budget,0.9,0.9000000000000032,0.019770000000000006,0.9000000000000032,-3.608224830031759e-17,0.018349950277777836,7.167745836805656,1.0,
full_288,sonnet,0.05,Weighted regime,equal_call_budget,0.9,0.9000000000000032,0.019770000000000006,0.8896874999999987,0.010312499999999997,0.01134297837499999,9.404722544002404,0.9885416666666617,
full_288,lite,0.05,Weighted regime,equal_call_budget,0.9,0.9000000000000032,0.019770000000000006,0.8767222222222251,0.023277777777777814,0.004033187036805552,4.452091747077487,0.9741358024691354,
full_288,luna,0.05,Weighted regime,equal_call_budget,0.9,0.9000000000000032,0.019770000000000006,0.8803333333333303,0.019666666666666655,0.0007050342583333319,6.568260837270351,0.9781481481481412,
full_288,qwen_local,0.05,Weighted regime,equal_call_budget,0.9,0.9000000000000032,0.019770000000000006,0.8752569444444434,0.02474305555555558,0.0,111.84591326964312,0.972507716049378,
full_288,baseline,0.05,Weighted regime,equal_call_budget,1.0,0.9999999999999999,0.0,0.6444444444444454,0.3555555555555546,0.0003905255555555542,1.662141628188293,0.6444444444444455,
full_288,opus,0.05,Weighted regime,equal_call_budget,1.0,0.9999999999999999,0.0,0.9999999999999999,0.0,0.017315270833333386,7.062639848975858,1.0,
full_288,pro,0.05,Weighted regime,equal_call_budget,1.0,0.9999999999999999,0.0,0.9999999999999999,0.0,0.027610677777777794,16.162547162934505,1.0,
full_288,astra,0.05,Weighted regime,equal_call_budget,1.0,0.9999999999999999,0.0,0.9999999999999999,0.0,0.02046169444444434,7.995701999012608,1.0,
full_288,sonnet,0.05,Weighted regime,equal_call_budget,1.0,0.9999999999999999,0.0,0.9875000000000027,0.0125,0.01271852499999996,10.551339969306758,0.9875000000000028,
full_288,lite,0.05,Weighted regime,equal_call_budget,1.0,0.9999999999999999,0.0,0.9722222222222263,0.0277777777777777,0.0044868488888888695,4.9502314325506,0.9722222222222264,
full_288,luna,0.05,Weighted regime,equal_call_budget,1.0,0.9999999999999999,0.0,0.9749999999999965,0.025,0.000789367499999999,7.332745643770461,0.9749999999999966,
full_288,qwen_local,0.05,Weighted regime,equal_call_budget,1.0,0.9999999999999999,0.0,0.9736111111111064,0.02638888888888889,0.0,124.27882091303401,0.9736111111111065,
full_288,baseline,0.2,Context cells,threshold,0.4,0.032666666666666705,0.33537999999999935,0.02177777777777778,0.010888888888888898,1.2638733333333326e-05,0.05313157026243992,0.666666666666666,
full_288,opus,0.2,Context cells,threshold,0.4,0.032666666666666705,0.33537999999999935,0.032666666666666705,0.0,0.00048354833333333304,0.18720812492310576,1.0,
full_288,pro,0.2,Context cells,threshold,0.4,0.032666666666666705,0.33537999999999935,0.032666666666666705,0.0,0.0006749641111111104,0.40691954433117966,1.0,
full_288,astra,0.2,Context cells,threshold,0.4,0.032666666666666705,0.33537999999999935,0.032666666666666705,0.0,0.0006153957638888882,0.2389699157823021,1.0,
full_288,sonnet,0.2,Context cells,threshold,0.4,0.032666666666666705,0.33537999999999935,0.032666666666666705,0.0,0.0002888060000000001,0.23358928782531063,1.0,
full_288,lite,0.2,Context cells,threshold,0.4,0.032666666666666705,0.33537999999999935,0.032666666666666705,0.0,0.00013507952500000018,0.15330051130855749,1.0,
full_288,luna,0.2,Context cells,threshold,0.4,0.032666666666666705,0.33537999999999935,0.032666666666666705,0.0,2.615286527777777e-05,0.2513140831731145,1.0,
full_288,qwen_local,0.2,Context cells,threshold,0.4,0.032666666666666705,0.33537999999999935,0.032666666666666705,0.0,0.0,3.752899303536712,1.0,
full_288,baseline,0.2,Context cells,threshold,0.6,0.40099999999999997,0.15527000000000007,0.25527777777777805,0.14572222222222206,0.0001553530222222218,0.6638529167982871,0.6366029371016909,
full_288,opus,0.2,Context cells,threshold,0.6,0.40099999999999997,0.15527000000000007,0.40099999999999997,0.0,0.006732294375000018,2.711565541696881,1.0,
full_288,pro,0.2,Context cells,threshold,0.6,0.40099999999999997,0.15527000000000007,0.40099999999999997,0.0,0.010126768111111104,6.022826704841184,1.0,
full_288,astra,0.2,Context cells,threshold,0.6,0.40099999999999997,0.15527000000000007,0.40099999999999997,0.0,0.007887506423611128,3.090224369255198,1.0,
full_288,sonnet,0.2,Context cells,threshold,0.6,0.40099999999999997,0.15527000000000007,0.40099999999999997,0.0,0.0044767621944444445,3.7074521787706387,1.0,
full_288,lite,0.2,Context cells,threshold,0.6,0.40099999999999997,0.15527000000000007,0.38705555555555593,0.013944444444444426,0.0017651092236111133,1.9655787183108877,0.9652258243280697,
full_288,luna,0.2,Context cells,threshold,0.6,0.40099999999999997,0.15527000000000007,0.3912499999999995,0.009749999999999976,0.00029929803125000023,2.8717355135275495,0.9756857855361584,
full_288,qwen_local,0.2,Context cells,threshold,0.6,0.40099999999999997,0.15527000000000007,0.38659722222222237,0.014402777777777796,0.0,50.345865319357955,0.9640828484344698,
full_288,baseline,0.2,Context cells,threshold,0.7,0.6163333333333315,0.0780500000000002,0.4001250000000004,0.21620833333333406,0.00024153449999999975,1.030124120100371,0.6492022714981096,
full_288,opus,0.2,Context cells,threshold,0.7,0.6163333333333315,0.0780500000000002,0.6163333333333315,0.0,0.010572118611111105,4.313188511878207,1.0,
full_288,pro,0.2,Context cells,threshold,0.7,0.6163333333333315,0.0780500000000002,0.6163333333333315,0.0,0.016506379944444406,9.70895986396199,1.0,
full_288,astra,0.2,Context cells,threshold,0.7,0.6163333333333315,0.0780500000000002,0.6163333333333315,0.0,0.012307972152777798,4.7946575969891025,1.0,
full_288,sonnet,0.2,Context cells,threshold,0.7,0.6163333333333315,0.0780500000000002,0.6154166666666645,0.0009166666666666634,0.00744676341666666,6.180283722707563,0.9985127095727414,
full_288,lite,0.2,Context cells,threshold,0.7,0.6163333333333315,0.0780500000000002,0.5996666666666655,0.016666666666666642,0.002763016066666672,3.0560209119647608,0.9729583558680377,
full_288,luna,0.2,Context cells,threshold,0.7,0.6163333333333315,0.0780500000000002,0.6052222222222223,0.011111111111111072,0.0004713244930555565,4.432518539454952,0.981972237245361,
full_288,qwen_local,0.2,Context cells,threshold,0.7,0.6163333333333315,0.0780500000000002,0.5973611111111122,0.01897222222222235,0.0,76.70049273890518,0.9692175950964532,
full_288,baseline,0.2,Context cells,threshold,0.8,0.8528333333333359,0.02006999999999991,0.5484791666666673,0.3043541666666675,0.0003335948944444441,1.422941002533961,0.6431258549931589,
full_288,opus,0.2,Context cells,threshold,0.8,0.8528333333333359,0.02006999999999991,0.8528333333333359,0.0,0.014893555555555583,6.0903434219099655,1.0,
full_288,pro,0.2,Context cells,threshold,0.8,0.8528333333333359,0.02006999999999991,0.8528333333333359,0.0,0.023570730638888916,13.80518679422989,1.0,
full_288,astra,0.2,Context cells,threshold,0.8,0.8528333333333359,0.02006999999999991,0.8528333333333359,0.0,0.017581222812500054,6.8632259037654055,1.0,
full_288,sonnet,0.2,Context cells,threshold,0.8,0.8528333333333359,0.02006999999999991,0.8446111111111132,0.008222222222222193,0.010914490694444444,9.071717332672137,0.9903589342713824,
full_288,lite,0.2,Context cells,threshold,0.8,0.8528333333333359,0.02006999999999991,0.8290000000000012,0.023833333333333272,0.0038105287243055497,4.211030206601378,0.9720539378542099,
full_288,luna,0.2,Context cells,threshold,0.8,0.8528333333333359,0.02006999999999991,0.834555555555555,0.018277777777777712,0.0006780251909722239,6.322510895958683,0.9785681714546248,
full_288,qwen_local,0.2,Context cells,threshold,0.8,0.8528333333333359,0.02006999999999991,0.8291874999999997,0.023645833333333432,0.0,106.0125078473068,0.9722737932382223,
full_288,baseline,0.2,Context cells,threshold,0.9,0.9391666666666684,0.0034750000000000033,0.6045486111111122,0.3346180555555561,0.00036671386111111146,1.56156083852513,0.6437074829931974,
full_288,opus,0.2,Context cells,threshold,0.9,0.9391666666666684,0.0034750000000000033,0.9391666666666684,0.0,0.016350290104166606,6.669562004481036,1.0,
full_288,pro,0.2,Context cells,threshold,0.9,0.9391666666666684,0.0034750000000000033,0.9391666666666684,0.0,0.026095001388888858,15.2803791208309,1.0,
full_288,astra,0.2,Context cells,threshold,0.9,0.9391666666666684,0.0034750000000000033,0.9391666666666684,0.0,0.019300363541666646,7.538414164511502,1.0,
full_288,sonnet,0.2,Context cells,threshold,0.9,0.9391666666666684,0.0034750000000000033,0.9305902777777798,0.008576388888888859,0.012013764999999996,9.978759874770757,0.9908680863649811,
full_288,lite,0.2,Context cells,threshold,0.9,0.9391666666666684,0.0034750000000000033,0.9113888888888907,0.0277777777777777,0.004200756843749988,4.635739766487256,0.9704229517894116,
full_288,luna,0.2,Context cells,threshold,0.9,0.9391666666666684,0.0034750000000000033,0.916701388888886,0.02246527777777772,0.0007494580833333362,6.967590408161435,0.9760795622596816,
full_288,qwen_local,0.2,Context cells,threshold,0.9,0.9391666666666684,0.0034750000000000033,0.9139236111111093,0.025243055555555574,0.0,116.78896536951666,0.9731218574386239,
full_288,baseline,0.2,Context cells,equal_call_budget,0.0,0.0,0.35399999999999937,0.0,0.0,0.0,0.0,,
full_288,opus,0.2,Context cells,equal_call_budget,0.0,0.0,0.35399999999999937,0.0,0.0,0.0,0.0,,
full_288,pro,0.2,Context cells,equal_call_budget,0.0,0.0,0.35399999999999937,0.0,0.0,0.0,0.0,,
full_288,astra,0.2,Context cells,equal_call_budget,0.0,0.0,0.35399999999999937,0.0,0.0,0.0,0.0,,
full_288,sonnet,0.2,Context cells,equal_call_budget,0.0,0.0,0.35399999999999937,0.0,0.0,0.0,0.0,,
full_288,lite,0.2,Context cells,equal_call_budget,0.0,0.0,0.35399999999999937,0.0,0.0,0.0,0.0,,
full_288,luna,0.2,Context cells,equal_call_budget,0.0,0.0,0.35399999999999937,0.0,0.0,0.0,0.0,,
full_288,qwen_local,0.2,Context cells,equal_call_budget,0.0,0.0,0.35399999999999937,0.0,0.0,0.0,0.0,,
full_288,baseline,0.2,Context cells,equal_call_budget,0.1,0.10000000000000007,0.29759999999999887,0.06624999999999988,0.03374999999999993,3.885933333333341e-05,0.16394422712299256,0.6624999999999983,
full_288,opus,0.2,Context cells,equal_call_budget,0.1,0.10000000000000007,0.29759999999999887,0.10000000000000007,0.0,0.0015124333333333335,0.5877947645512203,1.0,
full_288,pro,0.2,Context cells,equal_call_budget,0.1,0.10000000000000007,0.29759999999999887,0.10000000000000007,0.0,0.002118413333333338,1.2766615158366015,1.0,
full_288,astra,0.2,Context cells,equal_call_budget,0.1,0.10000000000000007,0.29759999999999887,0.10000000000000007,0.0,0.0018984531250000037,0.7409604843490538,1.0,
full_288,sonnet,0.2,Context cells,equal_call_budget,0.1,0.10000000000000007,0.29759999999999887,0.10000000000000007,0.0,0.0009182733333333323,0.7449503342432833,1.0,
full_288,lite,0.2,Context cells,equal_call_budget,0.1,0.10000000000000007,0.29759999999999887,0.09958333333333343,0.0004166666666666666,0.0004177524166666663,0.4733188193598972,0.9958333333333336,
full_288,luna,0.2,Context cells,equal_call_budget,0.1,0.10000000000000007,0.29759999999999887,0.09958333333333343,0.0004166666666666666,7.869489583333334e-05,0.7576182282788821,0.9958333333333336,
full_288,qwen_local,0.2,Context cells,equal_call_budget,0.1,0.10000000000000007,0.29759999999999887,0.09958333333333343,0.0004166666666666666,0.0,11.733374498935374,0.9958333333333336,
full_288,baseline,0.2,Context cells,equal_call_budget,0.2,0.20000000000000015,0.24448999999999985,0.1302361111111116,0.06976388888888906,7.857671111111138e-05,0.33457501667459916,0.6511805555555575,
full_288,opus,0.2,Context cells,equal_call_budget,0.2,0.20000000000000015,0.24448999999999985,0.20000000000000015,0.0,0.0031961494444444315,1.2542452838967957,1.0,
full_288,pro,0.2,Context cells,equal_call_budget,0.2,0.20000000000000015,0.24448999999999985,0.20000000000000015,0.0,0.004518778722222217,2.7202063667698244,1.0,
full_288,astra,0.2,Context cells,equal_call_budget,0.2,0.20000000000000015,0.24448999999999985,0.20000000000000015,0.0,0.0038742172222222173,1.5313897657229572,1.0,
full_288,sonnet,0.2,Context cells,equal_call_budget,0.2,0.20000000000000015,0.24448999999999985,0.20000000000000015,0.0,0.002018451027777782,1.6492497386007197,1.0,
full_288,lite,0.2,Context cells,equal_call_budget,0.2,0.20000000000000015,0.24448999999999985,0.1969027777777781,0.003097222222222212,0.000858032938888886,0.9679034841060705,0.9845138888888897,
full_288,luna,0.2,Context cells,equal_call_budget,0.2,0.20000000000000015,0.24448999999999985,0.19694444444444476,0.0030555555555555457,0.00015021939722222253,1.4536207122287004,0.984722222222223,
full_288,qwen_local,0.2,Context cells,equal_call_budget,0.2,0.20000000000000015,0.24448999999999985,0.1969027777777781,0.003097222222222212,0.0,24.758615372802243,0.9845138888888897,
full_288,baseline,0.2,Context cells,equal_call_budget,0.3,0.29999999999999893,0.19649500000000011,0.19260416666666688,0.10739583333333325,0.00011772599999999973,0.5036984778659143,0.6420138888888919,
full_288,opus,0.2,Context cells,equal_call_budget,0.3,0.29999999999999893,0.19649500000000011,0.29999999999999893,0.0,0.004952588958333338,1.9649541469732354,1.0,
full_288,pro,0.2,Context cells,equal_call_budget,0.3,0.29999999999999893,0.19649500000000011,0.29999999999999893,0.0,0.007183254638888884,4.3047480932563476,1.0,
full_288,astra,0.2,Context cells,equal_call_budget,0.3,0.29999999999999893,0.19649500000000011,0.29999999999999893,0.0,0.0058869346874999996,2.3302813382615555,1.0,
full_288,sonnet,0.2,Context cells,equal_call_budget,0.3,0.29999999999999893,0.19649500000000011,0.29999999999999893,0.0,0.0032093966250000007,2.639323099301335,1.0,
full_288,lite,0.2,Context cells,equal_call_budget,0.3,0.29999999999999893,0.19649500000000011,0.292354166666666,0.007645833333333307,0.001305964887500002,1.4652672296412954,0.9745138888888902,
full_288,luna,0.2,Context cells,equal_call_budget,0.3,0.29999999999999893,0.19649500000000011,0.29343055555555486,0.006569444444444421,0.00022122979236111146,2.1384489430707108,0.978101851851853,
full_288,qwen_local,0.2,Context cells,equal_call_budget,0.3,0.29999999999999893,0.19649500000000011,0.29210416666666594,0.007895833333333305,0.0,37.901808976330805,0.9736805555555565,
full_288,baseline,0.2,Context cells,equal_call_budget,0.4,0.4000000000000003,0.15513999999999994,0.25316666666666693,0.14683333333333284,0.00015441819999999958,0.65965925236712,0.6329166666666668,
full_288,opus,0.2,Context cells,equal_call_budget,0.4,0.4000000000000003,0.15513999999999994,0.40000000000000036,-3.2474023470285827e-17,0.006723248750000022,2.7088031826518644,1.0000000000000002,
full_288,pro,0.2,Context cells,equal_call_budget,0.4,0.4000000000000003,0.15513999999999994,0.40000000000000036,-3.2474023470285827e-17,0.010109680888888863,6.011762619349951,1.0000000000000002,
full_288,astra,0.2,Context cells,equal_call_budget,0.4,0.4000000000000003,0.15513999999999994,0.40000000000000036,-3.2474023470285827e-17,0.007861818958333357,3.078619101721031,1.0000000000000002,
full_288,sonnet,0.2,Context cells,equal_call_budget,0.4,0.4000000000000003,0.15513999999999994,0.40000000000000036,-3.2474023470285827e-17,0.004449310333333329,3.688315266036378,1.0000000000000002,
full_288,lite,0.2,Context cells,equal_call_budget,0.4,0.4000000000000003,0.15513999999999994,0.3851666666666675,0.014833333333333296,0.0017594886500000024,1.9595131639856416,0.962916666666668,
full_288,luna,0.2,Context cells,equal_call_budget,0.4,0.4000000000000003,0.15513999999999994,0.38980555555555435,0.01019444444444441,0.00029849014027777816,2.868887205866282,0.9745138888888851,
full_288,qwen_local,0.2,Context cells,equal_call_budget,0.4,0.4000000000000003,0.15513999999999994,0.3849166666666675,0.015083333333333292,0.0,50.36444396145302,0.9622916666666681,
full_288,baseline,0.2,Context cells,equal_call_budget,0.5,0.5,0.11788500000000013,0.3224513888888895,0.177548611111111,0.000194652038888889,0.8308956739783082,0.644902777777779,
full_288,opus,0.2,Context cells,equal_call_budget,0.5,0.5,0.11788500000000013,0.5,-7.605027718682323e-17,0.008473413923611093,3.4396874917210116,1.0,
full_288,pro,0.2,Context cells,equal_call_budget,0.5,0.5,0.11788500000000013,0.5,-7.605027718682323e-17,0.013004409027777742,7.697133079711494,1.0,
full_288,astra,0.2,Context cells,equal_call_budget,0.5,0.5,0.11788500000000013,0.5,-7.605027718682323e-17,0.009867587500000016,3.848660187081716,1.0,
full_288,sonnet,0.2,Context cells,equal_call_budget,0.5,0.5,0.11788500000000013,0.4999791666666667,2.0833333333257208e-05,0.005819731263888877,4.825382646984329,0.9999583333333334,
full_288,lite,0.2,Context cells,equal_call_budget,0.5,0.5,0.11788500000000013,0.4838750000000009,0.016124999999999952,0.0022267273277777715,2.468119455669286,0.9677500000000018,
full_288,luna,0.2,Context cells,equal_call_budget,0.5,0.5,0.11788500000000013,0.4891597222222228,0.01084027777777774,0.00037650755972222234,3.575955850161575,0.9783194444444456,
full_288,qwen_local,0.2,Context cells,equal_call_budget,0.5,0.5,0.11788500000000013,0.48279861111111283,0.017201388888888898,0.0,62.27034404738778,0.9655972222222257,
full_288,baseline,0.2,Context cells,equal_call_budget,0.6,0.5999999999999979,0.08222000000000029,0.3900833333333336,0.2099166666666674,0.0002352464888888884,1.0025770325150853,0.6501388888888917,
full_288,opus,0.2,Context cells,equal_call_budget,0.6,0.5999999999999979,0.08222000000000029,0.5999999999999979,0.0,0.010267624305555556,4.185516713969401,1.0,
full_288,pro,0.2,Context cells,equal_call_budget,0.6,0.5999999999999979,0.08222000000000029,0.5999999999999979,0.0,0.01599275055555551,9.413693331967346,1.0,
full_288,astra,0.2,Context cells,equal_call_budget,0.6,0.5999999999999979,0.08222000000000029,0.5999999999999979,0.0,0.0119018046527778,4.6325658844454125,1.0,
full_288,sonnet,0.2,Context cells,equal_call_budget,0.6,0.5999999999999979,0.08222000000000029,0.5998888888888869,0.00011111111111111071,0.007212249166666657,5.984910659420804,0.999814814814815,
full_288,lite,0.2,Context cells,equal_call_budget,0.6,0.5999999999999979,0.08222000000000029,0.5833333333333317,0.016666666666666635,0.002694805883333339,2.9794551160225717,0.972222222222223,
full_288,luna,0.2,Context cells,equal_call_budget,0.6,0.5999999999999979,0.08222000000000029,0.5888888888888887,0.011111111111111072,0.00045543466527777905,4.2870267088611635,0.9814814814814846,
full_288,qwen_local,0.2,Context cells,equal_call_budget,0.6,0.5999999999999979,0.08222000000000029,0.5818333333333342,0.01816666666666671,0.0,74.73291381510111,0.9697222222222271,
full_288,baseline,0.2,Context cells,equal_call_budget,0.7,0.7000000000000008,0.05560999999999987,0.4527708333333343,0.24722916666666628,0.0002742382388888881,1.1715214145254056,0.6468154761904767,
full_288,opus,0.2,Context cells,equal_call_budget,0.7,0.7000000000000008,0.05560999999999987,0.7000000000000008,1.2212453270876722e-17,0.012119634479166667,4.958726369822684,1.0,
full_288,pro,0.2,Context cells,equal_call_budget,0.7,0.7000000000000008,0.05560999999999987,0.7000000000000008,1.2212453270876722e-17,0.01907893836111118,11.190535503009032,1.0,
full_288,astra,0.2,Context cells,equal_call_budget,0.7,0.7000000000000008,0.05560999999999987,0.7000000000000008,1.2212453270876722e-17,0.014271597777777777,5.570921651671651,1.0,
full_288,sonnet,0.2,Context cells,equal_call_budget,0.7,0.7000000000000008,0.05560999999999987,0.6958263888888904,0.004173611111111109,0.008661439138888923,7.191907195828601,0.9940376984126993,
full_288,lite,0.2,Context cells,equal_call_budget,0.7,0.7000000000000008,0.05560999999999987,0.6828194444444453,0.01718055555555552,0.0031260168194444404,3.4596859619422413,0.9754563492063493,
full_288,luna,0.2,Context cells,equal_call_budget,0.7,0.7000000000000008,0.05560999999999987,0.6883749999999985,0.011624999999999963,0.000547822665277778,5.131722809043672,0.9833928571428538,
full_288,qwen_local,0.2,Context cells,equal_call_budget,0.7,0.7000000000000008,0.05560999999999987,0.6782013888888879,0.021798611111111078,0.0,86.9301264333854,0.9688591269841245,
full_288,baseline,0.2,Context cells,equal_call_budget,0.8,0.8000000000000006,0.03167999999999994,0.51563888888889,0.2843611111111104,0.00031335144444444415,1.3380174255579902,0.644548611111112,
full_288,opus,0.2,Context cells,equal_call_budget,0.8,0.8000000000000006,0.03167999999999994,0.8000000000000006,-7.771561172376097e-18,0.013938837361111093,5.704616406103389,1.0,
full_288,pro,0.2,Context cells,equal_call_budget,0.8,0.8000000000000006,0.03167999999999994,0.8000000000000006,-7.771561172376097e-18,0.02203372444444447,12.907223026547195,1.0,
full_288,astra,0.2,Context cells,equal_call_budget,0.8,0.8000000000000006,0.03167999999999994,0.8000000000000006,-7.771561172376097e-18,0.016466985590277757,6.430003172299828,1.0,
full_288,sonnet,0.2,Context cells,equal_call_budget,0.8,0.8000000000000006,0.03167999999999994,0.7923611111111112,0.007638888888888854,0.010131757444444467,8.415056715653549,0.9904513888888883,
full_288,lite,0.2,Context cells,equal_call_budget,0.8,0.8000000000000006,0.03167999999999994,0.7799444444444442,0.02005555555555557,0.0035703775944444494,3.9489931531656577,0.9749305555555545,
full_288,luna,0.2,Context cells,equal_call_budget,0.8,0.8000000000000006,0.03167999999999994,0.7854999999999981,0.014499999999999957,0.0006328066784722214,5.912175564001975,0.9818749999999968,
full_288,qwen_local,0.2,Context cells,equal_call_budget,0.8,0.8000000000000006,0.03167999999999994,0.7764861111111133,0.02351388888888895,0.0,99.34897143452112,0.9706076388888909,
full_288,baseline,0.2,Context cells,equal_call_budget,0.9,0.9000000000000032,0.010129999999999988,0.5781388888888901,0.3218611111111114,0.00035157822222222225,1.498070945988719,0.6423765432098756,
full_288,opus,0.2,Context cells,equal_call_budget,0.9,0.9000000000000032,0.010129999999999988,0.9000000000000032,-9.658940314238862e-17,0.015731785625000022,6.4264684996069175,1.0,
full_288,pro,0.2,Context cells,equal_call_budget,0.9,0.9000000000000032,0.010129999999999988,0.9000000000000032,-9.658940314238862e-17,0.024948938888889,14.611092828142636,1.0,
full_288,astra,0.2,Context cells,equal_call_budget,0.9,0.9000000000000032,0.010129999999999988,0.9000000000000032,-9.658940314238862e-17,0.018556156250000063,7.242787126288565,1.0,
full_288,sonnet,0.2,Context cells,equal_call_budget,0.9,0.9000000000000032,0.010129999999999988,0.8916666666666698,0.008333333333333246,0.011590813833333345,9.6383944638468,0.9907407407407407,
full_288,lite,0.2,Context cells,equal_call_budget,0.9,0.9000000000000032,0.010129999999999988,0.8725833333333352,0.027416666666666624,0.00402525864305556,4.4446248067158045,0.9695370370370355,
full_288,luna,0.2,Context cells,equal_call_budget,0.9,0.9000000000000032,0.010129999999999988,0.8781388888888874,0.02186111111111102,0.0007183819944444466,6.68702708259374,0.9757098765432046,
full_288,qwen_local,0.2,Context cells,equal_call_budget,0.9,0.9000000000000032,0.010129999999999988,0.8762083333333337,0.023791666666666766,0.0,111.97158788327408,0.9735648148148117,
full_288,baseline,0.2,Context cells,equal_call_budget,1.0,0.9999999999999999,0.0,0.6444444444444454,0.3555555555555546,0.0003905255555555542,1.662141628188293,0.6444444444444455,
full_288,opus,0.2,Context cells,equal_call_budget,1.0,0.9999999999999999,0.0,0.9999999999999999,0.0,0.017315270833333386,7.062639848975858,1.0,
full_288,pro,0.2,Context cells,equal_call_budget,1.0,0.9999999999999999,0.0,0.9999999999999999,0.0,0.027610677777777794,16.162547162934505,1.0,
full_288,astra,0.2,Context cells,equal_call_budget,1.0,0.9999999999999999,0.0,0.9999999999999999,0.0,0.02046169444444434,7.995701999012608,1.0,
full_288,sonnet,0.2,Context cells,equal_call_budget,1.0,0.9999999999999999,0.0,0.9875000000000027,0.0125,0.01271852499999996,10.551339969306758,0.9875000000000028,
full_288,lite,0.2,Context cells,equal_call_budget,1.0,0.9999999999999999,0.0,0.9722222222222263,0.0277777777777777,0.0044868488888888695,4.9502314325506,0.9722222222222264,
full_288,luna,0.2,Context cells,equal_call_budget,1.0,0.9999999999999999,0.0,0.9749999999999965,0.025,0.000789367499999999,7.332745643770461,0.9749999999999966,
full_288,qwen_local,0.2,Context cells,equal_call_budget,1.0,0.9999999999999999,0.0,0.9736111111111064,0.02638888888888889,0.0,124.27882091303401,0.9736111111111065,
full_288,baseline,0.2,Global,threshold,0.4,0.0,0.35399999999999937,0.0,0.0,0.0,0.0,,
full_288,opus,0.2,Global,threshold,0.4,0.0,0.35399999999999937,0.0,0.0,0.0,0.0,,
full_288,pro,0.2,Global,threshold,0.4,0.0,0.35399999999999937,0.0,0.0,0.0,0.0,,
full_288,astra,0.2,Global,threshold,0.4,0.0,0.35399999999999937,0.0,0.0,0.0,0.0,,
full_288,sonnet,0.2,Global,threshold,0.4,0.0,0.35399999999999937,0.0,0.0,0.0,0.0,,
full_288,lite,0.2,Global,threshold,0.4,0.0,0.35399999999999937,0.0,0.0,0.0,0.0,,
full_288,luna,0.2,Global,threshold,0.4,0.0,0.35399999999999937,0.0,0.0,0.0,0.0,,
full_288,qwen_local,0.2,Global,threshold,0.4,0.0,0.35399999999999937,0.0,0.0,0.0,0.0,,
full_288,baseline,0.2,Global,threshold,0.6,0.166666666666667,0.2730000000000012,0.10555555555555537,0.06111111111111124,6.708666666666685e-05,0.2931075539844131,0.633333333333331,
full_288,opus,0.2,Global,threshold,0.6,0.166666666666667,0.2730000000000012,0.166666666666667,0.0,0.0029196319444444447,1.1658934741947162,1.0,
full_288,pro,0.2,Global,threshold,0.6,0.166666666666667,0.2730000000000012,0.166666666666667,0.0,0.0043959666666666475,2.6286607903308656,1.0,
full_288,astra,0.2,Global,threshold,0.6,0.166666666666667,0.2730000000000012,0.166666666666667,0.0,0.0034266840277777854,1.3830486547415348,1.0,
full_288,sonnet,0.2,Global,threshold,0.6,0.166666666666667,0.2730000000000012,0.166666666666667,0.0,0.0019677694444444373,1.623669699599196,1.0,
full_288,lite,0.2,Global,threshold,0.6,0.166666666666667,0.2730000000000012,0.16111111111111134,0.005555555555555543,0.0007371820833333336,0.82264502639106,0.9666666666666662,
full_288,luna,0.2,Global,threshold,0.6,0.166666666666667,0.2730000000000012,0.16111111111111134,0.005555555555555543,0.00011418173611111097,1.100696343853877,0.9666666666666662,
full_288,qwen_local,0.2,Global,threshold,0.6,0.166666666666667,0.2730000000000012,0.15972222222222165,0.006944444444444425,0.0,22.0196951411235,0.958333333333328,
full_288,baseline,0.2,Global,threshold,0.7,0.333333333333334,0.18599999999999997,0.21249999999999922,0.1208333333333335,0.00013196555555555517,0.5660753063120265,0.6374999999999964,
full_288,opus,0.2,Global,threshold,0.7,0.333333333333334,0.18599999999999997,0.333333333333334,0.0,0.005514284722222242,2.1775212225251885,1.0,
full_288,pro,0.2,Global,threshold,0.7,0.333333333333334,0.18599999999999997,0.333333333333334,0.0,0.008272205555555537,4.9043586688636704,1.0,
full_288,astra,0.2,Global,threshold,0.7,0.333333333333334,0.18599999999999997,0.333333333333334,0.0,0.0066730520833333485,2.646215017316805,1.0,
full_288,sonnet,0.2,Global,threshold,0.7,0.333333333333334,0.18599999999999997,0.333333333333334,0.0,0.003537005555555554,2.9093221210783993,1.0,
full_288,lite,0.2,Global,threshold,0.7,0.333333333333334,0.18599999999999997,0.3277777777777772,0.005555555555555536,0.0014273956944444444,1.6040868776087225,0.9833333333333297,
full_288,luna,0.2,Global,threshold,0.7,0.333333333333334,0.18599999999999997,0.3277777777777772,0.005555555555555536,0.0002477313194444442,2.366574964218626,0.9833333333333297,
full_288,qwen_local,0.2,Global,threshold,0.7,0.333333333333334,0.18599999999999997,0.32638888888888745,0.00694444444444442,0.0,42.06640779742784,0.9791666666666604,
full_288,baseline,0.2,Global,threshold,0.8,0.6250000000000012,0.08349999999999995,0.4093749999999991,0.2156249999999998,0.0002467697222222222,1.0506478173043812,0.6549999999999973,
full_288,opus,0.2,Global,threshold,0.8,0.6250000000000012,0.08349999999999995,0.6250000000000012,0.0,0.010687083333333347,4.345264066836459,1.0,
full_288,pro,0.2,Global,threshold,0.8,0.6250000000000012,0.08349999999999995,0.6250000000000012,0.0,0.016683890277777783,9.82061694538912,1.0,
full_288,astra,0.2,Global,threshold,0.8,0.6250000000000012,0.08349999999999995,0.6250000000000012,0.0,0.012407529513888899,4.836556398963377,1.0,
full_288,sonnet,0.2,Global,threshold,0.8,0.6250000000000012,0.08349999999999995,0.6222222222222231,0.002777777777777768,0.0076236180555555545,6.306031413635772,0.9955555555555551,
full_288,lite,0.2,Global,threshold,0.8,0.6250000000000012,0.08349999999999995,0.611111111111112,0.01388888888888887,0.002808669618055553,3.1041869139010174,0.9777777777777774,
full_288,luna,0.2,Global,threshold,0.8,0.6250000000000012,0.08349999999999995,0.6152777777777764,0.009722222222222188,0.00047262690972222146,4.443336747767007,0.9844444444444402,
full_288,qwen_local,0.2,Global,threshold,0.8,0.6250000000000012,0.08349999999999995,0.6086805555555578,0.016319444444444407,0.0,77.80308079109673,0.9738888888888906,
full_288,baseline,0.2,Global,threshold,0.9,0.8333333333333341,0.03699999999999994,0.5361111111111113,0.29722222222222283,0.00032519333333333423,1.3797887256472456,0.643333333333333,
full_288,opus,0.2,Global,threshold,0.9,0.8333333333333341,0.03699999999999994,0.8333333333333341,0.0,0.014293152777777835,5.802397645162703,1.0,
full_288,pro,0.2,Global,threshold,0.9,0.8333333333333341,0.03699999999999994,0.8333333333333341,0.0,0.022518450000000047,13.23538526876655,1.0,
full_288,astra,0.2,Global,threshold,0.9,0.8333333333333341,0.03699999999999994,0.8333333333333341,0.0,0.016563708333333392,6.449235416716277,1.0,
full_288,sonnet,0.2,Global,threshold,0.9,0.8333333333333341,0.03699999999999994,0.8291666666666689,0.004166666666666652,0.01037531666666668,8.607812174003808,0.9950000000000018,
full_288,lite,0.2,Global,threshold,0.9,0.8333333333333341,0.03699999999999994,0.805555555555554,0.0277777777777777,0.0037673708333333385,4.150812418073969,0.9666666666666639,
full_288,luna,0.2,Global,threshold,0.9,0.8333333333333341,0.03699999999999994,0.8097222222222236,0.023611111111111156,0.0006427097222222204,5.990638979289615,0.9716666666666673,
full_288,qwen_local,0.2,Global,threshold,0.9,0.8333333333333341,0.03699999999999994,0.8124999999999999,0.020833333333333436,0.0,103.87089414005466,0.9749999999999989,
full_288,baseline,0.2,Global,equal_call_budget,0.0,0.0,0.35399999999999937,0.0,0.0,0.0,0.0,,
full_288,opus,0.2,Global,equal_call_budget,0.0,0.0,0.35399999999999937,0.0,0.0,0.0,0.0,,
full_288,pro,0.2,Global,equal_call_budget,0.0,0.0,0.35399999999999937,0.0,0.0,0.0,0.0,,
full_288,astra,0.2,Global,equal_call_budget,0.0,0.0,0.35399999999999937,0.0,0.0,0.0,0.0,,
full_288,sonnet,0.2,Global,equal_call_budget,0.0,0.0,0.35399999999999937,0.0,0.0,0.0,0.0,,
full_288,lite,0.2,Global,equal_call_budget,0.0,0.0,0.35399999999999937,0.0,0.0,0.0,0.0,,
full_288,luna,0.2,Global,equal_call_budget,0.0,0.0,0.35399999999999937,0.0,0.0,0.0,0.0,,
full_288,qwen_local,0.2,Global,equal_call_budget,0.0,0.0,0.35399999999999937,0.0,0.0,0.0,0.0,,
full_288,baseline,0.2,Global,equal_call_budget,0.1,0.10000000000000009,0.30539999999999917,0.06333333333333313,0.036666666666666826,4.02520000000001e-05,0.1758645323906479,0.6333333333333308,
full_288,opus,0.2,Global,equal_call_budget,0.1,0.10000000000000009,0.30539999999999917,0.10000000000000009,0.0,0.0017517791666666707,0.6995360845168264,1.0,
full_288,pro,0.2,Global,equal_call_budget,0.1,0.10000000000000009,0.30539999999999917,0.10000000000000009,0.0,0.0026375799999999888,1.5771964741985232,1.0,
full_288,astra,0.2,Global,equal_call_budget,0.1,0.10000000000000009,0.30539999999999917,0.10000000000000009,0.0,0.002056010416666659,0.8298291928449177,1.0,
full_288,sonnet,0.2,Global,equal_call_budget,0.1,0.10000000000000009,0.30539999999999917,0.10000000000000009,0.0,0.001180661666666666,0.9742018197595215,1.0,
full_288,lite,0.2,Global,equal_call_budget,0.1,0.10000000000000009,0.30539999999999917,0.09666666666666719,0.0033333333333333097,0.0004423092499999993,0.49358701583463566,0.9666666666666711,
full_288,luna,0.2,Global,equal_call_budget,0.1,0.10000000000000009,0.30539999999999917,0.09666666666666719,0.0033333333333333097,6.850904166666636e-05,0.6604178063123246,0.9666666666666711,
full_288,qwen_local,0.2,Global,equal_call_budget,0.1,0.10000000000000009,0.30539999999999917,0.09583333333333353,0.0041666666666666545,0.0,13.211817084674117,0.9583333333333345,
full_288,baseline,0.2,Global,equal_call_budget,0.2,0.20000000000000015,0.2556000000000007,0.12694444444444408,0.07305555555555544,8.00624444444449e-05,0.34770110444993757,0.63472222222222,
full_288,opus,0.2,Global,equal_call_budget,0.2,0.20000000000000015,0.2556000000000007,0.20000000000000015,0.0,0.0034385624999999963,1.3682190238608063,1.0,
full_288,pro,0.2,Global,equal_call_budget,0.2,0.20000000000000015,0.2556000000000007,0.20000000000000015,0.0,0.0051712144444444556,3.0838003660374325,1.0,
full_288,astra,0.2,Global,equal_call_budget,0.2,0.20000000000000015,0.2556000000000007,0.20000000000000015,0.0,0.004075957638888898,1.6356819272565817,1.0,
full_288,sonnet,0.2,Global,equal_call_budget,0.2,0.20000000000000015,0.2556000000000007,0.20000000000000015,0.0,0.0022816166666666565,1.8808001838950381,1.0,
full_288,lite,0.2,Global,equal_call_budget,0.2,0.20000000000000015,0.2556000000000007,0.1944444444444436,0.005555555555555536,0.0008752248055555546,0.9789333966345951,0.9722222222222172,
full_288,luna,0.2,Global,equal_call_budget,0.2,0.20000000000000015,0.2556000000000007,0.1944444444444436,0.005555555555555536,0.00014089165277777715,1.3538720679268288,0.9722222222222172,
full_288,qwen_local,0.2,Global,equal_call_budget,0.2,0.20000000000000015,0.2556000000000007,0.19305555555555565,0.00694444444444442,0.0,26.029037672384238,0.9652777777777775,
full_288,baseline,0.2,Global,equal_call_budget,0.3,0.29999999999999893,0.2033999999999999,0.19111111111111184,0.10888888888888845,0.00011898977777777724,0.5114817558465035,0.6370370370370417,
full_288,opus,0.2,Global,equal_call_budget,0.3,0.29999999999999893,0.2033999999999999,0.29999999999999893,0.0,0.004995354166666653,1.975195672859111,1.0,
full_288,pro,0.2,Global,equal_call_budget,0.3,0.29999999999999893,0.2033999999999999,0.29999999999999893,0.0,0.007496957777777762,4.449219093157125,1.0,
full_288,astra,0.2,Global,equal_call_budget,0.3,0.29999999999999893,0.2033999999999999,0.29999999999999893,0.0,0.0060237784722222175,2.393581744801739,1.0,
full_288,sonnet,0.2,Global,equal_call_budget,0.3,0.29999999999999893,0.2033999999999999,0.29999999999999893,0.0,0.0032231583333333196,2.6521916367825638,1.0,
full_288,lite,0.2,Global,equal_call_budget,0.3,0.29999999999999893,0.2033999999999999,0.29444444444444434,0.005555555555555536,0.0012893529722222182,1.4477985073651842,0.9814814814814846,
full_288,luna,0.2,Global,equal_call_budget,0.3,0.29999999999999893,0.2033999999999999,0.29444444444444434,0.005555555555555536,0.00022102140277777813,2.113399240145672,0.9814814814814846,
full_288,qwen_local,0.2,Global,equal_call_budget,0.3,0.29999999999999893,0.2033999999999999,0.2930555555555547,0.00694444444444442,0.0,38.057065266166994,0.9768518518518524,
full_288,baseline,0.2,Global,equal_call_budget,0.4,0.4000000000000003,0.16359999999999963,0.2608333333333326,0.13916666666666702,0.00015964155555555514,0.6824844866784064,0.652083333333331,
full_288,opus,0.2,Global,equal_call_budget,0.4,0.4000000000000003,0.16359999999999963,0.4000000000000003,0.0,0.006721095833333324,2.6874619525207906,1.0,
full_288,pro,0.2,Global,equal_call_budget,0.4,0.4000000000000003,0.16359999999999963,0.4000000000000003,0.0,0.010150247777777746,6.004503063520564,1.0,
full_288,astra,0.2,Global,equal_call_budget,0.4,0.4000000000000003,0.16359999999999963,0.4000000000000003,0.0,0.007984278472222214,3.1468261669213358,1.0,
full_288,sonnet,0.2,Global,equal_call_budget,0.4,0.4000000000000003,0.16359999999999963,0.3988888888888898,0.0011111111111111183,0.004591452222222234,3.780326718904803,0.9972222222222238,
full_288,lite,0.2,Global,equal_call_budget,0.4,0.4000000000000003,0.16359999999999963,0.39444444444444543,0.005555555555555536,0.0017579486388888941,1.9622591838593737,0.9861111111111128,
full_288,luna,0.2,Global,equal_call_budget,0.4,0.4000000000000003,0.16359999999999963,0.39444444444444543,0.005555555555555536,0.00029873084722222145,2.830217761074047,0.9861111111111128,
full_288,qwen_local,0.2,Global,equal_call_budget,0.4,0.4000000000000003,0.16359999999999963,0.3930555555555544,0.00694444444444442,0.0,50.126699265509345,0.9826388888888852,
full_288,baseline,0.2,Global,equal_call_budget,0.5,0.5,0.12999999999999984,0.333333333333334,0.166666666666667,0.00020115555555555496,0.8570982572279862,0.666666666666668,
full_288,opus,0.2,Global,equal_call_budget,0.5,0.5,0.12999999999999984,0.5,0.0,0.008531312499999992,3.4523730475141714,1.0,
full_288,pro,0.2,Global,equal_call_budget,0.5,0.5,0.12999999999999984,0.5,0.0,0.012967311111111131,7.65471965550584,1.0,
full_288,astra,0.2,Global,equal_call_budget,0.5,0.5,0.12999999999999984,0.5,0.0,0.009951118055555586,3.897742891328136,1.0,
full_288,sonnet,0.2,Global,equal_call_budget,0.5,0.5,0.12999999999999984,0.49722222222222096,0.002777777777777768,0.0061731222222222385,5.086833615644416,0.9944444444444419,
full_288,lite,0.2,Global,equal_call_budget,0.5,0.5,0.12999999999999984,0.4944444444444436,0.005555555555555536,0.0022537780555555477,2.4995176432353645,0.9888888888888872,
full_288,luna,0.2,Global,equal_call_budget,0.5,0.5,0.12999999999999984,0.4944444444444436,0.005555555555555536,0.00037523013888889024,3.5256819563571766,0.9888888888888872,
full_288,qwen_local,0.2,Global,equal_call_budget,0.5,0.5,0.12999999999999984,0.49305555555555686,0.00694444444444442,0.0,62.21713646763237,0.9861111111111137,
full_288,baseline,0.2,Global,equal_call_budget,0.6,0.5999999999999979,0.09280000000000013,0.3941666666666649,0.20583333333333312,0.00023764688888888778,1.0119379052891022,0.6569444444444438,
full_288,opus,0.2,Global,equal_call_budget,0.6,0.5999999999999979,0.09280000000000013,0.5999999999999979,0.0,0.010255929166666636,4.166685862972005,1.0,
full_288,pro,0.2,Global,equal_call_budget,0.6,0.5999999999999979,0.09280000000000013,0.5999999999999979,0.0,0.015940574444444494,9.387437487412411,1.0,
full_288,astra,0.2,Global,equal_call_budget,0.6,0.5999999999999979,0.09280000000000013,0.5999999999999979,0.0,0.011916247222222216,4.648793697436329,1.0,
full_288,sonnet,0.2,Global,equal_call_budget,0.6,0.5999999999999979,0.09280000000000013,0.5972222222222248,0.002777777777777768,0.007333518888888855,6.062191854037488,0.9953703703703781,
full_288,lite,0.2,Global,equal_call_budget,0.6,0.5999999999999979,0.09280000000000013,0.5877777777777766,0.012222222222222174,0.0026976913055555664,2.9832530597678892,0.9796296296296312,
full_288,luna,0.2,Global,equal_call_budget,0.6,0.5999999999999979,0.09280000000000013,0.5911111111111079,0.008888888888888884,0.0004531475555555564,4.259805789485058,0.9851851851851834,
full_288,qwen_local,0.2,Global,equal_call_budget,0.6,0.5999999999999979,0.09280000000000013,0.5855555555555574,0.014444444444444442,0.0,74.6858919264037,0.9759259259259324,
full_288,baseline,0.2,Global,equal_call_budget,0.7,0.7000000000000008,0.06179999999999988,0.45499999999999863,0.24499999999999933,0.00027461822222222355,1.1680892149933302,0.6499999999999972,
full_288,opus,0.2,Global,equal_call_budget,0.7,0.7000000000000008,0.06179999999999988,0.7000000000000008,0.0,0.011983169444444506,4.874795054320991,1.0,
full_288,pro,0.2,Global,equal_call_budget,0.7,0.7000000000000008,0.06179999999999988,0.7000000000000008,0.0,0.018841890000000024,11.08114322070014,1.0,
full_288,astra,0.2,Global,equal_call_budget,0.7,0.7000000000000008,0.06179999999999988,0.7000000000000008,0.0,0.013893808333333377,5.4094424712167095,1.0,
full_288,sonnet,0.2,Global,equal_call_budget,0.7,0.7000000000000008,0.06179999999999988,0.6969444444444443,0.003055555555555589,0.008560756666666622,7.091506978507075,0.9956349206349192,
full_288,lite,0.2,Global,equal_call_budget,0.7,0.7000000000000008,0.06179999999999988,0.68111111111111,0.018888888888889056,0.00314838094444444,3.474757153579772,0.9730158730158702,
full_288,luna,0.2,Global,equal_call_budget,0.7,0.7000000000000008,0.06179999999999988,0.6863888888888886,0.01361111111111106,0.0005326159444444429,4.997505138447507,0.980555555555554,
full_288,qwen_local,0.2,Global,equal_call_budget,0.7,0.7000000000000008,0.06179999999999988,0.6802777777777758,0.019722222222222224,0.0,87.17289528047898,0.9718253968253928,
full_288,baseline,0.2,Global,equal_call_budget,0.8,0.8000000000000007,0.04319999999999991,0.5158333333333333,0.2841666666666659,0.00031254955555555525,1.3268638479837644,0.644791666666666,
full_288,opus,0.2,Global,equal_call_budget,0.8,0.8000000000000007,0.04319999999999991,0.8000000000000007,0.0,0.013715656944444503,5.570496997452231,1.0,
full_288,pro,0.2,Global,equal_call_budget,0.8,0.8000000000000007,0.04319999999999991,0.8000000000000007,0.0,0.021599310000000028,12.696824756749988,1.0,
full_288,astra,0.2,Global,equal_call_budget,0.8,0.8000000000000007,0.04319999999999991,0.8000000000000007,0.0,0.015896233333333266,6.189287180341372,1.0,
full_288,sonnet,0.2,Global,equal_call_budget,0.8,0.8000000000000007,0.04319999999999991,0.7961111111111139,0.0038888888888889417,0.009921676666666714,8.228735875129592,0.9951388888888915,
full_288,lite,0.2,Global,equal_call_budget,0.8,0.8000000000000007,0.04319999999999991,0.7744444444444418,0.025555555555555675,0.0036126233611111203,3.9817986019504246,0.9680555555555515,
full_288,luna,0.2,Global,equal_call_budget,0.8,0.8000000000000007,0.04319999999999991,0.7788888888888895,0.021111111111111254,0.0006151862777777769,5.742355519079082,0.973611111111111,
full_288,qwen_local,0.2,Global,equal_call_budget,0.8,0.8000000000000007,0.04319999999999991,0.7794444444444454,0.02055555555555562,0.0,99.69639442516088,0.9743055555555559,
full_288,baseline,0.2,Global,equal_call_budget,0.9,0.9000000000000032,0.022199999999999873,0.579444444444447,0.32055555555555637,0.00035132622222222424,1.4927298866636591,0.6438271604938277,
full_288,opus,0.2,Global,equal_call_budget,0.9,0.9000000000000032,0.022199999999999873,0.9000000000000032,-1.1102230246251565e-16,0.015502000000000018,6.306494526687947,1.0,
full_288,pro,0.2,Global,equal_call_budget,0.9,0.9000000000000032,0.022199999999999873,0.9000000000000032,-1.1102230246251565e-16,0.02455534111111117,14.406250026433685,1.0,
full_288,astra,0.2,Global,equal_call_budget,0.9,0.9000000000000032,0.022199999999999873,0.9000000000000032,-1.1102230246251565e-16,0.018122902777777828,7.067822049634803,1.0,
full_288,sonnet,0.2,Global,equal_call_budget,0.9,0.9000000000000032,0.022199999999999873,0.8925000000000025,0.007499999999999916,0.011312599999999971,9.385223292124934,0.9916666666666659,
full_288,lite,0.2,Global,equal_call_budget,0.9,0.9000000000000032,0.022199999999999873,0.8722222222222245,0.02777777777777768,0.00405516205555556,4.470580023864615,0.9691358024691348,
full_288,luna,0.2,Global,equal_call_budget,0.9,0.9000000000000032,0.022199999999999873,0.8758333333333327,0.024166666666666548,0.0007013728333333345,6.527481645081935,0.9731481481481439,
full_288,qwen_local,0.2,Global,equal_call_budget,0.9,0.9000000000000032,0.022199999999999873,0.8769444444444429,0.02305555555555558,0.0,112.03406484924662,0.9743827160493774,
full_288,baseline,0.2,Global,equal_call_budget,1.0,0.9999999999999999,0.0,0.6444444444444454,0.3555555555555546,0.0003905255555555542,1.662141628188293,0.6444444444444455,
full_288,opus,0.2,Global,equal_call_budget,1.0,0.9999999999999999,0.0,0.9999999999999999,0.0,0.017315270833333386,7.062639848975858,1.0,
full_288,pro,0.2,Global,equal_call_budget,1.0,0.9999999999999999,0.0,0.9999999999999999,0.0,0.027610677777777794,16.162547162934505,1.0,
full_288,astra,0.2,Global,equal_call_budget,1.0,0.9999999999999999,0.0,0.9999999999999999,0.0,0.02046169444444434,7.995701999012608,1.0,
full_288,sonnet,0.2,Global,equal_call_budget,1.0,0.9999999999999999,0.0,0.9875000000000027,0.0125,0.01271852499999996,10.551339969306758,0.9875000000000028,
full_288,lite,0.2,Global,equal_call_budget,1.0,0.9999999999999999,0.0,0.9722222222222263,0.0277777777777777,0.0044868488888888695,4.9502314325506,0.9722222222222264,
full_288,luna,0.2,Global,equal_call_budget,1.0,0.9999999999999999,0.0,0.9749999999999965,0.025,0.000789367499999999,7.332745643770461,0.9749999999999966,
full_288,qwen_local,0.2,Global,equal_call_budget,1.0,0.9999999999999999,0.0,0.9736111111111064,0.02638888888888889,0.0,124.27882091303401,0.9736111111111065,
full_288,baseline,0.2,Oracle,threshold,0.4,0.0,0.35399999999999937,0.0,0.0,0.0,0.0,,
full_288,opus,0.2,Oracle,threshold,0.4,0.0,0.35399999999999937,0.0,0.0,0.0,0.0,,
full_288,pro,0.2,Oracle,threshold,0.4,0.0,0.35399999999999937,0.0,0.0,0.0,0.0,,
full_288,astra,0.2,Oracle,threshold,0.4,0.0,0.35399999999999937,0.0,0.0,0.0,0.0,,
full_288,sonnet,0.2,Oracle,threshold,0.4,0.0,0.35399999999999937,0.0,0.0,0.0,0.0,,
full_288,lite,0.2,Oracle,threshold,0.4,0.0,0.35399999999999937,0.0,0.0,0.0,0.0,,
full_288,luna,0.2,Oracle,threshold,0.4,0.0,0.35399999999999937,0.0,0.0,0.0,0.0,,
full_288,qwen_local,0.2,Oracle,threshold,0.4,0.0,0.35399999999999937,0.0,0.0,0.0,0.0,,
full_288,baseline,0.2,Oracle,threshold,0.6,0.4000000000000003,0.15399999999999994,0.25,0.14999999999999947,0.00015326666666666615,0.6547069340362238,0.6249999999999996,
full_288,opus,0.2,Oracle,threshold,0.6,0.4000000000000003,0.15399999999999994,0.4000000000000003,0.0,0.0067310000000000226,2.7125123657674117,1.0,
full_288,pro,0.2,Oracle,threshold,0.6,0.4000000000000003,0.15399999999999994,0.4000000000000003,0.0,0.010132755555555525,6.0232486733752895,1.0,
full_288,astra,0.2,Oracle,threshold,0.6,0.4000000000000003,0.15399999999999994,0.4000000000000003,0.0,0.007858541666666705,3.074585934727101,1.0,
full_288,sonnet,0.2,Oracle,threshold,0.6,0.4000000000000003,0.15399999999999994,0.4000000000000003,0.0,0.004400566666666662,3.654876506946872,1.0,
full_288,lite,0.2,Oracle,threshold,0.6,0.4000000000000003,0.15399999999999994,0.3833333333333341,0.016666666666666642,0.0017532283333333376,1.9532301208521796,0.9583333333333345,
full_288,luna,0.2,Oracle,threshold,0.6,0.4000000000000003,0.15399999999999994,0.3888888888888872,0.011111111111111086,0.0002983819444444452,2.8771363057752426,0.9722222222222172,
full_288,qwen_local,0.2,Oracle,threshold,0.6,0.4000000000000003,0.15399999999999994,0.3833333333333341,0.016666666666666642,0.0,50.57731699393539,0.9583333333333345,
full_288,baseline,0.2,Oracle,threshold,0.7,0.5999999999999979,0.08200000000000034,0.39027777777777817,0.209722222222223,0.00023530777777777724,1.002679149831074,0.6504629629629659,
full_288,opus,0.2,Oracle,threshold,0.7,0.5999999999999979,0.08200000000000034,0.5999999999999979,0.0,0.010266479166666669,4.18501381002844,1.0,
full_288,pro,0.2,Oracle,threshold,0.7,0.5999999999999979,0.08200000000000034,0.5999999999999979,0.0,0.0159886944444444,9.41141016053894,1.0,
full_288,astra,0.2,Oracle,threshold,0.7,0.5999999999999979,0.08200000000000034,0.5999999999999979,0.0,0.011890760416666693,4.6274851335183484,1.0,
full_288,sonnet,0.2,Oracle,threshold,0.7,0.5999999999999979,0.08200000000000034,0.5999999999999979,0.0,0.007213105555555544,5.98555952384809,1.0,
full_288,lite,0.2,Oracle,threshold,0.7,0.5999999999999979,0.08200000000000034,0.5833333333333317,0.016666666666666642,0.0026963284722222288,2.9807867250767566,0.972222222222223,
full_288,luna,0.2,Oracle,threshold,0.7,0.5999999999999979,0.08200000000000034,0.5888888888888887,0.011111111111111072,0.00045501548611111243,4.282852069786824,0.9814814814814846,
full_288,qwen_local,0.2,Oracle,threshold,0.7,0.5999999999999979,0.08200000000000034,0.5819444444444454,0.018055555555555682,0.0,74.74344173005373,0.9699074074074124,
full_288,baseline,0.2,Oracle,threshold,0.8,0.9000000000000032,0.010000000000000007,0.5777777777777796,0.3222222222222227,0.00035153777777777775,1.4978728676596418,0.641975308641975,
full_288,opus,0.2,Oracle,threshold,0.8,0.9000000000000032,0.010000000000000007,0.9000000000000032,0.0,0.015741534722222256,6.431149824381099,1.0,
full_288,pro,0.2,Oracle,threshold,0.8,0.9000000000000032,0.010000000000000007,0.9000000000000032,0.0,0.024941355555555676,14.606949681221106,1.0,
full_288,astra,0.2,Oracle,threshold,0.8,0.9000000000000032,0.010000000000000007,0.9000000000000032,0.0,0.01856306250000006,7.244586472568683,1.0,
full_288,sonnet,0.2,Oracle,threshold,0.8,0.9000000000000032,0.010000000000000007,0.8916666666666698,0.008333333333333304,0.011608600000000009,9.655299540609791,0.9907407407407407,
full_288,lite,0.2,Oracle,threshold,0.8,0.9000000000000032,0.010000000000000007,0.8722222222222242,0.0277777777777777,0.004026096944444445,4.445588810160783,0.9691358024691346,
full_288,luna,0.2,Oracle,threshold,0.8,0.9000000000000032,0.010000000000000007,0.8777777777777755,0.022222222222222143,0.0007186190277777808,6.6891313485157475,0.9753086419753026,
full_288,qwen_local,0.2,Oracle,threshold,0.8,0.9000000000000032,0.010000000000000007,0.8763888888888891,0.02361111111111122,0.0,111.9868446770974,0.9737654320987622,
full_288,baseline,0.2,Oracle,threshold,0.9,0.9333333333333352,0.0040000000000000036,0.6013888888888906,0.33194444444444526,0.0003645211111111119,1.5522466252991207,0.6443452380952387,
full_288,opus,0.2,Oracle,threshold,0.9,0.9333333333333352,0.0040000000000000036,0.9333333333333352,0.0,0.01626134027777772,6.6335039802235345,1.0,
full_288,pro,0.2,Oracle,threshold,0.9,0.9333333333333352,0.0040000000000000036,0.9333333333333352,0.0,0.025969905555555527,15.206548811024161,1.0,
full_288,astra,0.2,Oracle,threshold,0.9,0.9333333333333352,0.0040000000000000036,0.9333333333333352,0.0,0.019197888888888855,7.4981257151585705,1.0,
full_288,sonnet,0.2,Oracle,threshold,0.9,0.9333333333333352,0.0040000000000000036,0.9250000000000022,0.008333333333333304,0.01195527222222221,9.931285904150345,0.9910714285714288,
full_288,lite,0.2,Oracle,threshold,0.9,0.9333333333333352,0.0040000000000000036,0.9055555555555576,0.0277777777777777,0.004171996249999984,4.603770993490881,0.9702380952380955,
full_288,luna,0.2,Oracle,threshold,0.9,0.9333333333333352,0.0040000000000000036,0.9111111111111072,0.022222222222222143,0.0007453936111111142,6.930936997243841,0.9761904761904701,
full_288,qwen_local,0.2,Oracle,threshold,0.9,0.9333333333333352,0.0040000000000000036,0.9083333333333318,0.025000000000000022,0.0,116.09212937252468,0.973214285714282,
full_288,baseline,0.2,Oracle,equal_call_budget,0.0,0.0,0.35399999999999937,0.0,0.0,0.0,0.0,,
full_288,opus,0.2,Oracle,equal_call_budget,0.0,0.0,0.35399999999999937,0.0,0.0,0.0,0.0,,
full_288,pro,0.2,Oracle,equal_call_budget,0.0,0.0,0.35399999999999937,0.0,0.0,0.0,0.0,,
full_288,astra,0.2,Oracle,equal_call_budget,0.0,0.0,0.35399999999999937,0.0,0.0,0.0,0.0,,
full_288,sonnet,0.2,Oracle,equal_call_budget,0.0,0.0,0.35399999999999937,0.0,0.0,0.0,0.0,,
full_288,lite,0.2,Oracle,equal_call_budget,0.0,0.0,0.35399999999999937,0.0,0.0,0.0,0.0,,
full_288,luna,0.2,Oracle,equal_call_budget,0.0,0.0,0.35399999999999937,0.0,0.0,0.0,0.0,,
full_288,qwen_local,0.2,Oracle,equal_call_budget,0.0,0.0,0.35399999999999937,0.0,0.0,0.0,0.0,,
full_288,baseline,0.2,Oracle,equal_call_budget,0.1,0.10000000000000007,0.2969999999999989,0.06666666666666653,0.033333333333333263,3.8690000000000065e-05,0.1626476640686933,0.6666666666666647,
full_288,opus,0.2,Oracle,equal_call_budget,0.1,0.10000000000000007,0.2969999999999989,0.10000000000000007,0.0,0.0014802499999999985,0.5730860967033881,1.0,
full_288,pro,0.2,Oracle,equal_call_budget,0.1,0.10000000000000007,0.2969999999999989,0.10000000000000007,0.0,0.0020662166666666724,1.245672074483201,1.0,
full_288,astra,0.2,Oracle,equal_call_budget,0.1,0.10000000000000007,0.2969999999999989,0.10000000000000007,0.0,0.0018838645833333379,0.7315405585172524,1.0,
full_288,sonnet,0.2,Oracle,equal_call_budget,0.1,0.10000000000000007,0.2969999999999989,0.10000000000000007,0.0,0.0008840999999999989,0.7150692484448297,1.0,
full_288,lite,0.2,Oracle,equal_call_budget,0.1,0.10000000000000007,0.2969999999999989,0.10000000000000007,0.0,0.0004135087499999996,0.4692872795159946,1.0,
full_288,luna,0.2,Oracle,equal_call_budget,0.1,0.10000000000000007,0.2969999999999989,0.10000000000000007,0.0,8.005979166666664e-05,0.7693288260401487,1.0,
full_288,qwen_local,0.2,Oracle,equal_call_budget,0.1,0.10000000000000007,0.2969999999999989,0.10000000000000007,0.0,0.0,11.488467255724611,1.0,
full_288,baseline,0.2,Oracle,equal_call_budget,0.2,0.20000000000000015,0.2439999999999998,0.13055555555555615,0.0694444444444446,7.850888888888917e-05,0.33393908183271553,0.6527777777777802,
full_288,opus,0.2,Oracle,equal_call_budget,0.2,0.20000000000000015,0.2439999999999998,0.20000000000000015,0.0,0.0031750555555555395,1.244229979058986,1.0,
full_288,pro,0.2,Oracle,equal_call_budget,0.2,0.20000000000000015,0.2439999999999998,0.20000000000000015,0.0,0.004480411111111106,2.6979404246557532,1.0,
full_288,astra,0.2,Oracle,equal_call_budget,0.2,0.20000000000000015,0.2439999999999998,0.20000000000000015,0.0,0.003864986111111107,1.5258806225798478,1.0,
full_288,sonnet,0.2,Oracle,equal_call_budget,0.2,0.20000000000000015,0.2439999999999998,0.20000000000000015,0.0,0.0019960222222222255,1.6293457355460177,1.0,
full_288,lite,0.2,Oracle,equal_call_budget,0.2,0.20000000000000015,0.2439999999999998,0.19722222222222272,0.002777777777777768,0.0008553086111111077,0.9654514913246713,0.9861111111111128,
full_288,luna,0.2,Oracle,equal_call_budget,0.2,0.20000000000000015,0.2439999999999998,0.19722222222222272,0.002777777777777768,0.00015102027777777813,1.4605870003385149,0.9861111111111128,
full_288,qwen_local,0.2,Oracle,equal_call_budget,0.2,0.20000000000000015,0.2439999999999998,0.19722222222222272,0.002777777777777768,0.0,24.609649466187783,0.9861111111111128,
full_288,baseline,0.2,Oracle,equal_call_budget,0.3,0.29999999999999893,0.19600000000000015,0.19166666666666704,0.10833333333333328,0.0001173899999999996,0.5019376921894328,0.6388888888888924,
full_288,opus,0.2,Oracle,equal_call_budget,0.3,0.29999999999999893,0.19600000000000015,0.29999999999999893,0.0,0.0049650833333333404,1.9713869633269494,1.0,
full_288,pro,0.2,Oracle,equal_call_budget,0.3,0.29999999999999893,0.19600000000000015,0.29999999999999893,0.0,0.007187588888888878,4.307050730844246,1.0,
full_288,astra,0.2,Oracle,equal_call_budget,0.3,0.29999999999999893,0.19600000000000015,0.29999999999999893,0.0,0.005878249999999996,2.325926859034283,1.0,
full_288,sonnet,0.2,Oracle,equal_call_budget,0.3,0.29999999999999893,0.19600000000000015,0.29999999999999893,0.0,0.003210075,2.6426684816109294,1.0,
full_288,lite,0.2,Oracle,equal_call_budget,0.3,0.29999999999999893,0.19600000000000015,0.29166666666666585,0.008333333333333304,0.0013077612500000037,1.467197487684056,0.972222222222223,
full_288,luna,0.2,Oracle,equal_call_budget,0.3,0.29999999999999893,0.19600000000000015,0.2930555555555547,0.00694444444444442,0.0002210661111111118,2.1408357509114357,0.9768518518518524,
full_288,qwen_local,0.2,Oracle,equal_call_budget,0.3,0.29999999999999893,0.19600000000000015,0.29166666666666585,0.008333333333333304,0.0,38.07033619204067,0.972222222222223,
full_288,baseline,0.2,Oracle,equal_call_budget,0.4,0.4000000000000003,0.15399999999999994,0.25000000000000006,0.14999999999999947,0.00015326666666666625,0.6547069340362238,0.6249999999999997,
full_288,opus,0.2,Oracle,equal_call_budget,0.4,0.4000000000000003,0.15399999999999994,0.40000000000000036,-5.551115123125783e-17,0.0067310000000000226,2.7125123657674117,1.0000000000000002,
full_288,pro,0.2,Oracle,equal_call_budget,0.4,0.4000000000000003,0.15399999999999994,0.40000000000000036,-5.551115123125783e-17,0.010132755555555529,6.0232486733752895,1.0000000000000002,
full_288,astra,0.2,Oracle,equal_call_budget,0.4,0.4000000000000003,0.15399999999999994,0.40000000000000036,-5.551115123125783e-17,0.007858541666666705,3.074585934727101,1.0000000000000002,
full_288,sonnet,0.2,Oracle,equal_call_budget,0.4,0.4000000000000003,0.15399999999999994,0.40000000000000036,-5.551115123125783e-17,0.004400566666666662,3.654876506946872,1.0000000000000002,
full_288,lite,0.2,Oracle,equal_call_budget,0.4,0.4000000000000003,0.15399999999999994,0.38333333333333414,0.016666666666666618,0.0017532283333333376,1.9532301208521796,0.9583333333333346,
full_288,luna,0.2,Oracle,equal_call_budget,0.4,0.4000000000000003,0.15399999999999994,0.3888888888888872,0.011111111111111072,0.0002983819444444452,2.8771363057752426,0.9722222222222172,
full_288,qwen_local,0.2,Oracle,equal_call_budget,0.4,0.4000000000000003,0.15399999999999994,0.38333333333333414,0.016666666666666618,0.0,50.57731699393539,0.9583333333333346,
full_288,baseline,0.2,Oracle,equal_call_budget,0.5,0.5,0.11700000000000058,0.3222222222222227,0.1777777777777773,0.0001942622222222225,0.8301191890667213,0.6444444444444454,
full_288,opus,0.2,Oracle,equal_call_budget,0.5,0.5,0.11700000000000058,0.5000000000000001,-1.1102230246251565e-16,0.008446673611111082,3.4278381651778322,1.0000000000000002,
full_288,pro,0.2,Oracle,equal_call_budget,0.5,0.5,0.11700000000000058,0.5000000000000001,-1.1102230246251565e-16,0.012972611111111067,7.687214597166777,1.0000000000000002,
full_288,astra,0.2,Oracle,equal_call_budget,0.5,0.5,0.11700000000000058,0.5000000000000001,-1.1102230246251565e-16,0.00986755208333334,3.8481771746604996,1.0000000000000002,
full_288,sonnet,0.2,Oracle,equal_call_budget,0.5,0.5,0.11700000000000058,0.5000000000000001,-1.1102230246251565e-16,0.005778280555555535,4.790019415801113,1.0000000000000002,
full_288,lite,0.2,Oracle,equal_call_budget,0.5,0.5,0.11700000000000058,0.483333333333334,0.016666666666666618,0.0022199715277777684,2.460733078258485,0.966666666666668,
full_288,luna,0.2,Oracle,equal_call_budget,0.5,0.5,0.11700000000000058,0.4888888888888899,0.011111111111111072,0.00037611409722222244,3.5754737012673563,0.9777777777777799,
full_288,qwen_local,0.2,Oracle,equal_call_budget,0.5,0.5,0.11700000000000058,0.48194444444444673,0.0180555555555556,0.0,62.01415564966559,0.9638888888888935,
full_288,baseline,0.2,Oracle,equal_call_budget,0.6,0.5999999999999979,0.08200000000000034,0.39027777777777817,0.209722222222223,0.00023530777777777724,1.002679149831074,0.6504629629629659,
full_288,opus,0.2,Oracle,equal_call_budget,0.6,0.5999999999999979,0.08200000000000034,0.5999999999999979,0.0,0.010266479166666669,4.18501381002844,1.0,
full_288,pro,0.2,Oracle,equal_call_budget,0.6,0.5999999999999979,0.08200000000000034,0.5999999999999979,0.0,0.0159886944444444,9.41141016053894,1.0,
full_288,astra,0.2,Oracle,equal_call_budget,0.6,0.5999999999999979,0.08200000000000034,0.5999999999999979,0.0,0.011890760416666693,4.627485133518349,1.0,
full_288,sonnet,0.2,Oracle,equal_call_budget,0.6,0.5999999999999979,0.08200000000000034,0.5999999999999979,0.0,0.007213105555555544,5.98555952384809,1.0,
full_288,lite,0.2,Oracle,equal_call_budget,0.6,0.5999999999999979,0.08200000000000034,0.5833333333333317,0.016666666666666607,0.0026963284722222288,2.9807867250767566,0.972222222222223,
full_288,luna,0.2,Oracle,equal_call_budget,0.6,0.5999999999999979,0.08200000000000034,0.5888888888888887,0.011111111111111072,0.00045501548611111243,4.282852069786824,0.9814814814814846,
full_288,qwen_local,0.2,Oracle,equal_call_budget,0.6,0.5999999999999979,0.08200000000000034,0.5819444444444455,0.01805555555555559,0.0,74.74344173005375,0.9699074074074125,
full_288,baseline,0.2,Oracle,equal_call_budget,0.7,0.7000000000000008,0.05499999999999984,0.4527777777777788,0.2472222222222218,0.00027420111111111007,1.1719406312528806,0.6468253968253975,
full_288,opus,0.2,Oracle,equal_call_budget,0.7,0.7000000000000008,0.05499999999999984,0.7000000000000008,0.0,0.012123833333333334,4.9628779509990855,1.0,
full_288,pro,0.2,Oracle,equal_call_budget,0.7,0.7000000000000008,0.05499999999999984,0.7000000000000008,0.0,0.019113411111111197,11.206198430689696,1.0,
full_288,astra,0.2,Oracle,equal_call_budget,0.7,0.7000000000000008,0.05499999999999984,0.7000000000000008,0.0,0.014305572916666669,5.586817640291207,1.0,
full_288,sonnet,0.2,Oracle,equal_call_budget,0.7,0.7000000000000008,0.05499999999999984,0.6958333333333355,0.004166666666666652,0.008648755555555603,7.181624695545472,0.994047619047621,
full_288,lite,0.2,Oracle,equal_call_budget,0.7,0.7000000000000008,0.05499999999999984,0.6833333333333346,0.016666666666666607,0.003123057222222214,3.457514683766777,0.9761904761904768,
full_288,luna,0.2,Oracle,equal_call_budget,0.7,0.7000000000000008,0.05499999999999984,0.688888888888887,0.011111111111111072,0.0005494475694444444,5.145161630042168,0.9841269841269802,
full_288,qwen_local,0.2,Oracle,equal_call_budget,0.7,0.7000000000000008,0.05499999999999984,0.6777777777777773,0.022222222222222143,0.0,86.89580814151478,0.9682539682539664,
full_288,baseline,0.2,Oracle,equal_call_budget,0.8,0.8000000000000006,0.030999999999999917,0.5152777777777793,0.2847222222222216,0.0003135211111111107,1.3393226331044936,0.6440972222222237,
full_288,opus,0.2,Oracle,equal_call_budget,0.8,0.8000000000000006,0.030999999999999917,0.8000000000000006,0.0,0.013957138888888863,5.716056785141998,1.0,
full_288,pro,0.2,Oracle,equal_call_budget,0.8,0.8000000000000006,0.030999999999999917,0.8000000000000006,0.0,0.022030705555555613,12.903763374616405,1.0,
full_288,astra,0.2,Oracle,equal_call_budget,0.8,0.8000000000000006,0.030999999999999917,0.8000000000000006,0.0,0.016499208333333303,6.442445369103938,1.0,
full_288,sonnet,0.2,Oracle,equal_call_budget,0.8,0.8000000000000006,0.030999999999999917,0.7916666666666664,0.008333333333333304,0.010158133333333364,8.437223293919086,0.9895833333333323,
full_288,lite,0.2,Oracle,equal_call_budget,0.8,0.8000000000000006,0.030999999999999917,0.7805555555555563,0.019444444444444403,0.0035690536111111187,3.9487960268248714,0.9756944444444446,
full_288,luna,0.2,Oracle,equal_call_budget,0.8,0.8000000000000006,0.030999999999999917,0.7861111111111088,0.01388888888888884,0.0006328252777777769,5.915154419516033,0.9826388888888852,
full_288,qwen_local,0.2,Oracle,equal_call_budget,0.8,0.8000000000000006,0.030999999999999917,0.7763888888888911,0.02361111111111122,0.0,99.31891073335423,0.9704861111111132,
full_288,baseline,0.2,Oracle,equal_call_budget,0.9,0.9000000000000032,0.009999999999999998,0.5777777777777796,0.3222222222222227,0.00035153777777777775,1.4978728676596418,0.641975308641975,
full_288,opus,0.2,Oracle,equal_call_budget,0.9,0.9000000000000032,0.009999999999999998,0.9000000000000032,-1.1102230246251565e-16,0.015741534722222256,6.431149824381099,1.0,
full_288,pro,0.2,Oracle,equal_call_budget,0.9,0.9000000000000032,0.009999999999999998,0.9000000000000032,-1.1102230246251565e-16,0.024941355555555676,14.606949681221106,1.0,
full_288,astra,0.2,Oracle,equal_call_budget,0.9,0.9000000000000032,0.009999999999999998,0.9000000000000032,-1.1102230246251565e-16,0.01856306250000006,7.244586472568683,1.0,
full_288,sonnet,0.2,Oracle,equal_call_budget,0.9,0.9000000000000032,0.009999999999999998,0.8916666666666698,0.008333333333333238,0.011608600000000009,9.655299540609791,0.9907407407407407,
full_288,lite,0.2,Oracle,equal_call_budget,0.9,0.9000000000000032,0.009999999999999998,0.8722222222222245,0.02777777777777768,0.004026096944444445,4.445588810160784,0.9691358024691348,
full_288,luna,0.2,Oracle,equal_call_budget,0.9,0.9000000000000032,0.009999999999999998,0.8777777777777755,0.022222222222222116,0.0007186190277777808,6.6891313485157475,0.9753086419753026,
full_288,qwen_local,0.2,Oracle,equal_call_budget,0.9,0.9000000000000032,0.009999999999999998,0.8763888888888891,0.02361111111111122,0.0,111.98684467709741,0.9737654320987622,
full_288,baseline,0.2,Oracle,equal_call_budget,1.0,0.9999999999999999,0.0,0.6444444444444454,0.3555555555555546,0.0003905255555555542,1.662141628188293,0.6444444444444455,
full_288,opus,0.2,Oracle,equal_call_budget,1.0,0.9999999999999999,0.0,0.9999999999999999,0.0,0.017315270833333386,7.062639848975858,1.0,
full_288,pro,0.2,Oracle,equal_call_budget,1.0,0.9999999999999999,0.0,0.9999999999999999,0.0,0.027610677777777794,16.162547162934505,1.0,
full_288,astra,0.2,Oracle,equal_call_budget,1.0,0.9999999999999999,0.0,0.9999999999999999,0.0,0.02046169444444434,7.995701999012608,1.0,
full_288,sonnet,0.2,Oracle,equal_call_budget,1.0,0.9999999999999999,0.0,0.9875000000000027,0.0125,0.01271852499999996,10.551339969306758,0.9875000000000028,
full_288,lite,0.2,Oracle,equal_call_budget,1.0,0.9999999999999999,0.0,0.9722222222222263,0.0277777777777777,0.0044868488888888695,4.9502314325506,0.9722222222222264,
full_288,luna,0.2,Oracle,equal_call_budget,1.0,0.9999999999999999,0.0,0.9749999999999965,0.025,0.000789367499999999,7.332745643770461,0.9749999999999966,
full_288,qwen_local,0.2,Oracle,equal_call_budget,1.0,0.9999999999999999,0.0,0.9736111111111064,0.02638888888888889,0.0,124.27882091303401,0.9736111111111065,
full_288,baseline,0.2,Raw,threshold,0.4,0.0,0.35399999999999937,0.0,0.0,0.0,0.0,,
full_288,opus,0.2,Raw,threshold,0.4,0.0,0.35399999999999937,0.0,0.0,0.0,0.0,,
full_288,pro,0.2,Raw,threshold,0.4,0.0,0.35399999999999937,0.0,0.0,0.0,0.0,,
full_288,astra,0.2,Raw,threshold,0.4,0.0,0.35399999999999937,0.0,0.0,0.0,0.0,,
full_288,sonnet,0.2,Raw,threshold,0.4,0.0,0.35399999999999937,0.0,0.0,0.0,0.0,,
full_288,lite,0.2,Raw,threshold,0.4,0.0,0.35399999999999937,0.0,0.0,0.0,0.0,,
full_288,luna,0.2,Raw,threshold,0.4,0.0,0.35399999999999937,0.0,0.0,0.0,0.0,,
full_288,qwen_local,0.2,Raw,threshold,0.4,0.0,0.35399999999999937,0.0,0.0,0.0,0.0,,
full_288,baseline,0.2,Raw,threshold,0.6,0.166666666666667,0.2730000000000012,0.10555555555555537,0.06111111111111124,6.708666666666685e-05,0.2931075539844131,0.633333333333331,
full_288,opus,0.2,Raw,threshold,0.6,0.166666666666667,0.2730000000000012,0.166666666666667,0.0,0.0029196319444444447,1.1658934741947162,1.0,
full_288,pro,0.2,Raw,threshold,0.6,0.166666666666667,0.2730000000000012,0.166666666666667,0.0,0.0043959666666666475,2.6286607903308656,1.0,
full_288,astra,0.2,Raw,threshold,0.6,0.166666666666667,0.2730000000000012,0.166666666666667,0.0,0.0034266840277777854,1.3830486547415348,1.0,
full_288,sonnet,0.2,Raw,threshold,0.6,0.166666666666667,0.2730000000000012,0.166666666666667,0.0,0.0019677694444444373,1.623669699599196,1.0,
full_288,lite,0.2,Raw,threshold,0.6,0.166666666666667,0.2730000000000012,0.16111111111111134,0.005555555555555543,0.0007371820833333336,0.82264502639106,0.9666666666666662,
full_288,luna,0.2,Raw,threshold,0.6,0.166666666666667,0.2730000000000012,0.16111111111111134,0.005555555555555543,0.00011418173611111097,1.100696343853877,0.9666666666666662,
full_288,qwen_local,0.2,Raw,threshold,0.6,0.166666666666667,0.2730000000000012,0.15972222222222165,0.006944444444444425,0.0,22.0196951411235,0.958333333333328,
full_288,baseline,0.2,Raw,threshold,0.7,0.5,0.12999999999999984,0.333333333333334,0.166666666666667,0.00020115555555555496,0.8570982572279862,0.666666666666668,
full_288,opus,0.2,Raw,threshold,0.7,0.5,0.12999999999999984,0.5,0.0,0.00853131249999996,3.4523730475141714,1.0,
full_288,pro,0.2,Raw,threshold,0.7,0.5,0.12999999999999984,0.5,0.0,0.012967311111111131,7.65471965550584,1.0,
full_288,astra,0.2,Raw,threshold,0.7,0.5,0.12999999999999984,0.5,0.0,0.009951118055555583,3.897742891328136,1.0,
full_288,sonnet,0.2,Raw,threshold,0.7,0.5,0.12999999999999984,0.49722222222222096,0.002777777777777768,0.0061731222222222385,5.086833615644416,0.9944444444444419,
full_288,lite,0.2,Raw,threshold,0.7,0.5,0.12999999999999984,0.4944444444444436,0.005555555555555536,0.0022537780555555477,2.4995176432353645,0.9888888888888872,
full_288,luna,0.2,Raw,threshold,0.7,0.5,0.12999999999999984,0.4944444444444436,0.005555555555555536,0.0003752301388888896,3.5256819563571757,0.9888888888888872,
full_288,qwen_local,0.2,Raw,threshold,0.7,0.5,0.12999999999999984,0.49305555555555686,0.00694444444444442,0.0,62.217136467632365,0.9861111111111137,
full_288,baseline,0.2,Raw,threshold,0.8,0.666666666666668,0.06799999999999976,0.434722222222221,0.23194444444444431,0.0002619744444444446,1.1151643373298463,0.6520833333333302,
full_288,opus,0.2,Raw,threshold,0.8,0.666666666666668,0.06799999999999976,0.666666666666668,0.0,0.011405673611111174,4.642894406610563,1.0,
full_288,pro,0.2,Raw,threshold,0.8,0.666666666666668,0.06799999999999976,0.666666666666668,0.0,0.01792274999999997,10.54258270868353,1.0,
full_288,astra,0.2,Raw,threshold,0.8,0.666666666666668,0.06799999999999976,0.666666666666668,0.0,0.013226333333333338,5.149494234841791,1.0,
full_288,sonnet,0.2,Raw,threshold,0.8,0.666666666666668,0.06799999999999976,0.6638888888888907,0.002777777777777768,0.00810711666666665,6.7124306796329,0.9958333333333342,
full_288,lite,0.2,Raw,threshold,0.8,0.666666666666668,0.06799999999999976,0.6500000000000025,0.016666666666666642,0.0029936334722222213,3.3057433374562337,0.9750000000000018,
full_288,luna,0.2,Raw,threshold,0.8,0.666666666666668,0.06799999999999976,0.6555555555555544,0.011111111111111072,0.0005050924999999987,4.7492216782369505,0.9833333333333297,
full_288,qwen_local,0.2,Raw,threshold,0.8,0.666666666666668,0.06799999999999976,0.6472222222222246,0.019444444444444403,0.0,82.9983955655848,0.970833333333335,
full_288,baseline,0.2,Raw,threshold,0.9,0.8333333333333341,0.03699999999999994,0.5361111111111113,0.29722222222222283,0.00032519333333333423,1.3797887256472456,0.643333333333333,
full_288,opus,0.2,Raw,threshold,0.9,0.8333333333333341,0.03699999999999994,0.8333333333333341,0.0,0.014293152777777835,5.802397645162703,1.0,
full_288,pro,0.2,Raw,threshold,0.9,0.8333333333333341,0.03699999999999994,0.8333333333333341,0.0,0.022518450000000047,13.23538526876655,1.0,
full_288,astra,0.2,Raw,threshold,0.9,0.8333333333333341,0.03699999999999994,0.8333333333333341,0.0,0.016563708333333392,6.449235416716277,1.0,
full_288,sonnet,0.2,Raw,threshold,0.9,0.8333333333333341,0.03699999999999994,0.8291666666666689,0.004166666666666652,0.01037531666666668,8.607812174003808,0.9950000000000018,
full_288,lite,0.2,Raw,threshold,0.9,0.8333333333333341,0.03699999999999994,0.805555555555554,0.0277777777777777,0.0037673708333333385,4.150812418073969,0.9666666666666639,
full_288,luna,0.2,Raw,threshold,0.9,0.8333333333333341,0.03699999999999994,0.8097222222222236,0.023611111111111156,0.0006427097222222204,5.990638979289615,0.9716666666666673,
full_288,qwen_local,0.2,Raw,threshold,0.9,0.8333333333333341,0.03699999999999994,0.8124999999999999,0.020833333333333436,0.0,103.87089414005466,0.9749999999999989,
full_288,baseline,0.2,Raw,equal_call_budget,0.0,0.0,0.35399999999999937,0.0,0.0,0.0,0.0,,
full_288,opus,0.2,Raw,equal_call_budget,0.0,0.0,0.35399999999999937,0.0,0.0,0.0,0.0,,
full_288,pro,0.2,Raw,equal_call_budget,0.0,0.0,0.35399999999999937,0.0,0.0,0.0,0.0,,
full_288,astra,0.2,Raw,equal_call_budget,0.0,0.0,0.35399999999999937,0.0,0.0,0.0,0.0,,
full_288,sonnet,0.2,Raw,equal_call_budget,0.0,0.0,0.35399999999999937,0.0,0.0,0.0,0.0,,
full_288,lite,0.2,Raw,equal_call_budget,0.0,0.0,0.35399999999999937,0.0,0.0,0.0,0.0,,
full_288,luna,0.2,Raw,equal_call_budget,0.0,0.0,0.35399999999999937,0.0,0.0,0.0,0.0,,
full_288,qwen_local,0.2,Raw,equal_call_budget,0.0,0.0,0.35399999999999937,0.0,0.0,0.0,0.0,,
full_288,baseline,0.2,Raw,equal_call_budget,0.1,0.10000000000000009,0.30539999999999917,0.06333333333333313,0.036666666666666826,4.02520000000001e-05,0.1758645323906479,0.6333333333333308,
full_288,opus,0.2,Raw,equal_call_budget,0.1,0.10000000000000009,0.30539999999999917,0.10000000000000009,0.0,0.0017517791666666707,0.6995360845168264,1.0,
full_288,pro,0.2,Raw,equal_call_budget,0.1,0.10000000000000009,0.30539999999999917,0.10000000000000009,0.0,0.0026375799999999888,1.5771964741985232,1.0,
full_288,astra,0.2,Raw,equal_call_budget,0.1,0.10000000000000009,0.30539999999999917,0.10000000000000009,0.0,0.002056010416666659,0.8298291928449177,1.0,
full_288,sonnet,0.2,Raw,equal_call_budget,0.1,0.10000000000000009,0.30539999999999917,0.10000000000000009,0.0,0.001180661666666666,0.9742018197595215,1.0,
full_288,lite,0.2,Raw,equal_call_budget,0.1,0.10000000000000009,0.30539999999999917,0.09666666666666719,0.0033333333333333097,0.0004423092499999993,0.49358701583463566,0.9666666666666711,
full_288,luna,0.2,Raw,equal_call_budget,0.1,0.10000000000000009,0.30539999999999917,0.09666666666666719,0.0033333333333333097,6.850904166666636e-05,0.6604178063123246,0.9666666666666711,
full_288,qwen_local,0.2,Raw,equal_call_budget,0.1,0.10000000000000009,0.30539999999999917,0.09583333333333353,0.0041666666666666545,0.0,13.211817084674117,0.9583333333333345,
full_288,baseline,0.2,Raw,equal_call_budget,0.2,0.20000000000000015,0.2556000000000007,0.12694444444444408,0.07305555555555544,8.00624444444449e-05,0.34770110444993757,0.63472222222222,
full_288,opus,0.2,Raw,equal_call_budget,0.2,0.20000000000000015,0.2556000000000007,0.20000000000000015,0.0,0.0034385624999999963,1.3682190238608063,1.0,
full_288,pro,0.2,Raw,equal_call_budget,0.2,0.20000000000000015,0.2556000000000007,0.20000000000000015,0.0,0.0051712144444444556,3.0838003660374325,1.0,
full_288,astra,0.2,Raw,equal_call_budget,0.2,0.20000000000000015,0.2556000000000007,0.20000000000000015,0.0,0.004075957638888898,1.6356819272565817,1.0,
full_288,sonnet,0.2,Raw,equal_call_budget,0.2,0.20000000000000015,0.2556000000000007,0.20000000000000015,0.0,0.0022816166666666565,1.8808001838950381,1.0,
full_288,lite,0.2,Raw,equal_call_budget,0.2,0.20000000000000015,0.2556000000000007,0.1944444444444436,0.005555555555555536,0.0008752248055555546,0.9789333966345951,0.9722222222222172,
full_288,luna,0.2,Raw,equal_call_budget,0.2,0.20000000000000015,0.2556000000000007,0.1944444444444436,0.005555555555555536,0.00014089165277777715,1.3538720679268288,0.9722222222222172,
full_288,qwen_local,0.2,Raw,equal_call_budget,0.2,0.20000000000000015,0.2556000000000007,0.19305555555555565,0.00694444444444442,0.0,26.029037672384238,0.9652777777777775,
full_288,baseline,0.2,Raw,equal_call_budget,0.3,0.29999999999999893,0.2033999999999999,0.19111111111111184,0.10888888888888845,0.00011898977777777724,0.5114817558465035,0.6370370370370417,
full_288,opus,0.2,Raw,equal_call_budget,0.3,0.29999999999999893,0.2033999999999999,0.29999999999999893,0.0,0.004995354166666653,1.975195672859111,1.0,
full_288,pro,0.2,Raw,equal_call_budget,0.3,0.29999999999999893,0.2033999999999999,0.29999999999999893,0.0,0.007496957777777762,4.449219093157125,1.0,
full_288,astra,0.2,Raw,equal_call_budget,0.3,0.29999999999999893,0.2033999999999999,0.29999999999999893,0.0,0.0060237784722222175,2.393581744801739,1.0,
full_288,sonnet,0.2,Raw,equal_call_budget,0.3,0.29999999999999893,0.2033999999999999,0.29999999999999893,0.0,0.0032231583333333196,2.6521916367825638,1.0,
full_288,lite,0.2,Raw,equal_call_budget,0.3,0.29999999999999893,0.2033999999999999,0.29444444444444434,0.005555555555555536,0.0012893529722222182,1.4477985073651842,0.9814814814814846,
full_288,luna,0.2,Raw,equal_call_budget,0.3,0.29999999999999893,0.2033999999999999,0.29444444444444434,0.005555555555555536,0.00022102140277777813,2.113399240145672,0.9814814814814846,
full_288,qwen_local,0.2,Raw,equal_call_budget,0.3,0.29999999999999893,0.2033999999999999,0.2930555555555547,0.00694444444444442,0.0,38.057065266166994,0.9768518518518524,
full_288,baseline,0.2,Raw,equal_call_budget,0.4,0.4000000000000003,0.16359999999999963,0.2608333333333326,0.13916666666666702,0.00015964155555555514,0.6824844866784064,0.652083333333331,
full_288,opus,0.2,Raw,equal_call_budget,0.4,0.4000000000000003,0.16359999999999963,0.4000000000000003,0.0,0.006721095833333324,2.6874619525207906,1.0,
full_288,pro,0.2,Raw,equal_call_budget,0.4,0.4000000000000003,0.16359999999999963,0.4000000000000003,0.0,0.010150247777777746,6.004503063520564,1.0,
full_288,astra,0.2,Raw,equal_call_budget,0.4,0.4000000000000003,0.16359999999999963,0.4000000000000003,0.0,0.007984278472222214,3.1468261669213358,1.0,
full_288,sonnet,0.2,Raw,equal_call_budget,0.4,0.4000000000000003,0.16359999999999963,0.3988888888888898,0.0011111111111111183,0.004591452222222234,3.780326718904803,0.9972222222222238,
full_288,lite,0.2,Raw,equal_call_budget,0.4,0.4000000000000003,0.16359999999999963,0.39444444444444543,0.005555555555555536,0.0017579486388888941,1.9622591838593737,0.9861111111111128,
full_288,luna,0.2,Raw,equal_call_budget,0.4,0.4000000000000003,0.16359999999999963,0.39444444444444543,0.005555555555555536,0.00029873084722222145,2.830217761074047,0.9861111111111128,
full_288,qwen_local,0.2,Raw,equal_call_budget,0.4,0.4000000000000003,0.16359999999999963,0.3930555555555544,0.00694444444444442,0.0,50.126699265509345,0.9826388888888852,
full_288,baseline,0.2,Raw,equal_call_budget,0.5,0.5,0.12999999999999984,0.333333333333334,0.166666666666667,0.00020115555555555496,0.8570982572279862,0.666666666666668,
full_288,opus,0.2,Raw,equal_call_budget,0.5,0.5,0.12999999999999984,0.5,0.0,0.008531312499999992,3.4523730475141714,1.0,
full_288,pro,0.2,Raw,equal_call_budget,0.5,0.5,0.12999999999999984,0.5,0.0,0.012967311111111131,7.65471965550584,1.0,
full_288,astra,0.2,Raw,equal_call_budget,0.5,0.5,0.12999999999999984,0.5,0.0,0.009951118055555586,3.897742891328136,1.0,
full_288,sonnet,0.2,Raw,equal_call_budget,0.5,0.5,0.12999999999999984,0.49722222222222096,0.002777777777777768,0.0061731222222222385,5.086833615644416,0.9944444444444419,
full_288,lite,0.2,Raw,equal_call_budget,0.5,0.5,0.12999999999999984,0.4944444444444436,0.005555555555555536,0.0022537780555555477,2.4995176432353645,0.9888888888888872,
full_288,luna,0.2,Raw,equal_call_budget,0.5,0.5,0.12999999999999984,0.4944444444444436,0.005555555555555536,0.00037523013888889024,3.5256819563571766,0.9888888888888872,
full_288,qwen_local,0.2,Raw,equal_call_budget,0.5,0.5,0.12999999999999984,0.49305555555555686,0.00694444444444442,0.0,62.21713646763237,0.9861111111111137,
full_288,baseline,0.2,Raw,equal_call_budget,0.6,0.5999999999999979,0.09280000000000013,0.3941666666666649,0.20583333333333312,0.00023764688888888778,1.0119379052891022,0.6569444444444438,
full_288,opus,0.2,Raw,equal_call_budget,0.6,0.5999999999999979,0.09280000000000013,0.5999999999999979,0.0,0.010255929166666636,4.166685862972005,1.0,
full_288,pro,0.2,Raw,equal_call_budget,0.6,0.5999999999999979,0.09280000000000013,0.5999999999999979,0.0,0.015940574444444494,9.387437487412411,1.0,
full_288,astra,0.2,Raw,equal_call_budget,0.6,0.5999999999999979,0.09280000000000013,0.5999999999999979,0.0,0.011916247222222216,4.648793697436329,1.0,
full_288,sonnet,0.2,Raw,equal_call_budget,0.6,0.5999999999999979,0.09280000000000013,0.5972222222222248,0.002777777777777768,0.007333518888888855,6.062191854037488,0.9953703703703781,
full_288,lite,0.2,Raw,equal_call_budget,0.6,0.5999999999999979,0.09280000000000013,0.5877777777777766,0.012222222222222174,0.0026976913055555664,2.9832530597678892,0.9796296296296312,
full_288,luna,0.2,Raw,equal_call_budget,0.6,0.5999999999999979,0.09280000000000013,0.5911111111111079,0.008888888888888884,0.0004531475555555564,4.259805789485058,0.9851851851851834,
full_288,qwen_local,0.2,Raw,equal_call_budget,0.6,0.5999999999999979,0.09280000000000013,0.5855555555555574,0.014444444444444442,0.0,74.6858919264037,0.9759259259259324,
full_288,baseline,0.2,Raw,equal_call_budget,0.7,0.7000000000000008,0.06179999999999988,0.45499999999999863,0.24499999999999933,0.00027461822222222355,1.1680892149933302,0.6499999999999972,
full_288,opus,0.2,Raw,equal_call_budget,0.7,0.7000000000000008,0.06179999999999988,0.7000000000000008,0.0,0.011983169444444506,4.874795054320991,1.0,
full_288,pro,0.2,Raw,equal_call_budget,0.7,0.7000000000000008,0.06179999999999988,0.7000000000000008,0.0,0.018841890000000024,11.08114322070014,1.0,
full_288,astra,0.2,Raw,equal_call_budget,0.7,0.7000000000000008,0.06179999999999988,0.7000000000000008,0.0,0.013893808333333377,5.4094424712167095,1.0,
full_288,sonnet,0.2,Raw,equal_call_budget,0.7,0.7000000000000008,0.06179999999999988,0.6969444444444443,0.003055555555555589,0.008560756666666622,7.091506978507075,0.9956349206349192,
full_288,lite,0.2,Raw,equal_call_budget,0.7,0.7000000000000008,0.06179999999999988,0.68111111111111,0.018888888888889056,0.00314838094444444,3.474757153579772,0.9730158730158702,
full_288,luna,0.2,Raw,equal_call_budget,0.7,0.7000000000000008,0.06179999999999988,0.6863888888888886,0.01361111111111106,0.0005326159444444429,4.997505138447507,0.980555555555554,
full_288,qwen_local,0.2,Raw,equal_call_budget,0.7,0.7000000000000008,0.06179999999999988,0.6802777777777758,0.019722222222222224,0.0,87.17289528047898,0.9718253968253928,
full_288,baseline,0.2,Raw,equal_call_budget,0.8,0.8000000000000007,0.04319999999999991,0.5158333333333333,0.2841666666666659,0.00031254955555555525,1.3268638479837644,0.644791666666666,
full_288,opus,0.2,Raw,equal_call_budget,0.8,0.8000000000000007,0.04319999999999991,0.8000000000000007,0.0,0.013715656944444503,5.570496997452231,1.0,
full_288,pro,0.2,Raw,equal_call_budget,0.8,0.8000000000000007,0.04319999999999991,0.8000000000000007,0.0,0.021599310000000028,12.696824756749988,1.0,
full_288,astra,0.2,Raw,equal_call_budget,0.8,0.8000000000000007,0.04319999999999991,0.8000000000000007,0.0,0.015896233333333266,6.189287180341372,1.0,
full_288,sonnet,0.2,Raw,equal_call_budget,0.8,0.8000000000000007,0.04319999999999991,0.7961111111111139,0.0038888888888889417,0.009921676666666714,8.228735875129592,0.9951388888888915,
full_288,lite,0.2,Raw,equal_call_budget,0.8,0.8000000000000007,0.04319999999999991,0.7744444444444418,0.025555555555555675,0.0036126233611111203,3.9817986019504246,0.9680555555555515,
full_288,luna,0.2,Raw,equal_call_budget,0.8,0.8000000000000007,0.04319999999999991,0.7788888888888895,0.021111111111111254,0.0006151862777777769,5.742355519079082,0.973611111111111,
full_288,qwen_local,0.2,Raw,equal_call_budget,0.8,0.8000000000000007,0.04319999999999991,0.7794444444444454,0.02055555555555562,0.0,99.69639442516088,0.9743055555555559,
full_288,baseline,0.2,Raw,equal_call_budget,0.9,0.9000000000000032,0.022199999999999873,0.579444444444447,0.32055555555555637,0.00035132622222222424,1.4927298866636591,0.6438271604938277,
full_288,opus,0.2,Raw,equal_call_budget,0.9,0.9000000000000032,0.022199999999999873,0.9000000000000032,-1.1102230246251565e-16,0.015502000000000018,6.306494526687947,1.0,
full_288,pro,0.2,Raw,equal_call_budget,0.9,0.9000000000000032,0.022199999999999873,0.9000000000000032,-1.1102230246251565e-16,0.02455534111111117,14.406250026433685,1.0,
full_288,astra,0.2,Raw,equal_call_budget,0.9,0.9000000000000032,0.022199999999999873,0.9000000000000032,-1.1102230246251565e-16,0.018122902777777828,7.067822049634803,1.0,
full_288,sonnet,0.2,Raw,equal_call_budget,0.9,0.9000000000000032,0.022199999999999873,0.8925000000000025,0.007499999999999916,0.011312599999999971,9.385223292124934,0.9916666666666659,
full_288,lite,0.2,Raw,equal_call_budget,0.9,0.9000000000000032,0.022199999999999873,0.8722222222222245,0.02777777777777768,0.00405516205555556,4.470580023864615,0.9691358024691348,
full_288,luna,0.2,Raw,equal_call_budget,0.9,0.9000000000000032,0.022199999999999873,0.8758333333333327,0.024166666666666548,0.0007013728333333345,6.527481645081935,0.9731481481481439,
full_288,qwen_local,0.2,Raw,equal_call_budget,0.9,0.9000000000000032,0.022199999999999873,0.8769444444444429,0.02305555555555558,0.0,112.03406484924662,0.9743827160493774,
full_288,baseline,0.2,Raw,equal_call_budget,1.0,0.9999999999999999,0.0,0.6444444444444454,0.3555555555555546,0.0003905255555555542,1.662141628188293,0.6444444444444455,
full_288,opus,0.2,Raw,equal_call_budget,1.0,0.9999999999999999,0.0,0.9999999999999999,0.0,0.017315270833333386,7.062639848975858,1.0,
full_288,pro,0.2,Raw,equal_call_budget,1.0,0.9999999999999999,0.0,0.9999999999999999,0.0,0.027610677777777794,16.162547162934505,1.0,
full_288,astra,0.2,Raw,equal_call_budget,1.0,0.9999999999999999,0.0,0.9999999999999999,0.0,0.02046169444444434,7.995701999012608,1.0,
full_288,sonnet,0.2,Raw,equal_call_budget,1.0,0.9999999999999999,0.0,0.9875000000000027,0.0125,0.01271852499999996,10.551339969306758,0.9875000000000028,
full_288,lite,0.2,Raw,equal_call_budget,1.0,0.9999999999999999,0.0,0.9722222222222263,0.0277777777777777,0.0044868488888888695,4.9502314325506,0.9722222222222264,
full_288,luna,0.2,Raw,equal_call_budget,1.0,0.9999999999999999,0.0,0.9749999999999965,0.025,0.000789367499999999,7.332745643770461,0.9749999999999966,
full_288,qwen_local,0.2,Raw,equal_call_budget,1.0,0.9999999999999999,0.0,0.9736111111111064,0.02638888888888889,0.0,124.27882091303401,0.9736111111111065,
full_288,baseline,0.2,Regime,threshold,0.4,0.0,0.35399999999999937,0.0,0.0,0.0,0.0,,
full_288,opus,0.2,Regime,threshold,0.4,0.0,0.35399999999999937,0.0,0.0,0.0,0.0,,
full_288,pro,0.2,Regime,threshold,0.4,0.0,0.35399999999999937,0.0,0.0,0.0,0.0,,
full_288,astra,0.2,Regime,threshold,0.4,0.0,0.35399999999999937,0.0,0.0,0.0,0.0,,
full_288,sonnet,0.2,Regime,threshold,0.4,0.0,0.35399999999999937,0.0,0.0,0.0,0.0,,
full_288,lite,0.2,Regime,threshold,0.4,0.0,0.35399999999999937,0.0,0.0,0.0,0.0,,
full_288,luna,0.2,Regime,threshold,0.4,0.0,0.35399999999999937,0.0,0.0,0.0,0.0,,
full_288,qwen_local,0.2,Regime,threshold,0.4,0.0,0.35399999999999937,0.0,0.0,0.0,0.0,,
full_288,baseline,0.2,Regime,threshold,0.6,0.1775000000000001,0.26659500000000075,0.11268055555555534,0.0648194444444446,7.102782222222242e-05,0.30833298267860765,0.634820031298903,
full_288,opus,0.2,Regime,threshold,0.6,0.1775000000000001,0.26659500000000075,0.1775000000000001,0.0,0.0030476619791666676,1.2123660621031687,1.0,
full_288,pro,0.2,Regime,threshold,0.6,0.1775000000000001,0.26659500000000075,0.1775000000000001,0.0,0.004582956222222207,2.7324607884607404,1.0,
full_288,astra,0.2,Regime,threshold,0.6,0.1775000000000001,0.26659500000000075,0.1775000000000001,0.0,0.0036151584548611195,1.4501691817881417,1.0,
full_288,sonnet,0.2,Regime,threshold,0.6,0.1775000000000001,0.26659500000000075,0.1775000000000001,0.0,0.002019953124999993,1.6649849472303462,1.0,
full_288,lite,0.2,Regime,threshold,0.6,0.1775000000000001,0.26659500000000075,0.17263888888888915,0.004861111111111099,0.0007761749090277782,0.8682883498235331,0.9726134585289524,
full_288,luna,0.2,Regime,threshold,0.6,0.1775000000000001,0.26659500000000075,0.17263888888888915,0.004861111111111099,0.00012528343993055543,1.203626238741447,0.9726134585289524,
full_288,qwen_local,0.2,Regime,threshold,0.6,0.1775000000000001,0.26659500000000075,0.1714236111111107,0.006076388888888872,0.0,23.07610865318088,0.9657668231611866,
full_288,baseline,0.2,Regime,threshold,0.7,0.333333333333334,0.18599999999999997,0.21249999999999922,0.1208333333333335,0.00013196555555555517,0.5660753063120265,0.6374999999999964,
full_288,opus,0.2,Regime,threshold,0.7,0.333333333333334,0.18599999999999997,0.333333333333334,0.0,0.005514284722222242,2.1775212225251885,1.0,
full_288,pro,0.2,Regime,threshold,0.7,0.333333333333334,0.18599999999999997,0.333333333333334,0.0,0.008272205555555537,4.9043586688636704,1.0,
full_288,astra,0.2,Regime,threshold,0.7,0.333333333333334,0.18599999999999997,0.333333333333334,0.0,0.0066730520833333485,2.646215017316805,1.0,
full_288,sonnet,0.2,Regime,threshold,0.7,0.333333333333334,0.18599999999999997,0.333333333333334,0.0,0.003537005555555554,2.9093221210783993,1.0,
full_288,lite,0.2,Regime,threshold,0.7,0.333333333333334,0.18599999999999997,0.3277777777777772,0.005555555555555536,0.0014273956944444444,1.6040868776087225,0.9833333333333297,
full_288,luna,0.2,Regime,threshold,0.7,0.333333333333334,0.18599999999999997,0.3277777777777772,0.005555555555555536,0.0002477313194444442,2.366574964218626,0.9833333333333297,
full_288,qwen_local,0.2,Regime,threshold,0.7,0.333333333333334,0.18599999999999997,0.32638888888888745,0.00694444444444442,0.0,42.06640779742784,0.9791666666666604,
full_288,baseline,0.2,Regime,threshold,0.8,0.6633333333333347,0.06923999999999976,0.43269444444444327,0.23063888888888873,0.00026075806666666686,1.110003015727809,0.6523031825795614,
full_288,opus,0.2,Regime,threshold,0.8,0.6633333333333347,0.06923999999999976,0.6633333333333347,0.0,0.01134818638888895,4.619083979428635,1.0,
full_288,pro,0.2,Regime,threshold,0.8,0.6633333333333347,0.06923999999999976,0.6633333333333347,0.0,0.017823641222222197,10.484825447619977,1.0,
full_288,astra,0.2,Regime,threshold,0.8,0.6633333333333347,0.06923999999999976,0.6633333333333347,0.0,0.013160829027777782,5.124459207971517,1.0,
full_288,sonnet,0.2,Regime,threshold,0.8,0.6633333333333347,0.06923999999999976,0.6605555555555572,0.002777777777777768,0.008068436777777762,6.679918738353129,0.9958123953098833,
full_288,lite,0.2,Regime,threshold,0.8,0.6633333333333347,0.06923999999999976,0.6468888888888911,0.016444444444444418,0.002978836363888888,3.289618823571817,0.9752093802345072,
full_288,luna,0.2,Regime,threshold,0.8,0.6633333333333347,0.06923999999999976,0.6523333333333322,0.010999999999999961,0.0005024952527777765,4.724750883799355,0.983417085427132,
full_288,qwen_local,0.2,Regime,threshold,0.8,0.6633333333333347,0.06923999999999976,0.6441388888888914,0.019194444444444403,0.0,82.58277038362576,0.9710636515912916,
full_288,baseline,0.2,Regime,threshold,0.9,0.8300000000000007,0.037589999999999936,0.5341180555555558,0.295881944444445,0.00032393952222222307,1.374584880452016,0.6435157295850065,
full_288,opus,0.2,Regime,threshold,0.9,0.8300000000000007,0.037589999999999936,0.8300000000000007,0.0,0.014236076388888947,5.779711275217966,1.0,
full_288,pro,0.2,Regime,threshold,0.9,0.8300000000000007,0.037589999999999936,0.8300000000000007,0.0,0.02242901863888894,13.182701014235313,1.0,
full_288,astra,0.2,Regime,threshold,0.9,0.8300000000000007,0.037589999999999936,0.8300000000000007,0.0,0.01649976388888895,6.424474220080898,1.0,
full_288,sonnet,0.2,Regime,threshold,0.9,0.8300000000000007,0.037589999999999936,0.8258263888888913,0.004173611111111097,0.010330327708333347,8.57014527562105,0.9949715528781814,
full_288,lite,0.2,Regime,threshold,0.9,0.8300000000000007,0.037589999999999936,0.8024999999999985,0.027499999999999924,0.0037516247895833382,4.133682786130908,0.9668674698795154,
full_288,luna,0.2,Regime,threshold,0.9,0.8300000000000007,0.037589999999999936,0.8066944444444458,0.023305555555555597,0.0006400025805555537,5.966314080085705,0.9719210174029459,
full_288,qwen_local,0.2,Regime,threshold,0.9,0.8300000000000007,0.037589999999999936,0.8091736111111111,0.02082638888888899,0.0,103.45112130955782,0.9749079651941088,
full_288,baseline,0.2,Regime,equal_call_budget,0.0,0.0,0.35399999999999937,0.0,0.0,0.0,0.0,,
full_288,opus,0.2,Regime,equal_call_budget,0.0,0.0,0.35399999999999937,0.0,0.0,0.0,0.0,,
full_288,pro,0.2,Regime,equal_call_budget,0.0,0.0,0.35399999999999937,0.0,0.0,0.0,0.0,,
full_288,astra,0.2,Regime,equal_call_budget,0.0,0.0,0.35399999999999937,0.0,0.0,0.0,0.0,,
full_288,sonnet,0.2,Regime,equal_call_budget,0.0,0.0,0.35399999999999937,0.0,0.0,0.0,0.0,,
full_288,lite,0.2,Regime,equal_call_budget,0.0,0.0,0.35399999999999937,0.0,0.0,0.0,0.0,,
full_288,luna,0.2,Regime,equal_call_budget,0.0,0.0,0.35399999999999937,0.0,0.0,0.0,0.0,,
full_288,qwen_local,0.2,Regime,equal_call_budget,0.0,0.0,0.35399999999999937,0.0,0.0,0.0,0.0,,
full_288,baseline,0.2,Regime,equal_call_budget,0.1,0.10000000000000009,0.3051659999999992,0.06338749999999982,0.03661250000000016,4.016589666666676e-05,0.17507908012603263,0.6338749999999976,
full_288,opus,0.2,Regime,equal_call_budget,0.1,0.10000000000000009,0.3051659999999992,0.10000000000000009,0.0,0.0017391049791666705,0.6935197212081218,1.0,
full_288,pro,0.2,Regime,equal_call_budget,0.1,0.10000000000000009,0.3051659999999992,0.10000000000000009,0.0,0.0026173106166666564,1.5634309206383987,1.0,
full_288,astra,0.2,Regime,equal_call_budget,0.1,0.10000000000000009,0.3051659999999992,0.10000000000000009,0.0,0.0020489780937499934,0.8251537834504336,1.0,
full_288,sonnet,0.2,Regime,equal_call_budget,0.1,0.10000000000000009,0.3051659999999992,0.10000000000000009,0.0,0.0011651188666666657,0.9610191459128415,1.0,
full_288,lite,0.2,Regime,equal_call_budget,0.1,0.10000000000000009,0.3051659999999992,0.09688333333333383,0.003116666666666645,0.0004404774795833327,0.4919800920028733,0.9688333333333374,
full_288,luna,0.2,Regime,equal_call_budget,0.1,0.10000000000000009,0.3051659999999992,0.09688333333333383,0.003116666666666645,6.926438770833304e-05,0.6668599150962489,0.9688333333333374,
full_288,qwen_local,0.2,Regime,equal_call_budget,0.1,0.10000000000000009,0.3051659999999992,0.09610416666666685,0.003895833333333322,0.0,13.134870767766156,0.9610416666666677,
full_288,baseline,0.2,Regime,equal_call_budget,0.2,0.20000000000000015,0.2552880000000006,0.1270166666666663,0.07298333333333322,7.994764000000041e-05,0.34665383476378375,0.635083333333331,
full_288,opus,0.2,Regime,equal_call_budget,0.2,0.20000000000000015,0.2552880000000006,0.20000000000000015,0.0,0.0034216635833333293,1.3601972061158667,1.0,
full_288,pro,0.2,Regime,equal_call_budget,0.2,0.20000000000000015,0.2552880000000006,0.20000000000000015,0.0,0.005144188600000009,3.065446294623933,1.0,
full_288,astra,0.2,Regime,equal_call_budget,0.2,0.20000000000000015,0.2552880000000006,0.20000000000000015,0.0,0.004066581208333343,1.6294480480639364,1.0,
full_288,sonnet,0.2,Regime,equal_call_budget,0.2,0.20000000000000015,0.2552880000000006,0.20000000000000015,0.0,0.0022608929333333234,1.8632232854327984,1.0,
full_288,lite,0.2,Regime,equal_call_budget,0.2,0.20000000000000015,0.2552880000000006,0.1947333333333325,0.005266666666666646,0.0008727824449999991,0.9767908315255782,0.9736666666666618,
full_288,luna,0.2,Regime,equal_call_budget,0.2,0.20000000000000015,0.2552880000000006,0.1947333333333325,0.005266666666666646,0.00014189878083333275,1.3624615463053944,0.9736666666666618,
full_288,qwen_local,0.2,Regime,equal_call_budget,0.2,0.20000000000000015,0.2552880000000006,0.19341666666666682,0.00658333333333331,0.0,25.92644258317364,0.9670833333333334,
full_288,baseline,0.2,Regime,equal_call_budget,0.3,0.29999999999999893,0.20332199999999986,0.19112916666666732,0.1088708333333329,0.0001189610766666662,0.511219938424965,0.6370972222222266,
full_288,opus,0.2,Regime,equal_call_budget,0.3,0.29999999999999893,0.20332199999999986,0.29999999999999893,0.0,0.004991129437499988,1.9731902184228756,1.0,
full_288,pro,0.2,Regime,equal_call_budget,0.3,0.29999999999999893,0.20332199999999986,0.29999999999999893,0.0,0.007490201316666655,4.4446305753037505,1.0,
full_288,astra,0.2,Regime,equal_call_budget,0.3,0.29999999999999893,0.20332199999999986,0.29999999999999893,0.0,0.0060214343645833305,2.3920232750035777,1.0,
full_288,sonnet,0.2,Regime,equal_call_budget,0.3,0.29999999999999893,0.20332199999999986,0.29999999999999893,0.0,0.0032179773999999866,2.6477974121670034,1.0,
full_288,lite,0.2,Regime,equal_call_budget,0.3,0.29999999999999893,0.20332199999999986,0.2945166666666666,0.005483333333333316,0.0012887423820833297,1.4472628660879305,0.9817222222222255,
full_288,luna,0.2,Regime,equal_call_budget,0.3,0.29999999999999893,0.20332199999999986,0.2945166666666666,0.005483333333333316,0.00022127318479166702,2.115546609740314,0.9817222222222255,
full_288,qwen_local,0.2,Regime,equal_call_budget,0.3,0.29999999999999893,0.20332199999999986,0.2931458333333325,0.006854166666666642,0.0,38.03141649386433,0.9771527777777784,
full_288,baseline,0.2,Regime,equal_call_budget,0.4,0.4000000000000003,0.16359999999999963,0.2608333333333326,0.13916666666666702,0.00015964155555555514,0.6824844866784064,0.652083333333331,
full_288,opus,0.2,Regime,equal_call_budget,0.4,0.4000000000000003,0.16359999999999963,0.4000000000000003,0.0,0.006721095833333324,2.6874619525207906,1.0,
full_288,pro,0.2,Regime,equal_call_budget,0.4,0.4000000000000003,0.16359999999999963,0.4000000000000003,0.0,0.010150247777777746,6.004503063520564,1.0,
full_288,astra,0.2,Regime,equal_call_budget,0.4,0.4000000000000003,0.16359999999999963,0.4000000000000003,0.0,0.007984278472222214,3.1468261669213358,1.0,
full_288,sonnet,0.2,Regime,equal_call_budget,0.4,0.4000000000000003,0.16359999999999963,0.3988888888888898,0.0011111111111111183,0.004591452222222234,3.780326718904803,0.9972222222222238,
full_288,lite,0.2,Regime,equal_call_budget,0.4,0.4000000000000003,0.16359999999999963,0.39444444444444543,0.005555555555555536,0.0017579486388888941,1.9622591838593737,0.9861111111111128,
full_288,luna,0.2,Regime,equal_call_budget,0.4,0.4000000000000003,0.16359999999999963,0.39444444444444543,0.005555555555555536,0.00029873084722222145,2.830217761074047,0.9861111111111128,
full_288,qwen_local,0.2,Regime,equal_call_budget,0.4,0.4000000000000003,0.16359999999999963,0.3930555555555544,0.00694444444444442,0.0,50.126699265509345,0.9826388888888852,
full_288,baseline,0.2,Regime,equal_call_budget,0.5,0.5,0.12999999999999984,0.333333333333334,0.166666666666667,0.00020115555555555496,0.8570982572279862,0.666666666666668,
full_288,opus,0.2,Regime,equal_call_budget,0.5,0.5,0.12999999999999984,0.5,0.0,0.008531312499999992,3.4523730475141714,1.0,
full_288,pro,0.2,Regime,equal_call_budget,0.5,0.5,0.12999999999999984,0.5,0.0,0.012967311111111131,7.65471965550584,1.0,
full_288,astra,0.2,Regime,equal_call_budget,0.5,0.5,0.12999999999999984,0.5,0.0,0.009951118055555586,3.897742891328136,1.0,
full_288,sonnet,0.2,Regime,equal_call_budget,0.5,0.5,0.12999999999999984,0.49722222222222096,0.002777777777777768,0.0061731222222222385,5.086833615644416,0.9944444444444419,
full_288,lite,0.2,Regime,equal_call_budget,0.5,0.5,0.12999999999999984,0.4944444444444436,0.005555555555555536,0.0022537780555555477,2.4995176432353645,0.9888888888888872,
full_288,luna,0.2,Regime,equal_call_budget,0.5,0.5,0.12999999999999984,0.4944444444444436,0.005555555555555536,0.00037523013888889024,3.5256819563571766,0.9888888888888872,
full_288,qwen_local,0.2,Regime,equal_call_budget,0.5,0.5,0.12999999999999984,0.49305555555555686,0.00694444444444442,0.0,62.21713646763237,0.9861111111111137,
full_288,baseline,0.2,Regime,equal_call_budget,0.6,0.5999999999999979,0.09280000000000013,0.3941666666666649,0.20583333333333312,0.00023764688888888778,1.0119379052891022,0.6569444444444438,
full_288,opus,0.2,Regime,equal_call_budget,0.6,0.5999999999999979,0.09280000000000013,0.5999999999999979,0.0,0.010255929166666636,4.166685862972005,1.0,
full_288,pro,0.2,Regime,equal_call_budget,0.6,0.5999999999999979,0.09280000000000013,0.5999999999999979,0.0,0.015940574444444494,9.387437487412411,1.0,
full_288,astra,0.2,Regime,equal_call_budget,0.6,0.5999999999999979,0.09280000000000013,0.5999999999999979,0.0,0.011916247222222216,4.648793697436329,1.0,
full_288,sonnet,0.2,Regime,equal_call_budget,0.6,0.5999999999999979,0.09280000000000013,0.5972222222222248,0.002777777777777768,0.007333518888888855,6.062191854037488,0.9953703703703781,
full_288,lite,0.2,Regime,equal_call_budget,0.6,0.5999999999999979,0.09280000000000013,0.5877777777777766,0.012222222222222174,0.0026976913055555664,2.9832530597678892,0.9796296296296312,
full_288,luna,0.2,Regime,equal_call_budget,0.6,0.5999999999999979,0.09280000000000013,0.5911111111111079,0.008888888888888884,0.0004531475555555564,4.259805789485058,0.9851851851851834,
full_288,qwen_local,0.2,Regime,equal_call_budget,0.6,0.5999999999999979,0.09280000000000013,0.5855555555555574,0.014444444444444442,0.0,74.6858919264037,0.9759259259259324,
full_288,baseline,0.2,Regime,equal_call_budget,0.7,0.7000000000000008,0.06179999999999988,0.45499999999999863,0.24499999999999933,0.00027461822222222355,1.1680892149933302,0.6499999999999972,
full_288,opus,0.2,Regime,equal_call_budget,0.7,0.7000000000000008,0.06179999999999988,0.7000000000000008,0.0,0.011983169444444506,4.874795054320991,1.0,
full_288,pro,0.2,Regime,equal_call_budget,0.7,0.7000000000000008,0.06179999999999988,0.7000000000000008,0.0,0.018841890000000024,11.08114322070014,1.0,
full_288,astra,0.2,Regime,equal_call_budget,0.7,0.7000000000000008,0.06179999999999988,0.7000000000000008,0.0,0.013893808333333377,5.4094424712167095,1.0,
full_288,sonnet,0.2,Regime,equal_call_budget,0.7,0.7000000000000008,0.06179999999999988,0.6969444444444443,0.003055555555555589,0.008560756666666622,7.091506978507075,0.9956349206349192,
full_288,lite,0.2,Regime,equal_call_budget,0.7,0.7000000000000008,0.06179999999999988,0.68111111111111,0.018888888888889056,0.00314838094444444,3.474757153579772,0.9730158730158702,
full_288,luna,0.2,Regime,equal_call_budget,0.7,0.7000000000000008,0.06179999999999988,0.6863888888888886,0.01361111111111106,0.0005326159444444429,4.997505138447507,0.980555555555554,
full_288,qwen_local,0.2,Regime,equal_call_budget,0.7,0.7000000000000008,0.06179999999999988,0.6802777777777758,0.019722222222222224,0.0,87.17289528047898,0.9718253968253928,
full_288,baseline,0.2,Regime,equal_call_budget,0.8,0.8000000000000007,0.04319999999999991,0.5158333333333333,0.2841666666666659,0.00031254955555555525,1.3268638479837644,0.644791666666666,
full_288,opus,0.2,Regime,equal_call_budget,0.8,0.8000000000000007,0.04319999999999991,0.8000000000000007,0.0,0.013715656944444503,5.570496997452231,1.0,
full_288,pro,0.2,Regime,equal_call_budget,0.8,0.8000000000000007,0.04319999999999991,0.8000000000000007,0.0,0.021599310000000028,12.696824756749988,1.0,
full_288,astra,0.2,Regime,equal_call_budget,0.8,0.8000000000000007,0.04319999999999991,0.8000000000000007,0.0,0.015896233333333266,6.189287180341372,1.0,
full_288,sonnet,0.2,Regime,equal_call_budget,0.8,0.8000000000000007,0.04319999999999991,0.7961111111111139,0.0038888888888889417,0.009921676666666714,8.228735875129592,0.9951388888888915,
full_288,lite,0.2,Regime,equal_call_budget,0.8,0.8000000000000007,0.04319999999999991,0.7744444444444418,0.025555555555555675,0.0036126233611111203,3.9817986019504246,0.9680555555555515,
full_288,luna,0.2,Regime,equal_call_budget,0.8,0.8000000000000007,0.04319999999999991,0.7788888888888895,0.021111111111111254,0.0006151862777777769,5.742355519079082,0.973611111111111,
full_288,qwen_local,0.2,Regime,equal_call_budget,0.8,0.8000000000000007,0.04319999999999991,0.7794444444444454,0.02055555555555562,0.0,99.69639442516088,0.9743055555555559,
full_288,baseline,0.2,Regime,equal_call_budget,0.9,0.9000000000000032,0.022199999999999873,0.579444444444447,0.32055555555555637,0.00035132622222222424,1.4927298866636591,0.6438271604938277,
full_288,opus,0.2,Regime,equal_call_budget,0.9,0.9000000000000032,0.022199999999999873,0.9000000000000032,-1.1102230246251565e-16,0.015502000000000018,6.306494526687947,1.0,
full_288,pro,0.2,Regime,equal_call_budget,0.9,0.9000000000000032,0.022199999999999873,0.9000000000000032,-1.1102230246251565e-16,0.02455534111111117,14.406250026433685,1.0,
full_288,astra,0.2,Regime,equal_call_budget,0.9,0.9000000000000032,0.022199999999999873,0.9000000000000032,-1.1102230246251565e-16,0.018122902777777828,7.067822049634803,1.0,
full_288,sonnet,0.2,Regime,equal_call_budget,0.9,0.9000000000000032,0.022199999999999873,0.8925000000000025,0.007499999999999916,0.011312599999999971,9.385223292124934,0.9916666666666659,
full_288,lite,0.2,Regime,equal_call_budget,0.9,0.9000000000000032,0.022199999999999873,0.8722222222222245,0.02777777777777768,0.00405516205555556,4.470580023864615,0.9691358024691348,
full_288,luna,0.2,Regime,equal_call_budget,0.9,0.9000000000000032,0.022199999999999873,0.8758333333333327,0.024166666666666548,0.0007013728333333345,6.527481645081935,0.9731481481481439,
full_288,qwen_local,0.2,Regime,equal_call_budget,0.9,0.9000000000000032,0.022199999999999873,0.8769444444444429,0.02305555555555558,0.0,112.03406484924662,0.9743827160493774,
full_288,baseline,0.2,Regime,equal_call_budget,1.0,0.9999999999999999,0.0,0.6444444444444454,0.3555555555555546,0.0003905255555555542,1.662141628188293,0.6444444444444455,
full_288,opus,0.2,Regime,equal_call_budget,1.0,0.9999999999999999,0.0,0.9999999999999999,0.0,0.017315270833333386,7.062639848975858,1.0,
full_288,pro,0.2,Regime,equal_call_budget,1.0,0.9999999999999999,0.0,0.9999999999999999,0.0,0.027610677777777794,16.162547162934505,1.0,
full_288,astra,0.2,Regime,equal_call_budget,1.0,0.9999999999999999,0.0,0.9999999999999999,0.0,0.02046169444444434,7.995701999012608,1.0,
full_288,sonnet,0.2,Regime,equal_call_budget,1.0,0.9999999999999999,0.0,0.9875000000000027,0.0125,0.01271852499999996,10.551339969306758,0.9875000000000028,
full_288,lite,0.2,Regime,equal_call_budget,1.0,0.9999999999999999,0.0,0.9722222222222263,0.0277777777777777,0.0044868488888888695,4.9502314325506,0.9722222222222264,
full_288,luna,0.2,Regime,equal_call_budget,1.0,0.9999999999999999,0.0,0.9749999999999965,0.025,0.000789367499999999,7.332745643770461,0.9749999999999966,
full_288,qwen_local,0.2,Regime,equal_call_budget,1.0,0.9999999999999999,0.0,0.9736111111111064,0.02638888888888889,0.0,124.27882091303401,0.9736111111111065,
full_288,baseline,0.2,Weighted global,threshold,0.4,0.0,0.35399999999999937,0.0,0.0,0.0,0.0,,
full_288,opus,0.2,Weighted global,threshold,0.4,0.0,0.35399999999999937,0.0,0.0,0.0,0.0,,
full_288,pro,0.2,Weighted global,threshold,0.4,0.0,0.35399999999999937,0.0,0.0,0.0,0.0,,
full_288,astra,0.2,Weighted global,threshold,0.4,0.0,0.35399999999999937,0.0,0.0,0.0,0.0,,
full_288,sonnet,0.2,Weighted global,threshold,0.4,0.0,0.35399999999999937,0.0,0.0,0.0,0.0,,
full_288,lite,0.2,Weighted global,threshold,0.4,0.0,0.35399999999999937,0.0,0.0,0.0,0.0,,
full_288,luna,0.2,Weighted global,threshold,0.4,0.0,0.35399999999999937,0.0,0.0,0.0,0.0,,
full_288,qwen_local,0.2,Weighted global,threshold,0.4,0.0,0.35399999999999937,0.0,0.0,0.0,0.0,,
full_288,baseline,0.2,Weighted global,threshold,0.6,0.38166666666666665,0.16976,0.2475416666666661,0.1341250000000002,0.00015203065555555504,0.6504719620776549,0.6485807860261994,
full_288,opus,0.2,Weighted global,threshold,0.6,0.38166666666666665,0.16976,0.38166666666666665,0.0,0.006389222777777786,2.547228251771995,1.0,
full_288,pro,0.2,Weighted global,threshold,0.6,0.38166666666666665,0.16976,0.38166666666666665,0.0,0.009633786166666648,5.701963354989899,1.0,
full_288,astra,0.2,Weighted global,threshold,0.6,0.38166666666666665,0.16976,0.38166666666666665,0.0,0.007623691215277796,3.00915810078009,1.0,
full_288,sonnet,0.2,Weighted global,threshold,0.6,0.38166666666666665,0.16976,0.3808611111111109,0.0008055555555555527,0.004301479388888892,3.540800454502541,0.9978893740902468,
full_288,lite,0.2,Weighted global,threshold,0.6,0.38166666666666665,0.16976,0.3761111111111113,0.005555555555555536,0.001667046579166665,1.8637617996404467,0.9854439592430864,
full_288,luna,0.2,Weighted global,threshold,0.6,0.38166666666666665,0.16976,0.3761111111111113,0.005555555555555536,0.00028470597708333314,2.7027159919388053,0.9854439592430864,
full_288,qwen_local,0.2,Weighted global,threshold,0.6,0.38166666666666665,0.16976,0.3747222222222213,0.00694444444444442,0.0,47.91011911178708,0.981804949053855,
full_288,baseline,0.2,Weighted global,threshold,0.7,0.666666666666668,0.06799999999999976,0.434722222222221,0.23194444444444431,0.0002619744444444446,1.1151643373298463,0.6520833333333302,
full_288,opus,0.2,Weighted global,threshold,0.7,0.666666666666668,0.06799999999999976,0.666666666666668,0.0,0.011405673611111174,4.642894406610563,1.0,
full_288,pro,0.2,Weighted global,threshold,0.7,0.666666666666668,0.06799999999999976,0.666666666666668,0.0,0.01792274999999997,10.54258270868353,1.0,
full_288,astra,0.2,Weighted global,threshold,0.7,0.666666666666668,0.06799999999999976,0.666666666666668,0.0,0.013226333333333338,5.149494234841791,1.0,
full_288,sonnet,0.2,Weighted global,threshold,0.7,0.666666666666668,0.06799999999999976,0.6638888888888907,0.002777777777777768,0.00810711666666665,6.7124306796329,0.9958333333333342,
full_288,lite,0.2,Weighted global,threshold,0.7,0.666666666666668,0.06799999999999976,0.6500000000000025,0.016666666666666642,0.0029936334722222213,3.3057433374562337,0.9750000000000018,
full_288,luna,0.2,Weighted global,threshold,0.7,0.666666666666668,0.06799999999999976,0.6555555555555544,0.011111111111111072,0.0005050924999999987,4.7492216782369505,0.9833333333333297,
full_288,qwen_local,0.2,Weighted global,threshold,0.7,0.666666666666668,0.06799999999999976,0.6472222222222246,0.019444444444444403,0.0,82.9983955655848,0.970833333333335,
full_288,baseline,0.2,Weighted global,threshold,0.8,0.8933333333333343,0.02367999999999997,0.5751111111111116,0.31822222222222246,0.00034871293333333373,1.4814357705620222,0.643781094527363,
full_288,opus,0.2,Weighted global,threshold,0.8,0.8933333333333343,0.02367999999999997,0.8933333333333343,0.0,0.015381115277777828,6.256084838535446,1.0,
full_288,pro,0.2,Weighted global,threshold,0.8,0.8933333333333343,0.02367999999999997,0.8933333333333343,0.0,0.024351652000000005,14.289163550667013,1.0,
full_288,astra,0.2,Weighted global,threshold,0.8,0.8933333333333343,0.02367999999999997,0.8933333333333343,0.0,0.017966983333333353,7.0059633863429465,1.0,
full_288,sonnet,0.2,Weighted global,threshold,0.8,0.8933333333333343,0.02367999999999997,0.8861666666666694,0.0071666666666666415,0.011218871666666654,9.307482180312864,0.9919776119403005,
full_288,lite,0.2,Weighted global,threshold,0.8,0.8933333333333343,0.02367999999999997,0.865555555555555,0.0277777777777777,0.004026382933333333,4.43860326328556,0.9689054726368141,
full_288,luna,0.2,Weighted global,threshold,0.8,0.8933333333333343,0.02367999999999997,0.8692222222222228,0.02411111111111108,0.0006955065222222205,6.473797378502715,0.9730099502487558,
full_288,qwen_local,0.2,Weighted global,threshold,0.8,0.8933333333333343,0.02367999999999997,0.8704999999999988,0.022833333333333393,0.0,111.21774777832721,0.9744402985074603,
full_288,baseline,0.2,Weighted global,threshold,0.9,0.9999999999999999,0.0,0.6444444444444454,0.3555555555555546,0.0003905255555555542,1.662141628188293,0.6444444444444455,
full_288,opus,0.2,Weighted global,threshold,0.9,0.9999999999999999,0.0,0.9999999999999999,0.0,0.017315270833333386,7.062639848975858,1.0,
full_288,pro,0.2,Weighted global,threshold,0.9,0.9999999999999999,0.0,0.9999999999999999,0.0,0.027610677777777794,16.162547162934505,1.0,
full_288,astra,0.2,Weighted global,threshold,0.9,0.9999999999999999,0.0,0.9999999999999999,0.0,0.02046169444444434,7.995701999012608,1.0,
full_288,sonnet,0.2,Weighted global,threshold,0.9,0.9999999999999999,0.0,0.9875000000000027,0.0125,0.01271852499999996,10.551339969306758,0.9875000000000028,
full_288,lite,0.2,Weighted global,threshold,0.9,0.9999999999999999,0.0,0.9722222222222263,0.0277777777777777,0.0044868488888888695,4.9502314325506,0.9722222222222264,
full_288,luna,0.2,Weighted global,threshold,0.9,0.9999999999999999,0.0,0.9749999999999965,0.025,0.000789367499999999,7.332745643770461,0.9749999999999966,
full_288,qwen_local,0.2,Weighted global,threshold,0.9,0.9999999999999999,0.0,0.9736111111111064,0.02638888888888889,0.0,124.27882091303401,0.9736111111111065,
full_288,baseline,0.2,Weighted global,equal_call_budget,0.0,0.0,0.35399999999999937,0.0,0.0,0.0,0.0,,
full_288,opus,0.2,Weighted global,equal_call_budget,0.0,0.0,0.35399999999999937,0.0,0.0,0.0,0.0,,
full_288,pro,0.2,Weighted global,equal_call_budget,0.0,0.0,0.35399999999999937,0.0,0.0,0.0,0.0,,
full_288,astra,0.2,Weighted global,equal_call_budget,0.0,0.0,0.35399999999999937,0.0,0.0,0.0,0.0,,
full_288,sonnet,0.2,Weighted global,equal_call_budget,0.0,0.0,0.35399999999999937,0.0,0.0,0.0,0.0,,
full_288,lite,0.2,Weighted global,equal_call_budget,0.0,0.0,0.35399999999999937,0.0,0.0,0.0,0.0,,
full_288,luna,0.2,Weighted global,equal_call_budget,0.0,0.0,0.35399999999999937,0.0,0.0,0.0,0.0,,
full_288,qwen_local,0.2,Weighted global,equal_call_budget,0.0,0.0,0.35399999999999937,0.0,0.0,0.0,0.0,,
full_288,baseline,0.2,Weighted global,equal_call_budget,0.1,0.10000000000000009,0.30539999999999917,0.06333333333333313,0.036666666666666826,4.02520000000001e-05,0.1758645323906479,0.6333333333333308,
full_288,opus,0.2,Weighted global,equal_call_budget,0.1,0.10000000000000009,0.30539999999999917,0.10000000000000009,0.0,0.0017517791666666707,0.6995360845168264,1.0,
full_288,pro,0.2,Weighted global,equal_call_budget,0.1,0.10000000000000009,0.30539999999999917,0.10000000000000009,0.0,0.0026375799999999888,1.5771964741985232,1.0,
full_288,astra,0.2,Weighted global,equal_call_budget,0.1,0.10000000000000009,0.30539999999999917,0.10000000000000009,0.0,0.002056010416666659,0.8298291928449177,1.0,
full_288,sonnet,0.2,Weighted global,equal_call_budget,0.1,0.10000000000000009,0.30539999999999917,0.10000000000000009,0.0,0.001180661666666666,0.9742018197595215,1.0,
full_288,lite,0.2,Weighted global,equal_call_budget,0.1,0.10000000000000009,0.30539999999999917,0.09666666666666719,0.0033333333333333097,0.0004423092499999993,0.49358701583463566,0.9666666666666711,
full_288,luna,0.2,Weighted global,equal_call_budget,0.1,0.10000000000000009,0.30539999999999917,0.09666666666666719,0.0033333333333333097,6.850904166666636e-05,0.6604178063123246,0.9666666666666711,
full_288,qwen_local,0.2,Weighted global,equal_call_budget,0.1,0.10000000000000009,0.30539999999999917,0.09583333333333353,0.0041666666666666545,0.0,13.211817084674117,0.9583333333333345,
full_288,baseline,0.2,Weighted global,equal_call_budget,0.2,0.20000000000000015,0.2556000000000007,0.12694444444444408,0.07305555555555544,8.00624444444449e-05,0.34770110444993757,0.63472222222222,
full_288,opus,0.2,Weighted global,equal_call_budget,0.2,0.20000000000000015,0.2556000000000007,0.20000000000000015,0.0,0.0034385624999999963,1.3682190238608063,1.0,
full_288,pro,0.2,Weighted global,equal_call_budget,0.2,0.20000000000000015,0.2556000000000007,0.20000000000000015,0.0,0.0051712144444444556,3.0838003660374325,1.0,
full_288,astra,0.2,Weighted global,equal_call_budget,0.2,0.20000000000000015,0.2556000000000007,0.20000000000000015,0.0,0.004075957638888898,1.6356819272565817,1.0,
full_288,sonnet,0.2,Weighted global,equal_call_budget,0.2,0.20000000000000015,0.2556000000000007,0.20000000000000015,0.0,0.0022816166666666565,1.8808001838950381,1.0,
full_288,lite,0.2,Weighted global,equal_call_budget,0.2,0.20000000000000015,0.2556000000000007,0.1944444444444436,0.005555555555555536,0.0008752248055555546,0.9789333966345951,0.9722222222222172,
full_288,luna,0.2,Weighted global,equal_call_budget,0.2,0.20000000000000015,0.2556000000000007,0.1944444444444436,0.005555555555555536,0.00014089165277777715,1.3538720679268288,0.9722222222222172,
full_288,qwen_local,0.2,Weighted global,equal_call_budget,0.2,0.20000000000000015,0.2556000000000007,0.19305555555555565,0.00694444444444442,0.0,26.029037672384238,0.9652777777777775,
full_288,baseline,0.2,Weighted global,equal_call_budget,0.3,0.29999999999999893,0.2033999999999999,0.19111111111111184,0.10888888888888845,0.00011898977777777724,0.5114817558465035,0.6370370370370417,
full_288,opus,0.2,Weighted global,equal_call_budget,0.3,0.29999999999999893,0.2033999999999999,0.29999999999999893,0.0,0.004995354166666653,1.975195672859111,1.0,
full_288,pro,0.2,Weighted global,equal_call_budget,0.3,0.29999999999999893,0.2033999999999999,0.29999999999999893,0.0,0.007496957777777762,4.449219093157125,1.0,
full_288,astra,0.2,Weighted global,equal_call_budget,0.3,0.29999999999999893,0.2033999999999999,0.29999999999999893,0.0,0.0060237784722222175,2.393581744801739,1.0,
full_288,sonnet,0.2,Weighted global,equal_call_budget,0.3,0.29999999999999893,0.2033999999999999,0.29999999999999893,0.0,0.0032231583333333196,2.6521916367825638,1.0,
full_288,lite,0.2,Weighted global,equal_call_budget,0.3,0.29999999999999893,0.2033999999999999,0.29444444444444434,0.005555555555555536,0.0012893529722222182,1.4477985073651842,0.9814814814814846,
full_288,luna,0.2,Weighted global,equal_call_budget,0.3,0.29999999999999893,0.2033999999999999,0.29444444444444434,0.005555555555555536,0.00022102140277777813,2.113399240145672,0.9814814814814846,
full_288,qwen_local,0.2,Weighted global,equal_call_budget,0.3,0.29999999999999893,0.2033999999999999,0.2930555555555547,0.00694444444444442,0.0,38.057065266166994,0.9768518518518524,
full_288,baseline,0.2,Weighted global,equal_call_budget,0.4,0.4000000000000003,0.16359999999999963,0.2608333333333326,0.13916666666666702,0.00015964155555555514,0.6824844866784064,0.652083333333331,
full_288,opus,0.2,Weighted global,equal_call_budget,0.4,0.4000000000000003,0.16359999999999963,0.4000000000000003,0.0,0.006721095833333324,2.6874619525207906,1.0,
full_288,pro,0.2,Weighted global,equal_call_budget,0.4,0.4000000000000003,0.16359999999999963,0.4000000000000003,0.0,0.010150247777777746,6.004503063520564,1.0,
full_288,astra,0.2,Weighted global,equal_call_budget,0.4,0.4000000000000003,0.16359999999999963,0.4000000000000003,0.0,0.007984278472222214,3.1468261669213358,1.0,
full_288,sonnet,0.2,Weighted global,equal_call_budget,0.4,0.4000000000000003,0.16359999999999963,0.3988888888888898,0.0011111111111111183,0.004591452222222234,3.780326718904803,0.9972222222222238,
full_288,lite,0.2,Weighted global,equal_call_budget,0.4,0.4000000000000003,0.16359999999999963,0.39444444444444543,0.005555555555555536,0.0017579486388888941,1.9622591838593737,0.9861111111111128,
full_288,luna,0.2,Weighted global,equal_call_budget,0.4,0.4000000000000003,0.16359999999999963,0.39444444444444543,0.005555555555555536,0.00029873084722222145,2.830217761074047,0.9861111111111128,
full_288,qwen_local,0.2,Weighted global,equal_call_budget,0.4,0.4000000000000003,0.16359999999999963,0.3930555555555544,0.00694444444444442,0.0,50.126699265509345,0.9826388888888852,
full_288,baseline,0.2,Weighted global,equal_call_budget,0.5,0.5,0.12999999999999984,0.333333333333334,0.166666666666667,0.00020115555555555496,0.8570982572279862,0.666666666666668,
full_288,opus,0.2,Weighted global,equal_call_budget,0.5,0.5,0.12999999999999984,0.5,0.0,0.008531312499999992,3.4523730475141714,1.0,
full_288,pro,0.2,Weighted global,equal_call_budget,0.5,0.5,0.12999999999999984,0.5,0.0,0.012967311111111131,7.65471965550584,1.0,
full_288,astra,0.2,Weighted global,equal_call_budget,0.5,0.5,0.12999999999999984,0.5,0.0,0.009951118055555586,3.897742891328136,1.0,
full_288,sonnet,0.2,Weighted global,equal_call_budget,0.5,0.5,0.12999999999999984,0.49722222222222096,0.002777777777777768,0.0061731222222222385,5.086833615644416,0.9944444444444419,
full_288,lite,0.2,Weighted global,equal_call_budget,0.5,0.5,0.12999999999999984,0.4944444444444436,0.005555555555555536,0.0022537780555555477,2.4995176432353645,0.9888888888888872,
full_288,luna,0.2,Weighted global,equal_call_budget,0.5,0.5,0.12999999999999984,0.4944444444444436,0.005555555555555536,0.00037523013888889024,3.5256819563571766,0.9888888888888872,
full_288,qwen_local,0.2,Weighted global,equal_call_budget,0.5,0.5,0.12999999999999984,0.49305555555555686,0.00694444444444442,0.0,62.21713646763237,0.9861111111111137,
full_288,baseline,0.2,Weighted global,equal_call_budget,0.6,0.5999999999999979,0.09280000000000013,0.3941666666666649,0.20583333333333312,0.00023764688888888778,1.0119379052891022,0.6569444444444438,
full_288,opus,0.2,Weighted global,equal_call_budget,0.6,0.5999999999999979,0.09280000000000013,0.5999999999999979,0.0,0.010255929166666636,4.166685862972005,1.0,
full_288,pro,0.2,Weighted global,equal_call_budget,0.6,0.5999999999999979,0.09280000000000013,0.5999999999999979,0.0,0.015940574444444494,9.387437487412411,1.0,
full_288,astra,0.2,Weighted global,equal_call_budget,0.6,0.5999999999999979,0.09280000000000013,0.5999999999999979,0.0,0.011916247222222216,4.648793697436329,1.0,
full_288,sonnet,0.2,Weighted global,equal_call_budget,0.6,0.5999999999999979,0.09280000000000013,0.5972222222222248,0.002777777777777768,0.007333518888888855,6.062191854037488,0.9953703703703781,
full_288,lite,0.2,Weighted global,equal_call_budget,0.6,0.5999999999999979,0.09280000000000013,0.5877777777777766,0.012222222222222174,0.0026976913055555664,2.9832530597678892,0.9796296296296312,
full_288,luna,0.2,Weighted global,equal_call_budget,0.6,0.5999999999999979,0.09280000000000013,0.5911111111111079,0.008888888888888884,0.0004531475555555564,4.259805789485058,0.9851851851851834,
full_288,qwen_local,0.2,Weighted global,equal_call_budget,0.6,0.5999999999999979,0.09280000000000013,0.5855555555555574,0.014444444444444442,0.0,74.6858919264037,0.9759259259259324,
full_288,baseline,0.2,Weighted global,equal_call_budget,0.7,0.7000000000000008,0.06179999999999988,0.45499999999999863,0.24499999999999933,0.00027461822222222355,1.1680892149933302,0.6499999999999972,
full_288,opus,0.2,Weighted global,equal_call_budget,0.7,0.7000000000000008,0.06179999999999988,0.7000000000000008,0.0,0.011983169444444506,4.874795054320991,1.0,
full_288,pro,0.2,Weighted global,equal_call_budget,0.7,0.7000000000000008,0.06179999999999988,0.7000000000000008,0.0,0.018841890000000024,11.08114322070014,1.0,
full_288,astra,0.2,Weighted global,equal_call_budget,0.7,0.7000000000000008,0.06179999999999988,0.7000000000000008,0.0,0.013893808333333377,5.4094424712167095,1.0,
full_288,sonnet,0.2,Weighted global,equal_call_budget,0.7,0.7000000000000008,0.06179999999999988,0.6969444444444443,0.003055555555555589,0.008560756666666622,7.091506978507075,0.9956349206349192,
full_288,lite,0.2,Weighted global,equal_call_budget,0.7,0.7000000000000008,0.06179999999999988,0.68111111111111,0.018888888888889056,0.00314838094444444,3.474757153579772,0.9730158730158702,
full_288,luna,0.2,Weighted global,equal_call_budget,0.7,0.7000000000000008,0.06179999999999988,0.6863888888888886,0.01361111111111106,0.0005326159444444429,4.997505138447507,0.980555555555554,
full_288,qwen_local,0.2,Weighted global,equal_call_budget,0.7,0.7000000000000008,0.06179999999999988,0.6802777777777758,0.019722222222222224,0.0,87.17289528047898,0.9718253968253928,
full_288,baseline,0.2,Weighted global,equal_call_budget,0.8,0.8000000000000007,0.04319999999999991,0.5158333333333333,0.2841666666666659,0.00031254955555555525,1.3268638479837644,0.644791666666666,
full_288,opus,0.2,Weighted global,equal_call_budget,0.8,0.8000000000000007,0.04319999999999991,0.8000000000000007,0.0,0.013715656944444503,5.570496997452231,1.0,
full_288,pro,0.2,Weighted global,equal_call_budget,0.8,0.8000000000000007,0.04319999999999991,0.8000000000000007,0.0,0.021599310000000028,12.696824756749988,1.0,
full_288,astra,0.2,Weighted global,equal_call_budget,0.8,0.8000000000000007,0.04319999999999991,0.8000000000000007,0.0,0.015896233333333266,6.189287180341372,1.0,
full_288,sonnet,0.2,Weighted global,equal_call_budget,0.8,0.8000000000000007,0.04319999999999991,0.7961111111111139,0.0038888888888889417,0.009921676666666714,8.228735875129592,0.9951388888888915,
full_288,lite,0.2,Weighted global,equal_call_budget,0.8,0.8000000000000007,0.04319999999999991,0.7744444444444418,0.025555555555555675,0.0036126233611111203,3.9817986019504246,0.9680555555555515,
full_288,luna,0.2,Weighted global,equal_call_budget,0.8,0.8000000000000007,0.04319999999999991,0.7788888888888895,0.021111111111111254,0.0006151862777777769,5.742355519079082,0.973611111111111,
full_288,qwen_local,0.2,Weighted global,equal_call_budget,0.8,0.8000000000000007,0.04319999999999991,0.7794444444444454,0.02055555555555562,0.0,99.69639442516088,0.9743055555555559,
full_288,baseline,0.2,Weighted global,equal_call_budget,0.9,0.9000000000000032,0.022199999999999873,0.579444444444447,0.32055555555555637,0.00035132622222222424,1.4927298866636591,0.6438271604938277,
full_288,opus,0.2,Weighted global,equal_call_budget,0.9,0.9000000000000032,0.022199999999999873,0.9000000000000032,-1.1102230246251565e-16,0.015502000000000018,6.306494526687947,1.0,
full_288,pro,0.2,Weighted global,equal_call_budget,0.9,0.9000000000000032,0.022199999999999873,0.9000000000000032,-1.1102230246251565e-16,0.02455534111111117,14.406250026433685,1.0,
full_288,astra,0.2,Weighted global,equal_call_budget,0.9,0.9000000000000032,0.022199999999999873,0.9000000000000032,-1.1102230246251565e-16,0.018122902777777828,7.067822049634803,1.0,
full_288,sonnet,0.2,Weighted global,equal_call_budget,0.9,0.9000000000000032,0.022199999999999873,0.8925000000000025,0.007499999999999916,0.011312599999999971,9.385223292124934,0.9916666666666659,
full_288,lite,0.2,Weighted global,equal_call_budget,0.9,0.9000000000000032,0.022199999999999873,0.8722222222222245,0.02777777777777768,0.00405516205555556,4.470580023864615,0.9691358024691348,
full_288,luna,0.2,Weighted global,equal_call_budget,0.9,0.9000000000000032,0.022199999999999873,0.8758333333333327,0.024166666666666548,0.0007013728333333345,6.527481645081935,0.9731481481481439,
full_288,qwen_local,0.2,Weighted global,equal_call_budget,0.9,0.9000000000000032,0.022199999999999873,0.8769444444444429,0.02305555555555558,0.0,112.03406484924662,0.9743827160493774,
full_288,baseline,0.2,Weighted global,equal_call_budget,1.0,0.9999999999999999,0.0,0.6444444444444454,0.3555555555555546,0.0003905255555555542,1.662141628188293,0.6444444444444455,
full_288,opus,0.2,Weighted global,equal_call_budget,1.0,0.9999999999999999,0.0,0.9999999999999999,0.0,0.017315270833333386,7.062639848975858,1.0,
full_288,pro,0.2,Weighted global,equal_call_budget,1.0,0.9999999999999999,0.0,0.9999999999999999,0.0,0.027610677777777794,16.162547162934505,1.0,
full_288,astra,0.2,Weighted global,equal_call_budget,1.0,0.9999999999999999,0.0,0.9999999999999999,0.0,0.02046169444444434,7.995701999012608,1.0,
full_288,sonnet,0.2,Weighted global,equal_call_budget,1.0,0.9999999999999999,0.0,0.9875000000000027,0.0125,0.01271852499999996,10.551339969306758,0.9875000000000028,
full_288,lite,0.2,Weighted global,equal_call_budget,1.0,0.9999999999999999,0.0,0.9722222222222263,0.0277777777777777,0.0044868488888888695,4.9502314325506,0.9722222222222264,
full_288,luna,0.2,Weighted global,equal_call_budget,1.0,0.9999999999999999,0.0,0.9749999999999965,0.025,0.000789367499999999,7.332745643770461,0.9749999999999966,
full_288,qwen_local,0.2,Weighted global,equal_call_budget,1.0,0.9999999999999999,0.0,0.9736111111111064,0.02638888888888889,0.0,124.27882091303401,0.9736111111111065,
full_288,baseline,0.2,Weighted regime,threshold,0.4,0.0008333333333333333,0.35356499999999935,0.0005347222222222221,0.00029861111111111115,3.2439444444444447e-07,0.001364838761638061,0.6416666666666666,
full_288,opus,0.2,Weighted regime,threshold,0.4,0.0008333333333333333,0.35356499999999935,0.0008333333333333333,0.0,1.297326388888889e-05,0.005058138741652429,1.0,
full_288,pro,0.2,Weighted regime,threshold,0.4,0.0008333333333333333,0.35356499999999935,0.0008333333333333333,0.0,1.9381194444444446e-05,0.011378489392664051,1.0,
full_288,astra,0.2,Weighted regime,threshold,0.4,0.0008333333333333333,0.35356499999999935,0.0008333333333333333,0.0,1.6231840277777776e-05,0.006315831812876341,1.0,
full_288,sonnet,0.2,Weighted regime,threshold,0.4,0.0008333333333333333,0.35356499999999935,0.0008333333333333333,0.0,7.846180555555557e-06,0.00642826210739602,1.0,
full_288,lite,0.2,Weighted regime,threshold,0.4,0.0008333333333333333,0.35356499999999935,0.0008333333333333333,0.0,3.4510680555555555e-06,0.0039072092560883094,1.0,
full_288,luna,0.2,Weighted regime,threshold,0.4,0.0008333333333333333,0.35356499999999935,0.0008333333333333333,0.0,6.677479166666666e-07,0.006329393101823775,1.0,
full_288,qwen_local,0.2,Weighted regime,threshold,0.4,0.0008333333333333333,0.35356499999999935,0.0008333333333333333,0.0,0.0,0.10023356328152133,1.0,
full_288,baseline,0.2,Weighted regime,threshold,0.6,0.3583333333333336,0.17669999999999997,0.2277083333333327,0.13062500000000013,0.00014108838888888847,0.6047852183273073,0.6354651162790675,
full_288,opus,0.2,Weighted regime,threshold,0.6,0.3583333333333336,0.17669999999999997,0.3583333333333336,0.0,0.005945438888888905,2.356099426389643,1.0,
full_288,pro,0.2,Weighted regime,threshold,0.6,0.3583333333333336,0.17669999999999997,0.3583333333333336,0.0,0.009015521388888868,5.337538126840334,1.0,
full_288,astra,0.2,Weighted regime,threshold,0.6,0.3583333333333336,0.17669999999999997,0.3583333333333336,0.0,0.007164334375000011,2.8339777188438533,1.0,
full_288,sonnet,0.2,Weighted regime,threshold,0.6,0.3583333333333336,0.17669999999999997,0.3583333333333336,0.0,0.0038271047222222243,3.153161680676671,1.0,
full_288,lite,0.2,Weighted regime,threshold,0.6,0.3583333333333336,0.17669999999999997,0.35111111111111093,0.00722222222222221,0.0015383740069444438,1.7250207317418558,0.9798449612403088,
full_288,luna,0.2,Weighted regime,threshold,0.6,0.3583333333333336,0.17669999999999997,0.3519444444444442,0.006388888888888866,0.00026721067361111105,2.55010592250059,0.9821705426356575,
full_288,qwen_local,0.2,Weighted regime,threshold,0.6,0.3583333333333336,0.17669999999999997,0.34951388888888735,0.00881944444444443,0.0,45.1835966621207,0.9753875968992197,
full_288,baseline,0.2,Weighted regime,threshold,0.7,0.6658333333333347,0.06827999999999976,0.4341180555555543,0.23171527777777765,0.00026162849444444467,1.1137092225752665,0.6519920734251116,
full_288,opus,0.2,Weighted regime,threshold,0.7,0.6658333333333347,0.06827999999999976,0.6658333333333347,0.0,0.011390588472222286,4.636520147485618,1.0,
full_288,pro,0.2,Weighted regime,threshold,0.7,0.6658333333333347,0.06827999999999976,0.6658333333333347,0.0,0.01789927447222219,10.52883090375032,1.0,
full_288,astra,0.2,Weighted regime,threshold,0.7,0.6658333333333347,0.06827999999999976,0.6658333333333347,0.0,0.013209943003472226,5.143236595471734,1.0,
full_288,sonnet,0.2,Weighted regime,threshold,0.7,0.6658333333333347,0.06827999999999976,0.6630694444444463,0.002763888888888879,0.008093936083333315,6.70154312216007,0.9958489778890286,
full_288,lite,0.2,Weighted regime,threshold,0.7,0.6658333333333347,0.06827999999999976,0.649166666666669,0.016666666666666642,0.0029895015604166656,3.301266183628101,0.9749687108886123,
full_288,luna,0.2,Weighted regime,threshold,0.7,0.6658333333333347,0.06827999999999976,0.6547222222222211,0.011111111111111072,0.0005044550059027764,4.743426143276258,0.9833124739257367,
full_288,qwen_local,0.2,Weighted regime,threshold,0.7,0.6658333333333347,0.06827999999999976,0.6463888888888912,0.019444444444444403,0.0,82.89764192223377,0.9707968293700474,
full_288,baseline,0.2,Weighted regime,threshold,0.8,0.8416666666666672,0.03061999999999994,0.5467708333333328,0.2948958333333323,0.00033005551111111073,1.4072913990131501,0.649628712871286,
full_288,opus,0.2,Weighted regime,threshold,0.8,0.8416666666666672,0.03061999999999994,0.8416666666666672,0.0,0.014545911041666706,5.941467674125445,1.0,
full_288,pro,0.2,Weighted regime,threshold,0.8,0.8416666666666672,0.03061999999999994,0.8416666666666672,0.0,0.023147939861111067,13.558684660709027,1.0,
full_288,astra,0.2,Weighted regime,threshold,0.8,0.8416666666666672,0.03061999999999994,0.8416666666666672,0.0,0.017181869027777796,6.712836423149565,1.0,
full_288,sonnet,0.2,Weighted regime,threshold,0.8,0.8416666666666672,0.03061999999999994,0.8318402777777788,0.009826388888888853,0.010549108375000012,8.741339020972644,0.9883250825082514,
full_288,lite,0.2,Weighted regime,threshold,0.8,0.8416666666666672,0.03061999999999994,0.8222777777777778,0.019388888888888848,0.0037623789604166575,4.15631756886129,0.9769636963696363,
full_288,luna,0.2,Weighted regime,threshold,0.8,0.8416666666666672,0.03061999999999994,0.8263750000000001,0.015291666666666641,0.0006568682305555559,6.133764781901942,0.9818316831683163,
full_288,qwen_local,0.2,Weighted regime,threshold,0.8,0.8416666666666672,0.03061999999999994,0.8174097222222226,0.024256944444444463,0.0,104.54053876857823,0.9711798679867986,
full_288,baseline,0.2,Weighted regime,threshold,0.9,0.9999999999999999,0.0,0.6444444444444454,0.3555555555555546,0.0003905255555555542,1.662141628188293,0.6444444444444455,
full_288,opus,0.2,Weighted regime,threshold,0.9,0.9999999999999999,0.0,0.9999999999999999,0.0,0.017315270833333386,7.062639848975858,1.0,
full_288,pro,0.2,Weighted regime,threshold,0.9,0.9999999999999999,0.0,0.9999999999999999,0.0,0.027610677777777794,16.162547162934505,1.0,
full_288,astra,0.2,Weighted regime,threshold,0.9,0.9999999999999999,0.0,0.9999999999999999,0.0,0.02046169444444434,7.995701999012608,1.0,
full_288,sonnet,0.2,Weighted regime,threshold,0.9,0.9999999999999999,0.0,0.9875000000000027,0.0125,0.01271852499999996,10.551339969306758,0.9875000000000028,
full_288,lite,0.2,Weighted regime,threshold,0.9,0.9999999999999999,0.0,0.9722222222222263,0.0277777777777777,0.0044868488888888695,4.9502314325506,0.9722222222222264,
full_288,luna,0.2,Weighted regime,threshold,0.9,0.9999999999999999,0.0,0.9749999999999965,0.025,0.000789367499999999,7.332745643770461,0.9749999999999966,
full_288,qwen_local,0.2,Weighted regime,threshold,0.9,0.9999999999999999,0.0,0.9736111111111064,0.02638888888888889,0.0,124.27882091303401,0.9736111111111065,
full_288,baseline,0.2,Weighted regime,equal_call_budget,0.0,0.0,0.35399999999999937,0.0,0.0,0.0,0.0,,
full_288,opus,0.2,Weighted regime,equal_call_budget,0.0,0.0,0.35399999999999937,0.0,0.0,0.0,0.0,,
full_288,pro,0.2,Weighted regime,equal_call_budget,0.0,0.0,0.35399999999999937,0.0,0.0,0.0,0.0,,
full_288,astra,0.2,Weighted regime,equal_call_budget,0.0,0.0,0.35399999999999937,0.0,0.0,0.0,0.0,,
full_288,sonnet,0.2,Weighted regime,equal_call_budget,0.0,0.0,0.35399999999999937,0.0,0.0,0.0,0.0,,
full_288,lite,0.2,Weighted regime,equal_call_budget,0.0,0.0,0.35399999999999937,0.0,0.0,0.0,0.0,,
full_288,luna,0.2,Weighted regime,equal_call_budget,0.0,0.0,0.35399999999999937,0.0,0.0,0.0,0.0,,
full_288,qwen_local,0.2,Weighted regime,equal_call_budget,0.0,0.0,0.35399999999999937,0.0,0.0,0.0,0.0,,
full_288,baseline,0.2,Weighted regime,equal_call_budget,0.1,0.10000000000000009,0.30233999999999994,0.06404166666666679,0.03595833333333342,3.912603333333339e-05,0.1655932335456796,0.6404166666666673,
full_288,opus,0.2,Weighted regime,equal_call_budget,0.1,0.10000000000000009,0.30233999999999994,0.10000000000000009,0.0,0.0015860397916666678,0.6208605643260746,1.0,
full_288,pro,0.2,Weighted regime,equal_call_budget,0.1,0.10000000000000009,0.30233999999999994,0.10000000000000009,0.0,0.0023725188333333386,1.3971853891815074,1.0,
full_288,astra,0.2,Weighted regime,equal_call_budget,0.1,0.10000000000000009,0.30233999999999994,0.10000000000000009,0.0,0.0019640492708333348,0.7686892238401266,1.0,
full_288,sonnet,0.2,Weighted regime,equal_call_budget,0.1,0.10000000000000009,0.30233999999999994,0.10000000000000009,0.0,0.0009774096666666644,0.8018130079183224,1.0,
full_288,lite,0.2,Weighted regime,equal_call_budget,0.1,0.10000000000000009,0.30233999999999994,0.09950000000000016,0.000499999999999999,0.00041835532916666645,0.47257339649620506,0.9950000000000007,
full_288,luna,0.2,Weighted regime,equal_call_budget,0.1,0.10000000000000009,0.30233999999999994,0.09950000000000016,0.000499999999999999,7.838664374999989e-05,0.7446607673328753,0.9950000000000007,
full_288,qwen_local,0.2,Weighted regime,equal_call_budget,0.1,0.10000000000000009,0.30233999999999994,0.09937500000000009,0.0006249999999999999,0.0,12.205596017416278,0.99375,
full_288,baseline,0.2,Weighted regime,equal_call_budget,0.2,0.20000000000000015,0.25151999999999985,0.12788888888888855,0.07211111111111092,7.856115555555549e-05,0.33400603932331047,0.6394444444444423,
full_288,opus,0.2,Weighted regime,equal_call_budget,0.2,0.20000000000000015,0.25151999999999985,0.20000000000000015,0.0,0.0032175766666666526,1.2633183302731383,1.0,
full_288,pro,0.2,Weighted regime,equal_call_budget,0.2,0.20000000000000015,0.25151999999999985,0.20000000000000015,0.0,0.004817799555555546,2.8437855860147403,1.0,
full_288,astra,0.2,Weighted regime,equal_call_budget,0.2,0.20000000000000015,0.25151999999999985,0.20000000000000015,0.0,0.003953342777777795,1.55416196858353,1.0,
full_288,sonnet,0.2,Weighted regime,equal_call_budget,0.2,0.20000000000000015,0.25151999999999985,0.20000000000000015,0.0,0.0020106139999999948,1.6509484347734413,1.0,
full_288,lite,0.2,Weighted regime,equal_call_budget,0.2,0.20000000000000015,0.25151999999999985,0.1982222222222218,0.0017777777777777475,0.000843286244444443,0.9509152375166834,0.9911111111111083,
full_288,luna,0.2,Weighted regime,equal_call_budget,0.2,0.20000000000000015,0.25151999999999985,0.1982222222222218,0.0017777777777777475,0.00015406178888888864,1.4661960159542249,0.9911111111111083,
full_288,qwen_local,0.2,Weighted regime,equal_call_budget,0.2,0.20000000000000015,0.25151999999999985,0.19777777777777872,0.0022222222222222144,0.0,24.687409582707218,0.9888888888888928,
full_288,baseline,0.2,Weighted regime,equal_call_budget,0.3,0.29999999999999893,0.20237999999999992,0.1913472222222218,0.10865277777777738,0.00011861445555555586,0.5080579895648477,0.6378240740740749,
full_288,opus,0.2,Weighted regime,equal_call_budget,0.3,0.29999999999999893,0.20237999999999992,0.29999999999999893,0.0,0.0049401077083333295,1.9489704994621877,1.0,
full_288,pro,0.2,Weighted regime,equal_call_budget,0.3,0.29999999999999893,0.20237999999999992,0.29999999999999893,0.0,0.007408604055555585,4.389215398151457,1.0,
full_288,astra,0.2,Weighted regime,equal_call_budget,0.3,0.29999999999999893,0.20237999999999992,0.29999999999999893,0.0,0.005993124756944452,2.373201755133474,1.0,
full_288,sonnet,0.2,Weighted regime,equal_call_budget,0.3,0.29999999999999893,0.20237999999999992,0.29999999999999893,0.0,0.0031554076666666635,2.5947286995021615,1.0,
full_288,lite,0.2,Weighted regime,equal_call_budget,0.3,0.29999999999999893,0.20237999999999992,0.29538888888888765,0.004611111111111108,0.0012813683319444424,1.4407939675857122,0.984629629629629,
full_288,luna,0.2,Weighted regime,equal_call_budget,0.3,0.29999999999999893,0.20237999999999992,0.29538888888888765,0.004611111111111108,0.00022431393680555592,2.1414802271525235,0.984629629629629,
full_288,qwen_local,0.2,Weighted regime,equal_call_budget,0.3,0.29999999999999893,0.20237999999999992,0.2942361111111109,0.005763888888888869,0.0,37.72165824374751,0.9807870370370398,
full_288,baseline,0.2,Weighted regime,equal_call_budget,0.4,0.4000000000000003,0.16132000000000057,0.2534444444444441,0.14655555555555533,0.0001564605333333337,0.6699608757690537,0.6336111111111097,
full_288,opus,0.2,Weighted regime,equal_call_budget,0.4,0.4000000000000003,0.16132000000000057,0.40000000000000036,-5.2735593669694933e-17,0.00666688249999998,2.655416375481591,1.0000000000000002,
full_288,pro,0.2,Weighted regime,equal_call_budget,0.4,0.4000000000000003,0.16132000000000057,0.40000000000000036,-5.2735593669694933e-17,0.010249174444444438,6.05675384880406,1.0000000000000002,
full_288,astra,0.2,Weighted regime,equal_call_budget,0.4,0.4000000000000003,0.16132000000000057,0.40000000000000036,-5.2735593669694933e-17,0.007983195208333311,3.1469110853322184,1.0000000000000002,
full_288,sonnet,0.2,Weighted regime,equal_call_budget,0.4,0.4000000000000003,0.16132000000000057,0.39994444444444477,5.555555555550318e-05,0.004324645777777776,3.5705992352853637,0.9998611111111112,
full_288,lite,0.2,Weighted regime,equal_call_budget,0.4,0.4000000000000003,0.16132000000000057,0.39022222222222275,0.00977777777777777,0.0017250684000000033,1.9283612567251962,0.9755555555555562,
full_288,luna,0.2,Weighted regime,equal_call_budget,0.4,0.4000000000000003,0.16132000000000057,0.392333333333333,0.007666666666666626,0.00029962899305555524,2.8547021983757124,0.9808333333333317,
full_288,qwen_local,0.2,Weighted regime,equal_call_budget,0.4,0.4000000000000003,0.16132000000000057,0.3883055555555543,0.011694444444444483,0.0,50.36630082805381,0.970763888888885,
full_288,baseline,0.2,Weighted regime,equal_call_budget,0.5,0.5,0.12429999999999972,0.31486111111111187,0.1851388888888884,0.00019320300000000057,0.8257892299545986,0.6297222222222237,
full_288,opus,0.2,Weighted regime,equal_call_budget,0.5,0.5,0.12429999999999972,0.5,-1.0547118733938987e-16,0.008395779166666655,3.372259104916199,1.0,
full_288,pro,0.2,Weighted regime,equal_call_budget,0.5,0.5,0.12429999999999972,0.5,-1.0547118733938987e-16,0.013214627777777781,7.785346618714626,1.0,
full_288,astra,0.2,Weighted regime,equal_call_budget,0.5,0.5,0.12429999999999972,0.5,-1.0547118733938987e-16,0.009948409895833324,3.897955187355343,1.0,
full_288,sonnet,0.2,Weighted regime,equal_call_budget,0.5,0.5,0.12429999999999972,0.4998611111111111,0.00013888888888878294,0.005506106111111115,4.562514906595762,0.9997222222222222,
full_288,lite,0.2,Weighted regime,equal_call_budget,0.5,0.5,0.12429999999999972,0.48388888888888965,0.016111111111111055,0.002171577458333327,2.4147728253998935,0.9677777777777793,
full_288,luna,0.2,Weighted regime,equal_call_budget,0.5,0.5,0.12429999999999972,0.48916666666666814,0.010833333333333282,0.0003774755034722229,3.5868930496113456,0.9783333333333363,
full_288,qwen_local,0.2,Weighted regime,equal_call_budget,0.5,0.5,0.12429999999999972,0.4811805555555547,0.01881944444444438,0.0,62.816140373993285,0.9623611111111094,
full_288,baseline,0.2,Weighted regime,equal_call_budget,0.6,0.5999999999999979,0.09052000000000014,0.3867777777777771,0.21322222222222234,0.0002344658666666673,0.9994142943797459,0.6446296296296308,
full_288,opus,0.2,Weighted regime,equal_call_budget,0.6,0.5999999999999979,0.09052000000000014,0.5999999999999979,0.0,0.01020171583333334,4.134640285932813,1.0,
full_288,pro,0.2,Weighted regime,equal_call_budget,0.6,0.5999999999999979,0.09052000000000014,0.5999999999999979,0.0,0.01603950111111104,9.439688272696,1.0,
full_288,astra,0.2,Weighted regime,equal_call_budget,0.6,0.5999999999999979,0.09052000000000014,0.5999999999999979,0.0,0.011915163958333372,4.648878615847213,1.0,
full_288,sonnet,0.2,Weighted regime,equal_call_budget,0.6,0.5999999999999979,0.09052000000000014,0.5982777777777768,0.0017222222222222582,0.007066712444444431,5.852464370418049,0.9971296296296316,
full_288,lite,0.2,Weighted regime,equal_call_budget,0.6,0.5999999999999979,0.09052000000000014,0.5835555555555539,0.016444444444444425,0.0026648110666666557,2.94935513263371,0.9725925925925933,
full_288,luna,0.2,Weighted regime,equal_call_budget,0.6,0.5999999999999979,0.09052000000000014,0.5889999999999996,0.010999999999999963,0.0004540457013888893,4.284290226786703,0.9816666666666696,
full_288,qwen_local,0.2,Weighted regime,equal_call_budget,0.6,0.5999999999999979,0.09052000000000014,0.5808055555555529,0.01919444444444441,0.0,74.92549348894856,0.9680092592592583,
full_288,baseline,0.2,Weighted regime,equal_call_budget,0.7,0.7000000000000008,0.060720000000000114,0.45625000000000115,0.24375000000000077,0.0002749986222222232,1.1712803475535833,0.6517857142857152,
full_288,opus,0.2,Weighted regime,equal_call_budget,0.7,0.7000000000000008,0.060720000000000114,0.7000000000000008,-9.992007221626409e-17,0.012007404444444442,4.892928068067949,1.0,
full_288,pro,0.2,Weighted regime,equal_call_budget,0.7,0.7000000000000008,0.060720000000000114,0.7000000000000008,-9.992007221626409e-17,0.01893126500000004,11.123327900835406,1.0,
full_288,astra,0.2,Weighted regime,equal_call_budget,0.7,0.7000000000000008,0.060720000000000114,0.7000000000000008,-9.992007221626409e-17,0.013994718333333387,5.453853043292623,1.0,
full_288,sonnet,0.2,Weighted regime,equal_call_budget,0.7,0.7000000000000008,0.060720000000000114,0.6956944444444456,0.004305555555555484,0.008574258166666633,7.100173312674833,0.9938492063492068,
full_288,lite,0.2,Weighted regime,equal_call_budget,0.7,0.7000000000000008,0.060720000000000114,0.6831111111111119,0.016888888888888856,0.0031386142694444347,3.46654014167438,0.9758730158730158,
full_288,luna,0.2,Weighted regime,equal_call_budget,0.7,0.7000000000000008,0.060720000000000114,0.6883888888888887,0.011611111111111063,0.0005342432444444436,5.015629223864576,0.983412698412697,
full_288,qwen_local,0.2,Weighted regime,equal_call_budget,0.7,0.7000000000000008,0.060720000000000114,0.6795277777777763,0.02047222222222205,0.0,87.08927235621103,0.970753968253965,
full_288,baseline,0.2,Weighted regime,equal_call_budget,0.8,0.8000000000000007,0.038880000000000005,0.520833333333334,0.27916666666666656,0.0003140711555555549,1.339628378224795,0.651041666666667,
full_288,opus,0.2,Weighted regime,equal_call_budget,0.8,0.8000000000000007,0.038880000000000005,0.8000000000000007,0.0,0.013812596944444469,5.643029052440201,1.0,
full_288,pro,0.2,Weighted regime,equal_call_budget,0.8,0.8000000000000007,0.038880000000000005,0.8000000000000007,0.0,0.02195681000000009,12.865563477291039,1.0,
full_288,astra,0.2,Weighted regime,equal_call_budget,0.8,0.8000000000000007,0.038880000000000005,0.8000000000000007,0.0,0.016299873333333298,6.3669294686451,1.0,
full_288,sonnet,0.2,Weighted regime,equal_call_budget,0.8,0.8000000000000007,0.038880000000000005,0.7911111111111123,0.008888888888888972,0.009975682666666656,8.263401211800641,0.9888888888888895,
full_288,lite,0.2,Weighted regime,equal_call_budget,0.8,0.8000000000000007,0.038880000000000005,0.7824444444444429,0.017555555555555536,0.003573556661111116,3.9489305543288378,0.9780555555555528,
full_288,luna,0.2,Weighted regime,equal_call_budget,0.8,0.8000000000000007,0.038880000000000005,0.7868888888888904,0.013111111111111207,0.0006216954777777787,5.8148518607473685,0.9836111111111121,
full_288,qwen_local,0.2,Weighted regime,equal_call_budget,0.8,0.8000000000000007,0.038880000000000005,0.7764444444444426,0.023555555555555698,0.0,99.36190272808786,0.9705555555555524,
full_288,baseline,0.2,Weighted regime,equal_call_budget,0.9,0.9000000000000032,0.01896000000000003,0.5831944444444445,0.31680555555555506,0.00035246742222222336,1.5023032843444244,0.6479938271604915,
full_288,opus,0.2,Weighted regime,equal_call_budget,0.9,0.9000000000000032,0.01896000000000003,0.9000000000000032,-1.1102230246251566e-17,0.015574705000000045,6.360893567928939,1.0,
full_288,pro,0.2,Weighted regime,equal_call_budget,0.9,0.9000000000000032,0.01896000000000003,0.9000000000000032,-1.1102230246251566e-17,0.0248234661111111,14.532804066839537,1.0,
full_288,astra,0.2,Weighted regime,equal_call_budget,0.9,0.9000000000000032,0.01896000000000003,0.9000000000000032,-1.1102230246251566e-17,0.01842563277777784,7.201053765862602,1.0,
full_288,sonnet,0.2,Weighted regime,equal_call_budget,0.9,0.9000000000000032,0.01896000000000003,0.8887499999999988,0.01125000000000003,0.011353104499999997,9.411222294628226,0.9874999999999952,
full_288,lite,0.2,Weighted regime,equal_call_budget,0.9,0.9000000000000032,0.01896000000000003,0.8782222222222258,0.021777777777777882,0.004025862030555552,4.445928988148444,0.9758024691358029,
full_288,luna,0.2,Weighted regime,equal_call_budget,0.9,0.9000000000000032,0.01896000000000003,0.8818333333333296,0.01816666666666671,0.0007062547333333315,6.581853901333159,0.9798148148148071,
full_288,qwen_local,0.2,Weighted regime,equal_call_budget,0.9,0.9000000000000032,0.01896000000000003,0.8746944444444437,0.025305555555555612,0.0,111.7831960764419,0.9718827160493784,
full_288,baseline,0.2,Weighted regime,equal_call_budget,1.0,0.9999999999999999,0.0,0.6444444444444454,0.3555555555555546,0.0003905255555555542,1.662141628188293,0.6444444444444455,
full_288,opus,0.2,Weighted regime,equal_call_budget,1.0,0.9999999999999999,0.0,0.9999999999999999,0.0,0.017315270833333386,7.062639848975858,1.0,
full_288,pro,0.2,Weighted regime,equal_call_budget,1.0,0.9999999999999999,0.0,0.9999999999999999,0.0,0.027610677777777794,16.162547162934505,1.0,
full_288,astra,0.2,Weighted regime,equal_call_budget,1.0,0.9999999999999999,0.0,0.9999999999999999,0.0,0.02046169444444434,7.995701999012608,1.0,
full_288,sonnet,0.2,Weighted regime,equal_call_budget,1.0,0.9999999999999999,0.0,0.9875000000000027,0.0125,0.01271852499999996,10.551339969306758,0.9875000000000028,
full_288,lite,0.2,Weighted regime,equal_call_budget,1.0,0.9999999999999999,0.0,0.9722222222222263,0.0277777777777777,0.0044868488888888695,4.9502314325506,0.9722222222222264,
full_288,luna,0.2,Weighted regime,equal_call_budget,1.0,0.9999999999999999,0.0,0.9749999999999965,0.025,0.000789367499999999,7.332745643770461,0.9749999999999966,
full_288,qwen_local,0.2,Weighted regime,equal_call_budget,1.0,0.9999999999999999,0.0,0.9736111111111064,0.02638888888888889,0.0,124.27882091303401,0.9736111111111065,
first_repeat_144,baseline,0.01,Context cells,threshold,0.4,0.11466666666666656,0.2956599999999997,0.07311111111111097,0.04155555555555548,4.5913666666666694e-05,0.1996412888491502,0.6375968992248057,
first_repeat_144,opus,0.01,Context cells,threshold,0.4,0.11466666666666656,0.2956599999999997,0.11466666666666656,0.0,0.0019210394444444442,0.7793076018191243,1.0,
first_repeat_144,pro,0.01,Context cells,threshold,0.4,0.11466666666666656,0.2956599999999997,0.11466666666666656,0.0,0.002739365555555556,1.6098960531085291,1.0,
first_repeat_144,astra,0.01,Context cells,threshold,0.4,0.11466666666666656,0.2956599999999997,0.11466666666666656,0.0,0.0021942920833333355,0.8575591715472209,1.0,
first_repeat_144,sonnet,0.01,Context cells,threshold,0.4,0.11466666666666656,0.2956599999999997,0.11466666666666656,0.0,0.001211930777777779,0.9917259023829827,1.0,
first_repeat_144,lite,0.01,Context cells,threshold,0.4,0.11466666666666656,0.2956599999999997,0.1104444444444444,0.004222222222222222,0.0004814986166666658,0.548792872903868,0.963178294573644,
first_repeat_144,luna,0.01,Context cells,threshold,0.4,0.11466666666666656,0.2956599999999997,0.11455555555555545,0.0001111111111111112,8.758266388888896e-05,0.8252727914940986,0.9990310077519381,
first_repeat_144,qwen_local,0.01,Context cells,threshold,0.4,0.11466666666666656,0.2956599999999997,0.11349999999999992,0.0011666666666666687,0.0,15.09021075501233,0.9898255813953492,
first_repeat_144,baseline,0.01,Context cells,threshold,0.6,0.3958333333333331,0.17344500000000024,0.2528055555555553,0.14302777777777795,0.00015591365555555573,0.6804041044983989,0.6386666666666664,
first_repeat_144,opus,0.01,Context cells,threshold,0.6,0.3958333333333331,0.17344500000000024,0.3958333333333331,0.0,0.006796763958333336,2.7774765918513125,1.0,
first_repeat_144,pro,0.01,Context cells,threshold,0.6,0.3958333333333331,0.17344500000000024,0.3958333333333331,0.0,0.010153955972222213,5.880480892708949,1.0,
first_repeat_144,astra,0.01,Context cells,threshold,0.6,0.3958333333333331,0.17344500000000024,0.3958333333333331,0.0,0.007765407326388891,3.0372484160537874,1.0,
first_repeat_144,sonnet,0.01,Context cells,threshold,0.6,0.3958333333333331,0.17344500000000024,0.3958333333333331,0.0,0.00468107308333333,3.87048119392316,1.0,
first_repeat_144,lite,0.01,Context cells,threshold,0.6,0.3958333333333331,0.17344500000000024,0.3815000000000002,0.014333333333333309,0.001675855972222221,1.885146464673766,0.9637894736842115,
first_repeat_144,luna,0.01,Context cells,threshold,0.6,0.3958333333333331,0.17344500000000024,0.39438888888888873,0.0014444444444444418,0.0003047166048611114,2.8448559718980606,0.9963508771929827,
first_repeat_144,qwen_local,0.01,Context cells,threshold,0.6,0.3958333333333331,0.17344500000000024,0.3871666666666665,0.008666666666666677,0.0,52.27681504832854,0.9781052631578949,
first_repeat_144,baseline,0.01,Context cells,threshold,0.7,0.6194999999999993,0.09128500000000006,0.3912638888888885,0.22823611111111067,0.0002423538277777777,1.0599569085827953,0.6315801273428393,
first_repeat_144,opus,0.01,Context cells,threshold,0.7,0.6194999999999993,0.09128500000000006,0.6194999999999993,0.0,0.010765208333333325,4.396501730923777,1.0,
first_repeat_144,pro,0.01,Context cells,threshold,0.7,0.6194999999999993,0.09128500000000006,0.6194999999999993,0.0,0.016738718111111085,9.586847438412114,1.0,
first_repeat_144,astra,0.01,Context cells,threshold,0.7,0.6194999999999993,0.09128500000000006,0.6194999999999993,0.0,0.012466643958333343,4.890344674794552,1.0,
first_repeat_144,sonnet,0.01,Context cells,threshold,0.7,0.6194999999999993,0.09128500000000006,0.6194999999999993,0.0,0.00757390041666666,6.2814274468889835,1.0,
first_repeat_144,lite,0.01,Context cells,threshold,0.7,0.6194999999999993,0.09128500000000006,0.6003888888888887,0.019111111111111072,0.002624248538888891,2.9387909292025913,0.9691507488117667,
first_repeat_144,luna,0.01,Context cells,threshold,0.7,0.6194999999999993,0.09128500000000006,0.6161111111111109,0.003388888888888878,0.0004749597013888901,4.386878397522934,0.9945296385974361,
first_repeat_144,qwen_local,0.01,Context cells,threshold,0.7,0.6194999999999993,0.09128500000000006,0.6052777777777776,0.014222222222222209,0.0,81.84493219033872,0.9770424177203847,
first_repeat_144,baseline,0.01,Context cells,threshold,0.8,0.7876666666666682,0.04110999999999995,0.49944444444444314,0.288222222222222,0.0003085009888888883,1.3464700406150494,0.6340809705177006,
first_repeat_144,opus,0.01,Context cells,threshold,0.8,0.7876666666666682,0.04110999999999995,0.7876666666666682,-2.7755575615628914e-19,0.013730410138888902,5.601067644835058,1.0,
first_repeat_144,pro,0.01,Context cells,threshold,0.8,0.7876666666666682,0.04110999999999995,0.7876666666666682,-2.7755575615628914e-19,0.02153271816666661,12.322258191876788,1.0,
first_repeat_144,astra,0.01,Context cells,threshold,0.8,0.7876666666666682,0.04110999999999995,0.7876666666666682,-2.7755575615628914e-19,0.015972116215277787,6.262692741131149,1.0,
first_repeat_144,sonnet,0.01,Context cells,threshold,0.8,0.7876666666666682,0.04110999999999995,0.7849027777777767,0.002763888888888879,0.01028365169444444,8.546666670359471,0.9964910424601463,
first_repeat_144,lite,0.01,Context cells,threshold,0.8,0.7876666666666682,0.04110999999999995,0.7665555555555545,0.021111111111111063,0.0033653972291666596,3.7584407916632507,0.9731979122584254,
first_repeat_144,luna,0.01,Context cells,threshold,0.8,0.7876666666666682,0.04110999999999995,0.7809999999999997,0.006666666666666643,0.0006066132048611118,5.5996752900792695,0.9915361828184488,
first_repeat_144,qwen_local,0.01,Context cells,threshold,0.8,0.7876666666666682,0.04110999999999995,0.7690555555555548,0.018611111111111075,0.0,103.93704879426137,0.9763718437015065,
first_repeat_144,baseline,0.01,Context cells,threshold,0.9,0.9061666666666683,0.011525,0.5748333333333343,0.3313333333333336,0.000354766027777777,1.5451815990975493,0.6343571822696339,
first_repeat_144,opus,0.01,Context cells,threshold,0.9,0.9061666666666683,0.011525,0.9061666666666683,0.0,0.0157510836805555,6.4115839075883665,1.0,
first_repeat_144,pro,0.01,Context cells,threshold,0.9,0.9061666666666683,0.011525,0.9061666666666683,0.0,0.025072609499999947,14.340323234314063,1.0,
first_repeat_144,astra,0.01,Context cells,threshold,0.9,0.9061666666666683,0.011525,0.9061666666666683,0.0,0.018356494722222293,7.209183410074986,1.0,
first_repeat_144,sonnet,0.01,Context cells,threshold,0.9,0.9061666666666683,0.011525,0.9033888888888869,0.002777777777777768,0.011865976944444434,9.860875000596856,0.9969345840230479,
first_repeat_144,lite,0.01,Context cells,threshold,0.9,0.9061666666666683,0.011525,0.8841111111111082,0.022055555555555505,0.00389326144305556,4.337505320110687,0.9756605971430273,
first_repeat_144,luna,0.01,Context cells,threshold,0.9,0.9061666666666683,0.011525,0.8959861111111096,0.010180555555555519,0.0006995767055555575,6.4591583545275535,0.9887652504444818,
first_repeat_144,qwen_local,0.01,Context cells,threshold,0.9,0.9061666666666683,0.011525,0.8852222222222198,0.020944444444444398,0.0,119.96229319465257,0.9768867635338071,
first_repeat_144,baseline,0.01,Context cells,equal_call_budget,0.0,0.0,0.35399999999999937,0.0,0.0,0.0,0.0,,
first_repeat_144,opus,0.01,Context cells,equal_call_budget,0.0,0.0,0.35399999999999937,0.0,0.0,0.0,0.0,,
first_repeat_144,pro,0.01,Context cells,equal_call_budget,0.0,0.0,0.35399999999999937,0.0,0.0,0.0,0.0,,
first_repeat_144,astra,0.01,Context cells,equal_call_budget,0.0,0.0,0.35399999999999937,0.0,0.0,0.0,0.0,,
first_repeat_144,sonnet,0.01,Context cells,equal_call_budget,0.0,0.0,0.35399999999999937,0.0,0.0,0.0,0.0,,
first_repeat_144,lite,0.01,Context cells,equal_call_budget,0.0,0.0,0.35399999999999937,0.0,0.0,0.0,0.0,,
first_repeat_144,luna,0.01,Context cells,equal_call_budget,0.0,0.0,0.35399999999999937,0.0,0.0,0.0,0.0,,
first_repeat_144,qwen_local,0.01,Context cells,equal_call_budget,0.0,0.0,0.35399999999999937,0.0,0.0,0.0,0.0,,
first_repeat_144,baseline,0.01,Context cells,equal_call_budget,0.1,0.10000000000000007,0.30308499999999905,0.06393749999999994,0.03606249999999997,3.996474722222232e-05,0.17326075275713482,0.6393749999999989,
first_repeat_144,opus,0.01,Context cells,equal_call_budget,0.1,0.10000000000000007,0.30308499999999905,0.10000000000000007,0.0,0.0016641316319444418,0.6743010141395871,1.0,
first_repeat_144,pro,0.01,Context cells,equal_call_budget,0.1,0.10000000000000007,0.30308499999999905,0.10000000000000007,0.0,0.002381744486111112,1.3986411804626697,1.0,
first_repeat_144,astra,0.01,Context cells,equal_call_budget,0.1,0.10000000000000007,0.30308499999999905,0.10000000000000007,0.0,0.0019150836631944468,0.7483594459554026,1.0,
first_repeat_144,sonnet,0.01,Context cells,equal_call_budget,0.1,0.10000000000000007,0.30308499999999905,0.10000000000000007,0.0,0.0010479423750000035,0.856669478104499,1.0,
first_repeat_144,lite,0.01,Context cells,equal_call_budget,0.1,0.10000000000000007,0.30308499999999905,0.09661111111111108,0.0033888888888888814,0.0004205927534722219,0.4796305015256214,0.96611111111111,
first_repeat_144,luna,0.01,Context cells,equal_call_budget,0.1,0.10000000000000007,0.30308499999999905,0.09987500000000006,0.00012499999999999998,7.654137326388899e-05,0.7204547431118382,0.9987499999999999,
first_repeat_144,qwen_local,0.01,Context cells,equal_call_budget,0.1,0.10000000000000007,0.30308499999999905,0.09900000000000002,0.001,0.0,13.09043293053349,0.9899999999999994,
first_repeat_144,baseline,0.01,Context cells,equal_call_budget,0.2,0.20000000000000015,0.255515,0.12765740740740736,0.07234259259259253,7.952416759259247e-05,0.3455856957262206,0.6382870370370363,
first_repeat_144,opus,0.01,Context cells,equal_call_budget,0.2,0.20000000000000015,0.255515,0.20000000000000015,-1.3877787807814457e-19,0.00336219996527778,1.3663480973187097,1.0,
first_repeat_144,pro,0.01,Context cells,equal_call_budget,0.2,0.20000000000000015,0.255515,0.20000000000000015,-1.3877787807814457e-19,0.004889783462962961,2.856930941215396,1.0,
first_repeat_144,astra,0.01,Context cells,equal_call_budget,0.2,0.20000000000000015,0.255515,0.20000000000000015,-1.3877787807814457e-19,0.0038614370601851855,1.509036866430307,1.0,
first_repeat_144,sonnet,0.01,Context cells,equal_call_budget,0.2,0.20000000000000015,0.255515,0.20000000000000015,-1.3877787807814457e-19,0.0021726107037037053,1.7827474179030416,1.0,
first_repeat_144,lite,0.01,Context cells,equal_call_budget,0.2,0.20000000000000015,0.255515,0.19307175925925918,0.006928240740740729,0.0008422253423611102,0.9562233937944495,0.9653587962962952,
first_repeat_144,luna,0.01,Context cells,equal_call_budget,0.2,0.20000000000000015,0.255515,0.19962037037037053,0.0003796296296296299,0.00015325987638888932,1.4382181102498401,0.998101851851852,
first_repeat_144,qwen_local,0.01,Context cells,equal_call_budget,0.2,0.20000000000000015,0.255515,0.19729166666666673,0.0027083333333333347,0.0,26.239093945903445,0.9864583333333329,
first_repeat_144,baseline,0.01,Context cells,equal_call_budget,0.3,0.29999999999999893,0.21092500000000006,0.1908726851851854,0.10912731481481475,0.00011874429814814822,0.5176416094262783,0.6362422839506203,
first_repeat_144,opus,0.01,Context cells,equal_call_budget,0.3,0.29999999999999893,0.21092500000000006,0.29999999999999893,0.0,0.005084135486111114,2.0710392484516618,1.0,
first_repeat_144,pro,0.01,Context cells,equal_call_budget,0.3,0.29999999999999893,0.21092500000000006,0.29999999999999893,0.0,0.007522675115740733,4.376003769971712,1.0,
first_repeat_144,astra,0.01,Context cells,equal_call_budget,0.3,0.29999999999999893,0.21092500000000006,0.29999999999999893,0.0,0.005842771331018519,2.2852937621821066,1.0,
first_repeat_144,sonnet,0.01,Context cells,equal_call_budget,0.3,0.29999999999999893,0.21092500000000006,0.29999999999999893,0.0,0.003365291023148145,2.7699948342105523,1.0,
first_repeat_144,lite,0.01,Context cells,equal_call_budget,0.3,0.29999999999999893,0.21092500000000006,0.28947453703703746,0.01052546296296294,0.0012640346986111098,1.4293684438746945,0.964915123456795,
first_repeat_144,luna,0.01,Context cells,equal_call_budget,0.3,0.29999999999999893,0.21092500000000006,0.2993217592592583,0.000678240740740741,0.00022960189513888878,2.147866404428443,0.9977391975308646,
first_repeat_144,qwen_local,0.01,Context cells,equal_call_budget,0.3,0.29999999999999893,0.21092500000000006,0.29500694444444453,0.004993055555555549,0.0,39.38170005863567,0.9833564814814852,
first_repeat_144,baseline,0.01,Context cells,equal_call_budget,0.4,0.4000000000000003,0.17043499999999995,0.25512962962962915,0.14487037037037065,0.00015771119537037054,0.6885355177245894,0.6378240740740724,
first_repeat_144,opus,0.01,Context cells,equal_call_budget,0.4,0.4000000000000003,0.17043499999999995,0.40000000000000036,-1.9706458687096528e-17,0.006870338090277785,2.8068230552945943,1.0000000000000002,
first_repeat_144,pro,0.01,Context cells,equal_call_budget,0.4,0.4000000000000003,0.17043499999999995,0.40000000000000036,-1.9706458687096528e-17,0.010256175490740737,5.93746172182467,1.0000000000000002,
first_repeat_144,astra,0.01,Context cells,equal_call_budget,0.4,0.4000000000000003,0.17043499999999995,0.40000000000000036,-1.9706458687096528e-17,0.007858155966435187,3.0742889668511633,1.0000000000000002,
first_repeat_144,sonnet,0.01,Context cells,equal_call_budget,0.4,0.4000000000000003,0.17043499999999995,0.39995833333333364,4.166666666664681e-05,0.004686888245370366,3.871965411336843,0.9998958333333333,
first_repeat_144,lite,0.01,Context cells,equal_call_budget,0.4,0.4000000000000003,0.17043499999999995,0.3855370370370367,0.01446296296296292,0.0016915869763888857,1.9042190918293327,0.963842592592591,
first_repeat_144,luna,0.01,Context cells,equal_call_budget,0.4,0.4000000000000003,0.17043499999999995,0.39882870370370394,0.0011712962962962745,0.000307473811458334,2.868277213768171,0.9970717592592591,
first_repeat_144,qwen_local,0.01,Context cells,equal_call_budget,0.4,0.4000000000000003,0.17043499999999995,0.3915624999999993,0.008437499999999985,0.0,52.837870675279355,0.9789062499999975,
first_repeat_144,baseline,0.01,Context cells,equal_call_budget,0.5,0.5,0.13345050000000003,0.31737685185185266,0.1826231481481479,0.0001962056175925927,0.8573427756281162,0.6347537037037053,
first_repeat_144,opus,0.01,Context cells,equal_call_budget,0.5,0.5,0.13345050000000003,0.5,-2.6367796834847467e-17,0.008633686069444443,3.528744838075625,1.0,
first_repeat_144,pro,0.01,Context cells,equal_call_budget,0.5,0.5,0.13345050000000003,0.5,-2.6367796834847467e-17,0.013166643224074069,7.580696503041323,1.0,
first_repeat_144,astra,0.01,Context cells,equal_call_budget,0.5,0.5,0.13345050000000003,0.5,-2.6367796834847467e-17,0.009926099719907412,3.884849881324495,1.0,
first_repeat_144,sonnet,0.01,Context cells,equal_call_budget,0.5,0.5,0.13345050000000003,0.49987499999999996,0.00012499999999997374,0.005995654825925929,4.964158177112869,0.9997499999999999,
first_repeat_144,lite,0.01,Context cells,equal_call_budget,0.5,0.5,0.13345050000000003,0.48314953703703656,0.016850462962962914,0.0021165338655555564,2.3749462831409383,0.9662990740740731,
first_repeat_144,luna,0.01,Context cells,equal_call_budget,0.5,0.5,0.13345050000000003,0.4978981481481479,0.0021018518518518266,0.00038391787041666664,3.564561397391291,0.9957962962962958,
first_repeat_144,qwen_local,0.01,Context cells,equal_call_budget,0.5,0.5,0.13345050000000003,0.4889805555555556,0.01101944444444442,0.0,65.95069199697451,0.9779611111111112,
first_repeat_144,baseline,0.01,Context cells,equal_call_budget,0.6,0.5999999999999979,0.09717500000000014,0.37990972222222186,0.22009027777777745,0.00023489309166666646,1.0266551378458886,0.633182870370372,
first_repeat_144,opus,0.01,Context cells,equal_call_budget,0.6,0.5999999999999979,0.09717500000000014,0.5999999999999979,-3.885780586188048e-18,0.01039904697916667,4.248541784643557,1.0,
first_repeat_144,pro,0.01,Context cells,equal_call_budget,0.6,0.5999999999999979,0.09717500000000014,0.5999999999999979,-3.885780586188048e-18,0.01608817906944444,9.225999159854767,1.0,
first_repeat_144,astra,0.01,Context cells,equal_call_budget,0.6,0.5999999999999979,0.09717500000000014,0.5999999999999979,-3.885780586188048e-18,0.012013024878472217,4.706672777386955,1.0,
first_repeat_144,sonnet,0.01,Context cells,equal_call_budget,0.6,0.5999999999999979,0.09717500000000014,0.599874999999998,0.00012499999999999567,0.0073294323333333335,6.077620933580098,0.999791666666667,
first_repeat_144,lite,0.01,Context cells,equal_call_budget,0.6,0.5999999999999979,0.09717500000000014,0.5812152777777787,0.018784722222222192,0.002544575087500002,2.849483140967851,0.9686921296296346,
first_repeat_144,luna,0.01,Context cells,equal_call_budget,0.6,0.5999999999999979,0.09717500000000014,0.5969513888888877,0.0030486111111111074,0.00046022049895833397,4.257118175341665,0.994918981481483,
first_repeat_144,qwen_local,0.01,Context cells,equal_call_budget,0.6,0.5999999999999979,0.09717500000000014,0.5865000000000002,0.013499999999999996,0.0,79.12440011783207,0.9775000000000039,
first_repeat_144,baseline,0.01,Context cells,equal_call_budget,0.7,0.7000000000000008,0.06616000000000001,0.44377083333333367,0.25622916666666673,0.00027395317500000007,1.1967818396027923,0.6339583333333331,
first_repeat_144,opus,0.01,Context cells,equal_call_budget,0.7,0.7000000000000008,0.06616000000000001,0.7000000000000008,-1.609823385706477e-17,0.01215202447916666,4.9599816035152795,1.0,
first_repeat_144,pro,0.01,Context cells,equal_call_budget,0.7,0.7000000000000008,0.06616000000000001,0.7000000000000008,-1.609823385706477e-17,0.018980836097222228,10.874405352357808,1.0,
first_repeat_144,astra,0.01,Context cells,equal_call_budget,0.7,0.7000000000000008,0.06616000000000001,0.7000000000000008,-1.609823385706477e-17,0.014102174618055543,5.533534169315041,1.0,
first_repeat_144,sonnet,0.01,Context cells,equal_call_budget,0.7,0.7000000000000008,0.06616000000000001,0.6991527777777786,0.0008472222222222031,0.008840608749999996,7.340305307088207,0.9987896825396826,
first_repeat_144,lite,0.01,Context cells,equal_call_budget,0.7,0.7000000000000008,0.06616000000000001,0.6797013888888885,0.020298611111111056,0.002981921054166671,3.333213299277389,0.9710019841269825,
first_repeat_144,luna,0.01,Context cells,equal_call_budget,0.7,0.7000000000000008,0.06616000000000001,0.6951527777777781,0.004847222222222202,0.0005378166493055563,4.9703329320290175,0.993075396825396,
first_repeat_144,qwen_local,0.01,Context cells,equal_call_budget,0.7,0.7000000000000008,0.06616000000000001,0.6833680555555549,0.016631944444444408,0.0,92.36234234050603,0.9762400793650773,
first_repeat_144,baseline,0.01,Context cells,equal_call_budget,0.8,0.8000000000000007,0.038464999999999964,0.5077083333333337,0.29229166666666706,0.00031337810000000015,1.3672771273247901,0.6346354166666665,
first_repeat_144,opus,0.01,Context cells,equal_call_budget,0.8,0.8000000000000007,0.038464999999999964,0.8000000000000007,-6.661338147750939e-18,0.013917831111111107,5.67443291281734,1.0,
first_repeat_144,pro,0.01,Context cells,equal_call_budget,0.8,0.8000000000000007,0.038464999999999964,0.8000000000000007,-6.661338147750939e-18,0.021937000138888853,12.550950595866947,1.0,
first_repeat_144,astra,0.01,Context cells,equal_call_budget,0.8,0.8000000000000007,0.038464999999999964,0.8000000000000007,-6.661338147750939e-18,0.016199252934027793,6.359427471126827,1.0,
first_repeat_144,sonnet,0.01,Context cells,equal_call_budget,0.8,0.8000000000000007,0.038464999999999964,0.797777777777776,0.0022222222222222075,0.01032206265277778,8.571086047999401,0.9972222222222191,
first_repeat_144,lite,0.01,Context cells,equal_call_budget,0.8,0.8000000000000007,0.038464999999999964,0.7787291666666638,0.02127083333333327,0.0034233948395833353,3.8200221789303996,0.9734114583333289,
first_repeat_144,luna,0.01,Context cells,equal_call_budget,0.8,0.8000000000000007,0.038464999999999964,0.7934027777777785,0.00659722222222221,0.0006162501184027793,5.687974347308923,0.9917534722222222,
first_repeat_144,qwen_local,0.01,Context cells,equal_call_budget,0.8,0.8000000000000007,0.038464999999999964,0.7811597222222204,0.018840277777777734,0.0,105.74863405330447,0.9764496527777746,
first_repeat_144,baseline,0.01,Context cells,equal_call_budget,0.9,0.9000000000000032,0.012369999999999954,0.5705972222222216,0.3294027777777778,0.00035207866666666634,1.5342992982805725,0.633996913580244,
first_repeat_144,opus,0.01,Context cells,equal_call_budget,0.9,0.9000000000000032,0.012369999999999954,0.9000000000000032,-3.053113317719181e-17,0.015661576111111134,6.377773307942076,1.0,
first_repeat_144,pro,0.01,Context cells,equal_call_budget,0.9,0.9000000000000032,0.012369999999999954,0.9000000000000032,-3.053113317719181e-17,0.02484832666666663,14.213437411508558,1.0,
first_repeat_144,astra,0.01,Context cells,equal_call_budget,0.9,0.9000000000000032,0.012369999999999954,0.9000000000000032,-3.053113317719181e-17,0.018259859826388926,7.170358102029353,1.0,
first_repeat_144,sonnet,0.01,Context cells,equal_call_budget,0.9,0.9000000000000032,0.012369999999999954,0.897222222222221,0.0027777777777777397,0.011869597805555559,9.871569416359666,0.9969135802469087,
first_repeat_144,lite,0.01,Context cells,equal_call_budget,0.9,0.9000000000000032,0.012369999999999954,0.8778888888888869,0.02211111111111105,0.0038627701347222158,4.306265845261802,0.9754320987654265,
first_repeat_144,luna,0.01,Context cells,equal_call_budget,0.9,0.9000000000000032,0.012369999999999954,0.8894861111111103,0.010513888888888849,0.0006944907743055565,6.411914832229332,0.9883179012345634,
first_repeat_144,qwen_local,0.01,Context cells,equal_call_budget,0.9,0.9000000000000032,0.012369999999999954,0.8785138888888874,0.021486111111111053,0.0,119.03567930312745,0.9761265432098714,
first_repeat_144,baseline,0.01,Context cells,equal_call_budget,1.0,0.9999999999999999,0.0,0.6388888888888866,0.3611111111111127,0.00039228777777777784,1.7068663816504566,0.6388888888888867,
first_repeat_144,opus,0.01,Context cells,equal_call_budget,1.0,0.9999999999999999,0.0,0.9999999999999999,0.0,0.017291416666666667,7.040562159170333,1.0,
first_repeat_144,pro,0.01,Context cells,equal_call_budget,1.0,0.9999999999999999,0.0,0.9999999999999999,0.0,0.027417877777777693,15.684650275938427,1.0,
first_repeat_144,astra,0.01,Context cells,equal_call_budget,1.0,0.9999999999999999,0.0,0.9999999999999999,0.0,0.020208888888888932,7.941474689473369,1.0,
first_repeat_144,sonnet,0.01,Context cells,equal_call_budget,1.0,0.9999999999999999,0.0,0.9944444444444419,0.005555555555555536,0.012989288888888917,10.782517477379102,0.994444444444442,
first_repeat_144,lite,0.01,Context cells,equal_call_budget,1.0,0.9999999999999999,0.0,0.9777777777777799,0.02222222222222217,0.004341425277777786,4.826221709380888,0.97777777777778,
first_repeat_144,luna,0.01,Context cells,equal_call_budget,1.0,0.9999999999999999,0.0,0.9861111111111137,0.01388888888888884,0.0007694555555555567,7.1056173842594195,0.9861111111111138,
first_repeat_144,qwen_local,0.01,Context cells,equal_call_budget,1.0,0.9999999999999999,0.0,0.9777777777777799,0.02222222222222217,0.0,132.75001606501218,0.97777777777778,
first_repeat_144,baseline,0.01,Global,threshold,0.4,0.0,0.35399999999999937,0.0,0.0,0.0,0.0,,
first_repeat_144,opus,0.01,Global,threshold,0.4,0.0,0.35399999999999937,0.0,0.0,0.0,0.0,,
first_repeat_144,pro,0.01,Global,threshold,0.4,0.0,0.35399999999999937,0.0,0.0,0.0,0.0,,
first_repeat_144,astra,0.01,Global,threshold,0.4,0.0,0.35399999999999937,0.0,0.0,0.0,0.0,,
first_repeat_144,sonnet,0.01,Global,threshold,0.4,0.0,0.35399999999999937,0.0,0.0,0.0,0.0,,
first_repeat_144,lite,0.01,Global,threshold,0.4,0.0,0.35399999999999937,0.0,0.0,0.0,0.0,,
first_repeat_144,luna,0.01,Global,threshold,0.4,0.0,0.35399999999999937,0.0,0.0,0.0,0.0,,
first_repeat_144,qwen_local,0.01,Global,threshold,0.4,0.0,0.35399999999999937,0.0,0.0,0.0,0.0,,
first_repeat_144,baseline,0.01,Global,threshold,0.6,0.16000000000000042,0.27624000000000115,0.09066666666666691,0.06933333333333354,6.614400000000017e-05,0.3051807531012836,0.5666666666666667,
first_repeat_144,opus,0.01,Global,threshold,0.6,0.16000000000000042,0.27624000000000115,0.16000000000000042,0.0,0.0028526800000000098,1.1568025424437034,1.0,
first_repeat_144,pro,0.01,Global,threshold,0.6,0.16000000000000042,0.27624000000000115,0.16000000000000042,0.0,0.004273584000000005,2.541581671437252,1.0,
first_repeat_144,astra,0.01,Global,threshold,0.6,0.16000000000000042,0.27624000000000115,0.16000000000000042,0.0,0.003169206666666676,1.268350386111068,1.0,
first_repeat_144,sonnet,0.01,Global,threshold,0.6,0.16000000000000042,0.27624000000000115,0.16000000000000042,0.0,0.0018054453333333279,1.4881264730021382,1.0,
first_repeat_144,lite,0.01,Global,threshold,0.6,0.16000000000000042,0.27624000000000115,0.14933333333333298,0.010666666666666633,0.0006351114666666637,0.7255788377790394,0.9333333333333287,
first_repeat_144,luna,0.01,Global,threshold,0.6,0.16000000000000042,0.27624000000000115,0.16000000000000042,0.0,0.00011103586666666683,1.0541079912955587,1.0,
first_repeat_144,qwen_local,0.01,Global,threshold,0.6,0.16000000000000042,0.27624000000000115,0.16000000000000042,0.0,0.0,22.043380703957038,1.0,
first_repeat_144,baseline,0.01,Global,threshold,0.7,0.32500000000000073,0.19035000000000005,0.19736111111111118,0.12763888888888947,0.0001310394999999996,0.5779507209032682,0.6072649572649561,
first_repeat_144,opus,0.01,Global,threshold,0.7,0.32500000000000073,0.19035000000000005,0.32500000000000073,0.0,0.005485347222222239,2.2091589645587026,1.0,
first_repeat_144,pro,0.01,Global,threshold,0.7,0.32500000000000073,0.19035000000000005,0.32500000000000073,0.0,0.008210314444444427,4.797002430637638,1.0,
first_repeat_144,astra,0.01,Global,threshold,0.7,0.32500000000000073,0.19035000000000005,0.32500000000000073,0.0,0.006433182638888916,2.5399819218079616,1.0,
first_repeat_144,sonnet,0.01,Global,threshold,0.7,0.32500000000000073,0.19035000000000005,0.32500000000000073,0.0,0.003201145833333347,2.603512601702895,1.0,
first_repeat_144,lite,0.01,Global,threshold,0.7,0.32500000000000073,0.19035000000000005,0.3138888888888895,0.011111111111111086,0.0013323652222222168,1.5284796585408142,0.9658119658119655,
first_repeat_144,luna,0.01,Global,threshold,0.7,0.32500000000000073,0.19035000000000005,0.32500000000000073,0.0,0.0002396708750000006,2.2343200099329543,1.0,
first_repeat_144,qwen_local,0.01,Global,threshold,0.7,0.32500000000000073,0.19035000000000005,0.32500000000000073,0.0,0.0,42.866347470628,1.0,
first_repeat_144,baseline,0.01,Global,threshold,0.8,0.5,0.12999999999999984,0.31388888888888966,0.18611111111111062,0.0002006822222222225,0.8767566944595419,0.6277777777777793,
first_repeat_144,opus,0.01,Global,threshold,0.8,0.5,0.12999999999999984,0.5,0.0,0.008508500000000018,3.444228931716257,1.0,
first_repeat_144,pro,0.01,Global,threshold,0.8,0.5,0.12999999999999984,0.5,0.0,0.013001511111111117,7.468092677572181,1.0,
first_repeat_144,astra,0.01,Global,threshold,0.8,0.5,0.12999999999999984,0.5,0.0,0.009901208333333366,3.8631195781506547,1.0,
first_repeat_144,sonnet,0.01,Global,threshold,0.8,0.5,0.12999999999999984,0.49722222222222096,0.002777777777777768,0.00610712222222221,5.042756955690378,0.9944444444444419,
first_repeat_144,lite,0.01,Global,threshold,0.8,0.5,0.12999999999999984,0.4888888888888899,0.011111111111111122,0.0021389447222222155,2.406646520725261,0.9777777777777799,
first_repeat_144,luna,0.01,Global,threshold,0.8,0.5,0.12999999999999984,0.5,0.0,0.0003719869444444441,3.4315871226607766,1.0,
first_repeat_144,qwen_local,0.01,Global,threshold,0.8,0.5,0.12999999999999984,0.5,0.0,0.0,64.68383697520167,1.0,
first_repeat_144,baseline,0.01,Global,threshold,0.9,0.666666666666668,0.06799999999999976,0.42499999999999843,0.241666666666667,0.0002630766666666672,1.148807619006326,0.6374999999999964,
first_repeat_144,opus,0.01,Global,threshold,0.9,0.666666666666668,0.06799999999999976,0.666666666666668,0.0,0.01158668055555553,4.746996038666446,1.0,
first_repeat_144,pro,0.01,Global,threshold,0.9,0.666666666666668,0.06799999999999976,0.666666666666668,0.0,0.017732549999999948,10.15777788729298,1.0,
first_repeat_144,astra,0.01,Global,threshold,0.9,0.666666666666668,0.06799999999999976,0.666666666666668,0.0,0.013180555555555534,5.1278466417803585,1.0,
first_repeat_144,sonnet,0.01,Global,threshold,0.9,0.666666666666668,0.06799999999999976,0.6638888888888907,0.002777777777777768,0.0079806166666667,6.588188793976525,0.9958333333333342,
first_repeat_144,lite,0.01,Global,threshold,0.9,0.666666666666668,0.06799999999999976,0.6444444444444454,0.02222222222222217,0.002848623055555555,3.178424492145948,0.9666666666666662,
first_repeat_144,luna,0.01,Global,threshold,0.9,0.666666666666668,0.06799999999999976,0.666666666666668,0.0,0.0005117922222222234,4.732369891862618,1.0,
first_repeat_144,qwen_local,0.01,Global,threshold,0.9,0.666666666666668,0.06799999999999976,0.6555555555555544,0.011111111111111122,0.0,88.04189697264019,0.9833333333333297,
first_repeat_144,baseline,0.01,Global,equal_call_budget,0.0,0.0,0.35399999999999937,0.0,0.0,0.0,0.0,,
first_repeat_144,opus,0.01,Global,equal_call_budget,0.0,0.0,0.35399999999999937,0.0,0.0,0.0,0.0,,
first_repeat_144,pro,0.01,Global,equal_call_budget,0.0,0.0,0.35399999999999937,0.0,0.0,0.0,0.0,,
first_repeat_144,astra,0.01,Global,equal_call_budget,0.0,0.0,0.35399999999999937,0.0,0.0,0.0,0.0,,
first_repeat_144,sonnet,0.01,Global,equal_call_budget,0.0,0.0,0.35399999999999937,0.0,0.0,0.0,0.0,,
first_repeat_144,lite,0.01,Global,equal_call_budget,0.0,0.0,0.35399999999999937,0.0,0.0,0.0,0.0,,
first_repeat_144,luna,0.01,Global,equal_call_budget,0.0,0.0,0.35399999999999937,0.0,0.0,0.0,0.0,,
first_repeat_144,qwen_local,0.01,Global,equal_call_budget,0.0,0.0,0.35399999999999937,0.0,0.0,0.0,0.0,,
first_repeat_144,baseline,0.01,Global,equal_call_budget,0.1,0.10000000000000009,0.30539999999999917,0.05666666666666665,0.043333333333333196,4.134000000000001e-05,0.19073797068830328,0.566666666666666,
first_repeat_144,opus,0.01,Global,equal_call_budget,0.1,0.10000000000000009,0.30539999999999917,0.10000000000000009,0.0,0.0017829249999999947,0.7230015890273097,1.0,
first_repeat_144,pro,0.01,Global,equal_call_budget,0.1,0.10000000000000009,0.30539999999999917,0.10000000000000009,0.0,0.0026709899999999977,1.5884885446482757,1.0,
first_repeat_144,astra,0.01,Global,equal_call_budget,0.1,0.10000000000000009,0.30539999999999917,0.10000000000000009,0.0,0.0019807541666666583,0.7927189913194178,1.0,
first_repeat_144,sonnet,0.01,Global,equal_call_budget,0.1,0.10000000000000009,0.30539999999999917,0.10000000000000009,0.0,0.0011284033333333332,0.9300790456263354,1.0,
first_repeat_144,lite,0.01,Global,equal_call_budget,0.1,0.10000000000000009,0.30539999999999917,0.09333333333333363,0.006666666666666662,0.0003969446666666668,0.45348677361189976,0.9333333333333355,
first_repeat_144,luna,0.01,Global,equal_call_budget,0.1,0.10000000000000009,0.30539999999999917,0.10000000000000009,0.0,6.93974166666669e-05,0.6588174945597243,1.0,
first_repeat_144,qwen_local,0.01,Global,equal_call_budget,0.1,0.10000000000000009,0.30539999999999917,0.10000000000000009,0.0,0.0,13.777112939973163,1.0,
first_repeat_144,baseline,0.01,Global,equal_call_budget,0.2,0.20000000000000015,0.2556000000000007,0.11611111111111087,0.08388888888888917,8.198199999999993e-05,0.37264485004319203,0.5805555555555539,
first_repeat_144,opus,0.01,Global,equal_call_budget,0.2,0.20000000000000015,0.2556000000000007,0.20000000000000015,0.0,0.0035007638888888775,1.4164039781009268,1.0,
first_repeat_144,pro,0.01,Global,equal_call_budget,0.2,0.20000000000000015,0.2556000000000007,0.20000000000000015,0.0,0.0052429477777777836,3.1000117546714496,1.0,
first_repeat_144,astra,0.01,Global,equal_call_budget,0.2,0.20000000000000015,0.2556000000000007,0.20000000000000015,0.0,0.0039606097222222286,1.5777843405377499,1.0,
first_repeat_144,sonnet,0.01,Global,equal_call_budget,0.2,0.20000000000000015,0.2556000000000007,0.20000000000000015,0.0,0.0021586666666666577,1.771896134077358,1.0,
first_repeat_144,lite,0.01,Global,equal_call_budget,0.2,0.20000000000000015,0.2556000000000007,0.18888888888888944,0.011111111111111077,0.0008027935555555528,0.9184783144453068,0.9444444444444465,
first_repeat_144,luna,0.01,Global,equal_call_budget,0.2,0.20000000000000015,0.2556000000000007,0.20000000000000015,0.0,0.00014176941666666645,1.3372482844065718,1.0,
first_repeat_144,qwen_local,0.01,Global,equal_call_budget,0.2,0.20000000000000015,0.2556000000000007,0.20000000000000015,0.0,0.0,27.15227438851799,1.0,
first_repeat_144,baseline,0.01,Global,equal_call_budget,0.3,0.29999999999999893,0.2033999999999999,0.18111111111111142,0.1188888888888894,0.00012122800000000015,0.5368895467312558,0.6037037037037069,
first_repeat_144,opus,0.01,Global,equal_call_budget,0.3,0.29999999999999893,0.2033999999999999,0.29999999999999893,0.0,0.005088430555555547,2.0506079672671427,1.0,
first_repeat_144,pro,0.01,Global,equal_call_budget,0.3,0.29999999999999893,0.2033999999999999,0.29999999999999893,0.0,0.007616841111111106,4.457604295444404,1.0,
first_repeat_144,astra,0.01,Global,equal_call_budget,0.3,0.29999999999999893,0.2033999999999999,0.29999999999999893,0.0,0.005938668055555545,2.347542405553907,1.0,
first_repeat_144,sonnet,0.01,Global,equal_call_budget,0.3,0.29999999999999893,0.2033999999999999,0.29999999999999893,0.0,0.0029926499999999977,2.4371893081777793,1.0,
first_repeat_144,lite,0.01,Global,equal_call_budget,0.3,0.29999999999999893,0.2033999999999999,0.2888888888888898,0.011111111111111086,0.0012264508888888916,1.4064793897217098,0.9629629629629695,
first_repeat_144,luna,0.01,Global,equal_call_budget,0.3,0.29999999999999893,0.2033999999999999,0.29999999999999893,0.0,0.0002200905833333327,2.0549056648276816,1.0,
first_repeat_144,qwen_local,0.01,Global,equal_call_budget,0.3,0.29999999999999893,0.2033999999999999,0.29999999999999893,0.0,0.0,39.72353285420626,1.0,
first_repeat_144,baseline,0.01,Global,equal_call_budget,0.4,0.4000000000000003,0.16359999999999963,0.2472222222222218,0.15277777777777835,0.00016085888888888917,0.7056853451601789,0.618055555555554,
first_repeat_144,opus,0.01,Global,equal_call_budget,0.4,0.4000000000000003,0.16359999999999963,0.4000000000000003,0.0,0.0067739916666666854,2.7348971508800384,1.0,
first_repeat_144,pro,0.01,Global,equal_call_budget,0.4,0.4000000000000003,0.16359999999999963,0.4000000000000003,0.0,0.010245487777777777,5.933318156450088,1.0,
first_repeat_144,astra,0.01,Global,equal_call_budget,0.4,0.4000000000000003,0.16359999999999963,0.4000000000000003,0.0,0.007919295833333341,3.10772488759585,1.0,
first_repeat_144,sonnet,0.01,Global,equal_call_budget,0.4,0.4000000000000003,0.16359999999999963,0.3988888888888898,0.0011111111111111183,0.004405235555555578,3.612475002002914,0.9972222222222238,
first_repeat_144,lite,0.01,Global,equal_call_budget,0.4,0.4000000000000003,0.16359999999999963,0.3888888888888872,0.011111111111111086,0.00167617988888889,1.9041464571784135,0.9722222222222172,
first_repeat_144,luna,0.01,Global,equal_call_budget,0.4,0.4000000000000003,0.16359999999999963,0.4000000000000003,0.0,0.00029651336111111143,2.7491097240451334,1.0,
first_repeat_144,qwen_local,0.01,Global,equal_call_budget,0.4,0.4000000000000003,0.16359999999999963,0.4000000000000003,0.0,0.0,52.22190619574199,1.0,
first_repeat_144,baseline,0.01,Global,equal_call_budget,0.5,0.5,0.12999999999999984,0.31388888888888966,0.18611111111111062,0.0002006822222222225,0.8767566944595419,0.6277777777777793,
first_repeat_144,opus,0.01,Global,equal_call_budget,0.5,0.5,0.12999999999999984,0.5,0.0,0.008508500000000018,3.444228931716257,1.0,
first_repeat_144,pro,0.01,Global,equal_call_budget,0.5,0.5,0.12999999999999984,0.5,0.0,0.01300151111111112,7.468092677572181,1.0,
first_repeat_144,astra,0.01,Global,equal_call_budget,0.5,0.5,0.12999999999999984,0.5,0.0,0.009901208333333366,3.8631195781506547,1.0,
first_repeat_144,sonnet,0.01,Global,equal_call_budget,0.5,0.5,0.12999999999999984,0.49722222222222096,0.002777777777777768,0.00610712222222221,5.042756955690378,0.9944444444444419,
first_repeat_144,lite,0.01,Global,equal_call_budget,0.5,0.5,0.12999999999999984,0.4888888888888899,0.011111111111111072,0.0021389447222222155,2.406646520725261,0.9777777777777799,
first_repeat_144,luna,0.01,Global,equal_call_budget,0.5,0.5,0.12999999999999984,0.5,0.0,0.0003719869444444441,3.4315871226607766,1.0,
first_repeat_144,qwen_local,0.01,Global,equal_call_budget,0.5,0.5,0.12999999999999984,0.5,0.0,0.0,64.68383697520174,1.0,
first_repeat_144,baseline,0.01,Global,equal_call_budget,0.6,0.5999999999999979,0.09280000000000013,0.3805555555555554,0.21944444444444386,0.00023811888888888857,1.039987249187611,0.6342592592592613,
first_repeat_144,opus,0.01,Global,equal_call_budget,0.6,0.5999999999999979,0.09280000000000013,0.5999999999999979,0.0,0.01035540833333331,4.225889195886348,1.0,
first_repeat_144,pro,0.01,Global,equal_call_budget,0.6,0.5999999999999979,0.09280000000000013,0.5999999999999979,0.0,0.015840134444444428,9.081903803404662,1.0,
first_repeat_144,astra,0.01,Global,equal_call_budget,0.6,0.5999999999999979,0.09280000000000013,0.5999999999999979,0.0,0.011868816666666655,4.6219558163284935,1.0,
first_repeat_144,sonnet,0.01,Global,equal_call_budget,0.6,0.5999999999999979,0.09280000000000013,0.5972222222222248,0.002777777777777768,0.007231218888888856,5.97001605866207,0.9953703703703781,
first_repeat_144,lite,0.01,Global,equal_call_budget,0.6,0.5999999999999979,0.09280000000000013,0.5822222222222243,0.017777777777777767,0.002564751722222215,2.869713303577669,0.9703703703703773,
first_repeat_144,luna,0.01,Global,equal_call_budget,0.6,0.5999999999999979,0.09280000000000013,0.5999999999999979,0.0,0.0004558701111111127,4.212056784181871,1.0,
first_repeat_144,qwen_local,0.01,Global,equal_call_budget,0.6,0.5999999999999979,0.09280000000000013,0.5933333333333336,0.006666666666666599,0.0,78.69867297366507,0.9888888888888928,
first_repeat_144,baseline,0.01,Global,equal_call_budget,0.7,0.7000000000000008,0.06179999999999988,0.44499999999999823,0.2550000000000007,0.00027586888888888976,1.2029335969473054,0.6357142857142825,
first_repeat_144,opus,0.01,Global,equal_call_budget,0.7,0.7000000000000008,0.06179999999999988,0.7000000000000008,0.0,0.01214407222222218,4.968023354061991,1.0,
first_repeat_144,pro,0.01,Global,equal_call_budget,0.7,0.7000000000000008,0.06179999999999988,0.7000000000000008,0.0,0.018675596666666714,10.704556012597308,1.0,
first_repeat_144,astra,0.01,Global,equal_call_budget,0.7,0.7000000000000008,0.06179999999999988,0.7000000000000008,0.0,0.013812938888888893,5.3718362051328965,1.0,
first_repeat_144,sonnet,0.01,Global,equal_call_budget,0.7,0.7000000000000008,0.06179999999999988,0.6972222222222227,0.002777777777777768,0.00844635666666665,6.981554235336736,0.9960317460317456,
first_repeat_144,lite,0.01,Global,equal_call_budget,0.7,0.7000000000000008,0.06179999999999988,0.6777777777777773,0.02222222222222217,0.002995815666666667,3.3420731671674377,0.9682539682539664,
first_repeat_144,luna,0.01,Global,equal_call_budget,0.7,0.7000000000000008,0.06179999999999988,0.6972222222222227,0.002777777777777768,0.0005379723333333318,4.980557323531,0.9960317460317456,
first_repeat_144,qwen_local,0.01,Global,equal_call_budget,0.7,0.7000000000000008,0.06179999999999988,0.688888888888887,0.011111111111111122,0.0,92.50194487900602,0.9841269841269802,
first_repeat_144,baseline,0.01,Global,equal_call_budget,0.8,0.8000000000000007,0.04319999999999991,0.504999999999999,0.2950000000000012,0.0003142455555555562,1.36531153077027,0.6312499999999982,
first_repeat_144,opus,0.01,Global,equal_call_budget,0.8,0.8000000000000007,0.04319999999999991,0.8000000000000007,0.0,0.013816247222222206,5.631105300248713,1.0,
first_repeat_144,pro,0.01,Global,equal_call_budget,0.8,0.8000000000000007,0.04319999999999991,0.8000000000000007,0.0,0.021504736666666607,12.344890388510072,1.0,
first_repeat_144,astra,0.01,Global,equal_call_budget,0.8,0.8000000000000007,0.04319999999999991,0.8000000000000007,0.0,0.01571008888888892,6.1038048951904775,1.0,
first_repeat_144,sonnet,0.01,Global,equal_call_budget,0.8,0.8000000000000007,0.04319999999999991,0.7972222222222196,0.002777777777777768,0.009843576666666683,8.161650559417485,0.9965277777777737,
first_repeat_144,lite,0.01,Global,equal_call_budget,0.8,0.8000000000000007,0.04319999999999991,0.7777777777777743,0.02222222222222217,0.0034373935000000123,3.833019192231973,0.9722222222222171,
first_repeat_144,luna,0.01,Global,equal_call_budget,0.8,0.8000000000000007,0.04319999999999991,0.7888888888888909,0.011111111111111122,0.000616512666666666,5.72511961853613,0.9861111111111127,
first_repeat_144,qwen_local,0.01,Global,equal_call_budget,0.8,0.8000000000000007,0.04319999999999991,0.7888888888888909,0.011111111111111122,0.0,105.88208859810297,0.9861111111111127,
first_repeat_144,baseline,0.01,Global,equal_call_budget,0.9,0.9000000000000032,0.022199999999999873,0.5705555555555569,0.3294444444444428,0.00035313777777777654,1.534409057886933,0.6339506172839499,
first_repeat_144,opus,0.01,Global,equal_call_budget,0.9,0.9000000000000032,0.022199999999999873,0.9000000000000032,-1.1102230246251565e-16,0.015540749999999994,6.327504433054703,1.0,
first_repeat_144,pro,0.01,Global,equal_call_budget,0.9,0.9000000000000032,0.022199999999999873,0.9000000000000032,-1.1102230246251565e-16,0.024435821111111092,14.008861218663995,1.0,
first_repeat_144,astra,0.01,Global,equal_call_budget,0.9,0.9000000000000032,0.022199999999999873,0.9000000000000032,-1.1102230246251565e-16,0.017889038888888844,6.9852665509151795,1.0,
first_repeat_144,sonnet,0.01,Global,equal_call_budget,0.9,0.9000000000000032,0.022199999999999873,0.896111111111111,0.0038888888888888307,0.011381305555555596,9.44601659141834,0.9956790123456752,
first_repeat_144,lite,0.01,Global,equal_call_budget,0.9,0.9000000000000032,0.022199999999999873,0.8777777777777755,0.022222222222222143,0.003887321777777764,4.32848940410443,0.9753086419753026,
first_repeat_144,luna,0.01,Global,equal_call_budget,0.9,0.9000000000000032,0.022199999999999873,0.8861111111111122,0.0138888888888888,0.0006933978888888908,6.426231183826461,0.9845679012345655,
first_repeat_144,qwen_local,0.01,Global,equal_call_budget,0.9,0.9000000000000032,0.022199999999999873,0.8844444444444464,0.015555555555555465,0.0,119.30528832868629,0.9827160493827146,
first_repeat_144,baseline,0.01,Global,equal_call_budget,1.0,0.9999999999999999,0.0,0.6388888888888866,0.3611111111111127,0.00039228777777777784,1.7068663816504566,0.6388888888888867,
first_repeat_144,opus,0.01,Global,equal_call_budget,1.0,0.9999999999999999,0.0,0.9999999999999999,0.0,0.017291416666666667,7.040562159170333,1.0,
first_repeat_144,pro,0.01,Global,equal_call_budget,1.0,0.9999999999999999,0.0,0.9999999999999999,0.0,0.027417877777777693,15.684650275938427,1.0,
first_repeat_144,astra,0.01,Global,equal_call_budget,1.0,0.9999999999999999,0.0,0.9999999999999999,0.0,0.020208888888888932,7.941474689473369,1.0,
first_repeat_144,sonnet,0.01,Global,equal_call_budget,1.0,0.9999999999999999,0.0,0.9944444444444419,0.005555555555555536,0.012989288888888917,10.782517477379102,0.994444444444442,
first_repeat_144,lite,0.01,Global,equal_call_budget,1.0,0.9999999999999999,0.0,0.9777777777777799,0.02222222222222217,0.004341425277777786,4.826221709380888,0.97777777777778,
first_repeat_144,luna,0.01,Global,equal_call_budget,1.0,0.9999999999999999,0.0,0.9861111111111137,0.01388888888888884,0.0007694555555555567,7.1056173842594195,0.9861111111111138,
first_repeat_144,qwen_local,0.01,Global,equal_call_budget,1.0,0.9999999999999999,0.0,0.9777777777777799,0.02222222222222217,0.0,132.75001606501218,0.97777777777778,
first_repeat_144,baseline,0.01,Oracle,threshold,0.4,0.0,0.35399999999999937,0.0,0.0,0.0,0.0,,
first_repeat_144,opus,0.01,Oracle,threshold,0.4,0.0,0.35399999999999937,0.0,0.0,0.0,0.0,,
first_repeat_144,pro,0.01,Oracle,threshold,0.4,0.0,0.35399999999999937,0.0,0.0,0.0,0.0,,
first_repeat_144,astra,0.01,Oracle,threshold,0.4,0.0,0.35399999999999937,0.0,0.0,0.0,0.0,,
first_repeat_144,sonnet,0.01,Oracle,threshold,0.4,0.0,0.35399999999999937,0.0,0.0,0.0,0.0,,
first_repeat_144,lite,0.01,Oracle,threshold,0.4,0.0,0.35399999999999937,0.0,0.0,0.0,0.0,,
first_repeat_144,luna,0.01,Oracle,threshold,0.4,0.0,0.35399999999999937,0.0,0.0,0.0,0.0,,
first_repeat_144,qwen_local,0.01,Oracle,threshold,0.4,0.0,0.35399999999999937,0.0,0.0,0.0,0.0,,
first_repeat_144,baseline,0.01,Oracle,threshold,0.6,0.4000000000000003,0.15399999999999994,0.255555555555555,0.1444444444444449,0.00015786222222222168,0.6924682435450229,0.638888888888887,
first_repeat_144,opus,0.01,Oracle,threshold,0.6,0.4000000000000003,0.15399999999999994,0.4000000000000003,0.0,0.006978777777777746,2.876685131023012,1.0,
first_repeat_144,pro,0.01,Oracle,threshold,0.6,0.4000000000000003,0.15399999999999994,0.4000000000000003,0.0,0.009815422222222207,5.758406287967224,1.0,
first_repeat_144,astra,0.01,Oracle,threshold,0.6,0.4000000000000003,0.15399999999999994,0.4000000000000003,0.0,0.007691527777777802,2.9924843537026056,1.0,
first_repeat_144,sonnet,0.01,Oracle,threshold,0.6,0.4000000000000003,0.15399999999999994,0.4000000000000003,0.0,0.0042425111111110995,3.481573566659872,1.0,
first_repeat_144,lite,0.01,Oracle,threshold,0.6,0.4000000000000003,0.15399999999999994,0.3777777777777789,0.02222222222222217,0.0016567699999999947,1.8765279347361505,0.9444444444444465,
first_repeat_144,luna,0.01,Oracle,threshold,0.6,0.4000000000000003,0.15399999999999994,0.4000000000000003,0.0,0.00031260611111111195,2.953506393477129,1.0,
first_repeat_144,qwen_local,0.01,Oracle,threshold,0.6,0.4000000000000003,0.15399999999999994,0.3888888888888872,0.011111111111111122,0.0,54.081533424928985,0.9722222222222172,
first_repeat_144,baseline,0.01,Oracle,threshold,0.7,0.5999999999999979,0.08200000000000034,0.38055555555555537,0.2194444444444439,0.00023538555555555583,1.0299655822034588,0.6342592592592612,
first_repeat_144,opus,0.01,Oracle,threshold,0.7,0.5999999999999979,0.08200000000000034,0.5999999999999979,0.0,0.01044498611111111,4.287830547925043,1.0,
first_repeat_144,pro,0.01,Oracle,threshold,0.7,0.5999999999999979,0.08200000000000034,0.5999999999999979,0.0,0.01580849444444443,9.055848461832527,1.0,
first_repeat_144,astra,0.01,Oracle,threshold,0.7,0.5999999999999979,0.08200000000000034,0.5999999999999979,0.0,0.011810104166666655,4.590836069333844,1.0,
first_repeat_144,sonnet,0.01,Oracle,threshold,0.7,0.5999999999999979,0.08200000000000034,0.5999999999999979,0.0,0.007009244444444447,5.8028162509202925,1.0,
first_repeat_144,lite,0.01,Oracle,threshold,0.7,0.5999999999999979,0.08200000000000034,0.5777777777777796,0.02222222222222217,0.0025386444444444487,2.840253708818143,0.9629629629629695,
first_repeat_144,luna,0.01,Oracle,threshold,0.7,0.5999999999999979,0.08200000000000034,0.5999999999999979,0.0,0.0004591170833333343,4.249161478670764,1.0,
first_repeat_144,qwen_local,0.01,Oracle,threshold,0.7,0.5999999999999979,0.08200000000000034,0.5888888888888887,0.011111111111111122,0.0,79.13908299740469,0.9814814814814846,
first_repeat_144,baseline,0.01,Oracle,threshold,0.8,0.9000000000000032,0.010000000000000007,0.5694444444444432,0.33055555555555544,0.0003515533333333329,1.5323642505197008,0.6327160493827124,
first_repeat_144,opus,0.01,Oracle,threshold,0.8,0.9000000000000032,0.010000000000000007,0.9000000000000032,0.0,0.01570011111111114,6.3941705169214345,1.0,
first_repeat_144,pro,0.01,Oracle,threshold,0.8,0.9000000000000032,0.010000000000000007,0.9000000000000032,0.0,0.024885822222222152,14.237936614133599,1.0,
first_repeat_144,astra,0.01,Oracle,threshold,0.8,0.9000000000000032,0.010000000000000007,0.9000000000000032,0.0,0.01830976388888893,7.1870139026716675,1.0,
first_repeat_144,sonnet,0.01,Oracle,threshold,0.8,0.9000000000000032,0.010000000000000007,0.897222222222221,0.002777777777777768,0.012053100000000004,10.04012913757214,0.9969135802469087,
first_repeat_144,lite,0.01,Oracle,threshold,0.8,0.9000000000000032,0.010000000000000007,0.8777777777777755,0.02222222222222217,0.0038505136111111064,4.296366998049473,0.9753086419753026,
first_repeat_144,luna,0.01,Oracle,threshold,0.8,0.9000000000000032,0.010000000000000007,0.8888888888888864,0.011111111111111072,0.0006949069444444445,6.418554672679665,0.987654320987648,
first_repeat_144,qwen_local,0.01,Oracle,threshold,0.8,0.9000000000000032,0.010000000000000007,0.8777777777777755,0.02222222222222217,0.0,118.90454398399014,0.9753086419753026,
first_repeat_144,baseline,0.01,Oracle,threshold,0.9,0.9333333333333352,0.0040000000000000036,0.5916666666666678,0.3416666666666673,0.0003650366666666658,1.5894315644102688,0.6339285714285713,
first_repeat_144,opus,0.01,Oracle,threshold,0.9,0.9333333333333352,0.0040000000000000036,0.9333333333333352,0.0,0.016237069444444384,6.606525301181132,1.0,
first_repeat_144,pro,0.01,Oracle,threshold,0.9,0.9333333333333352,0.0040000000000000036,0.9333333333333352,0.0,0.025946972222222153,14.838642315522529,1.0,
first_repeat_144,astra,0.01,Oracle,threshold,0.9,0.9333333333333352,0.0040000000000000036,0.9333333333333352,0.0,0.018951888888888987,7.44714192095756,1.0,
first_repeat_144,sonnet,0.01,Oracle,threshold,0.9,0.9333333333333352,0.0040000000000000036,0.9305555555555526,0.002777777777777768,0.012331438888888881,10.254847683750484,0.9970238095238043,
first_repeat_144,lite,0.01,Oracle,threshold,0.9,0.9333333333333352,0.0040000000000000036,0.9111111111111072,0.02222222222222217,0.004007333055555561,4.464154948621406,0.9761904761904701,
first_repeat_144,luna,0.01,Oracle,threshold,0.9,0.9333333333333352,0.0040000000000000036,0.9222222222222192,0.011111111111111072,0.0007214455555555581,6.661474110872319,0.9880952380952328,
first_repeat_144,qwen_local,0.01,Oracle,threshold,0.9,0.9333333333333352,0.0040000000000000036,0.9111111111111072,0.02222222222222217,0.0,123.59833088560943,0.9761904761904701,
first_repeat_144,baseline,0.01,Oracle,equal_call_budget,0.0,0.0,0.35399999999999937,0.0,0.0,0.0,0.0,,
first_repeat_144,opus,0.01,Oracle,equal_call_budget,0.0,0.0,0.35399999999999937,0.0,0.0,0.0,0.0,,
first_repeat_144,pro,0.01,Oracle,equal_call_budget,0.0,0.0,0.35399999999999937,0.0,0.0,0.0,0.0,,
first_repeat_144,astra,0.01,Oracle,equal_call_budget,0.0,0.0,0.35399999999999937,0.0,0.0,0.0,0.0,,
first_repeat_144,sonnet,0.01,Oracle,equal_call_budget,0.0,0.0,0.35399999999999937,0.0,0.0,0.0,0.0,,
first_repeat_144,lite,0.01,Oracle,equal_call_budget,0.0,0.0,0.35399999999999937,0.0,0.0,0.0,0.0,,
first_repeat_144,luna,0.01,Oracle,equal_call_budget,0.0,0.0,0.35399999999999937,0.0,0.0,0.0,0.0,,
first_repeat_144,qwen_local,0.01,Oracle,equal_call_budget,0.0,0.0,0.35399999999999937,0.0,0.0,0.0,0.0,,
first_repeat_144,baseline,0.01,Oracle,equal_call_budget,0.1,0.10000000000000007,0.2969999999999989,0.06666666666666653,0.033333333333333263,3.936333333333353e-05,0.16316478057609266,0.6666666666666647,
first_repeat_144,opus,0.01,Oracle,equal_call_budget,0.1,0.10000000000000007,0.2969999999999989,0.10000000000000007,0.0,0.0014887916666666613,0.5922025083253754,1.0,
first_repeat_144,pro,0.01,Oracle,equal_call_budget,0.1,0.10000000000000007,0.2969999999999989,0.10000000000000007,0.0,0.0021111166666666747,1.2423877725823913,1.0,
first_repeat_144,astra,0.01,Oracle,equal_call_budget,0.1,0.10000000000000007,0.2969999999999989,0.10000000000000007,0.0,0.0018761458333333386,0.7273499392535708,1.0,
first_repeat_144,sonnet,0.01,Oracle,equal_call_budget,0.1,0.10000000000000007,0.2969999999999989,0.10000000000000007,0.0,0.0007971833333333372,0.6305752781316762,1.0,
first_repeat_144,lite,0.01,Oracle,equal_call_budget,0.1,0.10000000000000007,0.2969999999999989,0.10000000000000007,0.0,0.00042647749999999906,0.4941801072893812,1.0,
first_repeat_144,luna,0.01,Oracle,equal_call_budget,0.1,0.10000000000000007,0.2969999999999989,0.10000000000000007,0.0,7.872125000000017e-05,0.73668489722962,1.0,
first_repeat_144,qwen_local,0.01,Oracle,equal_call_budget,0.1,0.10000000000000007,0.2969999999999989,0.10000000000000007,0.0,0.0,12.143162122211654,1.0,
first_repeat_144,baseline,0.01,Oracle,equal_call_budget,0.2,0.20000000000000015,0.2439999999999998,0.1277777777777775,0.07222222222222245,8.071777777777755e-05,0.34751883682846546,0.638888888888887,
first_repeat_144,opus,0.01,Oracle,equal_call_budget,0.2,0.20000000000000015,0.2439999999999998,0.20000000000000015,0.0,0.003211305555555559,1.2879380763831718,1.0,
first_repeat_144,pro,0.01,Oracle,equal_call_budget,0.2,0.20000000000000015,0.2439999999999998,0.20000000000000015,0.0,0.004480177777777767,2.662971904872558,1.0,
first_repeat_144,astra,0.01,Oracle,equal_call_budget,0.2,0.20000000000000015,0.2439999999999998,0.20000000000000015,0.0,0.003777916666666679,1.4788426136817876,1.0,
first_repeat_144,sonnet,0.01,Oracle,equal_call_budget,0.2,0.20000000000000015,0.2439999999999998,0.20000000000000015,0.0,0.0018551333333333292,1.495813656030483,1.0,
first_repeat_144,lite,0.01,Oracle,equal_call_budget,0.2,0.20000000000000015,0.2439999999999998,0.1944444444444436,0.005555555555555543,0.0008362738888888874,0.9657223618033105,0.9722222222222172,
first_repeat_144,luna,0.01,Oracle,equal_call_budget,0.2,0.20000000000000015,0.2439999999999998,0.20000000000000015,0.0,0.00015215055555555594,1.438944796053698,1.0,
first_repeat_144,qwen_local,0.01,Oracle,equal_call_budget,0.2,0.20000000000000015,0.2439999999999998,0.20000000000000015,0.0,0.0,25.804071579362585,1.0,
first_repeat_144,baseline,0.01,Oracle,equal_call_budget,0.3,0.29999999999999893,0.19600000000000015,0.18888888888888944,0.1111111111111108,0.00012117888888888909,0.5312305355528641,0.6296296296296336,
first_repeat_144,opus,0.01,Oracle,equal_call_budget,0.3,0.29999999999999893,0.19600000000000015,0.29999999999999893,0.0,0.005072861111111132,2.0588758890051464,1.0,
first_repeat_144,pro,0.01,Oracle,equal_call_budget,0.3,0.29999999999999893,0.19600000000000015,0.29999999999999893,0.0,0.007063005555555554,4.191671656718232,1.0,
first_repeat_144,astra,0.01,Oracle,equal_call_budget,0.3,0.29999999999999893,0.19600000000000015,0.29999999999999893,0.0,0.005713611111111122,2.239035069694763,1.0,
first_repeat_144,sonnet,0.01,Oracle,equal_call_budget,0.3,0.29999999999999893,0.19600000000000015,0.29999999999999893,0.0,0.0030461444444444415,2.4835385975790127,1.0,
first_repeat_144,lite,0.01,Oracle,equal_call_budget,0.3,0.29999999999999893,0.19600000000000015,0.28611111111111137,0.01388888888888885,0.001242125833333331,1.4235354190996283,0.9537037037037079,
first_repeat_144,luna,0.01,Oracle,equal_call_budget,0.3,0.29999999999999893,0.19600000000000015,0.29999999999999893,0.0,0.00022765611111111124,2.160108895220205,1.0,
first_repeat_144,qwen_local,0.01,Oracle,equal_call_budget,0.3,0.29999999999999893,0.19600000000000015,0.29722222222222283,0.002777777777777768,0.0,40.08332860306455,0.9907407407407463,
first_repeat_144,baseline,0.01,Oracle,equal_call_budget,0.4,0.4000000000000003,0.15399999999999994,0.255555555555555,0.1444444444444449,0.00015786222222222168,0.6924682435450231,0.638888888888887,
first_repeat_144,opus,0.01,Oracle,equal_call_budget,0.4,0.4000000000000003,0.15399999999999994,0.40000000000000036,-5.551115123125783e-17,0.006978777777777809,2.876685131023012,1.0000000000000002,
first_repeat_144,pro,0.01,Oracle,equal_call_budget,0.4,0.4000000000000003,0.15399999999999994,0.40000000000000036,-5.551115123125783e-17,0.009815422222222207,5.758406287967224,1.0000000000000002,
first_repeat_144,astra,0.01,Oracle,equal_call_budget,0.4,0.4000000000000003,0.15399999999999994,0.40000000000000036,-5.551115123125783e-17,0.007691527777777802,2.9924843537026056,1.0000000000000002,
first_repeat_144,sonnet,0.01,Oracle,equal_call_budget,0.4,0.4000000000000003,0.15399999999999994,0.40000000000000036,-5.551115123125783e-17,0.0042425111111110995,3.481573566659872,1.0000000000000002,
first_repeat_144,lite,0.01,Oracle,equal_call_budget,0.4,0.4000000000000003,0.15399999999999994,0.3777777777777789,0.022222222222222154,0.001656769999999995,1.8765279347361505,0.9444444444444465,
first_repeat_144,luna,0.01,Oracle,equal_call_budget,0.4,0.4000000000000003,0.15399999999999994,0.40000000000000036,-5.551115123125783e-17,0.00031260611111111206,2.953506393477129,1.0000000000000002,
first_repeat_144,qwen_local,0.01,Oracle,equal_call_budget,0.4,0.4000000000000003,0.15399999999999994,0.3888888888888872,0.011111111111111086,0.0,54.081533424928985,0.9722222222222172,
first_repeat_144,baseline,0.01,Oracle,equal_call_budget,0.5,0.5,0.11700000000000058,0.3166666666666682,0.1833333333333331,0.0001963777777777774,0.8621053655314952,0.6333333333333364,
first_repeat_144,opus,0.01,Oracle,equal_call_budget,0.5,0.5,0.11700000000000058,0.5000000000000001,-1.1102230246251565e-16,0.008640874999999994,3.5527227796258414,1.0000000000000002,
first_repeat_144,pro,0.01,Oracle,equal_call_budget,0.5,0.5,0.11700000000000058,0.5000000000000001,-1.1102230246251565e-16,0.012801594444444408,7.421344351754901,1.0000000000000002,
first_repeat_144,astra,0.01,Oracle,equal_call_budget,0.5,0.5,0.11700000000000058,0.5000000000000001,-1.1102230246251565e-16,0.009727437500000033,3.7866515815962907,1.0000000000000002,
first_repeat_144,sonnet,0.01,Oracle,equal_call_budget,0.5,0.5,0.11700000000000058,0.5000000000000001,-1.1102230246251565e-16,0.005610461111111108,4.6281867019612255,1.0000000000000002,
first_repeat_144,lite,0.01,Oracle,equal_call_budget,0.5,0.5,0.11700000000000058,0.4777777777777755,0.022222222222222154,0.0020921277777777823,2.3522667564988597,0.955555555555551,
first_repeat_144,luna,0.01,Oracle,equal_call_budget,0.5,0.5,0.11700000000000058,0.5000000000000001,-1.1102230246251565e-16,0.0003837170833333323,3.5867256962616563,1.0000000000000002,
first_repeat_144,qwen_local,0.01,Oracle,equal_call_budget,0.5,0.5,0.11700000000000058,0.4888888888888899,0.011111111111111086,0.0,66.0974396047986,0.9777777777777799,
first_repeat_144,baseline,0.01,Oracle,equal_call_budget,0.6,0.5999999999999979,0.08200000000000034,0.3805555555555554,0.2194444444444439,0.00023538555555555583,1.0299655822034588,0.6342592592592613,
first_repeat_144,opus,0.01,Oracle,equal_call_budget,0.6,0.5999999999999979,0.08200000000000034,0.5999999999999979,0.0,0.010444986111111111,4.287830547925043,1.0,
first_repeat_144,pro,0.01,Oracle,equal_call_budget,0.6,0.5999999999999979,0.08200000000000034,0.5999999999999979,0.0,0.01580849444444443,9.055848461832527,1.0,
first_repeat_144,astra,0.01,Oracle,equal_call_budget,0.6,0.5999999999999979,0.08200000000000034,0.5999999999999979,0.0,0.011810104166666655,4.590836069333844,1.0,
first_repeat_144,sonnet,0.01,Oracle,equal_call_budget,0.6,0.5999999999999979,0.08200000000000034,0.5999999999999979,0.0,0.007009244444444447,5.8028162509202925,1.0,
first_repeat_144,lite,0.01,Oracle,equal_call_budget,0.6,0.5999999999999979,0.08200000000000034,0.5777777777777796,0.022222222222222143,0.0025386444444444487,2.840253708818143,0.9629629629629695,
first_repeat_144,luna,0.01,Oracle,equal_call_budget,0.6,0.5999999999999979,0.08200000000000034,0.5999999999999979,0.0,0.0004591170833333343,4.249161478670764,1.0,
first_repeat_144,qwen_local,0.01,Oracle,equal_call_budget,0.6,0.5999999999999979,0.08200000000000034,0.5888888888888887,0.011111111111111072,0.0,79.13908299740469,0.9814814814814846,
first_repeat_144,baseline,0.01,Oracle,equal_call_budget,0.7,0.7000000000000008,0.05499999999999984,0.4472222222222228,0.2527777777777782,0.0002739522222222212,1.20146122770643,0.638888888888889,
first_repeat_144,opus,0.01,Oracle,equal_call_budget,0.7,0.7000000000000008,0.05499999999999984,0.7000000000000008,0.0,0.012219736111111146,5.006956191336372,1.0,
first_repeat_144,pro,0.01,Oracle,equal_call_budget,0.7,0.7000000000000008,0.05499999999999984,0.7000000000000008,0.0,0.01892311111111103,10.79676139896877,1.0,
first_repeat_144,astra,0.01,Oracle,equal_call_budget,0.7,0.7000000000000008,0.05499999999999984,0.7000000000000008,0.0,0.014204312499999984,5.58811325337999,1.0,
first_repeat_144,sonnet,0.01,Oracle,equal_call_budget,0.7,0.7000000000000008,0.05499999999999984,0.7000000000000008,0.0,0.008735811111111104,7.244951046741336,1.0,
first_repeat_144,lite,0.01,Oracle,equal_call_budget,0.7,0.7000000000000008,0.05499999999999984,0.6777777777777773,0.022222222222222143,0.0029854669444444506,3.333328865068812,0.9682539682539664,
first_repeat_144,luna,0.01,Oracle,equal_call_budget,0.7,0.7000000000000008,0.05499999999999984,0.7000000000000008,0.0,0.0005356312500000012,4.923657522439156,1.0,
first_repeat_144,qwen_local,0.01,Oracle,equal_call_budget,0.7,0.7000000000000008,0.05499999999999984,0.6805555555555561,0.019444444444444375,0.0,92.3859306272719,0.9722222222222219,
first_repeat_144,baseline,0.01,Oracle,equal_call_budget,0.8,0.8000000000000006,0.030999999999999917,0.51111111111111,0.2888888888888898,0.0003136499999999991,1.3733919369697107,0.638888888888887,
first_repeat_144,opus,0.01,Oracle,equal_call_budget,0.8,0.8000000000000006,0.030999999999999917,0.8000000000000006,0.0,0.013987069444444482,5.718649213446748,1.0,
first_repeat_144,pro,0.01,Oracle,equal_call_budget,0.8,0.8000000000000006,0.030999999999999917,0.8000000000000006,0.0,0.02183962222222216,12.468201230097742,1.0,
first_repeat_144,astra,0.01,Oracle,equal_call_budget,0.8,0.8000000000000006,0.030999999999999917,0.8000000000000006,0.0,0.01637547222222224,6.444819627334914,1.0,
first_repeat_144,sonnet,0.01,Oracle,equal_call_budget,0.8,0.8000000000000006,0.030999999999999917,0.7972222222222196,0.002777777777777768,0.01051654999999998,8.732269766062702,0.9965277777777738,
first_repeat_144,lite,0.01,Oracle,equal_call_budget,0.8,0.8000000000000006,0.030999999999999917,0.7777777777777743,0.02222222222222217,0.0034283036111111198,3.825144311943516,0.9722222222222172,
first_repeat_144,luna,0.01,Oracle,equal_call_budget,0.8,0.8000000000000006,0.030999999999999917,0.7972222222222196,0.002777777777777768,0.0006141811111111116,5.646222552190819,0.9965277777777738,
first_repeat_144,qwen_local,0.01,Oracle,equal_call_budget,0.8,0.8000000000000006,0.030999999999999917,0.7777777777777743,0.02222222222222217,0.0,105.48406617913024,0.9722222222222172,
first_repeat_144,baseline,0.01,Oracle,equal_call_budget,0.9,0.9000000000000032,0.009999999999999998,0.5694444444444432,0.33055555555555544,0.0003515533333333329,1.5323642505197008,0.6327160493827124,
first_repeat_144,opus,0.01,Oracle,equal_call_budget,0.9,0.9000000000000032,0.009999999999999998,0.9000000000000032,-1.1102230246251565e-16,0.01570011111111114,6.3941705169214345,1.0,
first_repeat_144,pro,0.01,Oracle,equal_call_budget,0.9,0.9000000000000032,0.009999999999999998,0.9000000000000032,-1.1102230246251565e-16,0.024885822222222152,14.237936614133599,1.0,
first_repeat_144,astra,0.01,Oracle,equal_call_budget,0.9,0.9000000000000032,0.009999999999999998,0.9000000000000032,-1.1102230246251565e-16,0.01830976388888893,7.187013902671668,1.0,
first_repeat_144,sonnet,0.01,Oracle,equal_call_budget,0.9,0.9000000000000032,0.009999999999999998,0.897222222222221,0.002777777777777657,0.012053100000000004,10.04012913757214,0.9969135802469087,
first_repeat_144,lite,0.01,Oracle,equal_call_budget,0.9,0.9000000000000032,0.009999999999999998,0.8777777777777755,0.022222222222222143,0.0038505136111111064,4.296366998049473,0.9753086419753026,
first_repeat_144,luna,0.01,Oracle,equal_call_budget,0.9,0.9000000000000032,0.009999999999999998,0.8888888888888864,0.011111111111111021,0.0006949069444444445,6.418554672679665,0.987654320987648,
first_repeat_144,qwen_local,0.01,Oracle,equal_call_budget,0.9,0.9000000000000032,0.009999999999999998,0.8777777777777755,0.022222222222222143,0.0,118.90454398399014,0.9753086419753026,
first_repeat_144,baseline,0.01,Oracle,equal_call_budget,1.0,0.9999999999999999,0.0,0.6388888888888866,0.3611111111111127,0.00039228777777777784,1.7068663816504566,0.6388888888888867,
first_repeat_144,opus,0.01,Oracle,equal_call_budget,1.0,0.9999999999999999,0.0,0.9999999999999999,0.0,0.017291416666666667,7.040562159170333,1.0,
first_repeat_144,pro,0.01,Oracle,equal_call_budget,1.0,0.9999999999999999,0.0,0.9999999999999999,0.0,0.027417877777777693,15.684650275938427,1.0,
first_repeat_144,astra,0.01,Oracle,equal_call_budget,1.0,0.9999999999999999,0.0,0.9999999999999999,0.0,0.020208888888888932,7.941474689473369,1.0,
first_repeat_144,sonnet,0.01,Oracle,equal_call_budget,1.0,0.9999999999999999,0.0,0.9944444444444419,0.005555555555555536,0.012989288888888917,10.782517477379102,0.994444444444442,
first_repeat_144,lite,0.01,Oracle,equal_call_budget,1.0,0.9999999999999999,0.0,0.9777777777777799,0.02222222222222217,0.004341425277777786,4.826221709380888,0.97777777777778,
first_repeat_144,luna,0.01,Oracle,equal_call_budget,1.0,0.9999999999999999,0.0,0.9861111111111137,0.01388888888888884,0.0007694555555555567,7.1056173842594195,0.9861111111111138,
first_repeat_144,qwen_local,0.01,Oracle,equal_call_budget,1.0,0.9999999999999999,0.0,0.9777777777777799,0.02222222222222217,0.0,132.75001606501218,0.97777777777778,
first_repeat_144,baseline,0.01,Raw,threshold,0.4,0.0,0.35399999999999937,0.0,0.0,0.0,0.0,,
first_repeat_144,opus,0.01,Raw,threshold,0.4,0.0,0.35399999999999937,0.0,0.0,0.0,0.0,,
first_repeat_144,pro,0.01,Raw,threshold,0.4,0.0,0.35399999999999937,0.0,0.0,0.0,0.0,,
first_repeat_144,astra,0.01,Raw,threshold,0.4,0.0,0.35399999999999937,0.0,0.0,0.0,0.0,,
first_repeat_144,sonnet,0.01,Raw,threshold,0.4,0.0,0.35399999999999937,0.0,0.0,0.0,0.0,,
first_repeat_144,lite,0.01,Raw,threshold,0.4,0.0,0.35399999999999937,0.0,0.0,0.0,0.0,,
first_repeat_144,luna,0.01,Raw,threshold,0.4,0.0,0.35399999999999937,0.0,0.0,0.0,0.0,,
first_repeat_144,qwen_local,0.01,Raw,threshold,0.4,0.0,0.35399999999999937,0.0,0.0,0.0,0.0,,
first_repeat_144,baseline,0.01,Raw,threshold,0.6,0.166666666666667,0.2730000000000012,0.09444444444444472,0.07222222222222245,6.890000000000017e-05,0.31789661781383705,0.5666666666666672,
first_repeat_144,opus,0.01,Raw,threshold,0.6,0.166666666666667,0.2730000000000012,0.166666666666667,0.0,0.002971541666666677,1.205002648378858,1.0,
first_repeat_144,pro,0.01,Raw,threshold,0.6,0.166666666666667,0.2730000000000012,0.166666666666667,0.0,0.004451650000000006,2.6474809077471355,1.0,
first_repeat_144,astra,0.01,Raw,threshold,0.6,0.166666666666667,0.2730000000000012,0.166666666666667,0.0,0.0033012569444444556,1.321198318865696,1.0,
first_repeat_144,sonnet,0.01,Raw,threshold,0.6,0.166666666666667,0.2730000000000012,0.166666666666667,0.0,0.0018806722222222164,1.5501317427105608,1.0,
first_repeat_144,lite,0.01,Raw,threshold,0.6,0.166666666666667,0.2730000000000012,0.15555555555555517,0.011111111111111077,0.0006615744444444417,0.7558112893531664,0.9333333333333292,
first_repeat_144,luna,0.01,Raw,threshold,0.6,0.166666666666667,0.2730000000000012,0.166666666666667,0.0,0.00011566236111111131,1.0980291575995402,1.0,
first_repeat_144,qwen_local,0.01,Raw,threshold,0.6,0.166666666666667,0.2730000000000012,0.166666666666667,0.0,0.0,22.96185489995524,1.0,
first_repeat_144,baseline,0.01,Raw,threshold,0.7,0.5,0.12999999999999984,0.31388888888888966,0.18611111111111062,0.0002006822222222225,0.8767566944595419,0.6277777777777793,
first_repeat_144,opus,0.01,Raw,threshold,0.7,0.5,0.12999999999999984,0.5,0.0,0.008508500000000018,3.444228931716257,1.0,
first_repeat_144,pro,0.01,Raw,threshold,0.7,0.5,0.12999999999999984,0.5,0.0,0.013001511111111117,7.468092677572181,1.0,
first_repeat_144,astra,0.01,Raw,threshold,0.7,0.5,0.12999999999999984,0.5,0.0,0.009901208333333366,3.8631195781506547,1.0,
first_repeat_144,sonnet,0.01,Raw,threshold,0.7,0.5,0.12999999999999984,0.49722222222222096,0.002777777777777768,0.00610712222222221,5.042756955690378,0.9944444444444419,
first_repeat_144,lite,0.01,Raw,threshold,0.7,0.5,0.12999999999999984,0.4888888888888899,0.011111111111111122,0.0021389447222222155,2.406646520725261,0.9777777777777799,
first_repeat_144,luna,0.01,Raw,threshold,0.7,0.5,0.12999999999999984,0.5,0.0,0.0003719869444444441,3.4315871226607766,1.0,
first_repeat_144,qwen_local,0.01,Raw,threshold,0.7,0.5,0.12999999999999984,0.5,0.0,0.0,64.68383697520167,1.0,
first_repeat_144,baseline,0.01,Raw,threshold,0.8,0.666666666666668,0.06799999999999976,0.42499999999999843,0.241666666666667,0.0002630766666666672,1.148807619006326,0.6374999999999964,
first_repeat_144,opus,0.01,Raw,threshold,0.8,0.666666666666668,0.06799999999999976,0.666666666666668,0.0,0.01158668055555553,4.746996038666446,1.0,
first_repeat_144,pro,0.01,Raw,threshold,0.8,0.666666666666668,0.06799999999999976,0.666666666666668,0.0,0.017732549999999948,10.15777788729298,1.0,
first_repeat_144,astra,0.01,Raw,threshold,0.8,0.666666666666668,0.06799999999999976,0.666666666666668,0.0,0.013180555555555534,5.1278466417803585,1.0,
first_repeat_144,sonnet,0.01,Raw,threshold,0.8,0.666666666666668,0.06799999999999976,0.6638888888888907,0.002777777777777768,0.0079806166666667,6.588188793976525,0.9958333333333342,
first_repeat_144,lite,0.01,Raw,threshold,0.8,0.666666666666668,0.06799999999999976,0.6444444444444454,0.02222222222222217,0.002848623055555555,3.178424492145948,0.9666666666666662,
first_repeat_144,luna,0.01,Raw,threshold,0.8,0.666666666666668,0.06799999999999976,0.666666666666668,0.0,0.0005117922222222234,4.732369891862618,1.0,
first_repeat_144,qwen_local,0.01,Raw,threshold,0.8,0.666666666666668,0.06799999999999976,0.6555555555555544,0.011111111111111122,0.0,88.04189697264019,0.9833333333333297,
first_repeat_144,baseline,0.01,Raw,threshold,0.9,0.8333333333333341,0.03699999999999994,0.5250000000000017,0.30833333333333185,0.00032703777777777656,1.4194375087112625,0.6300000000000014,
first_repeat_144,opus,0.01,Raw,threshold,0.9,0.8333333333333341,0.03699999999999994,0.8333333333333341,0.0,0.014373638888888875,5.852132615644304,1.0,
first_repeat_144,pro,0.01,Raw,threshold,0.9,0.8333333333333341,0.03699999999999994,0.8333333333333341,0.0,0.02244778333333335,12.891668513814285,1.0,
first_repeat_144,astra,0.01,Raw,threshold,0.9,0.8333333333333341,0.03699999999999994,0.8333333333333341,0.0,0.01634247222222218,6.347794458542996,1.0,
first_repeat_144,sonnet,0.01,Raw,threshold,0.9,0.8333333333333341,0.03699999999999994,0.8305555555555513,0.002777777777777768,0.010309316666666622,8.555016000777801,0.9966666666666606,
first_repeat_144,lite,0.01,Raw,threshold,0.9,0.8333333333333341,0.03699999999999994,0.8111111111111114,0.02222222222222217,0.003584586111111119,3.996667867253478,0.9733333333333328,
first_repeat_144,luna,0.01,Raw,threshold,0.9,0.8333333333333341,0.03699999999999994,0.8194444444444461,0.01388888888888884,0.000642692777777776,5.973307050204466,0.9833333333333344,
first_repeat_144,qwen_local,0.01,Raw,threshold,0.9,0.8333333333333341,0.03699999999999994,0.8222222222222227,0.011111111111111122,0.0,110.3421365044692,0.9866666666666664,
first_repeat_144,baseline,0.01,Raw,equal_call_budget,0.0,0.0,0.35399999999999937,0.0,0.0,0.0,0.0,,
first_repeat_144,opus,0.01,Raw,equal_call_budget,0.0,0.0,0.35399999999999937,0.0,0.0,0.0,0.0,,
first_repeat_144,pro,0.01,Raw,equal_call_budget,0.0,0.0,0.35399999999999937,0.0,0.0,0.0,0.0,,
first_repeat_144,astra,0.01,Raw,equal_call_budget,0.0,0.0,0.35399999999999937,0.0,0.0,0.0,0.0,,
first_repeat_144,sonnet,0.01,Raw,equal_call_budget,0.0,0.0,0.35399999999999937,0.0,0.0,0.0,0.0,,
first_repeat_144,lite,0.01,Raw,equal_call_budget,0.0,0.0,0.35399999999999937,0.0,0.0,0.0,0.0,,
first_repeat_144,luna,0.01,Raw,equal_call_budget,0.0,0.0,0.35399999999999937,0.0,0.0,0.0,0.0,,
first_repeat_144,qwen_local,0.01,Raw,equal_call_budget,0.0,0.0,0.35399999999999937,0.0,0.0,0.0,0.0,,
first_repeat_144,baseline,0.01,Raw,equal_call_budget,0.1,0.10000000000000009,0.30539999999999917,0.05666666666666665,0.043333333333333196,4.134000000000001e-05,0.19073797068830328,0.566666666666666,
first_repeat_144,opus,0.01,Raw,equal_call_budget,0.1,0.10000000000000009,0.30539999999999917,0.10000000000000009,0.0,0.0017829249999999947,0.7230015890273097,1.0,
first_repeat_144,pro,0.01,Raw,equal_call_budget,0.1,0.10000000000000009,0.30539999999999917,0.10000000000000009,0.0,0.0026709899999999977,1.5884885446482757,1.0,
first_repeat_144,astra,0.01,Raw,equal_call_budget,0.1,0.10000000000000009,0.30539999999999917,0.10000000000000009,0.0,0.0019807541666666583,0.7927189913194178,1.0,
first_repeat_144,sonnet,0.01,Raw,equal_call_budget,0.1,0.10000000000000009,0.30539999999999917,0.10000000000000009,0.0,0.0011284033333333332,0.9300790456263354,1.0,
first_repeat_144,lite,0.01,Raw,equal_call_budget,0.1,0.10000000000000009,0.30539999999999917,0.09333333333333363,0.006666666666666662,0.0003969446666666668,0.45348677361189976,0.9333333333333355,
first_repeat_144,luna,0.01,Raw,equal_call_budget,0.1,0.10000000000000009,0.30539999999999917,0.10000000000000009,0.0,6.93974166666669e-05,0.6588174945597243,1.0,
first_repeat_144,qwen_local,0.01,Raw,equal_call_budget,0.1,0.10000000000000009,0.30539999999999917,0.10000000000000009,0.0,0.0,13.777112939973163,1.0,
first_repeat_144,baseline,0.01,Raw,equal_call_budget,0.2,0.20000000000000015,0.2556000000000007,0.11611111111111087,0.08388888888888917,8.198199999999993e-05,0.37264485004319203,0.5805555555555539,
first_repeat_144,opus,0.01,Raw,equal_call_budget,0.2,0.20000000000000015,0.2556000000000007,0.20000000000000015,0.0,0.0035007638888888775,1.4164039781009268,1.0,
first_repeat_144,pro,0.01,Raw,equal_call_budget,0.2,0.20000000000000015,0.2556000000000007,0.20000000000000015,0.0,0.0052429477777777836,3.1000117546714496,1.0,
first_repeat_144,astra,0.01,Raw,equal_call_budget,0.2,0.20000000000000015,0.2556000000000007,0.20000000000000015,0.0,0.0039606097222222286,1.5777843405377499,1.0,
first_repeat_144,sonnet,0.01,Raw,equal_call_budget,0.2,0.20000000000000015,0.2556000000000007,0.20000000000000015,0.0,0.0021586666666666577,1.771896134077358,1.0,
first_repeat_144,lite,0.01,Raw,equal_call_budget,0.2,0.20000000000000015,0.2556000000000007,0.18888888888888944,0.011111111111111077,0.0008027935555555528,0.9184783144453068,0.9444444444444465,
first_repeat_144,luna,0.01,Raw,equal_call_budget,0.2,0.20000000000000015,0.2556000000000007,0.20000000000000015,0.0,0.00014176941666666645,1.3372482844065718,1.0,
first_repeat_144,qwen_local,0.01,Raw,equal_call_budget,0.2,0.20000000000000015,0.2556000000000007,0.20000000000000015,0.0,0.0,27.15227438851799,1.0,
first_repeat_144,baseline,0.01,Raw,equal_call_budget,0.3,0.29999999999999893,0.2033999999999999,0.18111111111111142,0.1188888888888894,0.00012122800000000015,0.5368895467312558,0.6037037037037069,
first_repeat_144,opus,0.01,Raw,equal_call_budget,0.3,0.29999999999999893,0.2033999999999999,0.29999999999999893,0.0,0.005088430555555547,2.0506079672671427,1.0,
first_repeat_144,pro,0.01,Raw,equal_call_budget,0.3,0.29999999999999893,0.2033999999999999,0.29999999999999893,0.0,0.007616841111111106,4.457604295444404,1.0,
first_repeat_144,astra,0.01,Raw,equal_call_budget,0.3,0.29999999999999893,0.2033999999999999,0.29999999999999893,0.0,0.005938668055555545,2.347542405553907,1.0,
first_repeat_144,sonnet,0.01,Raw,equal_call_budget,0.3,0.29999999999999893,0.2033999999999999,0.29999999999999893,0.0,0.0029926499999999977,2.4371893081777793,1.0,
first_repeat_144,lite,0.01,Raw,equal_call_budget,0.3,0.29999999999999893,0.2033999999999999,0.2888888888888898,0.011111111111111086,0.0012264508888888916,1.4064793897217098,0.9629629629629695,
first_repeat_144,luna,0.01,Raw,equal_call_budget,0.3,0.29999999999999893,0.2033999999999999,0.29999999999999893,0.0,0.0002200905833333327,2.0549056648276816,1.0,
first_repeat_144,qwen_local,0.01,Raw,equal_call_budget,0.3,0.29999999999999893,0.2033999999999999,0.29999999999999893,0.0,0.0,39.72353285420626,1.0,
first_repeat_144,baseline,0.01,Raw,equal_call_budget,0.4,0.4000000000000003,0.16359999999999963,0.2472222222222218,0.15277777777777835,0.00016085888888888917,0.7056853451601789,0.618055555555554,
first_repeat_144,opus,0.01,Raw,equal_call_budget,0.4,0.4000000000000003,0.16359999999999963,0.4000000000000003,0.0,0.0067739916666666854,2.7348971508800384,1.0,
first_repeat_144,pro,0.01,Raw,equal_call_budget,0.4,0.4000000000000003,0.16359999999999963,0.4000000000000003,0.0,0.010245487777777777,5.933318156450088,1.0,
first_repeat_144,astra,0.01,Raw,equal_call_budget,0.4,0.4000000000000003,0.16359999999999963,0.4000000000000003,0.0,0.007919295833333341,3.10772488759585,1.0,
first_repeat_144,sonnet,0.01,Raw,equal_call_budget,0.4,0.4000000000000003,0.16359999999999963,0.3988888888888898,0.0011111111111111183,0.004405235555555578,3.612475002002914,0.9972222222222238,
first_repeat_144,lite,0.01,Raw,equal_call_budget,0.4,0.4000000000000003,0.16359999999999963,0.3888888888888872,0.011111111111111086,0.00167617988888889,1.9041464571784135,0.9722222222222172,
first_repeat_144,luna,0.01,Raw,equal_call_budget,0.4,0.4000000000000003,0.16359999999999963,0.4000000000000003,0.0,0.00029651336111111143,2.7491097240451334,1.0,
first_repeat_144,qwen_local,0.01,Raw,equal_call_budget,0.4,0.4000000000000003,0.16359999999999963,0.4000000000000003,0.0,0.0,52.22190619574199,1.0,
first_repeat_144,baseline,0.01,Raw,equal_call_budget,0.5,0.5,0.12999999999999984,0.31388888888888966,0.18611111111111062,0.0002006822222222225,0.8767566944595419,0.6277777777777793,
first_repeat_144,opus,0.01,Raw,equal_call_budget,0.5,0.5,0.12999999999999984,0.5,0.0,0.008508500000000018,3.444228931716257,1.0,
first_repeat_144,pro,0.01,Raw,equal_call_budget,0.5,0.5,0.12999999999999984,0.5,0.0,0.01300151111111112,7.468092677572181,1.0,
first_repeat_144,astra,0.01,Raw,equal_call_budget,0.5,0.5,0.12999999999999984,0.5,0.0,0.009901208333333366,3.8631195781506547,1.0,
first_repeat_144,sonnet,0.01,Raw,equal_call_budget,0.5,0.5,0.12999999999999984,0.49722222222222096,0.002777777777777768,0.00610712222222221,5.042756955690378,0.9944444444444419,
first_repeat_144,lite,0.01,Raw,equal_call_budget,0.5,0.5,0.12999999999999984,0.4888888888888899,0.011111111111111072,0.0021389447222222155,2.406646520725261,0.9777777777777799,
first_repeat_144,luna,0.01,Raw,equal_call_budget,0.5,0.5,0.12999999999999984,0.5,0.0,0.0003719869444444441,3.4315871226607766,1.0,
first_repeat_144,qwen_local,0.01,Raw,equal_call_budget,0.5,0.5,0.12999999999999984,0.5,0.0,0.0,64.68383697520174,1.0,
first_repeat_144,baseline,0.01,Raw,equal_call_budget,0.6,0.5999999999999979,0.09280000000000013,0.3805555555555554,0.21944444444444386,0.00023811888888888857,1.039987249187611,0.6342592592592613,
first_repeat_144,opus,0.01,Raw,equal_call_budget,0.6,0.5999999999999979,0.09280000000000013,0.5999999999999979,0.0,0.01035540833333331,4.225889195886348,1.0,
first_repeat_144,pro,0.01,Raw,equal_call_budget,0.6,0.5999999999999979,0.09280000000000013,0.5999999999999979,0.0,0.015840134444444428,9.081903803404662,1.0,
first_repeat_144,astra,0.01,Raw,equal_call_budget,0.6,0.5999999999999979,0.09280000000000013,0.5999999999999979,0.0,0.011868816666666655,4.6219558163284935,1.0,
first_repeat_144,sonnet,0.01,Raw,equal_call_budget,0.6,0.5999999999999979,0.09280000000000013,0.5972222222222248,0.002777777777777768,0.007231218888888856,5.97001605866207,0.9953703703703781,
first_repeat_144,lite,0.01,Raw,equal_call_budget,0.6,0.5999999999999979,0.09280000000000013,0.5822222222222243,0.017777777777777767,0.002564751722222215,2.869713303577669,0.9703703703703773,
first_repeat_144,luna,0.01,Raw,equal_call_budget,0.6,0.5999999999999979,0.09280000000000013,0.5999999999999979,0.0,0.0004558701111111127,4.212056784181871,1.0,
first_repeat_144,qwen_local,0.01,Raw,equal_call_budget,0.6,0.5999999999999979,0.09280000000000013,0.5933333333333336,0.006666666666666599,0.0,78.69867297366507,0.9888888888888928,
first_repeat_144,baseline,0.01,Raw,equal_call_budget,0.7,0.7000000000000008,0.06179999999999988,0.44499999999999823,0.2550000000000007,0.00027586888888888976,1.2029335969473054,0.6357142857142825,
first_repeat_144,opus,0.01,Raw,equal_call_budget,0.7,0.7000000000000008,0.06179999999999988,0.7000000000000008,0.0,0.01214407222222218,4.968023354061991,1.0,
first_repeat_144,pro,0.01,Raw,equal_call_budget,0.7,0.7000000000000008,0.06179999999999988,0.7000000000000008,0.0,0.018675596666666714,10.704556012597308,1.0,
first_repeat_144,astra,0.01,Raw,equal_call_budget,0.7,0.7000000000000008,0.06179999999999988,0.7000000000000008,0.0,0.013812938888888893,5.3718362051328965,1.0,
first_repeat_144,sonnet,0.01,Raw,equal_call_budget,0.7,0.7000000000000008,0.06179999999999988,0.6972222222222227,0.002777777777777768,0.00844635666666665,6.981554235336736,0.9960317460317456,
first_repeat_144,lite,0.01,Raw,equal_call_budget,0.7,0.7000000000000008,0.06179999999999988,0.6777777777777773,0.02222222222222217,0.002995815666666667,3.3420731671674377,0.9682539682539664,
first_repeat_144,luna,0.01,Raw,equal_call_budget,0.7,0.7000000000000008,0.06179999999999988,0.6972222222222227,0.002777777777777768,0.0005379723333333318,4.980557323531,0.9960317460317456,
first_repeat_144,qwen_local,0.01,Raw,equal_call_budget,0.7,0.7000000000000008,0.06179999999999988,0.688888888888887,0.011111111111111122,0.0,92.50194487900602,0.9841269841269802,
first_repeat_144,baseline,0.01,Raw,equal_call_budget,0.8,0.8000000000000007,0.04319999999999991,0.504999999999999,0.2950000000000012,0.0003142455555555562,1.36531153077027,0.6312499999999982,
first_repeat_144,opus,0.01,Raw,equal_call_budget,0.8,0.8000000000000007,0.04319999999999991,0.8000000000000007,0.0,0.013816247222222206,5.631105300248713,1.0,
first_repeat_144,pro,0.01,Raw,equal_call_budget,0.8,0.8000000000000007,0.04319999999999991,0.8000000000000007,0.0,0.021504736666666607,12.344890388510072,1.0,
first_repeat_144,astra,0.01,Raw,equal_call_budget,0.8,0.8000000000000007,0.04319999999999991,0.8000000000000007,0.0,0.01571008888888892,6.1038048951904775,1.0,
first_repeat_144,sonnet,0.01,Raw,equal_call_budget,0.8,0.8000000000000007,0.04319999999999991,0.7972222222222196,0.002777777777777768,0.009843576666666683,8.161650559417485,0.9965277777777737,
first_repeat_144,lite,0.01,Raw,equal_call_budget,0.8,0.8000000000000007,0.04319999999999991,0.7777777777777743,0.02222222222222217,0.0034373935000000123,3.833019192231973,0.9722222222222171,
first_repeat_144,luna,0.01,Raw,equal_call_budget,0.8,0.8000000000000007,0.04319999999999991,0.7888888888888909,0.011111111111111122,0.000616512666666666,5.72511961853613,0.9861111111111127,
first_repeat_144,qwen_local,0.01,Raw,equal_call_budget,0.8,0.8000000000000007,0.04319999999999991,0.7888888888888909,0.011111111111111122,0.0,105.88208859810297,0.9861111111111127,
first_repeat_144,baseline,0.01,Raw,equal_call_budget,0.9,0.9000000000000032,0.022199999999999873,0.5705555555555569,0.3294444444444428,0.00035313777777777654,1.534409057886933,0.6339506172839499,
first_repeat_144,opus,0.01,Raw,equal_call_budget,0.9,0.9000000000000032,0.022199999999999873,0.9000000000000032,-1.1102230246251565e-16,0.015540749999999994,6.327504433054703,1.0,
first_repeat_144,pro,0.01,Raw,equal_call_budget,0.9,0.9000000000000032,0.022199999999999873,0.9000000000000032,-1.1102230246251565e-16,0.024435821111111092,14.008861218663995,1.0,
first_repeat_144,astra,0.01,Raw,equal_call_budget,0.9,0.9000000000000032,0.022199999999999873,0.9000000000000032,-1.1102230246251565e-16,0.017889038888888844,6.9852665509151795,1.0,
first_repeat_144,sonnet,0.01,Raw,equal_call_budget,0.9,0.9000000000000032,0.022199999999999873,0.896111111111111,0.0038888888888888307,0.011381305555555596,9.44601659141834,0.9956790123456752,
first_repeat_144,lite,0.01,Raw,equal_call_budget,0.9,0.9000000000000032,0.022199999999999873,0.8777777777777755,0.022222222222222143,0.003887321777777764,4.32848940410443,0.9753086419753026,
first_repeat_144,luna,0.01,Raw,equal_call_budget,0.9,0.9000000000000032,0.022199999999999873,0.8861111111111122,0.0138888888888888,0.0006933978888888908,6.426231183826461,0.9845679012345655,
first_repeat_144,qwen_local,0.01,Raw,equal_call_budget,0.9,0.9000000000000032,0.022199999999999873,0.8844444444444464,0.015555555555555465,0.0,119.30528832868629,0.9827160493827146,
first_repeat_144,baseline,0.01,Raw,equal_call_budget,1.0,0.9999999999999999,0.0,0.6388888888888866,0.3611111111111127,0.00039228777777777784,1.7068663816504566,0.6388888888888867,
first_repeat_144,opus,0.01,Raw,equal_call_budget,1.0,0.9999999999999999,0.0,0.9999999999999999,0.0,0.017291416666666667,7.040562159170333,1.0,
first_repeat_144,pro,0.01,Raw,equal_call_budget,1.0,0.9999999999999999,0.0,0.9999999999999999,0.0,0.027417877777777693,15.684650275938427,1.0,
first_repeat_144,astra,0.01,Raw,equal_call_budget,1.0,0.9999999999999999,0.0,0.9999999999999999,0.0,0.020208888888888932,7.941474689473369,1.0,
first_repeat_144,sonnet,0.01,Raw,equal_call_budget,1.0,0.9999999999999999,0.0,0.9944444444444419,0.005555555555555536,0.012989288888888917,10.782517477379102,0.994444444444442,
first_repeat_144,lite,0.01,Raw,equal_call_budget,1.0,0.9999999999999999,0.0,0.9777777777777799,0.02222222222222217,0.004341425277777786,4.826221709380888,0.97777777777778,
first_repeat_144,luna,0.01,Raw,equal_call_budget,1.0,0.9999999999999999,0.0,0.9861111111111137,0.01388888888888884,0.0007694555555555567,7.1056173842594195,0.9861111111111138,
first_repeat_144,qwen_local,0.01,Raw,equal_call_budget,1.0,0.9999999999999999,0.0,0.9777777777777799,0.02222222222222217,0.0,132.75001606501218,0.97777777777778,
first_repeat_144,baseline,0.01,Regime,threshold,0.4,0.0,0.35399999999999937,0.0,0.0,0.0,0.0,,
first_repeat_144,opus,0.01,Regime,threshold,0.4,0.0,0.35399999999999937,0.0,0.0,0.0,0.0,,
first_repeat_144,pro,0.01,Regime,threshold,0.4,0.0,0.35399999999999937,0.0,0.0,0.0,0.0,,
first_repeat_144,astra,0.01,Regime,threshold,0.4,0.0,0.35399999999999937,0.0,0.0,0.0,0.0,,
first_repeat_144,sonnet,0.01,Regime,threshold,0.4,0.0,0.35399999999999937,0.0,0.0,0.0,0.0,,
first_repeat_144,lite,0.01,Regime,threshold,0.4,0.0,0.35399999999999937,0.0,0.0,0.0,0.0,,
first_repeat_144,luna,0.01,Regime,threshold,0.4,0.0,0.35399999999999937,0.0,0.0,0.0,0.0,,
first_repeat_144,qwen_local,0.01,Regime,threshold,0.4,0.0,0.35399999999999937,0.0,0.0,0.0,0.0,,
first_repeat_144,baseline,0.01,Regime,threshold,0.6,0.06999999999999992,0.31998000000000026,0.039666666666666614,0.03033333333333332,2.8938000000000057e-05,0.13351657948181175,0.5666666666666665,
first_repeat_144,opus,0.01,Regime,threshold,0.6,0.06999999999999992,0.31998000000000026,0.06999999999999992,0.0,0.0012480474999999982,0.5061011123191177,1.0,
first_repeat_144,pro,0.01,Regime,threshold,0.6,0.06999999999999992,0.31998000000000026,0.06999999999999992,0.0,0.0018696929999999967,1.1119419812537976,1.0,
first_repeat_144,astra,0.01,Regime,threshold,0.6,0.06999999999999992,0.31998000000000026,0.06999999999999992,0.0,0.0013865279166666658,0.5549032939235916,1.0,
first_repeat_144,sonnet,0.01,Regime,threshold,0.6,0.06999999999999992,0.31998000000000026,0.06999999999999992,0.0,0.0007898823333333329,0.6510553319384349,1.0,
first_repeat_144,lite,0.01,Regime,threshold,0.6,0.06999999999999992,0.31998000000000026,0.06533333333333328,0.004666666666666653,0.00027786126666666674,0.31744074152833057,0.9333333333333337,
first_repeat_144,luna,0.01,Regime,threshold,0.6,0.06999999999999992,0.31998000000000026,0.06999999999999992,0.0,4.857819166666665e-05,0.4611722461918067,1.0,
first_repeat_144,qwen_local,0.01,Regime,threshold,0.6,0.06999999999999992,0.31998000000000026,0.06999999999999992,0.0,0.0,9.643979057981253,1.0,
first_repeat_144,baseline,0.01,Regime,threshold,0.7,0.333333333333334,0.18599999999999997,0.20277777777777786,0.13055555555555615,0.00013430999999999955,0.5916377789606062,0.6083333333333324,
first_repeat_144,opus,0.01,Regime,threshold,0.7,0.333333333333334,0.18599999999999997,0.333333333333334,0.0,0.005617652777777795,2.2620092969892207,1.0,
first_repeat_144,pro,0.01,Regime,threshold,0.7,0.333333333333334,0.18599999999999997,0.333333333333334,0.0,0.008408138888888866,4.910135142368721,1.0,
first_repeat_144,astra,0.01,Regime,threshold,0.7,0.333333333333334,0.18599999999999997,0.333333333333334,0.0,0.006598020833333364,2.6041284272259757,1.0,
first_repeat_144,sonnet,0.01,Regime,threshold,0.7,0.333333333333334,0.18599999999999997,0.333333333333334,0.0,0.00327064444444446,2.6589536995445964,1.0,
first_repeat_144,lite,0.01,Regime,threshold,0.7,0.333333333333334,0.18599999999999997,0.3222222222222227,0.011111111111111086,0.0013676699999999938,1.569146414813849,0.9666666666666662,
first_repeat_144,luna,0.01,Regime,threshold,0.7,0.333333333333334,0.18599999999999997,0.333333333333334,0.0,0.00024619763888888963,2.294124791634714,1.0,
first_repeat_144,qwen_local,0.01,Regime,threshold,0.7,0.333333333333334,0.18599999999999997,0.333333333333334,0.0,0.0,43.91395234276869,1.0,
first_repeat_144,baseline,0.01,Regime,threshold,0.8,0.5,0.12999999999999984,0.31388888888888966,0.18611111111111062,0.0002006822222222225,0.8767566944595419,0.6277777777777793,
first_repeat_144,opus,0.01,Regime,threshold,0.8,0.5,0.12999999999999984,0.5,0.0,0.008508500000000018,3.444228931716257,1.0,
first_repeat_144,pro,0.01,Regime,threshold,0.8,0.5,0.12999999999999984,0.5,0.0,0.013001511111111117,7.468092677572181,1.0,
first_repeat_144,astra,0.01,Regime,threshold,0.8,0.5,0.12999999999999984,0.5,0.0,0.009901208333333366,3.8631195781506547,1.0,
first_repeat_144,sonnet,0.01,Regime,threshold,0.8,0.5,0.12999999999999984,0.49722222222222096,0.002777777777777768,0.00610712222222221,5.042756955690378,0.9944444444444419,
first_repeat_144,lite,0.01,Regime,threshold,0.8,0.5,0.12999999999999984,0.4888888888888899,0.011111111111111122,0.0021389447222222155,2.406646520725261,0.9777777777777799,
first_repeat_144,luna,0.01,Regime,threshold,0.8,0.5,0.12999999999999984,0.5,0.0,0.0003719869444444441,3.4315871226607766,1.0,
first_repeat_144,qwen_local,0.01,Regime,threshold,0.8,0.5,0.12999999999999984,0.5,0.0,0.0,64.68383697520167,1.0,
first_repeat_144,baseline,0.01,Regime,threshold,0.9,0.7066666666666673,0.060559999999999864,0.4489999999999989,0.2576666666666667,0.0002784273333333335,1.213758792535511,0.6353773584905639,
first_repeat_144,opus,0.01,Regime,threshold,0.9,0.7066666666666673,0.060559999999999864,0.7066666666666673,0.0,0.012255550555555526,5.012228817141135,1.0,
first_repeat_144,pro,0.01,Regime,threshold,0.9,0.7066666666666673,0.060559999999999864,0.7066666666666673,0.0,0.018864205999999967,10.813911637658093,1.0,
first_repeat_144,astra,0.01,Regime,threshold,0.9,0.7066666666666673,0.060559999999999864,0.7066666666666673,0.0,0.013939415555555532,5.420634117803391,1.0,
first_repeat_144,sonnet,0.01,Regime,threshold,0.9,0.7066666666666673,0.060559999999999864,0.7038888888888892,0.002777777777777768,0.008539504666666684,7.060227323608829,0.9960691823899367,
first_repeat_144,lite,0.01,Regime,threshold,0.9,0.7066666666666673,0.060559999999999864,0.6844444444444457,0.02222222222222217,0.00302525418888889,3.374802902171756,0.9685534591194978,
first_repeat_144,luna,0.01,Regime,threshold,0.9,0.7066666666666673,0.060559999999999864,0.7033333333333341,0.0033333333333333214,0.0005432083555555562,5.030194809864659,0.9952830188679247,
first_repeat_144,qwen_local,0.01,Regime,threshold,0.9,0.7066666666666673,0.060559999999999864,0.6955555555555553,0.011111111111111122,0.0,93.39395446027916,0.9842767295597471,
first_repeat_144,baseline,0.01,Regime,equal_call_budget,0.0,0.0,0.35399999999999937,0.0,0.0,0.0,0.0,,
first_repeat_144,opus,0.01,Regime,equal_call_budget,0.0,0.0,0.35399999999999937,0.0,0.0,0.0,0.0,,
first_repeat_144,pro,0.01,Regime,equal_call_budget,0.0,0.0,0.35399999999999937,0.0,0.0,0.0,0.0,,
first_repeat_144,astra,0.01,Regime,equal_call_budget,0.0,0.0,0.35399999999999937,0.0,0.0,0.0,0.0,,
first_repeat_144,sonnet,0.01,Regime,equal_call_budget,0.0,0.0,0.35399999999999937,0.0,0.0,0.0,0.0,,
first_repeat_144,lite,0.01,Regime,equal_call_budget,0.0,0.0,0.35399999999999937,0.0,0.0,0.0,0.0,,
first_repeat_144,luna,0.01,Regime,equal_call_budget,0.0,0.0,0.35399999999999937,0.0,0.0,0.0,0.0,,
first_repeat_144,qwen_local,0.01,Regime,equal_call_budget,0.0,0.0,0.35399999999999937,0.0,0.0,0.0,0.0,,
first_repeat_144,baseline,0.01,Regime,equal_call_budget,0.1,0.10000000000000009,0.30536399999999914,0.05674999999999998,0.04324999999999986,4.1319060000000006e-05,0.19047303794830087,0.5674999999999993,
first_repeat_144,opus,0.01,Regime,equal_call_budget,0.1,0.10000000000000009,0.30536399999999914,0.10000000000000009,0.0,0.0017809724166666613,0.7221136130286989,1.0,
first_repeat_144,pro,0.01,Regime,equal_call_budget,0.1,0.10000000000000009,0.30536399999999914,0.10000000000000009,0.0,0.002668019033333331,1.5861795846095226,1.0,
first_repeat_144,astra,0.01,Regime,equal_call_budget,0.1,0.10000000000000009,0.30536399999999914,0.10000000000000009,0.0,0.001980727208333325,0.7924893820563852,1.0,
first_repeat_144,sonnet,0.01,Regime,equal_call_budget,0.1,0.10000000000000009,0.30536399999999914,0.10000000000000009,0.0,0.0011254591333333332,0.9274311869110763,1.0,
first_repeat_144,lite,0.01,Regime,equal_call_budget,0.1,0.10000000000000009,0.30536399999999914,0.09340000000000029,0.006599999999999996,0.0003972117933333335,0.4538319166285448,0.934000000000002,
first_repeat_144,luna,0.01,Regime,equal_call_budget,0.1,0.10000000000000009,0.30536399999999914,0.10000000000000009,0.0,6.94866541666669e-05,0.659405893418338,1.0,
first_repeat_144,qwen_local,0.01,Regime,equal_call_budget,0.1,0.10000000000000009,0.30536399999999914,0.10000000000000009,0.0,0.0,13.765054395230312,1.0,
first_repeat_144,baseline,0.01,Regime,equal_call_budget,0.2,0.20000000000000015,0.2555520000000007,0.11622222222222199,0.08377777777777805,8.195407999999995e-05,0.3722916063898555,0.5811111111111095,
first_repeat_144,opus,0.01,Regime,equal_call_budget,0.2,0.20000000000000015,0.2555520000000007,0.20000000000000015,0.0,0.0034981604444444332,1.4152200101027788,1.0,
first_repeat_144,pro,0.01,Regime,equal_call_budget,0.2,0.20000000000000015,0.2555520000000007,0.20000000000000015,0.0,0.005238986488888895,3.0969331412864456,1.0,
first_repeat_144,astra,0.01,Regime,equal_call_budget,0.2,0.20000000000000015,0.2555520000000007,0.20000000000000015,0.0,0.003960573777777784,1.5774781948537067,1.0,
first_repeat_144,sonnet,0.01,Regime,equal_call_budget,0.2,0.20000000000000015,0.2555520000000007,0.20000000000000015,0.0,0.0021547410666666583,1.7683656557903458,1.0,
first_repeat_144,lite,0.01,Regime,equal_call_budget,0.2,0.20000000000000015,0.2555520000000007,0.1889777777777783,0.011022222222222187,0.0008031497244444418,0.9189385051341667,0.9448888888888908,
first_repeat_144,luna,0.01,Regime,equal_call_budget,0.2,0.20000000000000015,0.2555520000000007,0.20000000000000015,0.0,0.00014188839999999976,1.3380328162180566,1.0,
first_repeat_144,qwen_local,0.01,Regime,equal_call_budget,0.2,0.20000000000000015,0.2555520000000007,0.20000000000000015,0.0,0.0,27.13619632886085,1.0,
first_repeat_144,baseline,0.01,Regime,equal_call_budget,0.3,0.29999999999999893,0.20338799999999993,0.18113888888888924,0.11886111111111163,0.00012122102000000015,0.5368012358179217,0.6037962962962996,
first_repeat_144,opus,0.01,Regime,equal_call_budget,0.3,0.29999999999999893,0.20338799999999993,0.29999999999999893,0.0,0.005087779694444436,2.050311975267606,1.0,
first_repeat_144,pro,0.01,Regime,equal_call_budget,0.3,0.29999999999999893,0.20338799999999993,0.29999999999999893,0.0,0.007615850788888883,4.456834642098153,1.0,
first_repeat_144,astra,0.01,Regime,equal_call_budget,0.3,0.29999999999999893,0.20338799999999993,0.29999999999999893,0.0,0.005938659069444434,2.3474658691328965,1.0,
first_repeat_144,sonnet,0.01,Regime,equal_call_budget,0.3,0.29999999999999893,0.20338799999999993,0.29999999999999893,0.0,0.0029916685999999974,2.4363066886060265,1.0,
first_repeat_144,lite,0.01,Regime,equal_call_budget,0.3,0.29999999999999893,0.20338799999999993,0.28891111111111206,0.011088888888888863,0.0012265399311111138,1.4065944373939248,0.9630370370370436,
first_repeat_144,luna,0.01,Regime,equal_call_budget,0.3,0.29999999999999893,0.20338799999999993,0.29999999999999893,0.0,0.00022012032916666604,2.0551017977805532,1.0,
first_repeat_144,qwen_local,0.01,Regime,equal_call_budget,0.3,0.29999999999999893,0.20338799999999993,0.29999999999999893,0.0,0.0,39.71951333929198,1.0,
first_repeat_144,baseline,0.01,Regime,equal_call_budget,0.4,0.4000000000000003,0.16359999999999963,0.2472222222222218,0.15277777777777835,0.00016085888888888917,0.7056853451601789,0.618055555555554,
first_repeat_144,opus,0.01,Regime,equal_call_budget,0.4,0.4000000000000003,0.16359999999999963,0.4000000000000003,0.0,0.0067739916666666854,2.7348971508800384,1.0,
first_repeat_144,pro,0.01,Regime,equal_call_budget,0.4,0.4000000000000003,0.16359999999999963,0.4000000000000003,0.0,0.010245487777777777,5.933318156450088,1.0,
first_repeat_144,astra,0.01,Regime,equal_call_budget,0.4,0.4000000000000003,0.16359999999999963,0.4000000000000003,0.0,0.007919295833333341,3.10772488759585,1.0,
first_repeat_144,sonnet,0.01,Regime,equal_call_budget,0.4,0.4000000000000003,0.16359999999999963,0.3988888888888898,0.0011111111111111183,0.004405235555555578,3.612475002002914,0.9972222222222238,
first_repeat_144,lite,0.01,Regime,equal_call_budget,0.4,0.4000000000000003,0.16359999999999963,0.3888888888888872,0.011111111111111086,0.00167617988888889,1.9041464571784135,0.9722222222222172,
first_repeat_144,luna,0.01,Regime,equal_call_budget,0.4,0.4000000000000003,0.16359999999999963,0.4000000000000003,0.0,0.00029651336111111143,2.7491097240451334,1.0,
first_repeat_144,qwen_local,0.01,Regime,equal_call_budget,0.4,0.4000000000000003,0.16359999999999963,0.4000000000000003,0.0,0.0,52.22190619574199,1.0,
first_repeat_144,baseline,0.01,Regime,equal_call_budget,0.5,0.5,0.12999999999999984,0.31388888888888966,0.18611111111111062,0.0002006822222222225,0.8767566944595419,0.6277777777777793,
first_repeat_144,opus,0.01,Regime,equal_call_budget,0.5,0.5,0.12999999999999984,0.5,0.0,0.008508500000000018,3.444228931716257,1.0,
first_repeat_144,pro,0.01,Regime,equal_call_budget,0.5,0.5,0.12999999999999984,0.5,0.0,0.01300151111111112,7.468092677572181,1.0,
first_repeat_144,astra,0.01,Regime,equal_call_budget,0.5,0.5,0.12999999999999984,0.5,0.0,0.009901208333333366,3.8631195781506547,1.0,
first_repeat_144,sonnet,0.01,Regime,equal_call_budget,0.5,0.5,0.12999999999999984,0.49722222222222096,0.002777777777777768,0.00610712222222221,5.042756955690378,0.9944444444444419,
first_repeat_144,lite,0.01,Regime,equal_call_budget,0.5,0.5,0.12999999999999984,0.4888888888888899,0.011111111111111072,0.0021389447222222155,2.406646520725261,0.9777777777777799,
first_repeat_144,luna,0.01,Regime,equal_call_budget,0.5,0.5,0.12999999999999984,0.5,0.0,0.0003719869444444441,3.4315871226607766,1.0,
first_repeat_144,qwen_local,0.01,Regime,equal_call_budget,0.5,0.5,0.12999999999999984,0.5,0.0,0.0,64.68383697520174,1.0,
first_repeat_144,baseline,0.01,Regime,equal_call_budget,0.6,0.5999999999999979,0.09280000000000013,0.3805555555555554,0.21944444444444386,0.00023811888888888857,1.039987249187611,0.6342592592592613,
first_repeat_144,opus,0.01,Regime,equal_call_budget,0.6,0.5999999999999979,0.09280000000000013,0.5999999999999979,0.0,0.01035540833333331,4.225889195886348,1.0,
first_repeat_144,pro,0.01,Regime,equal_call_budget,0.6,0.5999999999999979,0.09280000000000013,0.5999999999999979,0.0,0.015840134444444428,9.081903803404662,1.0,
first_repeat_144,astra,0.01,Regime,equal_call_budget,0.6,0.5999999999999979,0.09280000000000013,0.5999999999999979,0.0,0.011868816666666655,4.6219558163284935,1.0,
first_repeat_144,sonnet,0.01,Regime,equal_call_budget,0.6,0.5999999999999979,0.09280000000000013,0.5972222222222248,0.002777777777777768,0.007231218888888856,5.97001605866207,0.9953703703703781,
first_repeat_144,lite,0.01,Regime,equal_call_budget,0.6,0.5999999999999979,0.09280000000000013,0.5822222222222243,0.017777777777777767,0.002564751722222215,2.869713303577669,0.9703703703703773,
first_repeat_144,luna,0.01,Regime,equal_call_budget,0.6,0.5999999999999979,0.09280000000000013,0.5999999999999979,0.0,0.0004558701111111127,4.212056784181871,1.0,
first_repeat_144,qwen_local,0.01,Regime,equal_call_budget,0.6,0.5999999999999979,0.09280000000000013,0.5933333333333336,0.006666666666666599,0.0,78.69867297366507,0.9888888888888928,
first_repeat_144,baseline,0.01,Regime,equal_call_budget,0.7,0.7000000000000008,0.06179999999999988,0.44499999999999823,0.2550000000000007,0.00027586888888888976,1.2029335969473054,0.6357142857142825,
first_repeat_144,opus,0.01,Regime,equal_call_budget,0.7,0.7000000000000008,0.06179999999999988,0.7000000000000008,0.0,0.01214407222222218,4.968023354061991,1.0,
first_repeat_144,pro,0.01,Regime,equal_call_budget,0.7,0.7000000000000008,0.06179999999999988,0.7000000000000008,0.0,0.018675596666666714,10.704556012597308,1.0,
first_repeat_144,astra,0.01,Regime,equal_call_budget,0.7,0.7000000000000008,0.06179999999999988,0.7000000000000008,0.0,0.013812938888888893,5.3718362051328965,1.0,
first_repeat_144,sonnet,0.01,Regime,equal_call_budget,0.7,0.7000000000000008,0.06179999999999988,0.6972222222222227,0.002777777777777768,0.00844635666666665,6.981554235336736,0.9960317460317456,
first_repeat_144,lite,0.01,Regime,equal_call_budget,0.7,0.7000000000000008,0.06179999999999988,0.6777777777777773,0.02222222222222217,0.002995815666666667,3.3420731671674377,0.9682539682539664,
first_repeat_144,luna,0.01,Regime,equal_call_budget,0.7,0.7000000000000008,0.06179999999999988,0.6972222222222227,0.002777777777777768,0.0005379723333333318,4.980557323531,0.9960317460317456,
first_repeat_144,qwen_local,0.01,Regime,equal_call_budget,0.7,0.7000000000000008,0.06179999999999988,0.688888888888887,0.011111111111111122,0.0,92.50194487900602,0.9841269841269802,
first_repeat_144,baseline,0.01,Regime,equal_call_budget,0.8,0.8000000000000007,0.04319999999999991,0.504999999999999,0.2950000000000012,0.0003142455555555562,1.36531153077027,0.6312499999999982,
first_repeat_144,opus,0.01,Regime,equal_call_budget,0.8,0.8000000000000007,0.04319999999999991,0.8000000000000007,0.0,0.013816247222222206,5.631105300248713,1.0,
first_repeat_144,pro,0.01,Regime,equal_call_budget,0.8,0.8000000000000007,0.04319999999999991,0.8000000000000007,0.0,0.021504736666666607,12.344890388510072,1.0,
first_repeat_144,astra,0.01,Regime,equal_call_budget,0.8,0.8000000000000007,0.04319999999999991,0.8000000000000007,0.0,0.01571008888888892,6.1038048951904775,1.0,
first_repeat_144,sonnet,0.01,Regime,equal_call_budget,0.8,0.8000000000000007,0.04319999999999991,0.7972222222222196,0.002777777777777768,0.009843576666666683,8.161650559417485,0.9965277777777737,
first_repeat_144,lite,0.01,Regime,equal_call_budget,0.8,0.8000000000000007,0.04319999999999991,0.7777777777777743,0.02222222222222217,0.0034373935000000123,3.833019192231973,0.9722222222222171,
first_repeat_144,luna,0.01,Regime,equal_call_budget,0.8,0.8000000000000007,0.04319999999999991,0.7888888888888909,0.011111111111111122,0.000616512666666666,5.72511961853613,0.9861111111111127,
first_repeat_144,qwen_local,0.01,Regime,equal_call_budget,0.8,0.8000000000000007,0.04319999999999991,0.7888888888888909,0.011111111111111122,0.0,105.88208859810297,0.9861111111111127,
first_repeat_144,baseline,0.01,Regime,equal_call_budget,0.9,0.9000000000000032,0.022199999999999873,0.5705555555555569,0.3294444444444428,0.00035313777777777654,1.534409057886933,0.6339506172839499,
first_repeat_144,opus,0.01,Regime,equal_call_budget,0.9,0.9000000000000032,0.022199999999999873,0.9000000000000032,-1.1102230246251565e-16,0.015540749999999994,6.327504433054703,1.0,
first_repeat_144,pro,0.01,Regime,equal_call_budget,0.9,0.9000000000000032,0.022199999999999873,0.9000000000000032,-1.1102230246251565e-16,0.024435821111111092,14.008861218663995,1.0,
first_repeat_144,astra,0.01,Regime,equal_call_budget,0.9,0.9000000000000032,0.022199999999999873,0.9000000000000032,-1.1102230246251565e-16,0.017889038888888844,6.9852665509151795,1.0,
first_repeat_144,sonnet,0.01,Regime,equal_call_budget,0.9,0.9000000000000032,0.022199999999999873,0.896111111111111,0.0038888888888888307,0.011381305555555596,9.44601659141834,0.9956790123456752,
first_repeat_144,lite,0.01,Regime,equal_call_budget,0.9,0.9000000000000032,0.022199999999999873,0.8777777777777755,0.022222222222222143,0.003887321777777764,4.32848940410443,0.9753086419753026,
first_repeat_144,luna,0.01,Regime,equal_call_budget,0.9,0.9000000000000032,0.022199999999999873,0.8861111111111122,0.0138888888888888,0.0006933978888888908,6.426231183826461,0.9845679012345655,
first_repeat_144,qwen_local,0.01,Regime,equal_call_budget,0.9,0.9000000000000032,0.022199999999999873,0.8844444444444464,0.015555555555555465,0.0,119.30528832868629,0.9827160493827146,
first_repeat_144,baseline,0.01,Regime,equal_call_budget,1.0,0.9999999999999999,0.0,0.6388888888888866,0.3611111111111127,0.00039228777777777784,1.7068663816504566,0.6388888888888867,
first_repeat_144,opus,0.01,Regime,equal_call_budget,1.0,0.9999999999999999,0.0,0.9999999999999999,0.0,0.017291416666666667,7.040562159170333,1.0,
first_repeat_144,pro,0.01,Regime,equal_call_budget,1.0,0.9999999999999999,0.0,0.9999999999999999,0.0,0.027417877777777693,15.684650275938427,1.0,
first_repeat_144,astra,0.01,Regime,equal_call_budget,1.0,0.9999999999999999,0.0,0.9999999999999999,0.0,0.020208888888888932,7.941474689473369,1.0,
first_repeat_144,sonnet,0.01,Regime,equal_call_budget,1.0,0.9999999999999999,0.0,0.9944444444444419,0.005555555555555536,0.012989288888888917,10.782517477379102,0.994444444444442,
first_repeat_144,lite,0.01,Regime,equal_call_budget,1.0,0.9999999999999999,0.0,0.9777777777777799,0.02222222222222217,0.004341425277777786,4.826221709380888,0.97777777777778,
first_repeat_144,luna,0.01,Regime,equal_call_budget,1.0,0.9999999999999999,0.0,0.9861111111111137,0.01388888888888884,0.0007694555555555567,7.1056173842594195,0.9861111111111138,
first_repeat_144,qwen_local,0.01,Regime,equal_call_budget,1.0,0.9999999999999999,0.0,0.9777777777777799,0.02222222222222217,0.0,132.75001606501218,0.97777777777778,
first_repeat_144,baseline,0.01,Weighted global,threshold,0.4,0.03500000000000001,0.33686999999999967,0.020111111111111125,0.014888888888888896,1.4399200000000013e-05,0.06587518060756463,0.5746031746031748,
first_repeat_144,opus,0.01,Weighted global,threshold,0.4,0.03500000000000001,0.33686999999999967,0.03500000000000001,0.0,0.0006175151388888884,0.25009063616418925,1.0,
first_repeat_144,pro,0.01,Weighted global,threshold,0.4,0.03500000000000001,0.33686999999999967,0.03500000000000001,0.0,0.0009249432777777779,0.5482744571643873,1.0,
first_repeat_144,astra,0.01,Weighted global,threshold,0.4,0.03500000000000001,0.33686999999999967,0.03500000000000001,0.0,0.0006931740972222218,0.27668628275168694,1.0,
first_repeat_144,sonnet,0.01,Weighted global,threshold,0.4,0.03500000000000001,0.33686999999999967,0.03500000000000001,0.0,0.0003851271666666666,0.3167014702516864,1.0,
first_repeat_144,lite,0.01,Weighted global,threshold,0.4,0.03500000000000001,0.33686999999999967,0.032888888888888905,0.002111111111111108,0.0001398210555555556,0.1598708474863154,0.9396825396825399,
first_repeat_144,luna,0.01,Weighted global,threshold,0.4,0.03500000000000001,0.33686999999999967,0.03500000000000001,0.0,2.4586554166666665e-05,0.23254745262461574,1.0,
first_repeat_144,qwen_local,0.01,Weighted global,threshold,0.4,0.03500000000000001,0.33686999999999967,0.03500000000000001,0.0,0.0,4.781794379847787,1.0,
first_repeat_144,baseline,0.01,Weighted global,threshold,0.6,0.35083333333333355,0.19132000000000007,0.21694444444444458,0.13388888888888895,0.0001409574722222225,0.6200505004428117,0.618368962787015,
first_repeat_144,opus,0.01,Weighted global,threshold,0.6,0.35083333333333355,0.19132000000000007,0.35083333333333355,0.0,0.005991826875000014,2.425768340338072,1.0,
first_repeat_144,pro,0.01,Weighted global,threshold,0.6,0.35083333333333355,0.19132000000000007,0.35083333333333355,0.0,0.009093914222222206,5.262236909509283,1.0,
first_repeat_144,astra,0.01,Weighted global,threshold,0.6,0.35083333333333355,0.19132000000000007,0.35083333333333355,0.0,0.006946568993055572,2.7245810222525235,1.0,
first_repeat_144,sonnet,0.01,Weighted global,threshold,0.6,0.35083333333333355,0.19132000000000007,0.34969444444444436,0.0011388888888888848,0.003998133111111113,3.2879394965871596,0.9967537608867767,
first_repeat_144,lite,0.01,Weighted global,threshold,0.6,0.35083333333333355,0.19132000000000007,0.3401666666666667,0.010666666666666658,0.0014739081055555523,1.6678822173385977,0.96959619952494,
first_repeat_144,luna,0.01,Weighted global,threshold,0.6,0.35083333333333355,0.19132000000000007,0.3506944444444447,0.0001388888888888884,0.0002602514354166667,2.4142132461024723,0.9996041171813145,
first_repeat_144,qwen_local,0.01,Weighted global,threshold,0.6,0.35083333333333355,0.19132000000000007,0.3500000000000003,0.0008333333333333382,0.0,46.00823077607693,0.9976247030878862,
first_repeat_144,baseline,0.01,Weighted global,threshold,0.7,0.6433333333333341,0.08359499999999995,0.40799999999999875,0.23533333333333334,0.0002544993166666668,1.1106278096222484,0.6341968911917072,
first_repeat_144,opus,0.01,Weighted global,threshold,0.7,0.6433333333333341,0.08359499999999995,0.6433333333333341,0.0,0.01111333805555555,4.5346227663946745,1.0,
first_repeat_144,pro,0.01,Weighted global,threshold,0.7,0.6433333333333341,0.08359499999999995,0.6433333333333341,0.0,0.017104890888888877,9.809602178916899,1.0,
first_repeat_144,astra,0.01,Weighted global,threshold,0.7,0.6433333333333341,0.08359499999999995,0.6433333333333341,0.0,0.012747790277777777,4.969844874359867,1.0,
first_repeat_144,sonnet,0.01,Weighted global,threshold,0.7,0.6433333333333341,0.08359499999999995,0.640513888888889,0.0028194444444444343,0.007797883972222233,6.44366562377561,0.9956174438687383,
first_repeat_144,lite,0.01,Weighted global,threshold,0.7,0.6433333333333341,0.08359499999999995,0.6245000000000008,0.018833333333333296,0.002753519093055554,3.0778244335215295,0.9707253886010364,
first_repeat_144,luna,0.01,Weighted global,threshold,0.7,0.6433333333333341,0.08359499999999995,0.6411111111111123,0.0022222222222222144,0.0004908757805555562,4.5398836795161115,0.9965457685664946,
first_repeat_144,qwen_local,0.01,Weighted global,threshold,0.7,0.6433333333333341,0.08359499999999995,0.6346666666666656,0.00866666666666668,0.0,84.72077491330856,0.9865284974093236,
first_repeat_144,baseline,0.01,Weighted global,threshold,0.8,0.873333333333333,0.026929999999999968,0.5556944444444434,0.3176388888888894,0.0003430356666666665,1.4926059736768147,0.636291348600508,
first_repeat_144,opus,0.01,Weighted global,threshold,0.8,0.873333333333333,0.026929999999999968,0.873333333333333,0.0,0.015103698194444426,6.156202642427863,1.0,
first_repeat_144,pro,0.01,Weighted global,threshold,0.8,0.873333333333333,0.026929999999999968,0.873333333333333,0.0,0.023704163222222192,13.577198974792783,1.0,
first_repeat_144,astra,0.01,Weighted global,threshold,0.8,0.873333333333333,0.026929999999999968,0.873333333333333,0.0,0.017445362916666672,6.823263025039541,1.0,
first_repeat_144,sonnet,0.01,Weighted global,threshold,0.8,0.873333333333333,0.026929999999999968,0.8691944444444425,0.004138888888888874,0.011044880111111113,9.158998876297263,0.9952608142493621,
first_repeat_144,lite,0.01,Weighted global,threshold,0.8,0.873333333333333,0.026929999999999968,0.8512222222222228,0.02211111111111106,0.0037717093861111156,4.199053060155895,0.9746819338422402,
first_repeat_144,luna,0.01,Weighted global,threshold,0.8,0.873333333333333,0.026929999999999968,0.8627777777777791,0.010555555555555518,0.0006719923527777789,6.217306368197331,0.987913486005091,
first_repeat_144,qwen_local,0.01,Weighted global,threshold,0.8,0.873333333333333,0.026929999999999968,0.8568888888888899,0.01644444444444442,0.0,115.73635940152202,0.9811704834605613,
first_repeat_144,baseline,0.01,Weighted global,threshold,0.9,0.9833333333333337,0.003640000000000002,0.627638888888887,0.35569444444444576,0.0003857756666666666,1.6782914841888796,0.6382768361581899,
first_repeat_144,opus,0.01,Weighted global,threshold,0.9,0.9833333333333337,0.003640000000000002,0.9833333333333337,0.0,0.017000947083333332,6.922552134483209,1.0,
first_repeat_144,pro,0.01,Weighted global,threshold,0.9,0.9833333333333337,0.003640000000000002,0.9833333333333337,0.0,0.02692341694444437,15.405943011082034,1.0,
first_repeat_144,astra,0.01,Weighted global,threshold,0.9,0.9833333333333337,0.003640000000000002,0.9833333333333337,0.0,0.019829292222222256,7.7858439905220065,1.0,
first_repeat_144,sonnet,0.01,Weighted global,threshold,0.9,0.9833333333333337,0.003640000000000002,0.978027777777775,0.0053055555555555365,0.01272480438888891,10.562374072416967,0.9946045197740081,
first_repeat_144,lite,0.01,Weighted global,threshold,0.9,0.9833333333333337,0.003640000000000002,0.9611111111111122,0.02222222222222217,0.00426595012222223,4.7433794298383445,0.9774011299435036,
first_repeat_144,luna,0.01,Weighted global,threshold,0.9,0.9833333333333337,0.003640000000000002,0.9695833333333361,0.013749999999999951,0.0007567379000000014,6.991300082611058,0.9860169491525448,
first_repeat_144,qwen_local,0.01,Weighted global,threshold,0.9,0.9833333333333337,0.003640000000000002,0.9621111111111127,0.021222222222222174,0.0,130.51030450924506,0.9784180790960464,
first_repeat_144,baseline,0.01,Weighted global,equal_call_budget,0.0,0.0,0.35399999999999937,0.0,0.0,0.0,0.0,,
first_repeat_144,opus,0.01,Weighted global,equal_call_budget,0.0,0.0,0.35399999999999937,0.0,0.0,0.0,0.0,,
first_repeat_144,pro,0.01,Weighted global,equal_call_budget,0.0,0.0,0.35399999999999937,0.0,0.0,0.0,0.0,,
first_repeat_144,astra,0.01,Weighted global,equal_call_budget,0.0,0.0,0.35399999999999937,0.0,0.0,0.0,0.0,,
first_repeat_144,sonnet,0.01,Weighted global,equal_call_budget,0.0,0.0,0.35399999999999937,0.0,0.0,0.0,0.0,,
first_repeat_144,lite,0.01,Weighted global,equal_call_budget,0.0,0.0,0.35399999999999937,0.0,0.0,0.0,0.0,,
first_repeat_144,luna,0.01,Weighted global,equal_call_budget,0.0,0.0,0.35399999999999937,0.0,0.0,0.0,0.0,,
first_repeat_144,qwen_local,0.01,Weighted global,equal_call_budget,0.0,0.0,0.35399999999999937,0.0,0.0,0.0,0.0,,
first_repeat_144,baseline,0.01,Weighted global,equal_call_budget,0.1,0.10000000000000009,0.30539999999999917,0.05666666666666665,0.043333333333333196,4.134000000000001e-05,0.19073797068830328,0.566666666666666,
first_repeat_144,opus,0.01,Weighted global,equal_call_budget,0.1,0.10000000000000009,0.30539999999999917,0.10000000000000009,0.0,0.0017829249999999947,0.7230015890273097,1.0,
first_repeat_144,pro,0.01,Weighted global,equal_call_budget,0.1,0.10000000000000009,0.30539999999999917,0.10000000000000009,0.0,0.0026709899999999977,1.5884885446482757,1.0,
first_repeat_144,astra,0.01,Weighted global,equal_call_budget,0.1,0.10000000000000009,0.30539999999999917,0.10000000000000009,0.0,0.0019807541666666583,0.7927189913194178,1.0,
first_repeat_144,sonnet,0.01,Weighted global,equal_call_budget,0.1,0.10000000000000009,0.30539999999999917,0.10000000000000009,0.0,0.0011284033333333332,0.9300790456263354,1.0,
first_repeat_144,lite,0.01,Weighted global,equal_call_budget,0.1,0.10000000000000009,0.30539999999999917,0.09333333333333363,0.006666666666666662,0.0003969446666666668,0.45348677361189976,0.9333333333333355,
first_repeat_144,luna,0.01,Weighted global,equal_call_budget,0.1,0.10000000000000009,0.30539999999999917,0.10000000000000009,0.0,6.93974166666669e-05,0.6588174945597243,1.0,
first_repeat_144,qwen_local,0.01,Weighted global,equal_call_budget,0.1,0.10000000000000009,0.30539999999999917,0.10000000000000009,0.0,0.0,13.777112939973163,1.0,
first_repeat_144,baseline,0.01,Weighted global,equal_call_budget,0.2,0.20000000000000015,0.2556000000000007,0.11611111111111087,0.08388888888888917,8.198199999999993e-05,0.37264485004319203,0.5805555555555539,
first_repeat_144,opus,0.01,Weighted global,equal_call_budget,0.2,0.20000000000000015,0.2556000000000007,0.20000000000000015,0.0,0.0035007638888888775,1.4164039781009268,1.0,
first_repeat_144,pro,0.01,Weighted global,equal_call_budget,0.2,0.20000000000000015,0.2556000000000007,0.20000000000000015,0.0,0.0052429477777777836,3.1000117546714496,1.0,
first_repeat_144,astra,0.01,Weighted global,equal_call_budget,0.2,0.20000000000000015,0.2556000000000007,0.20000000000000015,0.0,0.0039606097222222286,1.5777843405377499,1.0,
first_repeat_144,sonnet,0.01,Weighted global,equal_call_budget,0.2,0.20000000000000015,0.2556000000000007,0.20000000000000015,0.0,0.0021586666666666577,1.771896134077358,1.0,
first_repeat_144,lite,0.01,Weighted global,equal_call_budget,0.2,0.20000000000000015,0.2556000000000007,0.18888888888888944,0.011111111111111077,0.0008027935555555528,0.9184783144453068,0.9444444444444465,
first_repeat_144,luna,0.01,Weighted global,equal_call_budget,0.2,0.20000000000000015,0.2556000000000007,0.20000000000000015,0.0,0.00014176941666666645,1.3372482844065718,1.0,
first_repeat_144,qwen_local,0.01,Weighted global,equal_call_budget,0.2,0.20000000000000015,0.2556000000000007,0.20000000000000015,0.0,0.0,27.15227438851799,1.0,
first_repeat_144,baseline,0.01,Weighted global,equal_call_budget,0.3,0.29999999999999893,0.2033999999999999,0.18111111111111142,0.1188888888888894,0.00012122800000000015,0.5368895467312558,0.6037037037037069,
first_repeat_144,opus,0.01,Weighted global,equal_call_budget,0.3,0.29999999999999893,0.2033999999999999,0.29999999999999893,0.0,0.005088430555555547,2.0506079672671427,1.0,
first_repeat_144,pro,0.01,Weighted global,equal_call_budget,0.3,0.29999999999999893,0.2033999999999999,0.29999999999999893,0.0,0.007616841111111106,4.457604295444404,1.0,
first_repeat_144,astra,0.01,Weighted global,equal_call_budget,0.3,0.29999999999999893,0.2033999999999999,0.29999999999999893,0.0,0.005938668055555545,2.347542405553907,1.0,
first_repeat_144,sonnet,0.01,Weighted global,equal_call_budget,0.3,0.29999999999999893,0.2033999999999999,0.29999999999999893,0.0,0.0029926499999999977,2.4371893081777793,1.0,
first_repeat_144,lite,0.01,Weighted global,equal_call_budget,0.3,0.29999999999999893,0.2033999999999999,0.2888888888888898,0.011111111111111086,0.0012264508888888916,1.4064793897217098,0.9629629629629695,
first_repeat_144,luna,0.01,Weighted global,equal_call_budget,0.3,0.29999999999999893,0.2033999999999999,0.29999999999999893,0.0,0.0002200905833333327,2.0549056648276816,1.0,
first_repeat_144,qwen_local,0.01,Weighted global,equal_call_budget,0.3,0.29999999999999893,0.2033999999999999,0.29999999999999893,0.0,0.0,39.72353285420626,1.0,
first_repeat_144,baseline,0.01,Weighted global,equal_call_budget,0.4,0.4000000000000003,0.16359999999999963,0.2472222222222218,0.15277777777777835,0.00016085888888888917,0.7056853451601789,0.618055555555554,
first_repeat_144,opus,0.01,Weighted global,equal_call_budget,0.4,0.4000000000000003,0.16359999999999963,0.4000000000000003,0.0,0.0067739916666666854,2.7348971508800384,1.0,
first_repeat_144,pro,0.01,Weighted global,equal_call_budget,0.4,0.4000000000000003,0.16359999999999963,0.4000000000000003,0.0,0.010245487777777777,5.933318156450088,1.0,
first_repeat_144,astra,0.01,Weighted global,equal_call_budget,0.4,0.4000000000000003,0.16359999999999963,0.4000000000000003,0.0,0.007919295833333341,3.10772488759585,1.0,
first_repeat_144,sonnet,0.01,Weighted global,equal_call_budget,0.4,0.4000000000000003,0.16359999999999963,0.3988888888888898,0.0011111111111111183,0.004405235555555578,3.612475002002914,0.9972222222222238,
first_repeat_144,lite,0.01,Weighted global,equal_call_budget,0.4,0.4000000000000003,0.16359999999999963,0.3888888888888872,0.011111111111111086,0.00167617988888889,1.9041464571784135,0.9722222222222172,
first_repeat_144,luna,0.01,Weighted global,equal_call_budget,0.4,0.4000000000000003,0.16359999999999963,0.4000000000000003,0.0,0.00029651336111111143,2.7491097240451334,1.0,
first_repeat_144,qwen_local,0.01,Weighted global,equal_call_budget,0.4,0.4000000000000003,0.16359999999999963,0.4000000000000003,0.0,0.0,52.22190619574199,1.0,
first_repeat_144,baseline,0.01,Weighted global,equal_call_budget,0.5,0.5,0.12999999999999984,0.31388888888888966,0.18611111111111062,0.0002006822222222225,0.8767566944595419,0.6277777777777793,
first_repeat_144,opus,0.01,Weighted global,equal_call_budget,0.5,0.5,0.12999999999999984,0.5,0.0,0.008508500000000018,3.444228931716257,1.0,
first_repeat_144,pro,0.01,Weighted global,equal_call_budget,0.5,0.5,0.12999999999999984,0.5,0.0,0.01300151111111112,7.468092677572181,1.0,
first_repeat_144,astra,0.01,Weighted global,equal_call_budget,0.5,0.5,0.12999999999999984,0.5,0.0,0.009901208333333366,3.8631195781506547,1.0,
first_repeat_144,sonnet,0.01,Weighted global,equal_call_budget,0.5,0.5,0.12999999999999984,0.49722222222222096,0.002777777777777768,0.00610712222222221,5.042756955690378,0.9944444444444419,
first_repeat_144,lite,0.01,Weighted global,equal_call_budget,0.5,0.5,0.12999999999999984,0.4888888888888899,0.011111111111111072,0.0021389447222222155,2.406646520725261,0.9777777777777799,
first_repeat_144,luna,0.01,Weighted global,equal_call_budget,0.5,0.5,0.12999999999999984,0.5,0.0,0.0003719869444444441,3.4315871226607766,1.0,
first_repeat_144,qwen_local,0.01,Weighted global,equal_call_budget,0.5,0.5,0.12999999999999984,0.5,0.0,0.0,64.68383697520174,1.0,
first_repeat_144,baseline,0.01,Weighted global,equal_call_budget,0.6,0.5999999999999979,0.09280000000000013,0.3805555555555554,0.21944444444444386,0.00023811888888888857,1.039987249187611,0.6342592592592613,
first_repeat_144,opus,0.01,Weighted global,equal_call_budget,0.6,0.5999999999999979,0.09280000000000013,0.5999999999999979,0.0,0.01035540833333331,4.225889195886348,1.0,
first_repeat_144,pro,0.01,Weighted global,equal_call_budget,0.6,0.5999999999999979,0.09280000000000013,0.5999999999999979,0.0,0.015840134444444428,9.081903803404662,1.0,
first_repeat_144,astra,0.01,Weighted global,equal_call_budget,0.6,0.5999999999999979,0.09280000000000013,0.5999999999999979,0.0,0.011868816666666655,4.6219558163284935,1.0,
first_repeat_144,sonnet,0.01,Weighted global,equal_call_budget,0.6,0.5999999999999979,0.09280000000000013,0.5972222222222248,0.002777777777777768,0.007231218888888856,5.97001605866207,0.9953703703703781,
first_repeat_144,lite,0.01,Weighted global,equal_call_budget,0.6,0.5999999999999979,0.09280000000000013,0.5822222222222243,0.017777777777777767,0.002564751722222215,2.869713303577669,0.9703703703703773,
first_repeat_144,luna,0.01,Weighted global,equal_call_budget,0.6,0.5999999999999979,0.09280000000000013,0.5999999999999979,0.0,0.0004558701111111127,4.212056784181871,1.0,
first_repeat_144,qwen_local,0.01,Weighted global,equal_call_budget,0.6,0.5999999999999979,0.09280000000000013,0.5933333333333336,0.006666666666666599,0.0,78.69867297366507,0.9888888888888928,
first_repeat_144,baseline,0.01,Weighted global,equal_call_budget,0.7,0.7000000000000008,0.06179999999999988,0.44499999999999823,0.2550000000000007,0.00027586888888888976,1.2029335969473054,0.6357142857142825,
first_repeat_144,opus,0.01,Weighted global,equal_call_budget,0.7,0.7000000000000008,0.06179999999999988,0.7000000000000008,0.0,0.01214407222222218,4.968023354061991,1.0,
first_repeat_144,pro,0.01,Weighted global,equal_call_budget,0.7,0.7000000000000008,0.06179999999999988,0.7000000000000008,0.0,0.018675596666666714,10.704556012597308,1.0,
first_repeat_144,astra,0.01,Weighted global,equal_call_budget,0.7,0.7000000000000008,0.06179999999999988,0.7000000000000008,0.0,0.013812938888888893,5.3718362051328965,1.0,
first_repeat_144,sonnet,0.01,Weighted global,equal_call_budget,0.7,0.7000000000000008,0.06179999999999988,0.6972222222222227,0.002777777777777768,0.00844635666666665,6.981554235336736,0.9960317460317456,
first_repeat_144,lite,0.01,Weighted global,equal_call_budget,0.7,0.7000000000000008,0.06179999999999988,0.6777777777777773,0.02222222222222217,0.002995815666666667,3.3420731671674377,0.9682539682539664,
first_repeat_144,luna,0.01,Weighted global,equal_call_budget,0.7,0.7000000000000008,0.06179999999999988,0.6972222222222227,0.002777777777777768,0.0005379723333333318,4.980557323531,0.9960317460317456,
first_repeat_144,qwen_local,0.01,Weighted global,equal_call_budget,0.7,0.7000000000000008,0.06179999999999988,0.688888888888887,0.011111111111111122,0.0,92.50194487900602,0.9841269841269802,
first_repeat_144,baseline,0.01,Weighted global,equal_call_budget,0.8,0.8000000000000007,0.04319999999999991,0.504999999999999,0.2950000000000012,0.0003142455555555562,1.36531153077027,0.6312499999999982,
first_repeat_144,opus,0.01,Weighted global,equal_call_budget,0.8,0.8000000000000007,0.04319999999999991,0.8000000000000007,0.0,0.013816247222222206,5.631105300248713,1.0,
first_repeat_144,pro,0.01,Weighted global,equal_call_budget,0.8,0.8000000000000007,0.04319999999999991,0.8000000000000007,0.0,0.021504736666666607,12.344890388510072,1.0,
first_repeat_144,astra,0.01,Weighted global,equal_call_budget,0.8,0.8000000000000007,0.04319999999999991,0.8000000000000007,0.0,0.01571008888888892,6.1038048951904775,1.0,
first_repeat_144,sonnet,0.01,Weighted global,equal_call_budget,0.8,0.8000000000000007,0.04319999999999991,0.7972222222222196,0.002777777777777768,0.009843576666666683,8.161650559417485,0.9965277777777737,
first_repeat_144,lite,0.01,Weighted global,equal_call_budget,0.8,0.8000000000000007,0.04319999999999991,0.7777777777777743,0.02222222222222217,0.0034373935000000123,3.833019192231973,0.9722222222222171,
first_repeat_144,luna,0.01,Weighted global,equal_call_budget,0.8,0.8000000000000007,0.04319999999999991,0.7888888888888909,0.011111111111111122,0.000616512666666666,5.72511961853613,0.9861111111111127,
first_repeat_144,qwen_local,0.01,Weighted global,equal_call_budget,0.8,0.8000000000000007,0.04319999999999991,0.7888888888888909,0.011111111111111122,0.0,105.88208859810297,0.9861111111111127,
first_repeat_144,baseline,0.01,Weighted global,equal_call_budget,0.9,0.9000000000000032,0.022199999999999873,0.5705555555555569,0.3294444444444428,0.00035313777777777654,1.534409057886933,0.6339506172839499,
first_repeat_144,opus,0.01,Weighted global,equal_call_budget,0.9,0.9000000000000032,0.022199999999999873,0.9000000000000032,-1.1102230246251565e-16,0.015540749999999994,6.327504433054703,1.0,
first_repeat_144,pro,0.01,Weighted global,equal_call_budget,0.9,0.9000000000000032,0.022199999999999873,0.9000000000000032,-1.1102230246251565e-16,0.024435821111111092,14.008861218663995,1.0,
first_repeat_144,astra,0.01,Weighted global,equal_call_budget,0.9,0.9000000000000032,0.022199999999999873,0.9000000000000032,-1.1102230246251565e-16,0.017889038888888844,6.9852665509151795,1.0,
first_repeat_144,sonnet,0.01,Weighted global,equal_call_budget,0.9,0.9000000000000032,0.022199999999999873,0.896111111111111,0.0038888888888888307,0.011381305555555596,9.44601659141834,0.9956790123456752,
first_repeat_144,lite,0.01,Weighted global,equal_call_budget,0.9,0.9000000000000032,0.022199999999999873,0.8777777777777755,0.022222222222222143,0.003887321777777764,4.32848940410443,0.9753086419753026,
first_repeat_144,luna,0.01,Weighted global,equal_call_budget,0.9,0.9000000000000032,0.022199999999999873,0.8861111111111122,0.0138888888888888,0.0006933978888888908,6.426231183826461,0.9845679012345655,
first_repeat_144,qwen_local,0.01,Weighted global,equal_call_budget,0.9,0.9000000000000032,0.022199999999999873,0.8844444444444464,0.015555555555555465,0.0,119.30528832868629,0.9827160493827146,
first_repeat_144,baseline,0.01,Weighted global,equal_call_budget,1.0,0.9999999999999999,0.0,0.6388888888888866,0.3611111111111127,0.00039228777777777784,1.7068663816504566,0.6388888888888867,
first_repeat_144,opus,0.01,Weighted global,equal_call_budget,1.0,0.9999999999999999,0.0,0.9999999999999999,0.0,0.017291416666666667,7.040562159170333,1.0,
first_repeat_144,pro,0.01,Weighted global,equal_call_budget,1.0,0.9999999999999999,0.0,0.9999999999999999,0.0,0.027417877777777693,15.684650275938427,1.0,
first_repeat_144,astra,0.01,Weighted global,equal_call_budget,1.0,0.9999999999999999,0.0,0.9999999999999999,0.0,0.020208888888888932,7.941474689473369,1.0,
first_repeat_144,sonnet,0.01,Weighted global,equal_call_budget,1.0,0.9999999999999999,0.0,0.9944444444444419,0.005555555555555536,0.012989288888888917,10.782517477379102,0.994444444444442,
first_repeat_144,lite,0.01,Weighted global,equal_call_budget,1.0,0.9999999999999999,0.0,0.9777777777777799,0.02222222222222217,0.004341425277777786,4.826221709380888,0.97777777777778,
first_repeat_144,luna,0.01,Weighted global,equal_call_budget,1.0,0.9999999999999999,0.0,0.9861111111111137,0.01388888888888884,0.0007694555555555567,7.1056173842594195,0.9861111111111138,
first_repeat_144,qwen_local,0.01,Weighted global,equal_call_budget,1.0,0.9999999999999999,0.0,0.9777777777777799,0.02222222222222217,0.0,132.75001606501218,0.97777777777778,
first_repeat_144,baseline,0.01,Weighted regime,threshold,0.4,0.06916666666666664,0.31897499999999995,0.04245833333333332,0.02670833333333333,2.7773350000000035e-05,0.12155056407598173,0.613855421686747,
first_repeat_144,opus,0.01,Weighted regime,threshold,0.4,0.06916666666666664,0.31897499999999995,0.06916666666666664,0.0,0.00115671361111111,0.46529703913163023,1.0,
first_repeat_144,pro,0.01,Weighted regime,threshold,0.4,0.06916666666666664,0.31897499999999995,0.06916666666666664,0.0,0.001731071888888888,1.008270308530554,1.0,
first_repeat_144,astra,0.01,Weighted regime,threshold,0.4,0.06916666666666664,0.31897499999999995,0.06916666666666664,0.0,0.0013689657638888883,0.5393042728604895,1.0,
first_repeat_144,sonnet,0.01,Weighted regime,threshold,0.4,0.06916666666666664,0.31897499999999995,0.06916666666666664,0.0,0.0006651644722222218,0.5395968735438983,1.0,
first_repeat_144,lite,0.01,Weighted regime,threshold,0.4,0.06916666666666664,0.31897499999999995,0.06716666666666664,0.0019999999999999987,0.00028501585555555577,0.3271797865668292,0.9710843373493976,
first_repeat_144,luna,0.01,Weighted regime,threshold,0.4,0.06916666666666664,0.31897499999999995,0.06916666666666664,0.0,5.1495015277777755e-05,0.4787277223661828,1.0,
first_repeat_144,qwen_local,0.01,Weighted regime,threshold,0.4,0.06916666666666664,0.31897499999999995,0.06916666666666664,0.0,0.0,9.056876781053127,1.0,
first_repeat_144,baseline,0.01,Weighted regime,threshold,0.6,0.3508333333333332,0.19207499999999997,0.2195138888888889,0.1313194444444445,0.00013933311666666665,0.6099472347779344,0.6256927949327001,
first_repeat_144,opus,0.01,Weighted regime,threshold,0.6,0.3508333333333332,0.19207499999999997,0.3508333333333332,0.0,0.006003603888888901,2.4408199028886592,1.0,
first_repeat_144,pro,0.01,Weighted regime,threshold,0.6,0.3508333333333332,0.19207499999999997,0.3508333333333332,0.0,0.00910958391666667,5.264373617986115,1.0,
first_repeat_144,astra,0.01,Weighted regime,threshold,0.6,0.3508333333333332,0.19207499999999997,0.3508333333333332,0.0,0.0069612049305555635,2.7307684718208383,1.0,
first_repeat_144,sonnet,0.01,Weighted regime,threshold,0.6,0.3508333333333332,0.19207499999999997,0.350236111111111,0.0005972222222222201,0.003761488361111114,3.0801420301178,0.9982977038796517,
first_repeat_144,lite,0.01,Weighted regime,threshold,0.6,0.3508333333333332,0.19207499999999997,0.33916666666666645,0.011666666666666652,0.0014694195319444445,1.6618754701836864,0.9667458432304035,
first_repeat_144,luna,0.01,Weighted regime,threshold,0.6,0.3508333333333332,0.19207499999999997,0.3505555555555555,0.0002777777777777768,0.00026615808750000047,2.4697790316908557,0.9992082343626288,
first_repeat_144,qwen_local,0.01,Weighted regime,threshold,0.6,0.3508333333333332,0.19207499999999997,0.34666666666666657,0.004166666666666683,0.0,46.4066549886042,0.98812351543943,
first_repeat_144,baseline,0.01,Weighted regime,threshold,0.7,0.624166666666667,0.09371500000000008,0.39688888888888835,0.22727777777777758,0.0002462274222222224,1.0754064027503218,0.6358700489541599,
first_repeat_144,opus,0.01,Weighted regime,threshold,0.7,0.624166666666667,0.09371500000000008,0.624166666666667,0.0,0.010805525069444447,4.414270582913441,1.0,
first_repeat_144,pro,0.01,Weighted regime,threshold,0.7,0.624166666666667,0.09371500000000008,0.624166666666667,0.0,0.016661964638888867,9.558529223421802,1.0,
first_repeat_144,astra,0.01,Weighted regime,threshold,0.7,0.624166666666667,0.09371500000000008,0.624166666666667,0.0,0.012447461493055548,4.869060611932883,1.0,
first_repeat_144,sonnet,0.01,Weighted regime,threshold,0.7,0.624166666666667,0.09371500000000008,0.621666666666667,0.002499999999999991,0.007449913916666672,6.147668296175895,0.9959946595460615,
first_repeat_144,lite,0.01,Weighted regime,threshold,0.7,0.624166666666667,0.09371500000000008,0.6048888888888897,0.019277777777777737,0.0026652337166666678,2.9795969941814615,0.9691143747218521,
first_repeat_144,luna,0.01,Weighted regime,threshold,0.7,0.624166666666667,0.09371500000000008,0.6222222222222225,0.0019444444444444379,0.00047835836597222276,4.42381010348883,0.9968847352024921,
first_repeat_144,qwen_local,0.01,Weighted regime,threshold,0.7,0.624166666666667,0.09371500000000008,0.6128333333333333,0.011333333333333332,0.0,82.65460543676798,0.9818424566088113,
first_repeat_144,baseline,0.01,Weighted regime,threshold,0.8,0.816666666666666,0.0387899999999999,0.5217916666666664,0.29487500000000016,0.00032131455555555605,1.400973113481185,0.6389285714285716,
first_repeat_144,opus,0.01,Weighted regime,threshold,0.8,0.816666666666666,0.0387899999999999,0.816666666666666,0.0,0.01415241076388886,5.7773986491450104,1.0,
first_repeat_144,pro,0.01,Weighted regime,threshold,0.8,0.816666666666666,0.0387899999999999,0.816666666666666,0.0,0.022118871249999943,12.658188967849819,1.0,
first_repeat_144,astra,0.01,Weighted regime,threshold,0.8,0.816666666666666,0.0387899999999999,0.816666666666666,0.0,0.016401178506944458,6.426550052252115,1.0,
first_repeat_144,sonnet,0.01,Weighted regime,threshold,0.8,0.816666666666666,0.0387899999999999,0.8124722222222224,0.0041944444444444295,0.010266050000000002,8.500555433309653,0.9948639455782323,
first_repeat_144,lite,0.01,Weighted regime,threshold,0.8,0.816666666666666,0.0387899999999999,0.7948333333333344,0.02183333333333328,0.003522051343055562,3.9219600378194617,0.9732653061224511,
first_repeat_144,luna,0.01,Weighted regime,threshold,0.8,0.816666666666666,0.0387899999999999,0.8107638888888892,0.005902777777777757,0.0006272148618055562,5.791538737709882,0.9927721088435386,
first_repeat_144,qwen_local,0.01,Weighted regime,threshold,0.8,0.816666666666666,0.0387899999999999,0.79988888888889,0.016777777777777753,0.0,108.18731507211811,0.9794557823129273,
first_repeat_144,baseline,0.01,Weighted regime,threshold,0.9,0.9508333333333338,0.00986499999999999,0.6077222222222209,0.34311111111111225,0.00037326458333333356,1.6250146861993895,0.6391469471224056,
first_repeat_144,opus,0.01,Weighted regime,threshold,0.9,0.9508333333333338,0.00986499999999999,0.9508333333333338,0.0,0.016453565624999993,6.704551712976081,1.0,
first_repeat_144,pro,0.01,Weighted regime,threshold,0.9,0.9508333333333338,0.00986499999999999,0.9508333333333338,0.0,0.025996300611111037,14.871061604842291,1.0,
first_repeat_144,astra,0.01,Weighted regime,threshold,0.9,0.9508333333333338,0.00986499999999999,0.9508333333333338,0.0,0.019191583472222256,7.536742193828258,1.0,
first_repeat_144,sonnet,0.01,Weighted regime,threshold,0.9,0.9508333333333338,0.00986499999999999,0.9456111111111092,0.005222222222222204,0.012260169722222236,10.171022538996713,0.9945077417470031,
first_repeat_144,lite,0.01,Weighted regime,threshold,0.9,0.9508333333333338,0.00986499999999999,0.9286111111111124,0.02222222222222217,0.004121811043055565,4.583482657681779,0.9766286882851309,
first_repeat_144,luna,0.01,Weighted regime,threshold,0.9,0.9508333333333338,0.00986499999999999,0.9393750000000023,0.011458333333333293,0.0007313364250000014,6.752576141463004,0.9879491673970221,
first_repeat_144,qwen_local,0.01,Weighted regime,threshold,0.9,0.9508333333333338,0.00986499999999999,0.929944444444446,0.020888888888888842,0.0,126.15852859967701,0.9780309669880234,
first_repeat_144,baseline,0.01,Weighted regime,equal_call_budget,0.0,0.0,0.35399999999999937,0.0,0.0,0.0,0.0,,
first_repeat_144,opus,0.01,Weighted regime,equal_call_budget,0.0,0.0,0.35399999999999937,0.0,0.0,0.0,0.0,,
first_repeat_144,pro,0.01,Weighted regime,equal_call_budget,0.0,0.0,0.35399999999999937,0.0,0.0,0.0,0.0,,
first_repeat_144,astra,0.01,Weighted regime,equal_call_budget,0.0,0.0,0.35399999999999937,0.0,0.0,0.0,0.0,,
first_repeat_144,sonnet,0.01,Weighted regime,equal_call_budget,0.0,0.0,0.35399999999999937,0.0,0.0,0.0,0.0,,
first_repeat_144,lite,0.01,Weighted regime,equal_call_budget,0.0,0.0,0.35399999999999937,0.0,0.0,0.0,0.0,,
first_repeat_144,luna,0.01,Weighted regime,equal_call_budget,0.0,0.0,0.35399999999999937,0.0,0.0,0.0,0.0,,
first_repeat_144,qwen_local,0.01,Weighted regime,equal_call_budget,0.0,0.0,0.35399999999999937,0.0,0.0,0.0,0.0,,
first_repeat_144,baseline,0.01,Weighted regime,equal_call_budget,0.1,0.10000000000000009,0.30336599999999964,0.06137499999999994,0.038625,4.0156889999999926e-05,0.17576927087816724,0.6137499999999988,
first_repeat_144,opus,0.01,Weighted regime,equal_call_budget,0.1,0.10000000000000009,0.30336599999999964,0.10000000000000009,0.0,0.0016726040416666604,0.6728309451057958,1.0,
first_repeat_144,pro,0.01,Weighted regime,equal_call_budget,0.1,0.10000000000000009,0.30336599999999964,0.10000000000000009,0.0,0.0025031303833333274,1.4580323024587125,1.0,
first_repeat_144,astra,0.01,Weighted regime,equal_call_budget,0.1,0.10000000000000009,0.30336599999999964,0.10000000000000009,0.0,0.001979231020833325,0.7797460679580788,1.0,
first_repeat_144,sonnet,0.01,Weighted regime,equal_call_budget,0.1,0.10000000000000009,0.30336599999999964,0.10000000000000009,0.0,0.0009620560333333351,0.7804750282141897,1.0,
first_repeat_144,lite,0.01,Weighted regime,equal_call_budget,0.1,0.10000000000000009,0.30336599999999964,0.0971000000000002,0.0028999999999999994,0.00041203732333333284,0.47298735405234527,0.9710000000000011,
first_repeat_144,luna,0.01,Weighted regime,equal_call_budget,0.1,0.10000000000000009,0.30336599999999964,0.10000000000000009,0.0,7.443933541666657e-05,0.6920620300714034,1.0,
first_repeat_144,qwen_local,0.01,Weighted regime,equal_call_budget,0.1,0.10000000000000009,0.30336599999999964,0.10000000000000009,0.0,0.0,13.095805162002089,1.0,
first_repeat_144,baseline,0.01,Weighted regime,equal_call_budget,0.2,0.20000000000000015,0.25425800000000054,0.12320000000000007,0.07680000000000024,8.012065999999994e-05,0.35075972580902737,0.6159999999999999,
first_repeat_144,opus,0.01,Weighted regime,equal_call_budget,0.2,0.20000000000000015,0.25425800000000054,0.20000000000000015,0.0,0.0033624904444444392,1.3560103590777246,1.0,
first_repeat_144,pro,0.01,Weighted regime,equal_call_budget,0.2,0.20000000000000015,0.25425800000000054,0.20000000000000015,0.0,0.005042176977777787,2.932736349118802,1.0,
first_repeat_144,astra,0.01,Weighted regime,equal_call_budget,0.2,0.20000000000000015,0.25425800000000054,0.20000000000000015,0.0,0.003957673791666667,1.5575064083294736,1.0,
first_repeat_144,sonnet,0.01,Weighted regime,equal_call_budget,0.2,0.20000000000000015,0.25425800000000054,0.19995555555555578,4.444444444444473e-05,0.0019596841777777736,1.5926076160466351,0.9997777777777781,
first_repeat_144,lite,0.01,Weighted regime,equal_call_budget,0.2,0.20000000000000015,0.25425800000000054,0.19391111111111145,0.006088888888888861,0.0008261727433333319,0.9456001954282165,0.9695555555555565,
first_repeat_144,luna,0.01,Weighted regime,equal_call_budget,0.2,0.20000000000000015,0.25425800000000054,0.20000000000000015,0.0,0.00014952661361111106,1.3899628650410387,1.0,
first_repeat_144,qwen_local,0.01,Weighted regime,equal_call_budget,0.2,0.20000000000000015,0.25425800000000054,0.19948888888888905,0.000511111111111108,0.0,26.259174047408013,0.9974444444444445,
first_repeat_144,baseline,0.01,Weighted regime,equal_call_budget,0.3,0.29999999999999893,0.20820199999999972,0.18592499999999995,0.1140750000000001,0.00011969819000000021,0.5241925488452756,0.619750000000002,
first_repeat_144,opus,0.01,Weighted regime,equal_call_budget,0.3,0.29999999999999893,0.20820199999999972,0.29999999999999893,0.0,0.005086941569444431,2.0598867107818988,1.0,
first_repeat_144,pro,0.01,Weighted regime,equal_call_budget,0.3,0.29999999999999893,0.20820199999999972,0.29999999999999893,0.0,0.007653055994444459,4.440783884181622,1.0,
first_repeat_144,astra,0.01,Weighted regime,equal_call_budget,0.3,0.29999999999999893,0.20820199999999972,0.29999999999999893,0.0,0.005934540062500001,2.331295293527499,1.0,
first_repeat_144,sonnet,0.01,Weighted regime,equal_call_budget,0.3,0.29999999999999893,0.20820199999999972,0.2998222222222211,0.00017777777777777892,0.0030284565444444445,2.468055323115594,0.9994074074074072,
first_repeat_144,lite,0.01,Weighted regime,equal_call_budget,0.3,0.29999999999999893,0.20820199999999972,0.2901444444444454,0.009855555555555567,0.0012445043566666678,1.4174640114511257,0.9671481481481549,
first_repeat_144,luna,0.01,Weighted regime,equal_call_budget,0.3,0.29999999999999893,0.20820199999999972,0.29999999999999893,0.0,0.00022590977736111119,2.0995413098071456,1.0,
first_repeat_144,qwen_local,0.01,Weighted regime,equal_call_budget,0.3,0.29999999999999893,0.20820199999999972,0.297955555555555,0.0020444444444444447,0.0,39.55767037962172,0.9931851851851867,
first_repeat_144,baseline,0.01,Weighted regime,equal_call_budget,0.4,0.4000000000000003,0.16719400000000012,0.2500666666666666,0.14993333333333367,0.00015886602222222216,0.6957521731748322,0.6251666666666661,
first_repeat_144,opus,0.01,Weighted regime,equal_call_budget,0.4,0.4000000000000003,0.16719400000000012,0.4000000000000003,-2.831068712794149e-17,0.006849384722222216,2.7861961486578055,1.0,
first_repeat_144,pro,0.01,Weighted regime,equal_call_budget,0.4,0.4000000000000003,0.16719400000000012,0.4000000000000003,-2.831068712794149e-17,0.010364156444444465,5.9924999615521175,1.0,
first_repeat_144,astra,0.01,Weighted regime,equal_call_budget,0.4,0.4000000000000003,0.16719400000000012,0.4000000000000003,-2.831068712794149e-17,0.007922402930555553,3.1061771746781193,1.0,
first_repeat_144,sonnet,0.01,Weighted regime,equal_call_budget,0.4,0.4000000000000003,0.16719400000000012,0.39943333333333386,0.0005666666666666398,0.004236985777777781,3.4666368650541632,0.9985833333333339,
first_repeat_144,lite,0.01,Weighted regime,equal_call_budget,0.4,0.4000000000000003,0.16719400000000012,0.3861777777777776,0.013822222222222172,0.0016717177450000025,1.8916598432511504,0.9654444444444433,
first_repeat_144,luna,0.01,Weighted regime,equal_call_budget,0.4,0.4000000000000003,0.16719400000000012,0.39997222222222256,2.777777777774937e-05,0.00030359046527777834,2.81856242938721,0.9999305555555557,
first_repeat_144,qwen_local,0.01,Weighted regime,equal_call_budget,0.4,0.4000000000000003,0.16719400000000012,0.39526666666666643,0.004733333333333329,0.0,52.94679975809899,0.9881666666666653,
first_repeat_144,baseline,0.01,Weighted regime,equal_call_budget,0.5,0.5,0.12870999999999974,0.31491666666666746,0.18508333333333282,0.00019782900555555594,0.8663751981510481,0.6298333333333349,
first_repeat_144,opus,0.01,Weighted regime,equal_call_budget,0.5,0.5,0.12870999999999974,0.5,-6.661338147750939e-17,0.008630823888888903,3.5237221296195753,1.0,
first_repeat_144,pro,0.01,Weighted regime,equal_call_budget,0.5,0.5,0.12870999999999974,0.5,-6.661338147750939e-17,0.013125367611111114,7.566050310076505,1.0,
first_repeat_144,astra,0.01,Weighted regime,equal_call_budget,0.5,0.5,0.12870999999999974,0.5,-6.661338147750939e-17,0.00991576409722221,3.8816055538050342,1.0,
first_repeat_144,sonnet,0.01,Weighted regime,equal_call_budget,0.5,0.5,0.12870999999999974,0.4989166666666662,0.0010833333333332628,0.005515393444444433,4.526785324427535,0.9978333333333324,
first_repeat_144,lite,0.01,Weighted regime,equal_call_budget,0.5,0.5,0.12870999999999974,0.4821111111111107,0.017888888888888826,0.0021033720208333347,2.3670216829397335,0.9642222222222214,
first_repeat_144,luna,0.01,Weighted regime,equal_call_budget,0.5,0.5,0.12870999999999974,0.49993055555555554,6.944444444437759e-05,0.0003819199152777785,3.5423048863742417,0.9998611111111111,
first_repeat_144,qwen_local,0.01,Weighted regime,equal_call_budget,0.5,0.5,0.12870999999999974,0.4920000000000006,0.007999999999999965,0.0,66.3812456597079,0.9840000000000012,
first_repeat_144,baseline,0.01,Weighted regime,equal_call_budget,0.6,0.5999999999999979,0.09614500000000009,0.38073333333333365,0.21926666666666614,0.00023692283555555574,1.0360393727801096,0.6345555555555583,
first_repeat_144,opus,0.01,Weighted regime,equal_call_budget,0.6,0.5999999999999979,0.09614500000000009,0.5999999999999979,0.0,0.01039271722222222,4.24835250707498,1.0,
first_repeat_144,pro,0.01,Weighted regime,equal_call_budget,0.6,0.5999999999999979,0.09614500000000009,0.5999999999999979,0.0,0.015934077627777793,9.151544239893703,1.0,
first_repeat_144,astra,0.01,Weighted regime,equal_call_budget,0.6,0.5999999999999979,0.09614500000000009,0.5999999999999979,0.0,0.011936237513888876,4.667229154600702,1.0,
first_repeat_144,sonnet,0.01,Weighted regime,equal_call_budget,0.6,0.5999999999999979,0.09614500000000009,0.5979000000000002,0.00210000000000002,0.006998962194444442,5.766362356405852,0.9965000000000039,
first_repeat_144,lite,0.01,Weighted regime,equal_call_budget,0.6,0.5999999999999979,0.09614500000000009,0.5800777777777796,0.019922222222222206,0.0025501308958333353,2.855279552397404,0.9667962962963027,
first_repeat_144,luna,0.01,Weighted regime,equal_call_budget,0.6,0.5999999999999979,0.09614500000000009,0.599263888888887,0.0007361111111111085,0.00045950597527777914,4.2526735238768785,0.9987731481481487,
first_repeat_144,qwen_local,0.01,Weighted regime,equal_call_budget,0.6,0.5999999999999979,0.09614500000000009,0.5893666666666669,0.010633333333333357,0.0,79.52024699509447,0.9822777777777817,
first_repeat_144,baseline,0.01,Weighted regime,equal_call_budget,0.7,0.7000000000000008,0.06621599999999996,0.44638333333333263,0.25361666666666705,0.0002759531111111117,1.205256035723086,0.6376904761904745,
first_repeat_144,opus,0.01,Weighted regime,equal_call_budget,0.7,0.7000000000000008,0.06621599999999996,0.7000000000000008,-4.5519144009631415e-17,0.012144537972222197,4.965739805350598,1.0,
first_repeat_144,pro,0.01,Weighted regime,equal_call_budget,0.7,0.7000000000000008,0.06621599999999996,0.7000000000000008,-4.5519144009631415e-17,0.018765890500000035,10.752374975790563,1.0,
first_repeat_144,astra,0.01,Weighted regime,equal_call_budget,0.7,0.7000000000000008,0.06621599999999996,0.7000000000000008,-4.5519144009631415e-17,0.013981019277777793,5.467936823675289,1.0,
first_repeat_144,sonnet,0.01,Weighted regime,equal_call_budget,0.7,0.7000000000000008,0.06621599999999996,0.6968833333333346,0.0031166666666665966,0.008495124966666644,7.017003096584278,0.9955476190476197,
first_repeat_144,lite,0.01,Weighted regime,equal_call_budget,0.7,0.7000000000000008,0.06621599999999996,0.678533333333333,0.0214666666666666,0.002997840224444448,3.3453412893891312,0.9693333333333317,
first_repeat_144,luna,0.01,Weighted regime,equal_call_budget,0.7,0.7000000000000008,0.06621599999999996,0.6979722222222232,0.002027777777777725,0.0005370177588888879,4.962411029914142,0.9971031746031748,
first_repeat_144,qwen_local,0.01,Weighted regime,equal_call_budget,0.7,0.7000000000000008,0.06621599999999996,0.6865111111111106,0.013488888888888838,0.0,92.70522435934528,0.9807301587301569,
first_repeat_144,baseline,0.01,Weighted regime,equal_call_budget,0.8,0.8000000000000007,0.041559,0.5116999999999998,0.2883000000000003,0.00031485627777777845,1.3735776752938904,0.6396249999999992,
first_repeat_144,opus,0.01,Weighted regime,equal_call_budget,0.8,0.8000000000000007,0.041559,0.8000000000000007,-9.436895709313831e-18,0.01387621355555553,5.668640945266652,1.0,
first_repeat_144,pro,0.01,Weighted regime,equal_call_budget,0.8,0.8000000000000007,0.041559,0.8000000000000007,-9.436895709313831e-18,0.021643909083333336,12.383879323846658,1.0,
first_repeat_144,astra,0.01,Weighted regime,equal_call_budget,0.8,0.8000000000000007,0.041559,0.8000000000000007,-9.436895709313831e-18,0.016074417736111134,6.298812629307807,1.0,
first_repeat_144,sonnet,0.01,Weighted regime,equal_call_budget,0.8,0.8000000000000007,0.041559,0.7958666666666651,0.004133333333333323,0.01001647578333332,8.28977125316292,0.9948333333333305,
first_repeat_144,lite,0.01,Weighted regime,equal_call_budget,0.8,0.8000000000000007,0.041559,0.7779666666666636,0.022033333333333287,0.0034474504602777815,3.8390107614489777,0.9724583333333287,
first_repeat_144,luna,0.01,Weighted regime,equal_call_budget,0.8,0.8000000000000007,0.041559,0.7954305555555561,0.004569444444444452,0.0006143809897222223,5.670886273020642,0.9942881944444443,
first_repeat_144,qwen_local,0.01,Weighted regime,equal_call_budget,0.8,0.8000000000000007,0.041559,0.7832111111111114,0.016788888888888888,0.0,105.98215378132494,0.9790138888888884,
first_repeat_144,baseline,0.01,Weighted regime,equal_call_budget,0.9,0.9000000000000032,0.020003999999999987,0.5756388888888886,0.3243611111111096,0.0003536095111111106,1.540557485750676,0.6395987654320962,
first_repeat_144,opus,0.01,Weighted regime,equal_call_budget,0.9,0.9000000000000032,0.020003999999999987,0.9000000000000032,-4.3298697960381107e-17,0.015588629916666685,6.35798965881133,1.0,
first_repeat_144,pro,0.01,Weighted regime,equal_call_budget,0.9,0.9000000000000032,0.020003999999999987,0.9000000000000032,-4.3298697960381107e-17,0.024529100277777754,14.030488574294575,1.0,
first_repeat_144,astra,0.01,Weighted regime,equal_call_budget,0.9,0.9000000000000032,0.020003999999999987,0.9000000000000032,-4.3298697960381107e-17,0.01814688588888889,7.122052614500555,1.0,
first_repeat_144,sonnet,0.01,Weighted regime,equal_call_budget,0.9,0.9000000000000032,0.020003999999999987,0.8950944444444451,0.004905555555555521,0.011509871188888908,9.54142337416514,0.9945493827160465,
first_repeat_144,lite,0.01,Weighted regime,equal_call_budget,0.9,0.9000000000000032,0.020003999999999987,0.8777777777777755,0.02222222222222216,0.003894962434444448,4.332629035033701,0.9753086419753026,
first_repeat_144,luna,0.01,Weighted regime,equal_call_budget,0.9,0.9000000000000032,0.020003999999999987,0.8911944444444457,0.00880555555555554,0.0006918834622222244,6.386473766137459,0.9902160493827139,
first_repeat_144,qwen_local,0.01,Weighted regime,equal_call_budget,0.9,0.9000000000000032,0.020003999999999987,0.8803777777777776,0.01962222222222215,0.0,119.34468457919597,0.9781975308641938,
first_repeat_144,baseline,0.01,Weighted regime,equal_call_budget,1.0,0.9999999999999999,0.0,0.6388888888888866,0.3611111111111127,0.00039228777777777784,1.7068663816504566,0.6388888888888867,
first_repeat_144,opus,0.01,Weighted regime,equal_call_budget,1.0,0.9999999999999999,0.0,0.9999999999999999,0.0,0.017291416666666667,7.040562159170333,1.0,
first_repeat_144,pro,0.01,Weighted regime,equal_call_budget,1.0,0.9999999999999999,0.0,0.9999999999999999,0.0,0.027417877777777693,15.684650275938427,1.0,
first_repeat_144,astra,0.01,Weighted regime,equal_call_budget,1.0,0.9999999999999999,0.0,0.9999999999999999,0.0,0.020208888888888932,7.941474689473369,1.0,
first_repeat_144,sonnet,0.01,Weighted regime,equal_call_budget,1.0,0.9999999999999999,0.0,0.9944444444444419,0.005555555555555536,0.012989288888888917,10.782517477379102,0.994444444444442,
first_repeat_144,lite,0.01,Weighted regime,equal_call_budget,1.0,0.9999999999999999,0.0,0.9777777777777799,0.02222222222222217,0.004341425277777786,4.826221709380888,0.97777777777778,
first_repeat_144,luna,0.01,Weighted regime,equal_call_budget,1.0,0.9999999999999999,0.0,0.9861111111111137,0.01388888888888884,0.0007694555555555567,7.1056173842594195,0.9861111111111138,
first_repeat_144,qwen_local,0.01,Weighted regime,equal_call_budget,1.0,0.9999999999999999,0.0,0.9777777777777799,0.02222222222222217,0.0,132.75001606501218,0.97777777777778,
first_repeat_144,baseline,0.05,Context cells,threshold,0.4,0.05400000000000001,0.3241799999999994,0.03499999999999996,0.018999999999999982,2.1595133333333346e-05,0.09193915974135361,0.6481481481481473,
first_repeat_144,opus,0.05,Context cells,threshold,0.4,0.05400000000000001,0.3241799999999994,0.05400000000000001,0.0,0.0008503036111111113,0.3406583780578799,1.0,
first_repeat_144,pro,0.05,Context cells,threshold,0.4,0.05400000000000001,0.3241799999999994,0.05400000000000001,0.0,0.001195286555555557,0.7071281382381107,1.0,
first_repeat_144,astra,0.05,Context cells,threshold,0.4,0.05400000000000001,0.3241799999999994,0.05400000000000001,0.0,0.001018776388888889,0.39735019854885584,1.0,
first_repeat_144,sonnet,0.05,Context cells,threshold,0.4,0.05400000000000001,0.3241799999999994,0.05400000000000001,0.0,0.0004854808888888886,0.3900616505309784,1.0,
first_repeat_144,lite,0.05,Context cells,threshold,0.4,0.05400000000000001,0.3241799999999994,0.05294444444444444,0.0010555555555555563,0.0002274637555555553,0.2625489128095153,0.9804526748971191,
first_repeat_144,luna,0.05,Context cells,threshold,0.4,0.05400000000000001,0.3241799999999994,0.05400000000000001,0.0,4.157190555555558e-05,0.3915660629297813,1.0,
first_repeat_144,qwen_local,0.05,Context cells,threshold,0.4,0.05400000000000001,0.3241799999999994,0.053944444444444455,5.5555555555555565e-05,0.0,6.8447188912604,0.9989711934156378,
first_repeat_144,baseline,0.05,Context cells,threshold,0.6,0.3801666666666663,0.1656950000000002,0.24136111111111078,0.13880555555555588,0.00015107330000000012,0.6615682134563194,0.6348823615373371,
first_repeat_144,opus,0.05,Context cells,threshold,0.6,0.3801666666666663,0.1656950000000002,0.3801666666666663,0.0,0.006506916597222218,2.6608349668877724,1.0,
first_repeat_144,pro,0.05,Context cells,threshold,0.6,0.3801666666666663,0.1656950000000002,0.3801666666666663,0.0,0.009372781027777766,5.4819343891633086,1.0,
first_repeat_144,astra,0.05,Context cells,threshold,0.6,0.3801666666666663,0.1656950000000002,0.3801666666666663,0.0,0.00732820961805556,2.859847888726045,1.0,
first_repeat_144,sonnet,0.05,Context cells,threshold,0.6,0.3801666666666663,0.1656950000000002,0.3801666666666663,0.0,0.004125853583333328,3.3889496792163447,1.0,
first_repeat_144,lite,0.05,Context cells,threshold,0.6,0.3801666666666663,0.1656950000000002,0.36333333333333334,0.0168333333333333,0.001588837899999998,1.8001278519186825,0.9557211749232801,
first_repeat_144,luna,0.05,Context cells,threshold,0.6,0.3801666666666663,0.1656950000000002,0.3801666666666663,0.0,0.0002912439118055558,2.7388134568027467,1.0,
first_repeat_144,qwen_local,0.05,Context cells,threshold,0.6,0.3801666666666663,0.1656950000000002,0.3735555555555549,0.006611111111111134,0.0,50.479223692164226,0.9826099663890099,
first_repeat_144,baseline,0.05,Context cells,threshold,0.7,0.621499999999999,0.07944500000000017,0.3942083333333332,0.227291666666666,0.00024356429444444467,1.0671071813876387,0.6342853311879868,
first_repeat_144,opus,0.05,Context cells,threshold,0.7,0.621499999999999,0.07944500000000017,0.621499999999999,0.0,0.01082895944444443,4.438400174193825,1.0,
first_repeat_144,pro,0.05,Context cells,threshold,0.7,0.621499999999999,0.07944500000000017,0.621499999999999,0.0,0.01655905588888885,9.485506929285345,1.0,
first_repeat_144,astra,0.05,Context cells,threshold,0.7,0.621499999999999,0.07944500000000017,0.621499999999999,0.0,0.012409741597222225,4.854015032740759,1.0,
first_repeat_144,sonnet,0.05,Context cells,threshold,0.7,0.621499999999999,0.07944500000000017,0.621499999999999,0.0,0.0074166858611111,6.141388870493347,1.0,
first_repeat_144,lite,0.05,Context cells,threshold,0.7,0.621499999999999,0.07944500000000017,0.5996111111111115,0.021888888888888836,0.002630125922222224,2.944428590325448,0.9647805488513475,
first_repeat_144,luna,0.05,Context cells,threshold,0.7,0.621499999999999,0.07944500000000017,0.620777777777777,0.0007222222222222197,0.0004760082430555565,4.398443013111364,0.9988379368910345,
first_repeat_144,qwen_local,0.05,Context cells,threshold,0.7,0.621499999999999,0.07944500000000017,0.6073333333333325,0.014166666666666656,0.0,82.15974595843988,0.977205685170287,
first_repeat_144,baseline,0.05,Context cells,threshold,0.8,0.8353333333333359,0.024679999999999935,0.5304444444444428,0.3048888888888886,0.00032697846666666604,1.4276360361146265,0.6350093109869607,
first_repeat_144,opus,0.05,Context cells,threshold,0.8,0.8353333333333359,0.024679999999999935,0.8353333333333359,0.0,0.014579604722222233,5.94900618273823,1.0,
first_repeat_144,pro,0.05,Context cells,threshold,0.8,0.8353333333333359,0.024679999999999935,0.8353333333333359,0.0,0.022906832333333266,13.099151257655606,1.0,
first_repeat_144,astra,0.05,Context cells,threshold,0.8,0.8353333333333359,0.024679999999999935,0.8353333333333359,0.0,0.016979044722222243,6.663611029368018,1.0,
first_repeat_144,sonnet,0.05,Context cells,threshold,0.8,0.8353333333333359,0.024679999999999935,0.8325555555555545,0.002777777777777768,0.01101249744444445,9.157831595789197,0.996674647512632,
first_repeat_144,lite,0.05,Context cells,threshold,0.8,0.8353333333333359,0.024679999999999935,0.8131111111111093,0.02222222222222217,0.0035741832777777716,3.988498056188066,0.9733971801010856,
first_repeat_144,luna,0.05,Context cells,threshold,0.8,0.8353333333333359,0.024679999999999935,0.8283333333333331,0.006999999999999975,0.0006434120611111117,5.935200011943539,0.9916201117318403,
first_repeat_144,qwen_local,0.05,Context cells,threshold,0.8,0.8353333333333359,0.024679999999999935,0.8145555555555543,0.020777777777777732,0.0,110.2692818918461,0.9751263633945152,
first_repeat_144,baseline,0.05,Context cells,threshold,0.9,0.9353333333333351,0.004140000000000004,0.5932222222222233,0.3421111111111113,0.00036590517777777685,1.5934056554116283,0.6342361606082204,
first_repeat_144,opus,0.05,Context cells,threshold,0.9,0.9353333333333351,0.004140000000000004,0.9353333333333351,0.0,0.01626179472222216,6.617133210550096,1.0,
first_repeat_144,pro,0.05,Context cells,threshold,0.9,0.9353333333333351,0.004140000000000004,0.9353333333333351,0.0,0.025957248888888826,14.843843454641183,1.0,
first_repeat_144,astra,0.05,Context cells,threshold,0.9,0.9353333333333351,0.004140000000000004,0.9353333333333351,0.0,0.018981908333333422,7.459599836565811,1.0,
first_repeat_144,sonnet,0.05,Context cells,threshold,0.9,0.9353333333333351,0.004140000000000004,0.9325555555555534,0.002777777777777768,0.012329659555555546,10.251193493447317,0.9970301734378669,
first_repeat_144,lite,0.05,Context cells,threshold,0.9,0.9353333333333351,0.004140000000000004,0.9131111111111079,0.02222222222222217,0.004020296416666672,4.478181514767195,0.9762413875029645,
first_repeat_144,luna,0.05,Context cells,threshold,0.9,0.9353333333333351,0.004140000000000004,0.9240555555555535,0.011277777777777737,0.0007225501222222242,6.670441127335883,0.9879425041577531,
first_repeat_144,qwen_local,0.05,Context cells,threshold,0.9,0.9353333333333351,0.004140000000000004,0.9131111111111079,0.02222222222222217,0.0,123.85732915502864,0.9762413875029645,
first_repeat_144,baseline,0.05,Context cells,equal_call_budget,0.0,0.0,0.35399999999999937,0.0,0.0,0.0,0.0,,
first_repeat_144,opus,0.05,Context cells,equal_call_budget,0.0,0.0,0.35399999999999937,0.0,0.0,0.0,0.0,,
first_repeat_144,pro,0.05,Context cells,equal_call_budget,0.0,0.0,0.35399999999999937,0.0,0.0,0.0,0.0,,
first_repeat_144,astra,0.05,Context cells,equal_call_budget,0.0,0.0,0.35399999999999937,0.0,0.0,0.0,0.0,,
first_repeat_144,sonnet,0.05,Context cells,equal_call_budget,0.0,0.0,0.35399999999999937,0.0,0.0,0.0,0.0,,
first_repeat_144,lite,0.05,Context cells,equal_call_budget,0.0,0.0,0.35399999999999937,0.0,0.0,0.0,0.0,,
first_repeat_144,luna,0.05,Context cells,equal_call_budget,0.0,0.0,0.35399999999999937,0.0,0.0,0.0,0.0,,
first_repeat_144,qwen_local,0.05,Context cells,equal_call_budget,0.0,0.0,0.35399999999999937,0.0,0.0,0.0,0.0,,
first_repeat_144,baseline,0.05,Context cells,equal_call_budget,0.1,0.10000000000000007,0.2988599999999989,0.0645416666666666,0.0354583333333333,4.00835333333335e-05,0.17126248925283036,0.6454166666666654,
first_repeat_144,opus,0.05,Context cells,equal_call_budget,0.1,0.10000000000000007,0.2988599999999989,0.10000000000000007,0.0,0.001585576249999995,0.6357347756177072,1.0,
first_repeat_144,pro,0.05,Context cells,equal_call_budget,0.1,0.10000000000000007,0.2988599999999989,0.10000000000000007,0.0,0.0022228335833333387,1.3169138959794435,1.0,
first_repeat_144,astra,0.05,Context cells,equal_call_budget,0.1,0.10000000000000007,0.2988599999999989,0.10000000000000007,0.0,0.0018877489583333368,0.7370221831707855,1.0,
first_repeat_144,sonnet,0.05,Context cells,equal_call_budget,0.1,0.10000000000000007,0.2988599999999989,0.10000000000000007,0.0,0.0009069663333333376,0.7294922424884359,1.0,
first_repeat_144,lite,0.05,Context cells,equal_call_budget,0.1,0.10000000000000007,0.2988599999999989,0.09775,0.0022499999999999964,0.00042010502083333255,0.4849341039658653,0.9774999999999993,
first_repeat_144,luna,0.05,Context cells,equal_call_budget,0.1,0.10000000000000007,0.2988599999999989,0.10000000000000007,0.0,7.677060416666674e-05,0.7240489999538607,1.0,
first_repeat_144,qwen_local,0.05,Context cells,equal_call_budget,0.1,0.10000000000000007,0.2988599999999989,0.09987500000000007,0.00012499999999999998,0.0,12.752913523555243,0.99875,
first_repeat_144,baseline,0.05,Context cells,equal_call_budget,0.2,0.20000000000000015,0.24678499999999978,0.12734722222222208,0.07265277777777784,8.051203333333314e-05,0.3488807210098311,0.63673611111111,
first_repeat_144,opus,0.05,Context cells,equal_call_budget,0.2,0.20000000000000015,0.24678499999999978,0.20000000000000015,0.0,0.003284833541666668,1.3257653263005076,1.0,
first_repeat_144,pro,0.05,Context cells,equal_call_budget,0.2,0.20000000000000015,0.24678499999999978,0.20000000000000015,0.0,0.004600388194444442,2.725671656870538,1.0,
first_repeat_144,astra,0.05,Context cells,equal_call_budget,0.2,0.20000000000000015,0.24678499999999978,0.20000000000000015,0.0,0.003794909444444449,1.4845312433317037,1.0,
first_repeat_144,sonnet,0.05,Context cells,equal_call_budget,0.2,0.20000000000000015,0.24678499999999978,0.20000000000000015,0.0,0.0019459193888888876,1.5785380784493928,1.0,
first_repeat_144,lite,0.05,Context cells,equal_call_budget,0.2,0.20000000000000015,0.24678499999999978,0.19305555555555512,0.00694444444444443,0.0008346628749999981,0.9591424200114104,0.9652777777777749,
first_repeat_144,luna,0.05,Context cells,equal_call_budget,0.2,0.20000000000000015,0.24678499999999978,0.20000000000000015,0.0,0.00015238217222222265,1.440997705303637,1.0,
first_repeat_144,qwen_local,0.05,Context cells,equal_call_budget,0.2,0.20000000000000015,0.24678499999999978,0.19898611111111109,0.0010138888888888903,0.0,26.137418384599655,0.9949305555555547,
first_repeat_144,baseline,0.05,Context cells,equal_call_budget,0.3,0.29999999999999893,0.19913750000000008,0.18911805555555575,0.11088194444444435,0.00012026376111111124,0.5260894541764598,0.6303935185185214,
first_repeat_144,opus,0.05,Context cells,equal_call_budget,0.3,0.29999999999999893,0.19913750000000008,0.29999999999999893,0.0,0.005046175451388896,2.0496909559538214,1.0,
first_repeat_144,pro,0.05,Context cells,equal_call_budget,0.3,0.29999999999999893,0.19913750000000008,0.29999999999999893,0.0,0.007190719708333325,4.239316834445387,1.0,
first_repeat_144,astra,0.05,Context cells,equal_call_budget,0.3,0.29999999999999893,0.19913750000000008,0.29999999999999893,0.0,0.005749349548611108,2.2504905594161984,1.0,
first_repeat_144,sonnet,0.05,Context cells,equal_call_budget,0.3,0.29999999999999893,0.19913750000000008,0.29999999999999893,0.0,0.003074159833333332,2.509599059435993,1.0,
first_repeat_144,lite,0.05,Context cells,equal_call_budget,0.3,0.29999999999999893,0.19913750000000008,0.2875138888888895,0.01248611111111108,0.0012464482986111085,1.4236399104082142,0.9583796296296351,
first_repeat_144,luna,0.05,Context cells,equal_call_budget,0.3,0.29999999999999893,0.19913750000000008,0.29999999999999893,0.0,0.0002277745104166664,2.149843439828273,1.0,
first_repeat_144,qwen_local,0.05,Context cells,equal_call_budget,0.3,0.29999999999999893,0.19913750000000008,0.29689583333333336,0.0031041666666666635,0.0,39.63413589359749,0.9896527777777814,
first_repeat_144,baseline,0.05,Context cells,equal_call_budget,0.4,0.4000000000000003,0.15716000000000008,0.2544166666666663,0.1455833333333335,0.0001585229777777776,0.6945287830736736,0.6360416666666653,
first_repeat_144,opus,0.05,Context cells,equal_call_budget,0.4,0.4000000000000003,0.15716000000000008,0.40000000000000036,-2.942091015256665e-17,0.006885491875000003,2.8220520762171346,1.0000000000000002,
first_repeat_144,pro,0.05,Context cells,equal_call_budget,0.4,0.4000000000000003,0.15716000000000008,0.40000000000000036,-2.942091015256665e-17,0.009910877666666653,5.790502424878477,1.0000000000000002,
first_repeat_144,astra,0.05,Context cells,equal_call_budget,0.4,0.4000000000000003,0.15716000000000008,0.40000000000000036,-2.942091015256665e-17,0.007720409618055563,3.010441345999481,1.0000000000000002,
first_repeat_144,sonnet,0.05,Context cells,equal_call_budget,0.4,0.4000000000000003,0.15716000000000008,0.40000000000000036,-2.942091015256665e-17,0.004365506194444439,3.588650301704403,1.0000000000000002,
first_repeat_144,lite,0.05,Context cells,equal_call_budget,0.4,0.4000000000000003,0.15716000000000008,0.38150000000000006,0.018499999999999947,0.0016709084958333306,1.89044154147276,0.9537499999999994,
first_repeat_144,luna,0.05,Context cells,equal_call_budget,0.4,0.4000000000000003,0.15716000000000008,0.40000000000000036,-2.942091015256665e-17,0.0003077723951388895,2.8938178388723754,1.0000000000000002,
first_repeat_144,qwen_local,0.05,Context cells,equal_call_budget,0.4,0.4000000000000003,0.15716000000000008,0.39193055555555456,0.008069444444444431,0.0,53.289246697994905,0.9798263888888856,
first_repeat_144,baseline,0.05,Context cells,equal_call_budget,0.5,0.5,0.12049499999999995,0.31679166666666764,0.18320833333333295,0.00019685516666666656,0.8632354459477685,0.6335833333333353,
first_repeat_144,opus,0.05,Context cells,equal_call_budget,0.5,0.5,0.12049499999999995,0.5,-5.440092820663267e-17,0.00864895854166666,3.5463631638580755,1.0,
first_repeat_144,pro,0.05,Context cells,equal_call_budget,0.5,0.5,0.12049499999999995,0.5,-5.440092820663267e-17,0.012895900305555543,7.454573400819583,1.0,
first_repeat_144,astra,0.05,Context cells,equal_call_budget,0.5,0.5,0.12049499999999995,0.5,-5.440092820663267e-17,0.009812197569444469,3.830038540558334,1.0,
first_repeat_144,sonnet,0.05,Context cells,equal_call_budget,0.5,0.5,0.12049499999999995,0.4999861111111111,1.3888888888834439e-05,0.005694788138888881,4.699489823151059,0.9999722222222222,
first_repeat_144,lite,0.05,Context cells,equal_call_budget,0.5,0.5,0.12049499999999995,0.4796527777777764,0.020347222222222155,0.0021001465041666674,2.3621073775211534,0.9593055555555527,
first_repeat_144,luna,0.05,Context cells,equal_call_budget,0.5,0.5,0.12049499999999995,0.4998611111111111,0.00013888888888883593,0.00038290548472222233,3.5673039886206923,0.9997222222222222,
first_repeat_144,qwen_local,0.05,Context cells,equal_call_budget,0.5,0.5,0.12049499999999995,0.4895416666666672,0.010458333333333307,0.0,66.16643655663201,0.9790833333333344,
first_repeat_144,baseline,0.05,Context cells,equal_call_budget,0.6,0.5999999999999979,0.08530000000000024,0.3804861111111111,0.2195138888888885,0.00023534316111111113,1.030941399338751,0.6341435185185207,
first_repeat_144,opus,0.05,Context cells,equal_call_budget,0.6,0.5999999999999979,0.08530000000000024,0.5999999999999979,1.6653345369377347e-18,0.010440743333333335,4.2812653699850465,1.0,
first_repeat_144,pro,0.05,Context cells,equal_call_budget,0.6,0.5999999999999979,0.08530000000000024,0.5999999999999979,1.6653345369377347e-18,0.01588177758333332,9.10633237694936,1.0,
first_repeat_144,astra,0.05,Context cells,equal_call_budget,0.6,0.5999999999999979,0.08530000000000024,0.5999999999999979,1.6653345369377347e-18,0.011911986423611102,4.650693577620483,1.0,
first_repeat_144,sonnet,0.05,Context cells,equal_call_budget,0.6,0.5999999999999979,0.08530000000000024,0.599986111111109,1.3888888888890506e-05,0.00708407552777778,5.863386413126255,0.9999768518518519,
first_repeat_144,lite,0.05,Context cells,equal_call_budget,0.6,0.5999999999999979,0.08530000000000024,0.5782500000000017,0.021749999999999967,0.0025370549041666703,2.841127445364179,0.9637500000000063,
first_repeat_144,luna,0.05,Context cells,equal_call_budget,0.6,0.5999999999999979,0.08530000000000024,0.599611111111109,0.0003888888888888986,0.0004592341590277788,4.248768346235736,0.9993518518518518,
first_repeat_144,qwen_local,0.05,Context cells,equal_call_budget,0.6,0.5999999999999979,0.08530000000000024,0.5871944444444442,0.012805555555555575,0.0,79.24832267144551,0.9786574074074106,
first_repeat_144,baseline,0.05,Context cells,equal_call_budget,0.7,0.7000000000000008,0.05788999999999993,0.4452847222222227,0.2547152777777782,0.0002740731472222221,1.1996173619854962,0.6361210317460316,
first_repeat_144,opus,0.05,Context cells,equal_call_budget,0.7,0.7000000000000008,0.05788999999999993,0.7000000000000008,2.7755575615628915e-18,0.012201274131944457,4.993906887648946,1.0,
first_repeat_144,pro,0.05,Context cells,equal_call_budget,0.7,0.7000000000000008,0.05788999999999993,0.7000000000000008,2.7755575615628915e-18,0.018879343458333298,10.799180869229005,1.0,
first_repeat_144,astra,0.05,Context cells,equal_call_budget,0.7,0.7000000000000008,0.05788999999999993,0.7000000000000008,2.7755575615628915e-18,0.014097695277777765,5.527561158455742,1.0,
first_repeat_144,sonnet,0.05,Context cells,equal_call_budget,0.7,0.7000000000000008,0.05788999999999993,0.6993611111111119,0.0006388888888888894,0.008745423958333333,7.256707478755093,0.9990873015873015,
first_repeat_144,lite,0.05,Context cells,equal_call_budget,0.7,0.7000000000000008,0.05788999999999993,0.6778611111111106,0.022138888888888823,0.002980407499305558,3.32990955584866,0.9683730158730139,
first_repeat_144,luna,0.05,Context cells,equal_call_budget,0.7,0.7000000000000008,0.05788999999999993,0.6977569444444448,0.0022430555555555697,0.0005369820000000011,4.954129284374107,0.9967956349206343,
first_repeat_144,qwen_local,0.05,Context cells,equal_call_budget,0.7,0.7000000000000008,0.05788999999999993,0.6826319444444444,0.01736805555555551,0.0,92.40849863013747,0.9751884920634909,
first_repeat_144,baseline,0.05,Context cells,equal_call_budget,0.8,0.8000000000000006,0.033284999999999954,0.5090694444444442,0.2909305555555559,0.0003133740444444444,1.3693329357287363,0.6363368055555548,
first_repeat_144,opus,0.05,Context cells,equal_call_budget,0.8,0.8000000000000006,0.033284999999999954,0.8000000000000006,-3.885780586188048e-18,0.01395319888888892,5.698295030001882,1.0,
first_repeat_144,pro,0.05,Context cells,equal_call_budget,0.8,0.8000000000000006,0.033284999999999954,0.8000000000000006,-3.885780586188048e-18,0.021872647749999953,12.501527717047669,1.0,
first_repeat_144,astra,0.05,Context cells,equal_call_budget,0.8,0.8000000000000006,0.033284999999999954,0.8000000000000006,-3.885780586188048e-18,0.01623674722222224,6.375968954634629,1.0,
first_repeat_144,sonnet,0.05,Context cells,equal_call_budget,0.8,0.8000000000000006,0.033284999999999954,0.7978333333333313,0.0021666666666666553,0.010355088999999998,8.599554049847612,0.9972916666666634,
first_repeat_144,lite,0.05,Context cells,equal_call_budget,0.8,0.8000000000000006,0.033284999999999954,0.7777777777777743,0.022222222222222157,0.0034235249694444508,3.819414258400908,0.9722222222222172,
first_repeat_144,luna,0.05,Context cells,equal_call_budget,0.8,0.8000000000000006,0.033284999999999954,0.7951805555555559,0.004819444444444443,0.0006154129694444457,5.67233007091946,0.9939756944444441,
first_repeat_144,qwen_local,0.05,Context cells,equal_call_budget,0.8,0.8000000000000006,0.033284999999999954,0.7799444444444414,0.020055555555555507,0.0,105.66791333076567,0.9749305555555511,
first_repeat_144,baseline,0.05,Context cells,equal_call_budget,0.9,0.9000000000000032,0.01048499999999998,0.5702083333333325,0.3297916666666666,0.0003518169666666665,1.5335123945219578,0.6335648148148116,
first_repeat_144,opus,0.05,Context cells,equal_call_budget,0.9,0.9000000000000032,0.01048499999999998,0.9000000000000032,-7.716050021144837e-17,0.015687333472222256,6.389119342692176,1.0,
first_repeat_144,pro,0.05,Context cells,equal_call_budget,0.9,0.9000000000000032,0.01048499999999998,0.9000000000000032,-7.716050021144837e-17,0.02489140036111105,14.237395762857794,1.0,
first_repeat_144,astra,0.05,Context cells,equal_call_budget,0.9,0.9000000000000032,0.01048499999999998,0.9000000000000032,-7.716050021144837e-17,0.018300055694444498,7.186304295601833,1.0,
first_repeat_144,sonnet,0.05,Context cells,equal_call_budget,0.9,0.9000000000000032,0.01048499999999998,0.897222222222221,0.0027777777777776907,0.011973966166666667,9.966155899400258,0.9969135802469087,
first_repeat_144,lite,0.05,Context cells,equal_call_budget,0.9,0.9000000000000032,0.01048499999999998,0.8777777777777755,0.022222222222222157,0.0038556542444444374,4.29992792001602,0.9753086419753026,
first_repeat_144,luna,0.05,Context cells,equal_call_budget,0.9,0.9000000000000032,0.01048499999999998,0.8895972222222216,0.010402777777777714,0.0006947914388888891,6.414829609507933,0.9884413580246871,
first_repeat_144,qwen_local,0.05,Context cells,equal_call_budget,0.9,0.9000000000000032,0.01048499999999998,0.8779166666666646,0.022083333333333267,0.0,118.97328311221457,0.9754629629629571,
first_repeat_144,baseline,0.05,Context cells,equal_call_budget,1.0,0.9999999999999999,0.0,0.6388888888888866,0.3611111111111127,0.00039228777777777784,1.7068663816504566,0.6388888888888867,
first_repeat_144,opus,0.05,Context cells,equal_call_budget,1.0,0.9999999999999999,0.0,0.9999999999999999,0.0,0.017291416666666667,7.040562159170333,1.0,
first_repeat_144,pro,0.05,Context cells,equal_call_budget,1.0,0.9999999999999999,0.0,0.9999999999999999,0.0,0.027417877777777693,15.684650275938427,1.0,
first_repeat_144,astra,0.05,Context cells,equal_call_budget,1.0,0.9999999999999999,0.0,0.9999999999999999,0.0,0.020208888888888932,7.941474689473369,1.0,
first_repeat_144,sonnet,0.05,Context cells,equal_call_budget,1.0,0.9999999999999999,0.0,0.9944444444444419,0.005555555555555536,0.012989288888888917,10.782517477379102,0.994444444444442,
first_repeat_144,lite,0.05,Context cells,equal_call_budget,1.0,0.9999999999999999,0.0,0.9777777777777799,0.02222222222222217,0.004341425277777786,4.826221709380888,0.97777777777778,
first_repeat_144,luna,0.05,Context cells,equal_call_budget,1.0,0.9999999999999999,0.0,0.9861111111111137,0.01388888888888884,0.0007694555555555567,7.1056173842594195,0.9861111111111138,
first_repeat_144,qwen_local,0.05,Context cells,equal_call_budget,1.0,0.9999999999999999,0.0,0.9777777777777799,0.02222222222222217,0.0,132.75001606501218,0.97777777777778,
first_repeat_144,baseline,0.05,Global,threshold,0.4,0.0,0.35399999999999937,0.0,0.0,0.0,0.0,,
first_repeat_144,opus,0.05,Global,threshold,0.4,0.0,0.35399999999999937,0.0,0.0,0.0,0.0,,
first_repeat_144,pro,0.05,Global,threshold,0.4,0.0,0.35399999999999937,0.0,0.0,0.0,0.0,,
first_repeat_144,astra,0.05,Global,threshold,0.4,0.0,0.35399999999999937,0.0,0.0,0.0,0.0,,
first_repeat_144,sonnet,0.05,Global,threshold,0.4,0.0,0.35399999999999937,0.0,0.0,0.0,0.0,,
first_repeat_144,lite,0.05,Global,threshold,0.4,0.0,0.35399999999999937,0.0,0.0,0.0,0.0,,
first_repeat_144,luna,0.05,Global,threshold,0.4,0.0,0.35399999999999937,0.0,0.0,0.0,0.0,,
first_repeat_144,qwen_local,0.05,Global,threshold,0.4,0.0,0.35399999999999937,0.0,0.0,0.0,0.0,,
first_repeat_144,baseline,0.05,Global,threshold,0.6,0.16500000000000037,0.27381000000000116,0.09350000000000026,0.07150000000000023,6.821100000000018e-05,0.3147176516356987,0.566666666666667,
first_repeat_144,opus,0.05,Global,threshold,0.6,0.16500000000000037,0.27381000000000116,0.16500000000000037,0.0,0.00294182625000001,1.1929526218950695,1.0,
first_repeat_144,pro,0.05,Global,threshold,0.6,0.16500000000000037,0.27381000000000116,0.16500000000000037,0.0,0.0044071335000000055,2.621006098669665,1.0,
first_repeat_144,astra,0.05,Global,threshold,0.6,0.16500000000000037,0.27381000000000116,0.16500000000000037,0.0,0.0032682443750000107,1.307986335677039,1.0,
first_repeat_144,sonnet,0.05,Global,threshold,0.6,0.16500000000000037,0.27381000000000116,0.16500000000000037,0.0,0.0018618654999999942,1.534630425283455,1.0,
first_repeat_144,lite,0.05,Global,threshold,0.6,0.16500000000000037,0.27381000000000116,0.15399999999999964,0.010999999999999965,0.0006549586999999972,0.7482531764596346,0.933333333333329,
first_repeat_144,luna,0.05,Global,threshold,0.6,0.16500000000000037,0.27381000000000116,0.16500000000000037,0.0,0.00011450573750000019,1.087048866023545,1.0,
first_repeat_144,qwen_local,0.05,Global,threshold,0.6,0.16500000000000037,0.27381000000000116,0.16500000000000037,0.0,0.0,22.73223635095569,1.0,
first_repeat_144,baseline,0.05,Global,threshold,0.7,0.333333333333334,0.18599999999999997,0.20277777777777786,0.13055555555555615,0.00013430999999999955,0.5916377789606062,0.6083333333333324,
first_repeat_144,opus,0.05,Global,threshold,0.7,0.333333333333334,0.18599999999999997,0.333333333333334,0.0,0.005617652777777795,2.2620092969892207,1.0,
first_repeat_144,pro,0.05,Global,threshold,0.7,0.333333333333334,0.18599999999999997,0.333333333333334,0.0,0.008408138888888866,4.910135142368721,1.0,
first_repeat_144,astra,0.05,Global,threshold,0.7,0.333333333333334,0.18599999999999997,0.333333333333334,0.0,0.006598020833333364,2.6041284272259757,1.0,
first_repeat_144,sonnet,0.05,Global,threshold,0.7,0.333333333333334,0.18599999999999997,0.333333333333334,0.0,0.00327064444444446,2.6589536995445964,1.0,
first_repeat_144,lite,0.05,Global,threshold,0.7,0.333333333333334,0.18599999999999997,0.3222222222222227,0.011111111111111086,0.0013676699999999938,1.569146414813849,0.9666666666666662,
first_repeat_144,luna,0.05,Global,threshold,0.7,0.333333333333334,0.18599999999999997,0.333333333333334,0.0,0.00024619763888888963,2.294124791634714,1.0,
first_repeat_144,qwen_local,0.05,Global,threshold,0.7,0.333333333333334,0.18599999999999997,0.333333333333334,0.0,0.0,43.91395234276869,1.0,
first_repeat_144,baseline,0.05,Global,threshold,0.8,0.5,0.12999999999999984,0.31388888888888966,0.18611111111111062,0.0002006822222222225,0.8767566944595419,0.6277777777777793,
first_repeat_144,opus,0.05,Global,threshold,0.8,0.5,0.12999999999999984,0.5,0.0,0.008508500000000018,3.444228931716257,1.0,
first_repeat_144,pro,0.05,Global,threshold,0.8,0.5,0.12999999999999984,0.5,0.0,0.013001511111111117,7.468092677572181,1.0,
first_repeat_144,astra,0.05,Global,threshold,0.8,0.5,0.12999999999999984,0.5,0.0,0.009901208333333366,3.8631195781506547,1.0,
first_repeat_144,sonnet,0.05,Global,threshold,0.8,0.5,0.12999999999999984,0.49722222222222096,0.002777777777777768,0.00610712222222221,5.042756955690378,0.9944444444444419,
first_repeat_144,lite,0.05,Global,threshold,0.8,0.5,0.12999999999999984,0.4888888888888899,0.011111111111111122,0.0021389447222222155,2.406646520725261,0.9777777777777799,
first_repeat_144,luna,0.05,Global,threshold,0.8,0.5,0.12999999999999984,0.5,0.0,0.0003719869444444441,3.4315871226607766,1.0,
first_repeat_144,qwen_local,0.05,Global,threshold,0.8,0.5,0.12999999999999984,0.5,0.0,0.0,64.68383697520167,1.0,
first_repeat_144,baseline,0.05,Global,threshold,0.9,0.6808333333333345,0.0653649999999998,0.43349999999999866,0.24733333333333354,0.0002685133611111115,1.1718111596312457,0.636719706242347,
first_repeat_144,opus,0.05,Global,threshold,0.9,0.6808333333333345,0.0653649999999998,0.6808333333333345,0.0,0.011823572013888861,4.840932647709565,1.0,
first_repeat_144,pro,0.05,Global,threshold,0.9,0.6808333333333345,0.0653649999999998,0.6808333333333345,0.0,0.01813334483333329,10.390158590547292,1.0,
first_repeat_144,astra,0.05,Global,threshold,0.9,0.6808333333333345,0.0653649999999998,0.6808333333333345,0.0,0.0134493184722222,5.231542206205181,1.0,
first_repeat_144,sonnet,0.05,Global,threshold,0.9,0.6808333333333345,0.0653649999999998,0.6780555555555569,0.002777777777777768,0.008178556166666694,6.755369106554632,0.995920032639739,
first_repeat_144,lite,0.05,Global,threshold,0.9,0.6808333333333345,0.0653649999999998,0.6586111111111123,0.02222222222222217,0.002911179915277778,3.2479751790300884,0.9673602611179111,
first_repeat_144,luna,0.05,Global,threshold,0.9,0.6808333333333345,0.0653649999999998,0.679652777777779,0.0011805555555555514,0.0005229187694444455,4.837849550321675,0.9982660138718891,
first_repeat_144,qwen_local,0.05,Global,threshold,0.9,0.6808333333333345,0.0653649999999998,0.6697222222222213,0.011111111111111122,0.0,89.93741733284565,0.9836801305589525,
first_repeat_144,baseline,0.05,Global,equal_call_budget,0.0,0.0,0.35399999999999937,0.0,0.0,0.0,0.0,,
first_repeat_144,opus,0.05,Global,equal_call_budget,0.0,0.0,0.35399999999999937,0.0,0.0,0.0,0.0,,
first_repeat_144,pro,0.05,Global,equal_call_budget,0.0,0.0,0.35399999999999937,0.0,0.0,0.0,0.0,,
first_repeat_144,astra,0.05,Global,equal_call_budget,0.0,0.0,0.35399999999999937,0.0,0.0,0.0,0.0,,
first_repeat_144,sonnet,0.05,Global,equal_call_budget,0.0,0.0,0.35399999999999937,0.0,0.0,0.0,0.0,,
first_repeat_144,lite,0.05,Global,equal_call_budget,0.0,0.0,0.35399999999999937,0.0,0.0,0.0,0.0,,
first_repeat_144,luna,0.05,Global,equal_call_budget,0.0,0.0,0.35399999999999937,0.0,0.0,0.0,0.0,,
first_repeat_144,qwen_local,0.05,Global,equal_call_budget,0.0,0.0,0.35399999999999937,0.0,0.0,0.0,0.0,,
first_repeat_144,baseline,0.05,Global,equal_call_budget,0.1,0.10000000000000009,0.30539999999999917,0.05666666666666665,0.043333333333333196,4.134000000000001e-05,0.19073797068830328,0.566666666666666,
first_repeat_144,opus,0.05,Global,equal_call_budget,0.1,0.10000000000000009,0.30539999999999917,0.10000000000000009,0.0,0.0017829249999999947,0.7230015890273097,1.0,
first_repeat_144,pro,0.05,Global,equal_call_budget,0.1,0.10000000000000009,0.30539999999999917,0.10000000000000009,0.0,0.0026709899999999977,1.5884885446482757,1.0,
first_repeat_144,astra,0.05,Global,equal_call_budget,0.1,0.10000000000000009,0.30539999999999917,0.10000000000000009,0.0,0.0019807541666666583,0.7927189913194178,1.0,
first_repeat_144,sonnet,0.05,Global,equal_call_budget,0.1,0.10000000000000009,0.30539999999999917,0.10000000000000009,0.0,0.0011284033333333332,0.9300790456263354,1.0,
first_repeat_144,lite,0.05,Global,equal_call_budget,0.1,0.10000000000000009,0.30539999999999917,0.09333333333333363,0.006666666666666662,0.0003969446666666668,0.45348677361189976,0.9333333333333355,
first_repeat_144,luna,0.05,Global,equal_call_budget,0.1,0.10000000000000009,0.30539999999999917,0.10000000000000009,0.0,6.93974166666669e-05,0.6588174945597243,1.0,
first_repeat_144,qwen_local,0.05,Global,equal_call_budget,0.1,0.10000000000000009,0.30539999999999917,0.10000000000000009,0.0,0.0,13.777112939973163,1.0,
first_repeat_144,baseline,0.05,Global,equal_call_budget,0.2,0.20000000000000015,0.2556000000000007,0.11611111111111087,0.08388888888888917,8.198199999999993e-05,0.37264485004319203,0.5805555555555539,
first_repeat_144,opus,0.05,Global,equal_call_budget,0.2,0.20000000000000015,0.2556000000000007,0.20000000000000015,0.0,0.0035007638888888775,1.4164039781009268,1.0,
first_repeat_144,pro,0.05,Global,equal_call_budget,0.2,0.20000000000000015,0.2556000000000007,0.20000000000000015,0.0,0.0052429477777777836,3.1000117546714496,1.0,
first_repeat_144,astra,0.05,Global,equal_call_budget,0.2,0.20000000000000015,0.2556000000000007,0.20000000000000015,0.0,0.0039606097222222286,1.5777843405377499,1.0,
first_repeat_144,sonnet,0.05,Global,equal_call_budget,0.2,0.20000000000000015,0.2556000000000007,0.20000000000000015,0.0,0.0021586666666666577,1.771896134077358,1.0,
first_repeat_144,lite,0.05,Global,equal_call_budget,0.2,0.20000000000000015,0.2556000000000007,0.18888888888888944,0.011111111111111077,0.0008027935555555528,0.9184783144453068,0.9444444444444465,
first_repeat_144,luna,0.05,Global,equal_call_budget,0.2,0.20000000000000015,0.2556000000000007,0.20000000000000015,0.0,0.00014176941666666645,1.3372482844065718,1.0,
first_repeat_144,qwen_local,0.05,Global,equal_call_budget,0.2,0.20000000000000015,0.2556000000000007,0.20000000000000015,0.0,0.0,27.15227438851799,1.0,
first_repeat_144,baseline,0.05,Global,equal_call_budget,0.3,0.29999999999999893,0.2033999999999999,0.18111111111111142,0.1188888888888894,0.00012122800000000015,0.5368895467312558,0.6037037037037069,
first_repeat_144,opus,0.05,Global,equal_call_budget,0.3,0.29999999999999893,0.2033999999999999,0.29999999999999893,0.0,0.005088430555555547,2.0506079672671427,1.0,
first_repeat_144,pro,0.05,Global,equal_call_budget,0.3,0.29999999999999893,0.2033999999999999,0.29999999999999893,0.0,0.007616841111111106,4.457604295444404,1.0,
first_repeat_144,astra,0.05,Global,equal_call_budget,0.3,0.29999999999999893,0.2033999999999999,0.29999999999999893,0.0,0.005938668055555545,2.347542405553907,1.0,
first_repeat_144,sonnet,0.05,Global,equal_call_budget,0.3,0.29999999999999893,0.2033999999999999,0.29999999999999893,0.0,0.0029926499999999977,2.4371893081777793,1.0,
first_repeat_144,lite,0.05,Global,equal_call_budget,0.3,0.29999999999999893,0.2033999999999999,0.2888888888888898,0.011111111111111086,0.0012264508888888916,1.4064793897217098,0.9629629629629695,
first_repeat_144,luna,0.05,Global,equal_call_budget,0.3,0.29999999999999893,0.2033999999999999,0.29999999999999893,0.0,0.0002200905833333327,2.0549056648276816,1.0,
first_repeat_144,qwen_local,0.05,Global,equal_call_budget,0.3,0.29999999999999893,0.2033999999999999,0.29999999999999893,0.0,0.0,39.72353285420626,1.0,
first_repeat_144,baseline,0.05,Global,equal_call_budget,0.4,0.4000000000000003,0.16359999999999963,0.2472222222222218,0.15277777777777835,0.00016085888888888917,0.7056853451601789,0.618055555555554,
first_repeat_144,opus,0.05,Global,equal_call_budget,0.4,0.4000000000000003,0.16359999999999963,0.4000000000000003,0.0,0.0067739916666666854,2.7348971508800384,1.0,
first_repeat_144,pro,0.05,Global,equal_call_budget,0.4,0.4000000000000003,0.16359999999999963,0.4000000000000003,0.0,0.010245487777777777,5.933318156450088,1.0,
first_repeat_144,astra,0.05,Global,equal_call_budget,0.4,0.4000000000000003,0.16359999999999963,0.4000000000000003,0.0,0.007919295833333341,3.10772488759585,1.0,
first_repeat_144,sonnet,0.05,Global,equal_call_budget,0.4,0.4000000000000003,0.16359999999999963,0.3988888888888898,0.0011111111111111183,0.004405235555555578,3.612475002002914,0.9972222222222238,
first_repeat_144,lite,0.05,Global,equal_call_budget,0.4,0.4000000000000003,0.16359999999999963,0.3888888888888872,0.011111111111111086,0.00167617988888889,1.9041464571784135,0.9722222222222172,
first_repeat_144,luna,0.05,Global,equal_call_budget,0.4,0.4000000000000003,0.16359999999999963,0.4000000000000003,0.0,0.00029651336111111143,2.7491097240451334,1.0,
first_repeat_144,qwen_local,0.05,Global,equal_call_budget,0.4,0.4000000000000003,0.16359999999999963,0.4000000000000003,0.0,0.0,52.22190619574199,1.0,
first_repeat_144,baseline,0.05,Global,equal_call_budget,0.5,0.5,0.12999999999999984,0.31388888888888966,0.18611111111111062,0.0002006822222222225,0.8767566944595419,0.6277777777777793,
first_repeat_144,opus,0.05,Global,equal_call_budget,0.5,0.5,0.12999999999999984,0.5,0.0,0.008508500000000018,3.444228931716257,1.0,
first_repeat_144,pro,0.05,Global,equal_call_budget,0.5,0.5,0.12999999999999984,0.5,0.0,0.01300151111111112,7.468092677572181,1.0,
first_repeat_144,astra,0.05,Global,equal_call_budget,0.5,0.5,0.12999999999999984,0.5,0.0,0.009901208333333366,3.8631195781506547,1.0,
first_repeat_144,sonnet,0.05,Global,equal_call_budget,0.5,0.5,0.12999999999999984,0.49722222222222096,0.002777777777777768,0.00610712222222221,5.042756955690378,0.9944444444444419,
first_repeat_144,lite,0.05,Global,equal_call_budget,0.5,0.5,0.12999999999999984,0.4888888888888899,0.011111111111111072,0.0021389447222222155,2.406646520725261,0.9777777777777799,
first_repeat_144,luna,0.05,Global,equal_call_budget,0.5,0.5,0.12999999999999984,0.5,0.0,0.0003719869444444441,3.4315871226607766,1.0,
first_repeat_144,qwen_local,0.05,Global,equal_call_budget,0.5,0.5,0.12999999999999984,0.5,0.0,0.0,64.68383697520174,1.0,
first_repeat_144,baseline,0.05,Global,equal_call_budget,0.6,0.5999999999999979,0.09280000000000013,0.3805555555555554,0.21944444444444386,0.00023811888888888857,1.039987249187611,0.6342592592592613,
first_repeat_144,opus,0.05,Global,equal_call_budget,0.6,0.5999999999999979,0.09280000000000013,0.5999999999999979,0.0,0.01035540833333331,4.225889195886348,1.0,
first_repeat_144,pro,0.05,Global,equal_call_budget,0.6,0.5999999999999979,0.09280000000000013,0.5999999999999979,0.0,0.015840134444444428,9.081903803404662,1.0,
first_repeat_144,astra,0.05,Global,equal_call_budget,0.6,0.5999999999999979,0.09280000000000013,0.5999999999999979,0.0,0.011868816666666655,4.6219558163284935,1.0,
first_repeat_144,sonnet,0.05,Global,equal_call_budget,0.6,0.5999999999999979,0.09280000000000013,0.5972222222222248,0.002777777777777768,0.007231218888888856,5.97001605866207,0.9953703703703781,
first_repeat_144,lite,0.05,Global,equal_call_budget,0.6,0.5999999999999979,0.09280000000000013,0.5822222222222243,0.017777777777777767,0.002564751722222215,2.869713303577669,0.9703703703703773,
first_repeat_144,luna,0.05,Global,equal_call_budget,0.6,0.5999999999999979,0.09280000000000013,0.5999999999999979,0.0,0.0004558701111111127,4.212056784181871,1.0,
first_repeat_144,qwen_local,0.05,Global,equal_call_budget,0.6,0.5999999999999979,0.09280000000000013,0.5933333333333336,0.006666666666666599,0.0,78.69867297366507,0.9888888888888928,
first_repeat_144,baseline,0.05,Global,equal_call_budget,0.7,0.7000000000000008,0.06179999999999988,0.44499999999999823,0.2550000000000007,0.00027586888888888976,1.2029335969473054,0.6357142857142825,
first_repeat_144,opus,0.05,Global,equal_call_budget,0.7,0.7000000000000008,0.06179999999999988,0.7000000000000008,0.0,0.01214407222222218,4.968023354061991,1.0,
first_repeat_144,pro,0.05,Global,equal_call_budget,0.7,0.7000000000000008,0.06179999999999988,0.7000000000000008,0.0,0.018675596666666714,10.704556012597308,1.0,
first_repeat_144,astra,0.05,Global,equal_call_budget,0.7,0.7000000000000008,0.06179999999999988,0.7000000000000008,0.0,0.013812938888888893,5.3718362051328965,1.0,
first_repeat_144,sonnet,0.05,Global,equal_call_budget,0.7,0.7000000000000008,0.06179999999999988,0.6972222222222227,0.002777777777777768,0.00844635666666665,6.981554235336736,0.9960317460317456,
first_repeat_144,lite,0.05,Global,equal_call_budget,0.7,0.7000000000000008,0.06179999999999988,0.6777777777777773,0.02222222222222217,0.002995815666666667,3.3420731671674377,0.9682539682539664,
first_repeat_144,luna,0.05,Global,equal_call_budget,0.7,0.7000000000000008,0.06179999999999988,0.6972222222222227,0.002777777777777768,0.0005379723333333318,4.980557323531,0.9960317460317456,
first_repeat_144,qwen_local,0.05,Global,equal_call_budget,0.7,0.7000000000000008,0.06179999999999988,0.688888888888887,0.011111111111111122,0.0,92.50194487900602,0.9841269841269802,
first_repeat_144,baseline,0.05,Global,equal_call_budget,0.8,0.8000000000000007,0.04319999999999991,0.504999999999999,0.2950000000000012,0.0003142455555555562,1.36531153077027,0.6312499999999982,
first_repeat_144,opus,0.05,Global,equal_call_budget,0.8,0.8000000000000007,0.04319999999999991,0.8000000000000007,0.0,0.013816247222222206,5.631105300248713,1.0,
first_repeat_144,pro,0.05,Global,equal_call_budget,0.8,0.8000000000000007,0.04319999999999991,0.8000000000000007,0.0,0.021504736666666607,12.344890388510072,1.0,
first_repeat_144,astra,0.05,Global,equal_call_budget,0.8,0.8000000000000007,0.04319999999999991,0.8000000000000007,0.0,0.01571008888888892,6.1038048951904775,1.0,
first_repeat_144,sonnet,0.05,Global,equal_call_budget,0.8,0.8000000000000007,0.04319999999999991,0.7972222222222196,0.002777777777777768,0.009843576666666683,8.161650559417485,0.9965277777777737,
first_repeat_144,lite,0.05,Global,equal_call_budget,0.8,0.8000000000000007,0.04319999999999991,0.7777777777777743,0.02222222222222217,0.0034373935000000123,3.833019192231973,0.9722222222222171,
first_repeat_144,luna,0.05,Global,equal_call_budget,0.8,0.8000000000000007,0.04319999999999991,0.7888888888888909,0.011111111111111122,0.000616512666666666,5.72511961853613,0.9861111111111127,
first_repeat_144,qwen_local,0.05,Global,equal_call_budget,0.8,0.8000000000000007,0.04319999999999991,0.7888888888888909,0.011111111111111122,0.0,105.88208859810297,0.9861111111111127,
first_repeat_144,baseline,0.05,Global,equal_call_budget,0.9,0.9000000000000032,0.022199999999999873,0.5705555555555569,0.3294444444444428,0.00035313777777777654,1.534409057886933,0.6339506172839499,
first_repeat_144,opus,0.05,Global,equal_call_budget,0.9,0.9000000000000032,0.022199999999999873,0.9000000000000032,-1.1102230246251565e-16,0.015540749999999994,6.327504433054703,1.0,
first_repeat_144,pro,0.05,Global,equal_call_budget,0.9,0.9000000000000032,0.022199999999999873,0.9000000000000032,-1.1102230246251565e-16,0.024435821111111092,14.008861218663995,1.0,
first_repeat_144,astra,0.05,Global,equal_call_budget,0.9,0.9000000000000032,0.022199999999999873,0.9000000000000032,-1.1102230246251565e-16,0.017889038888888844,6.9852665509151795,1.0,
first_repeat_144,sonnet,0.05,Global,equal_call_budget,0.9,0.9000000000000032,0.022199999999999873,0.896111111111111,0.0038888888888888307,0.011381305555555596,9.44601659141834,0.9956790123456752,
first_repeat_144,lite,0.05,Global,equal_call_budget,0.9,0.9000000000000032,0.022199999999999873,0.8777777777777755,0.022222222222222143,0.003887321777777764,4.32848940410443,0.9753086419753026,
first_repeat_144,luna,0.05,Global,equal_call_budget,0.9,0.9000000000000032,0.022199999999999873,0.8861111111111122,0.0138888888888888,0.0006933978888888908,6.426231183826461,0.9845679012345655,
first_repeat_144,qwen_local,0.05,Global,equal_call_budget,0.9,0.9000000000000032,0.022199999999999873,0.8844444444444464,0.015555555555555465,0.0,119.30528832868629,0.9827160493827146,
first_repeat_144,baseline,0.05,Global,equal_call_budget,1.0,0.9999999999999999,0.0,0.6388888888888866,0.3611111111111127,0.00039228777777777784,1.7068663816504566,0.6388888888888867,
first_repeat_144,opus,0.05,Global,equal_call_budget,1.0,0.9999999999999999,0.0,0.9999999999999999,0.0,0.017291416666666667,7.040562159170333,1.0,
first_repeat_144,pro,0.05,Global,equal_call_budget,1.0,0.9999999999999999,0.0,0.9999999999999999,0.0,0.027417877777777693,15.684650275938427,1.0,
first_repeat_144,astra,0.05,Global,equal_call_budget,1.0,0.9999999999999999,0.0,0.9999999999999999,0.0,0.020208888888888932,7.941474689473369,1.0,
first_repeat_144,sonnet,0.05,Global,equal_call_budget,1.0,0.9999999999999999,0.0,0.9944444444444419,0.005555555555555536,0.012989288888888917,10.782517477379102,0.994444444444442,
first_repeat_144,lite,0.05,Global,equal_call_budget,1.0,0.9999999999999999,0.0,0.9777777777777799,0.02222222222222217,0.004341425277777786,4.826221709380888,0.97777777777778,
first_repeat_144,luna,0.05,Global,equal_call_budget,1.0,0.9999999999999999,0.0,0.9861111111111137,0.01388888888888884,0.0007694555555555567,7.1056173842594195,0.9861111111111138,
first_repeat_144,qwen_local,0.05,Global,equal_call_budget,1.0,0.9999999999999999,0.0,0.9777777777777799,0.02222222222222217,0.0,132.75001606501218,0.97777777777778,
first_repeat_144,baseline,0.05,Oracle,threshold,0.4,0.0,0.35399999999999937,0.0,0.0,0.0,0.0,,
first_repeat_144,opus,0.05,Oracle,threshold,0.4,0.0,0.35399999999999937,0.0,0.0,0.0,0.0,,
first_repeat_144,pro,0.05,Oracle,threshold,0.4,0.0,0.35399999999999937,0.0,0.0,0.0,0.0,,
first_repeat_144,astra,0.05,Oracle,threshold,0.4,0.0,0.35399999999999937,0.0,0.0,0.0,0.0,,
first_repeat_144,sonnet,0.05,Oracle,threshold,0.4,0.0,0.35399999999999937,0.0,0.0,0.0,0.0,,
first_repeat_144,lite,0.05,Oracle,threshold,0.4,0.0,0.35399999999999937,0.0,0.0,0.0,0.0,,
first_repeat_144,luna,0.05,Oracle,threshold,0.4,0.0,0.35399999999999937,0.0,0.0,0.0,0.0,,
first_repeat_144,qwen_local,0.05,Oracle,threshold,0.4,0.0,0.35399999999999937,0.0,0.0,0.0,0.0,,
first_repeat_144,baseline,0.05,Oracle,threshold,0.6,0.4000000000000003,0.15399999999999994,0.255555555555555,0.1444444444444449,0.00015786222222222168,0.6924682435450229,0.638888888888887,
first_repeat_144,opus,0.05,Oracle,threshold,0.6,0.4000000000000003,0.15399999999999994,0.4000000000000003,0.0,0.006978777777777746,2.876685131023012,1.0,
first_repeat_144,pro,0.05,Oracle,threshold,0.6,0.4000000000000003,0.15399999999999994,0.4000000000000003,0.0,0.009815422222222207,5.758406287967224,1.0,
first_repeat_144,astra,0.05,Oracle,threshold,0.6,0.4000000000000003,0.15399999999999994,0.4000000000000003,0.0,0.007691527777777802,2.9924843537026056,1.0,
first_repeat_144,sonnet,0.05,Oracle,threshold,0.6,0.4000000000000003,0.15399999999999994,0.4000000000000003,0.0,0.0042425111111110995,3.481573566659872,1.0,
first_repeat_144,lite,0.05,Oracle,threshold,0.6,0.4000000000000003,0.15399999999999994,0.3777777777777789,0.02222222222222217,0.0016567699999999947,1.8765279347361505,0.9444444444444465,
first_repeat_144,luna,0.05,Oracle,threshold,0.6,0.4000000000000003,0.15399999999999994,0.4000000000000003,0.0,0.00031260611111111195,2.953506393477129,1.0,
first_repeat_144,qwen_local,0.05,Oracle,threshold,0.6,0.4000000000000003,0.15399999999999994,0.3888888888888872,0.011111111111111122,0.0,54.081533424928985,0.9722222222222172,
first_repeat_144,baseline,0.05,Oracle,threshold,0.7,0.5999999999999979,0.08200000000000034,0.38055555555555537,0.2194444444444439,0.00023538555555555583,1.0299655822034588,0.6342592592592612,
first_repeat_144,opus,0.05,Oracle,threshold,0.7,0.5999999999999979,0.08200000000000034,0.5999999999999979,0.0,0.01044498611111111,4.287830547925043,1.0,
first_repeat_144,pro,0.05,Oracle,threshold,0.7,0.5999999999999979,0.08200000000000034,0.5999999999999979,0.0,0.01580849444444443,9.055848461832527,1.0,
first_repeat_144,astra,0.05,Oracle,threshold,0.7,0.5999999999999979,0.08200000000000034,0.5999999999999979,0.0,0.011810104166666655,4.590836069333844,1.0,
first_repeat_144,sonnet,0.05,Oracle,threshold,0.7,0.5999999999999979,0.08200000000000034,0.5999999999999979,0.0,0.007009244444444447,5.8028162509202925,1.0,
first_repeat_144,lite,0.05,Oracle,threshold,0.7,0.5999999999999979,0.08200000000000034,0.5777777777777796,0.02222222222222217,0.0025386444444444487,2.840253708818143,0.9629629629629695,
first_repeat_144,luna,0.05,Oracle,threshold,0.7,0.5999999999999979,0.08200000000000034,0.5999999999999979,0.0,0.0004591170833333343,4.249161478670764,1.0,
first_repeat_144,qwen_local,0.05,Oracle,threshold,0.7,0.5999999999999979,0.08200000000000034,0.5888888888888887,0.011111111111111122,0.0,79.13908299740469,0.9814814814814846,
first_repeat_144,baseline,0.05,Oracle,threshold,0.8,0.9000000000000032,0.010000000000000007,0.5694444444444432,0.33055555555555544,0.0003515533333333329,1.5323642505197008,0.6327160493827124,
first_repeat_144,opus,0.05,Oracle,threshold,0.8,0.9000000000000032,0.010000000000000007,0.9000000000000032,0.0,0.01570011111111114,6.3941705169214345,1.0,
first_repeat_144,pro,0.05,Oracle,threshold,0.8,0.9000000000000032,0.010000000000000007,0.9000000000000032,0.0,0.024885822222222152,14.237936614133599,1.0,
first_repeat_144,astra,0.05,Oracle,threshold,0.8,0.9000000000000032,0.010000000000000007,0.9000000000000032,0.0,0.01830976388888893,7.1870139026716675,1.0,
first_repeat_144,sonnet,0.05,Oracle,threshold,0.8,0.9000000000000032,0.010000000000000007,0.897222222222221,0.002777777777777768,0.012053100000000004,10.04012913757214,0.9969135802469087,
first_repeat_144,lite,0.05,Oracle,threshold,0.8,0.9000000000000032,0.010000000000000007,0.8777777777777755,0.02222222222222217,0.0038505136111111064,4.296366998049473,0.9753086419753026,
first_repeat_144,luna,0.05,Oracle,threshold,0.8,0.9000000000000032,0.010000000000000007,0.8888888888888864,0.011111111111111072,0.0006949069444444445,6.418554672679665,0.987654320987648,
first_repeat_144,qwen_local,0.05,Oracle,threshold,0.8,0.9000000000000032,0.010000000000000007,0.8777777777777755,0.02222222222222217,0.0,118.90454398399014,0.9753086419753026,
first_repeat_144,baseline,0.05,Oracle,threshold,0.9,0.9333333333333352,0.0040000000000000036,0.5916666666666678,0.3416666666666673,0.0003650366666666658,1.5894315644102688,0.6339285714285713,
first_repeat_144,opus,0.05,Oracle,threshold,0.9,0.9333333333333352,0.0040000000000000036,0.9333333333333352,0.0,0.016237069444444384,6.606525301181132,1.0,
first_repeat_144,pro,0.05,Oracle,threshold,0.9,0.9333333333333352,0.0040000000000000036,0.9333333333333352,0.0,0.025946972222222153,14.838642315522529,1.0,
first_repeat_144,astra,0.05,Oracle,threshold,0.9,0.9333333333333352,0.0040000000000000036,0.9333333333333352,0.0,0.018951888888888987,7.44714192095756,1.0,
first_repeat_144,sonnet,0.05,Oracle,threshold,0.9,0.9333333333333352,0.0040000000000000036,0.9305555555555526,0.002777777777777768,0.012331438888888881,10.254847683750484,0.9970238095238043,
first_repeat_144,lite,0.05,Oracle,threshold,0.9,0.9333333333333352,0.0040000000000000036,0.9111111111111072,0.02222222222222217,0.004007333055555561,4.464154948621406,0.9761904761904701,
first_repeat_144,luna,0.05,Oracle,threshold,0.9,0.9333333333333352,0.0040000000000000036,0.9222222222222192,0.011111111111111072,0.0007214455555555581,6.661474110872319,0.9880952380952328,
first_repeat_144,qwen_local,0.05,Oracle,threshold,0.9,0.9333333333333352,0.0040000000000000036,0.9111111111111072,0.02222222222222217,0.0,123.59833088560943,0.9761904761904701,
first_repeat_144,baseline,0.05,Oracle,equal_call_budget,0.0,0.0,0.35399999999999937,0.0,0.0,0.0,0.0,,
first_repeat_144,opus,0.05,Oracle,equal_call_budget,0.0,0.0,0.35399999999999937,0.0,0.0,0.0,0.0,,
first_repeat_144,pro,0.05,Oracle,equal_call_budget,0.0,0.0,0.35399999999999937,0.0,0.0,0.0,0.0,,
first_repeat_144,astra,0.05,Oracle,equal_call_budget,0.0,0.0,0.35399999999999937,0.0,0.0,0.0,0.0,,
first_repeat_144,sonnet,0.05,Oracle,equal_call_budget,0.0,0.0,0.35399999999999937,0.0,0.0,0.0,0.0,,
first_repeat_144,lite,0.05,Oracle,equal_call_budget,0.0,0.0,0.35399999999999937,0.0,0.0,0.0,0.0,,
first_repeat_144,luna,0.05,Oracle,equal_call_budget,0.0,0.0,0.35399999999999937,0.0,0.0,0.0,0.0,,
first_repeat_144,qwen_local,0.05,Oracle,equal_call_budget,0.0,0.0,0.35399999999999937,0.0,0.0,0.0,0.0,,
first_repeat_144,baseline,0.05,Oracle,equal_call_budget,0.1,0.10000000000000007,0.2969999999999989,0.06666666666666653,0.033333333333333263,3.936333333333353e-05,0.16316478057609266,0.6666666666666647,
first_repeat_144,opus,0.05,Oracle,equal_call_budget,0.1,0.10000000000000007,0.2969999999999989,0.10000000000000007,0.0,0.0014887916666666613,0.5922025083253754,1.0,
first_repeat_144,pro,0.05,Oracle,equal_call_budget,0.1,0.10000000000000007,0.2969999999999989,0.10000000000000007,0.0,0.0021111166666666747,1.2423877725823913,1.0,
first_repeat_144,astra,0.05,Oracle,equal_call_budget,0.1,0.10000000000000007,0.2969999999999989,0.10000000000000007,0.0,0.0018761458333333386,0.7273499392535708,1.0,
first_repeat_144,sonnet,0.05,Oracle,equal_call_budget,0.1,0.10000000000000007,0.2969999999999989,0.10000000000000007,0.0,0.0007971833333333372,0.6305752781316762,1.0,
first_repeat_144,lite,0.05,Oracle,equal_call_budget,0.1,0.10000000000000007,0.2969999999999989,0.10000000000000007,0.0,0.00042647749999999906,0.4941801072893812,1.0,
first_repeat_144,luna,0.05,Oracle,equal_call_budget,0.1,0.10000000000000007,0.2969999999999989,0.10000000000000007,0.0,7.872125000000017e-05,0.73668489722962,1.0,
first_repeat_144,qwen_local,0.05,Oracle,equal_call_budget,0.1,0.10000000000000007,0.2969999999999989,0.10000000000000007,0.0,0.0,12.143162122211654,1.0,
first_repeat_144,baseline,0.05,Oracle,equal_call_budget,0.2,0.20000000000000015,0.2439999999999998,0.1277777777777775,0.07222222222222245,8.071777777777755e-05,0.34751883682846546,0.638888888888887,
first_repeat_144,opus,0.05,Oracle,equal_call_budget,0.2,0.20000000000000015,0.2439999999999998,0.20000000000000015,0.0,0.003211305555555559,1.2879380763831718,1.0,
first_repeat_144,pro,0.05,Oracle,equal_call_budget,0.2,0.20000000000000015,0.2439999999999998,0.20000000000000015,0.0,0.004480177777777767,2.662971904872558,1.0,
first_repeat_144,astra,0.05,Oracle,equal_call_budget,0.2,0.20000000000000015,0.2439999999999998,0.20000000000000015,0.0,0.003777916666666679,1.4788426136817876,1.0,
first_repeat_144,sonnet,0.05,Oracle,equal_call_budget,0.2,0.20000000000000015,0.2439999999999998,0.20000000000000015,0.0,0.0018551333333333292,1.495813656030483,1.0,
first_repeat_144,lite,0.05,Oracle,equal_call_budget,0.2,0.20000000000000015,0.2439999999999998,0.1944444444444436,0.005555555555555543,0.0008362738888888874,0.9657223618033105,0.9722222222222172,
first_repeat_144,luna,0.05,Oracle,equal_call_budget,0.2,0.20000000000000015,0.2439999999999998,0.20000000000000015,0.0,0.00015215055555555594,1.438944796053698,1.0,
first_repeat_144,qwen_local,0.05,Oracle,equal_call_budget,0.2,0.20000000000000015,0.2439999999999998,0.20000000000000015,0.0,0.0,25.804071579362585,1.0,
first_repeat_144,baseline,0.05,Oracle,equal_call_budget,0.3,0.29999999999999893,0.19600000000000015,0.18888888888888944,0.1111111111111108,0.00012117888888888909,0.5312305355528641,0.6296296296296336,
first_repeat_144,opus,0.05,Oracle,equal_call_budget,0.3,0.29999999999999893,0.19600000000000015,0.29999999999999893,0.0,0.005072861111111132,2.0588758890051464,1.0,
first_repeat_144,pro,0.05,Oracle,equal_call_budget,0.3,0.29999999999999893,0.19600000000000015,0.29999999999999893,0.0,0.007063005555555554,4.191671656718232,1.0,
first_repeat_144,astra,0.05,Oracle,equal_call_budget,0.3,0.29999999999999893,0.19600000000000015,0.29999999999999893,0.0,0.005713611111111122,2.239035069694763,1.0,
first_repeat_144,sonnet,0.05,Oracle,equal_call_budget,0.3,0.29999999999999893,0.19600000000000015,0.29999999999999893,0.0,0.0030461444444444415,2.4835385975790127,1.0,
first_repeat_144,lite,0.05,Oracle,equal_call_budget,0.3,0.29999999999999893,0.19600000000000015,0.28611111111111137,0.01388888888888885,0.001242125833333331,1.4235354190996283,0.9537037037037079,
first_repeat_144,luna,0.05,Oracle,equal_call_budget,0.3,0.29999999999999893,0.19600000000000015,0.29999999999999893,0.0,0.00022765611111111124,2.160108895220205,1.0,
first_repeat_144,qwen_local,0.05,Oracle,equal_call_budget,0.3,0.29999999999999893,0.19600000000000015,0.29722222222222283,0.002777777777777768,0.0,40.08332860306455,0.9907407407407463,
first_repeat_144,baseline,0.05,Oracle,equal_call_budget,0.4,0.4000000000000003,0.15399999999999994,0.255555555555555,0.1444444444444449,0.00015786222222222168,0.6924682435450231,0.638888888888887,
first_repeat_144,opus,0.05,Oracle,equal_call_budget,0.4,0.4000000000000003,0.15399999999999994,0.40000000000000036,-5.551115123125783e-17,0.006978777777777809,2.876685131023012,1.0000000000000002,
first_repeat_144,pro,0.05,Oracle,equal_call_budget,0.4,0.4000000000000003,0.15399999999999994,0.40000000000000036,-5.551115123125783e-17,0.009815422222222207,5.758406287967224,1.0000000000000002,
first_repeat_144,astra,0.05,Oracle,equal_call_budget,0.4,0.4000000000000003,0.15399999999999994,0.40000000000000036,-5.551115123125783e-17,0.007691527777777802,2.9924843537026056,1.0000000000000002,
first_repeat_144,sonnet,0.05,Oracle,equal_call_budget,0.4,0.4000000000000003,0.15399999999999994,0.40000000000000036,-5.551115123125783e-17,0.0042425111111110995,3.481573566659872,1.0000000000000002,
first_repeat_144,lite,0.05,Oracle,equal_call_budget,0.4,0.4000000000000003,0.15399999999999994,0.3777777777777789,0.022222222222222154,0.001656769999999995,1.8765279347361505,0.9444444444444465,
first_repeat_144,luna,0.05,Oracle,equal_call_budget,0.4,0.4000000000000003,0.15399999999999994,0.40000000000000036,-5.551115123125783e-17,0.00031260611111111206,2.953506393477129,1.0000000000000002,
first_repeat_144,qwen_local,0.05,Oracle,equal_call_budget,0.4,0.4000000000000003,0.15399999999999994,0.3888888888888872,0.011111111111111086,0.0,54.081533424928985,0.9722222222222172,
first_repeat_144,baseline,0.05,Oracle,equal_call_budget,0.5,0.5,0.11700000000000058,0.3166666666666682,0.1833333333333331,0.0001963777777777774,0.8621053655314952,0.6333333333333364,
first_repeat_144,opus,0.05,Oracle,equal_call_budget,0.5,0.5,0.11700000000000058,0.5000000000000001,-1.1102230246251565e-16,0.008640874999999994,3.5527227796258414,1.0000000000000002,
first_repeat_144,pro,0.05,Oracle,equal_call_budget,0.5,0.5,0.11700000000000058,0.5000000000000001,-1.1102230246251565e-16,0.012801594444444408,7.421344351754901,1.0000000000000002,
first_repeat_144,astra,0.05,Oracle,equal_call_budget,0.5,0.5,0.11700000000000058,0.5000000000000001,-1.1102230246251565e-16,0.009727437500000033,3.7866515815962907,1.0000000000000002,
first_repeat_144,sonnet,0.05,Oracle,equal_call_budget,0.5,0.5,0.11700000000000058,0.5000000000000001,-1.1102230246251565e-16,0.005610461111111108,4.6281867019612255,1.0000000000000002,
first_repeat_144,lite,0.05,Oracle,equal_call_budget,0.5,0.5,0.11700000000000058,0.4777777777777755,0.022222222222222154,0.0020921277777777823,2.3522667564988597,0.955555555555551,
first_repeat_144,luna,0.05,Oracle,equal_call_budget,0.5,0.5,0.11700000000000058,0.5000000000000001,-1.1102230246251565e-16,0.0003837170833333323,3.5867256962616563,1.0000000000000002,
first_repeat_144,qwen_local,0.05,Oracle,equal_call_budget,0.5,0.5,0.11700000000000058,0.4888888888888899,0.011111111111111086,0.0,66.0974396047986,0.9777777777777799,
first_repeat_144,baseline,0.05,Oracle,equal_call_budget,0.6,0.5999999999999979,0.08200000000000034,0.3805555555555554,0.2194444444444439,0.00023538555555555583,1.0299655822034588,0.6342592592592613,
first_repeat_144,opus,0.05,Oracle,equal_call_budget,0.6,0.5999999999999979,0.08200000000000034,0.5999999999999979,0.0,0.010444986111111111,4.287830547925043,1.0,
first_repeat_144,pro,0.05,Oracle,equal_call_budget,0.6,0.5999999999999979,0.08200000000000034,0.5999999999999979,0.0,0.01580849444444443,9.055848461832527,1.0,
first_repeat_144,astra,0.05,Oracle,equal_call_budget,0.6,0.5999999999999979,0.08200000000000034,0.5999999999999979,0.0,0.011810104166666655,4.590836069333844,1.0,
first_repeat_144,sonnet,0.05,Oracle,equal_call_budget,0.6,0.5999999999999979,0.08200000000000034,0.5999999999999979,0.0,0.007009244444444447,5.8028162509202925,1.0,
first_repeat_144,lite,0.05,Oracle,equal_call_budget,0.6,0.5999999999999979,0.08200000000000034,0.5777777777777796,0.022222222222222143,0.0025386444444444487,2.840253708818143,0.9629629629629695,
first_repeat_144,luna,0.05,Oracle,equal_call_budget,0.6,0.5999999999999979,0.08200000000000034,0.5999999999999979,0.0,0.0004591170833333343,4.249161478670764,1.0,
first_repeat_144,qwen_local,0.05,Oracle,equal_call_budget,0.6,0.5999999999999979,0.08200000000000034,0.5888888888888887,0.011111111111111072,0.0,79.13908299740469,0.9814814814814846,
first_repeat_144,baseline,0.05,Oracle,equal_call_budget,0.7,0.7000000000000008,0.05499999999999984,0.4472222222222228,0.2527777777777782,0.0002739522222222212,1.20146122770643,0.638888888888889,
first_repeat_144,opus,0.05,Oracle,equal_call_budget,0.7,0.7000000000000008,0.05499999999999984,0.7000000000000008,0.0,0.012219736111111146,5.006956191336372,1.0,
first_repeat_144,pro,0.05,Oracle,equal_call_budget,0.7,0.7000000000000008,0.05499999999999984,0.7000000000000008,0.0,0.01892311111111103,10.79676139896877,1.0,
first_repeat_144,astra,0.05,Oracle,equal_call_budget,0.7,0.7000000000000008,0.05499999999999984,0.7000000000000008,0.0,0.014204312499999984,5.58811325337999,1.0,
first_repeat_144,sonnet,0.05,Oracle,equal_call_budget,0.7,0.7000000000000008,0.05499999999999984,0.7000000000000008,0.0,0.008735811111111104,7.244951046741336,1.0,
first_repeat_144,lite,0.05,Oracle,equal_call_budget,0.7,0.7000000000000008,0.05499999999999984,0.6777777777777773,0.022222222222222143,0.0029854669444444506,3.333328865068812,0.9682539682539664,
first_repeat_144,luna,0.05,Oracle,equal_call_budget,0.7,0.7000000000000008,0.05499999999999984,0.7000000000000008,0.0,0.0005356312500000012,4.923657522439156,1.0,
first_repeat_144,qwen_local,0.05,Oracle,equal_call_budget,0.7,0.7000000000000008,0.05499999999999984,0.6805555555555561,0.019444444444444375,0.0,92.3859306272719,0.9722222222222219,
first_repeat_144,baseline,0.05,Oracle,equal_call_budget,0.8,0.8000000000000006,0.030999999999999917,0.51111111111111,0.2888888888888898,0.0003136499999999991,1.3733919369697107,0.638888888888887,
first_repeat_144,opus,0.05,Oracle,equal_call_budget,0.8,0.8000000000000006,0.030999999999999917,0.8000000000000006,0.0,0.013987069444444482,5.718649213446748,1.0,
first_repeat_144,pro,0.05,Oracle,equal_call_budget,0.8,0.8000000000000006,0.030999999999999917,0.8000000000000006,0.0,0.02183962222222216,12.468201230097742,1.0,
first_repeat_144,astra,0.05,Oracle,equal_call_budget,0.8,0.8000000000000006,0.030999999999999917,0.8000000000000006,0.0,0.01637547222222224,6.444819627334914,1.0,
first_repeat_144,sonnet,0.05,Oracle,equal_call_budget,0.8,0.8000000000000006,0.030999999999999917,0.7972222222222196,0.002777777777777768,0.01051654999999998,8.732269766062702,0.9965277777777738,
first_repeat_144,lite,0.05,Oracle,equal_call_budget,0.8,0.8000000000000006,0.030999999999999917,0.7777777777777743,0.02222222222222217,0.0034283036111111198,3.825144311943516,0.9722222222222172,
first_repeat_144,luna,0.05,Oracle,equal_call_budget,0.8,0.8000000000000006,0.030999999999999917,0.7972222222222196,0.002777777777777768,0.0006141811111111116,5.646222552190819,0.9965277777777738,
first_repeat_144,qwen_local,0.05,Oracle,equal_call_budget,0.8,0.8000000000000006,0.030999999999999917,0.7777777777777743,0.02222222222222217,0.0,105.48406617913024,0.9722222222222172,
first_repeat_144,baseline,0.05,Oracle,equal_call_budget,0.9,0.9000000000000032,0.009999999999999998,0.5694444444444432,0.33055555555555544,0.0003515533333333329,1.5323642505197008,0.6327160493827124,
first_repeat_144,opus,0.05,Oracle,equal_call_budget,0.9,0.9000000000000032,0.009999999999999998,0.9000000000000032,-1.1102230246251565e-16,0.01570011111111114,6.3941705169214345,1.0,
first_repeat_144,pro,0.05,Oracle,equal_call_budget,0.9,0.9000000000000032,0.009999999999999998,0.9000000000000032,-1.1102230246251565e-16,0.024885822222222152,14.237936614133599,1.0,
first_repeat_144,astra,0.05,Oracle,equal_call_budget,0.9,0.9000000000000032,0.009999999999999998,0.9000000000000032,-1.1102230246251565e-16,0.01830976388888893,7.187013902671668,1.0,
first_repeat_144,sonnet,0.05,Oracle,equal_call_budget,0.9,0.9000000000000032,0.009999999999999998,0.897222222222221,0.002777777777777657,0.012053100000000004,10.04012913757214,0.9969135802469087,
first_repeat_144,lite,0.05,Oracle,equal_call_budget,0.9,0.9000000000000032,0.009999999999999998,0.8777777777777755,0.022222222222222143,0.0038505136111111064,4.296366998049473,0.9753086419753026,
first_repeat_144,luna,0.05,Oracle,equal_call_budget,0.9,0.9000000000000032,0.009999999999999998,0.8888888888888864,0.011111111111111021,0.0006949069444444445,6.418554672679665,0.987654320987648,
first_repeat_144,qwen_local,0.05,Oracle,equal_call_budget,0.9,0.9000000000000032,0.009999999999999998,0.8777777777777755,0.022222222222222143,0.0,118.90454398399014,0.9753086419753026,
first_repeat_144,baseline,0.05,Oracle,equal_call_budget,1.0,0.9999999999999999,0.0,0.6388888888888866,0.3611111111111127,0.00039228777777777784,1.7068663816504566,0.6388888888888867,
first_repeat_144,opus,0.05,Oracle,equal_call_budget,1.0,0.9999999999999999,0.0,0.9999999999999999,0.0,0.017291416666666667,7.040562159170333,1.0,
first_repeat_144,pro,0.05,Oracle,equal_call_budget,1.0,0.9999999999999999,0.0,0.9999999999999999,0.0,0.027417877777777693,15.684650275938427,1.0,
first_repeat_144,astra,0.05,Oracle,equal_call_budget,1.0,0.9999999999999999,0.0,0.9999999999999999,0.0,0.020208888888888932,7.941474689473369,1.0,
first_repeat_144,sonnet,0.05,Oracle,equal_call_budget,1.0,0.9999999999999999,0.0,0.9944444444444419,0.005555555555555536,0.012989288888888917,10.782517477379102,0.994444444444442,
first_repeat_144,lite,0.05,Oracle,equal_call_budget,1.0,0.9999999999999999,0.0,0.9777777777777799,0.02222222222222217,0.004341425277777786,4.826221709380888,0.97777777777778,
first_repeat_144,luna,0.05,Oracle,equal_call_budget,1.0,0.9999999999999999,0.0,0.9861111111111137,0.01388888888888884,0.0007694555555555567,7.1056173842594195,0.9861111111111138,
first_repeat_144,qwen_local,0.05,Oracle,equal_call_budget,1.0,0.9999999999999999,0.0,0.9777777777777799,0.02222222222222217,0.0,132.75001606501218,0.97777777777778,
first_repeat_144,baseline,0.05,Raw,threshold,0.4,0.0,0.35399999999999937,0.0,0.0,0.0,0.0,,
first_repeat_144,opus,0.05,Raw,threshold,0.4,0.0,0.35399999999999937,0.0,0.0,0.0,0.0,,
first_repeat_144,pro,0.05,Raw,threshold,0.4,0.0,0.35399999999999937,0.0,0.0,0.0,0.0,,
first_repeat_144,astra,0.05,Raw,threshold,0.4,0.0,0.35399999999999937,0.0,0.0,0.0,0.0,,
first_repeat_144,sonnet,0.05,Raw,threshold,0.4,0.0,0.35399999999999937,0.0,0.0,0.0,0.0,,
first_repeat_144,lite,0.05,Raw,threshold,0.4,0.0,0.35399999999999937,0.0,0.0,0.0,0.0,,
first_repeat_144,luna,0.05,Raw,threshold,0.4,0.0,0.35399999999999937,0.0,0.0,0.0,0.0,,
first_repeat_144,qwen_local,0.05,Raw,threshold,0.4,0.0,0.35399999999999937,0.0,0.0,0.0,0.0,,
first_repeat_144,baseline,0.05,Raw,threshold,0.6,0.166666666666667,0.2730000000000012,0.09444444444444472,0.07222222222222245,6.890000000000017e-05,0.31789661781383705,0.5666666666666672,
first_repeat_144,opus,0.05,Raw,threshold,0.6,0.166666666666667,0.2730000000000012,0.166666666666667,0.0,0.002971541666666677,1.205002648378858,1.0,
first_repeat_144,pro,0.05,Raw,threshold,0.6,0.166666666666667,0.2730000000000012,0.166666666666667,0.0,0.004451650000000006,2.6474809077471355,1.0,
first_repeat_144,astra,0.05,Raw,threshold,0.6,0.166666666666667,0.2730000000000012,0.166666666666667,0.0,0.0033012569444444556,1.321198318865696,1.0,
first_repeat_144,sonnet,0.05,Raw,threshold,0.6,0.166666666666667,0.2730000000000012,0.166666666666667,0.0,0.0018806722222222164,1.5501317427105608,1.0,
first_repeat_144,lite,0.05,Raw,threshold,0.6,0.166666666666667,0.2730000000000012,0.15555555555555517,0.011111111111111077,0.0006615744444444417,0.7558112893531664,0.9333333333333292,
first_repeat_144,luna,0.05,Raw,threshold,0.6,0.166666666666667,0.2730000000000012,0.166666666666667,0.0,0.00011566236111111131,1.0980291575995402,1.0,
first_repeat_144,qwen_local,0.05,Raw,threshold,0.6,0.166666666666667,0.2730000000000012,0.166666666666667,0.0,0.0,22.96185489995524,1.0,
first_repeat_144,baseline,0.05,Raw,threshold,0.7,0.5,0.12999999999999984,0.31388888888888966,0.18611111111111062,0.0002006822222222225,0.8767566944595419,0.6277777777777793,
first_repeat_144,opus,0.05,Raw,threshold,0.7,0.5,0.12999999999999984,0.5,0.0,0.008508500000000018,3.444228931716257,1.0,
first_repeat_144,pro,0.05,Raw,threshold,0.7,0.5,0.12999999999999984,0.5,0.0,0.013001511111111117,7.468092677572181,1.0,
first_repeat_144,astra,0.05,Raw,threshold,0.7,0.5,0.12999999999999984,0.5,0.0,0.009901208333333366,3.8631195781506547,1.0,
first_repeat_144,sonnet,0.05,Raw,threshold,0.7,0.5,0.12999999999999984,0.49722222222222096,0.002777777777777768,0.00610712222222221,5.042756955690378,0.9944444444444419,
first_repeat_144,lite,0.05,Raw,threshold,0.7,0.5,0.12999999999999984,0.4888888888888899,0.011111111111111122,0.0021389447222222155,2.406646520725261,0.9777777777777799,
first_repeat_144,luna,0.05,Raw,threshold,0.7,0.5,0.12999999999999984,0.5,0.0,0.0003719869444444441,3.4315871226607766,1.0,
first_repeat_144,qwen_local,0.05,Raw,threshold,0.7,0.5,0.12999999999999984,0.5,0.0,0.0,64.68383697520167,1.0,
first_repeat_144,baseline,0.05,Raw,threshold,0.8,0.666666666666668,0.06799999999999976,0.42499999999999843,0.241666666666667,0.0002630766666666672,1.148807619006326,0.6374999999999964,
first_repeat_144,opus,0.05,Raw,threshold,0.8,0.666666666666668,0.06799999999999976,0.666666666666668,0.0,0.01158668055555553,4.746996038666446,1.0,
first_repeat_144,pro,0.05,Raw,threshold,0.8,0.666666666666668,0.06799999999999976,0.666666666666668,0.0,0.017732549999999948,10.15777788729298,1.0,
first_repeat_144,astra,0.05,Raw,threshold,0.8,0.666666666666668,0.06799999999999976,0.666666666666668,0.0,0.013180555555555534,5.1278466417803585,1.0,
first_repeat_144,sonnet,0.05,Raw,threshold,0.8,0.666666666666668,0.06799999999999976,0.6638888888888907,0.002777777777777768,0.0079806166666667,6.588188793976525,0.9958333333333342,
first_repeat_144,lite,0.05,Raw,threshold,0.8,0.666666666666668,0.06799999999999976,0.6444444444444454,0.02222222222222217,0.002848623055555555,3.178424492145948,0.9666666666666662,
first_repeat_144,luna,0.05,Raw,threshold,0.8,0.666666666666668,0.06799999999999976,0.666666666666668,0.0,0.0005117922222222234,4.732369891862618,1.0,
first_repeat_144,qwen_local,0.05,Raw,threshold,0.8,0.666666666666668,0.06799999999999976,0.6555555555555544,0.011111111111111122,0.0,88.04189697264019,0.9833333333333297,
first_repeat_144,baseline,0.05,Raw,threshold,0.9,0.8333333333333341,0.03699999999999994,0.5250000000000017,0.30833333333333185,0.00032703777777777656,1.4194375087112625,0.6300000000000014,
first_repeat_144,opus,0.05,Raw,threshold,0.9,0.8333333333333341,0.03699999999999994,0.8333333333333341,0.0,0.014373638888888875,5.852132615644304,1.0,
first_repeat_144,pro,0.05,Raw,threshold,0.9,0.8333333333333341,0.03699999999999994,0.8333333333333341,0.0,0.02244778333333335,12.891668513814285,1.0,
first_repeat_144,astra,0.05,Raw,threshold,0.9,0.8333333333333341,0.03699999999999994,0.8333333333333341,0.0,0.01634247222222218,6.347794458542996,1.0,
first_repeat_144,sonnet,0.05,Raw,threshold,0.9,0.8333333333333341,0.03699999999999994,0.8305555555555513,0.002777777777777768,0.010309316666666622,8.555016000777801,0.9966666666666606,
first_repeat_144,lite,0.05,Raw,threshold,0.9,0.8333333333333341,0.03699999999999994,0.8111111111111114,0.02222222222222217,0.003584586111111119,3.996667867253478,0.9733333333333328,
first_repeat_144,luna,0.05,Raw,threshold,0.9,0.8333333333333341,0.03699999999999994,0.8194444444444461,0.01388888888888884,0.000642692777777776,5.973307050204466,0.9833333333333344,
first_repeat_144,qwen_local,0.05,Raw,threshold,0.9,0.8333333333333341,0.03699999999999994,0.8222222222222227,0.011111111111111122,0.0,110.3421365044692,0.9866666666666664,
first_repeat_144,baseline,0.05,Raw,equal_call_budget,0.0,0.0,0.35399999999999937,0.0,0.0,0.0,0.0,,
first_repeat_144,opus,0.05,Raw,equal_call_budget,0.0,0.0,0.35399999999999937,0.0,0.0,0.0,0.0,,
first_repeat_144,pro,0.05,Raw,equal_call_budget,0.0,0.0,0.35399999999999937,0.0,0.0,0.0,0.0,,
first_repeat_144,astra,0.05,Raw,equal_call_budget,0.0,0.0,0.35399999999999937,0.0,0.0,0.0,0.0,,
first_repeat_144,sonnet,0.05,Raw,equal_call_budget,0.0,0.0,0.35399999999999937,0.0,0.0,0.0,0.0,,
first_repeat_144,lite,0.05,Raw,equal_call_budget,0.0,0.0,0.35399999999999937,0.0,0.0,0.0,0.0,,
first_repeat_144,luna,0.05,Raw,equal_call_budget,0.0,0.0,0.35399999999999937,0.0,0.0,0.0,0.0,,
first_repeat_144,qwen_local,0.05,Raw,equal_call_budget,0.0,0.0,0.35399999999999937,0.0,0.0,0.0,0.0,,
first_repeat_144,baseline,0.05,Raw,equal_call_budget,0.1,0.10000000000000009,0.30539999999999917,0.05666666666666665,0.043333333333333196,4.134000000000001e-05,0.19073797068830328,0.566666666666666,
first_repeat_144,opus,0.05,Raw,equal_call_budget,0.1,0.10000000000000009,0.30539999999999917,0.10000000000000009,0.0,0.0017829249999999947,0.7230015890273097,1.0,
first_repeat_144,pro,0.05,Raw,equal_call_budget,0.1,0.10000000000000009,0.30539999999999917,0.10000000000000009,0.0,0.0026709899999999977,1.5884885446482757,1.0,
first_repeat_144,astra,0.05,Raw,equal_call_budget,0.1,0.10000000000000009,0.30539999999999917,0.10000000000000009,0.0,0.0019807541666666583,0.7927189913194178,1.0,
first_repeat_144,sonnet,0.05,Raw,equal_call_budget,0.1,0.10000000000000009,0.30539999999999917,0.10000000000000009,0.0,0.0011284033333333332,0.9300790456263354,1.0,
first_repeat_144,lite,0.05,Raw,equal_call_budget,0.1,0.10000000000000009,0.30539999999999917,0.09333333333333363,0.006666666666666662,0.0003969446666666668,0.45348677361189976,0.9333333333333355,
first_repeat_144,luna,0.05,Raw,equal_call_budget,0.1,0.10000000000000009,0.30539999999999917,0.10000000000000009,0.0,6.93974166666669e-05,0.6588174945597243,1.0,
first_repeat_144,qwen_local,0.05,Raw,equal_call_budget,0.1,0.10000000000000009,0.30539999999999917,0.10000000000000009,0.0,0.0,13.777112939973163,1.0,
first_repeat_144,baseline,0.05,Raw,equal_call_budget,0.2,0.20000000000000015,0.2556000000000007,0.11611111111111087,0.08388888888888917,8.198199999999993e-05,0.37264485004319203,0.5805555555555539,
first_repeat_144,opus,0.05,Raw,equal_call_budget,0.2,0.20000000000000015,0.2556000000000007,0.20000000000000015,0.0,0.0035007638888888775,1.4164039781009268,1.0,
first_repeat_144,pro,0.05,Raw,equal_call_budget,0.2,0.20000000000000015,0.2556000000000007,0.20000000000000015,0.0,0.0052429477777777836,3.1000117546714496,1.0,
first_repeat_144,astra,0.05,Raw,equal_call_budget,0.2,0.20000000000000015,0.2556000000000007,0.20000000000000015,0.0,0.0039606097222222286,1.5777843405377499,1.0,
first_repeat_144,sonnet,0.05,Raw,equal_call_budget,0.2,0.20000000000000015,0.2556000000000007,0.20000000000000015,0.0,0.0021586666666666577,1.771896134077358,1.0,
first_repeat_144,lite,0.05,Raw,equal_call_budget,0.2,0.20000000000000015,0.2556000000000007,0.18888888888888944,0.011111111111111077,0.0008027935555555528,0.9184783144453068,0.9444444444444465,
first_repeat_144,luna,0.05,Raw,equal_call_budget,0.2,0.20000000000000015,0.2556000000000007,0.20000000000000015,0.0,0.00014176941666666645,1.3372482844065718,1.0,
first_repeat_144,qwen_local,0.05,Raw,equal_call_budget,0.2,0.20000000000000015,0.2556000000000007,0.20000000000000015,0.0,0.0,27.15227438851799,1.0,
first_repeat_144,baseline,0.05,Raw,equal_call_budget,0.3,0.29999999999999893,0.2033999999999999,0.18111111111111142,0.1188888888888894,0.00012122800000000015,0.5368895467312558,0.6037037037037069,
first_repeat_144,opus,0.05,Raw,equal_call_budget,0.3,0.29999999999999893,0.2033999999999999,0.29999999999999893,0.0,0.005088430555555547,2.0506079672671427,1.0,
first_repeat_144,pro,0.05,Raw,equal_call_budget,0.3,0.29999999999999893,0.2033999999999999,0.29999999999999893,0.0,0.007616841111111106,4.457604295444404,1.0,
first_repeat_144,astra,0.05,Raw,equal_call_budget,0.3,0.29999999999999893,0.2033999999999999,0.29999999999999893,0.0,0.005938668055555545,2.347542405553907,1.0,
first_repeat_144,sonnet,0.05,Raw,equal_call_budget,0.3,0.29999999999999893,0.2033999999999999,0.29999999999999893,0.0,0.0029926499999999977,2.4371893081777793,1.0,
first_repeat_144,lite,0.05,Raw,equal_call_budget,0.3,0.29999999999999893,0.2033999999999999,0.2888888888888898,0.011111111111111086,0.0012264508888888916,1.4064793897217098,0.9629629629629695,
first_repeat_144,luna,0.05,Raw,equal_call_budget,0.3,0.29999999999999893,0.2033999999999999,0.29999999999999893,0.0,0.0002200905833333327,2.0549056648276816,1.0,
first_repeat_144,qwen_local,0.05,Raw,equal_call_budget,0.3,0.29999999999999893,0.2033999999999999,0.29999999999999893,0.0,0.0,39.72353285420626,1.0,
first_repeat_144,baseline,0.05,Raw,equal_call_budget,0.4,0.4000000000000003,0.16359999999999963,0.2472222222222218,0.15277777777777835,0.00016085888888888917,0.7056853451601789,0.618055555555554,
first_repeat_144,opus,0.05,Raw,equal_call_budget,0.4,0.4000000000000003,0.16359999999999963,0.4000000000000003,0.0,0.0067739916666666854,2.7348971508800384,1.0,
first_repeat_144,pro,0.05,Raw,equal_call_budget,0.4,0.4000000000000003,0.16359999999999963,0.4000000000000003,0.0,0.010245487777777777,5.933318156450088,1.0,
first_repeat_144,astra,0.05,Raw,equal_call_budget,0.4,0.4000000000000003,0.16359999999999963,0.4000000000000003,0.0,0.007919295833333341,3.10772488759585,1.0,
first_repeat_144,sonnet,0.05,Raw,equal_call_budget,0.4,0.4000000000000003,0.16359999999999963,0.3988888888888898,0.0011111111111111183,0.004405235555555578,3.612475002002914,0.9972222222222238,
first_repeat_144,lite,0.05,Raw,equal_call_budget,0.4,0.4000000000000003,0.16359999999999963,0.3888888888888872,0.011111111111111086,0.00167617988888889,1.9041464571784135,0.9722222222222172,
first_repeat_144,luna,0.05,Raw,equal_call_budget,0.4,0.4000000000000003,0.16359999999999963,0.4000000000000003,0.0,0.00029651336111111143,2.7491097240451334,1.0,
first_repeat_144,qwen_local,0.05,Raw,equal_call_budget,0.4,0.4000000000000003,0.16359999999999963,0.4000000000000003,0.0,0.0,52.22190619574199,1.0,
first_repeat_144,baseline,0.05,Raw,equal_call_budget,0.5,0.5,0.12999999999999984,0.31388888888888966,0.18611111111111062,0.0002006822222222225,0.8767566944595419,0.6277777777777793,
first_repeat_144,opus,0.05,Raw,equal_call_budget,0.5,0.5,0.12999999999999984,0.5,0.0,0.008508500000000018,3.444228931716257,1.0,
first_repeat_144,pro,0.05,Raw,equal_call_budget,0.5,0.5,0.12999999999999984,0.5,0.0,0.01300151111111112,7.468092677572181,1.0,
first_repeat_144,astra,0.05,Raw,equal_call_budget,0.5,0.5,0.12999999999999984,0.5,0.0,0.009901208333333366,3.8631195781506547,1.0,
first_repeat_144,sonnet,0.05,Raw,equal_call_budget,0.5,0.5,0.12999999999999984,0.49722222222222096,0.002777777777777768,0.00610712222222221,5.042756955690378,0.9944444444444419,
first_repeat_144,lite,0.05,Raw,equal_call_budget,0.5,0.5,0.12999999999999984,0.4888888888888899,0.011111111111111072,0.0021389447222222155,2.406646520725261,0.9777777777777799,
first_repeat_144,luna,0.05,Raw,equal_call_budget,0.5,0.5,0.12999999999999984,0.5,0.0,0.0003719869444444441,3.4315871226607766,1.0,
first_repeat_144,qwen_local,0.05,Raw,equal_call_budget,0.5,0.5,0.12999999999999984,0.5,0.0,0.0,64.68383697520174,1.0,
first_repeat_144,baseline,0.05,Raw,equal_call_budget,0.6,0.5999999999999979,0.09280000000000013,0.3805555555555554,0.21944444444444386,0.00023811888888888857,1.039987249187611,0.6342592592592613,
first_repeat_144,opus,0.05,Raw,equal_call_budget,0.6,0.5999999999999979,0.09280000000000013,0.5999999999999979,0.0,0.01035540833333331,4.225889195886348,1.0,
first_repeat_144,pro,0.05,Raw,equal_call_budget,0.6,0.5999999999999979,0.09280000000000013,0.5999999999999979,0.0,0.015840134444444428,9.081903803404662,1.0,
first_repeat_144,astra,0.05,Raw,equal_call_budget,0.6,0.5999999999999979,0.09280000000000013,0.5999999999999979,0.0,0.011868816666666655,4.6219558163284935,1.0,
first_repeat_144,sonnet,0.05,Raw,equal_call_budget,0.6,0.5999999999999979,0.09280000000000013,0.5972222222222248,0.002777777777777768,0.007231218888888856,5.97001605866207,0.9953703703703781,
first_repeat_144,lite,0.05,Raw,equal_call_budget,0.6,0.5999999999999979,0.09280000000000013,0.5822222222222243,0.017777777777777767,0.002564751722222215,2.869713303577669,0.9703703703703773,
first_repeat_144,luna,0.05,Raw,equal_call_budget,0.6,0.5999999999999979,0.09280000000000013,0.5999999999999979,0.0,0.0004558701111111127,4.212056784181871,1.0,
first_repeat_144,qwen_local,0.05,Raw,equal_call_budget,0.6,0.5999999999999979,0.09280000000000013,0.5933333333333336,0.006666666666666599,0.0,78.69867297366507,0.9888888888888928,
first_repeat_144,baseline,0.05,Raw,equal_call_budget,0.7,0.7000000000000008,0.06179999999999988,0.44499999999999823,0.2550000000000007,0.00027586888888888976,1.2029335969473054,0.6357142857142825,
first_repeat_144,opus,0.05,Raw,equal_call_budget,0.7,0.7000000000000008,0.06179999999999988,0.7000000000000008,0.0,0.01214407222222218,4.968023354061991,1.0,
first_repeat_144,pro,0.05,Raw,equal_call_budget,0.7,0.7000000000000008,0.06179999999999988,0.7000000000000008,0.0,0.018675596666666714,10.704556012597308,1.0,
first_repeat_144,astra,0.05,Raw,equal_call_budget,0.7,0.7000000000000008,0.06179999999999988,0.7000000000000008,0.0,0.013812938888888893,5.3718362051328965,1.0,
first_repeat_144,sonnet,0.05,Raw,equal_call_budget,0.7,0.7000000000000008,0.06179999999999988,0.6972222222222227,0.002777777777777768,0.00844635666666665,6.981554235336736,0.9960317460317456,
first_repeat_144,lite,0.05,Raw,equal_call_budget,0.7,0.7000000000000008,0.06179999999999988,0.6777777777777773,0.02222222222222217,0.002995815666666667,3.3420731671674377,0.9682539682539664,
first_repeat_144,luna,0.05,Raw,equal_call_budget,0.7,0.7000000000000008,0.06179999999999988,0.6972222222222227,0.002777777777777768,0.0005379723333333318,4.980557323531,0.9960317460317456,
first_repeat_144,qwen_local,0.05,Raw,equal_call_budget,0.7,0.7000000000000008,0.06179999999999988,0.688888888888887,0.011111111111111122,0.0,92.50194487900602,0.9841269841269802,
first_repeat_144,baseline,0.05,Raw,equal_call_budget,0.8,0.8000000000000007,0.04319999999999991,0.504999999999999,0.2950000000000012,0.0003142455555555562,1.36531153077027,0.6312499999999982,
first_repeat_144,opus,0.05,Raw,equal_call_budget,0.8,0.8000000000000007,0.04319999999999991,0.8000000000000007,0.0,0.013816247222222206,5.631105300248713,1.0,
first_repeat_144,pro,0.05,Raw,equal_call_budget,0.8,0.8000000000000007,0.04319999999999991,0.8000000000000007,0.0,0.021504736666666607,12.344890388510072,1.0,
first_repeat_144,astra,0.05,Raw,equal_call_budget,0.8,0.8000000000000007,0.04319999999999991,0.8000000000000007,0.0,0.01571008888888892,6.1038048951904775,1.0,
first_repeat_144,sonnet,0.05,Raw,equal_call_budget,0.8,0.8000000000000007,0.04319999999999991,0.7972222222222196,0.002777777777777768,0.009843576666666683,8.161650559417485,0.9965277777777737,
first_repeat_144,lite,0.05,Raw,equal_call_budget,0.8,0.8000000000000007,0.04319999999999991,0.7777777777777743,0.02222222222222217,0.0034373935000000123,3.833019192231973,0.9722222222222171,
first_repeat_144,luna,0.05,Raw,equal_call_budget,0.8,0.8000000000000007,0.04319999999999991,0.7888888888888909,0.011111111111111122,0.000616512666666666,5.72511961853613,0.9861111111111127,
first_repeat_144,qwen_local,0.05,Raw,equal_call_budget,0.8,0.8000000000000007,0.04319999999999991,0.7888888888888909,0.011111111111111122,0.0,105.88208859810297,0.9861111111111127,
first_repeat_144,baseline,0.05,Raw,equal_call_budget,0.9,0.9000000000000032,0.022199999999999873,0.5705555555555569,0.3294444444444428,0.00035313777777777654,1.534409057886933,0.6339506172839499,
first_repeat_144,opus,0.05,Raw,equal_call_budget,0.9,0.9000000000000032,0.022199999999999873,0.9000000000000032,-1.1102230246251565e-16,0.015540749999999994,6.327504433054703,1.0,
first_repeat_144,pro,0.05,Raw,equal_call_budget,0.9,0.9000000000000032,0.022199999999999873,0.9000000000000032,-1.1102230246251565e-16,0.024435821111111092,14.008861218663995,1.0,
first_repeat_144,astra,0.05,Raw,equal_call_budget,0.9,0.9000000000000032,0.022199999999999873,0.9000000000000032,-1.1102230246251565e-16,0.017889038888888844,6.9852665509151795,1.0,
first_repeat_144,sonnet,0.05,Raw,equal_call_budget,0.9,0.9000000000000032,0.022199999999999873,0.896111111111111,0.0038888888888888307,0.011381305555555596,9.44601659141834,0.9956790123456752,
first_repeat_144,lite,0.05,Raw,equal_call_budget,0.9,0.9000000000000032,0.022199999999999873,0.8777777777777755,0.022222222222222143,0.003887321777777764,4.32848940410443,0.9753086419753026,
first_repeat_144,luna,0.05,Raw,equal_call_budget,0.9,0.9000000000000032,0.022199999999999873,0.8861111111111122,0.0138888888888888,0.0006933978888888908,6.426231183826461,0.9845679012345655,
first_repeat_144,qwen_local,0.05,Raw,equal_call_budget,0.9,0.9000000000000032,0.022199999999999873,0.8844444444444464,0.015555555555555465,0.0,119.30528832868629,0.9827160493827146,
first_repeat_144,baseline,0.05,Raw,equal_call_budget,1.0,0.9999999999999999,0.0,0.6388888888888866,0.3611111111111127,0.00039228777777777784,1.7068663816504566,0.6388888888888867,
first_repeat_144,opus,0.05,Raw,equal_call_budget,1.0,0.9999999999999999,0.0,0.9999999999999999,0.0,0.017291416666666667,7.040562159170333,1.0,
first_repeat_144,pro,0.05,Raw,equal_call_budget,1.0,0.9999999999999999,0.0,0.9999999999999999,0.0,0.027417877777777693,15.684650275938427,1.0,
first_repeat_144,astra,0.05,Raw,equal_call_budget,1.0,0.9999999999999999,0.0,0.9999999999999999,0.0,0.020208888888888932,7.941474689473369,1.0,
first_repeat_144,sonnet,0.05,Raw,equal_call_budget,1.0,0.9999999999999999,0.0,0.9944444444444419,0.005555555555555536,0.012989288888888917,10.782517477379102,0.994444444444442,
first_repeat_144,lite,0.05,Raw,equal_call_budget,1.0,0.9999999999999999,0.0,0.9777777777777799,0.02222222222222217,0.004341425277777786,4.826221709380888,0.97777777777778,
first_repeat_144,luna,0.05,Raw,equal_call_budget,1.0,0.9999999999999999,0.0,0.9861111111111137,0.01388888888888884,0.0007694555555555567,7.1056173842594195,0.9861111111111138,
first_repeat_144,qwen_local,0.05,Raw,equal_call_budget,1.0,0.9999999999999999,0.0,0.9777777777777799,0.02222222222222217,0.0,132.75001606501218,0.97777777777778,
first_repeat_144,baseline,0.05,Regime,threshold,0.4,0.0,0.35399999999999937,0.0,0.0,0.0,0.0,,
first_repeat_144,opus,0.05,Regime,threshold,0.4,0.0,0.35399999999999937,0.0,0.0,0.0,0.0,,
first_repeat_144,pro,0.05,Regime,threshold,0.4,0.0,0.35399999999999937,0.0,0.0,0.0,0.0,,
first_repeat_144,astra,0.05,Regime,threshold,0.4,0.0,0.35399999999999937,0.0,0.0,0.0,0.0,,
first_repeat_144,sonnet,0.05,Regime,threshold,0.4,0.0,0.35399999999999937,0.0,0.0,0.0,0.0,,
first_repeat_144,lite,0.05,Regime,threshold,0.4,0.0,0.35399999999999937,0.0,0.0,0.0,0.0,,
first_repeat_144,luna,0.05,Regime,threshold,0.4,0.0,0.35399999999999937,0.0,0.0,0.0,0.0,,
first_repeat_144,qwen_local,0.05,Regime,threshold,0.4,0.0,0.35399999999999937,0.0,0.0,0.0,0.0,,
first_repeat_144,baseline,0.05,Regime,threshold,0.6,0.08833333333333326,0.3110700000000005,0.05005555555555556,0.03827777777777774,3.6517000000000084e-05,0.1684852074413338,0.5666666666666672,
first_repeat_144,opus,0.05,Regime,threshold,0.6,0.08833333333333326,0.3110700000000005,0.08833333333333326,0.0,0.0015749170833333336,0.6386514036407913,1.0,
first_repeat_144,pro,0.05,Regime,threshold,0.6,0.08833333333333326,0.3110700000000005,0.08833333333333326,0.0,0.0023593744999999937,1.4031648811059827,1.0,
first_repeat_144,astra,0.05,Regime,threshold,0.6,0.08833333333333326,0.3110700000000005,0.08833333333333326,0.0,0.0017496661805555544,0.7002351089988182,1.0,
first_repeat_144,sonnet,0.05,Regime,threshold,0.6,0.08833333333333326,0.3110700000000005,0.08833333333333326,0.0,0.0009967562777777764,0.8215698236365967,1.0,
first_repeat_144,lite,0.05,Regime,threshold,0.6,0.08833333333333326,0.3110700000000005,0.08244444444444433,0.0058888888888888715,0.00035063445555555525,0.4005799833571783,0.9333333333333328,
first_repeat_144,luna,0.05,Regime,threshold,0.6,0.08833333333333326,0.3110700000000005,0.08833333333333326,0.0,6.13010513888888e-05,0.5819554535277561,1.0,
first_repeat_144,qwen_local,0.05,Regime,threshold,0.6,0.08833333333333326,0.3110700000000005,0.08833333333333326,0.0,0.0,12.169783096976325,1.0,
first_repeat_144,baseline,0.05,Regime,threshold,0.7,0.333333333333334,0.18599999999999997,0.20277777777777786,0.13055555555555615,0.00013430999999999955,0.5916377789606062,0.6083333333333324,
first_repeat_144,opus,0.05,Regime,threshold,0.7,0.333333333333334,0.18599999999999997,0.333333333333334,0.0,0.005617652777777795,2.2620092969892207,1.0,
first_repeat_144,pro,0.05,Regime,threshold,0.7,0.333333333333334,0.18599999999999997,0.333333333333334,0.0,0.008408138888888866,4.910135142368721,1.0,
first_repeat_144,astra,0.05,Regime,threshold,0.7,0.333333333333334,0.18599999999999997,0.333333333333334,0.0,0.006598020833333364,2.6041284272259757,1.0,
first_repeat_144,sonnet,0.05,Regime,threshold,0.7,0.333333333333334,0.18599999999999997,0.333333333333334,0.0,0.00327064444444446,2.6589536995445964,1.0,
first_repeat_144,lite,0.05,Regime,threshold,0.7,0.333333333333334,0.18599999999999997,0.3222222222222227,0.011111111111111086,0.0013676699999999938,1.569146414813849,0.9666666666666662,
first_repeat_144,luna,0.05,Regime,threshold,0.7,0.333333333333334,0.18599999999999997,0.333333333333334,0.0,0.00024619763888888963,2.294124791634714,1.0,
first_repeat_144,qwen_local,0.05,Regime,threshold,0.7,0.333333333333334,0.18599999999999997,0.333333333333334,0.0,0.0,43.91395234276869,1.0,
first_repeat_144,baseline,0.05,Regime,threshold,0.8,0.5,0.12999999999999984,0.31388888888888966,0.18611111111111062,0.0002006822222222225,0.8767566944595419,0.6277777777777793,
first_repeat_144,opus,0.05,Regime,threshold,0.8,0.5,0.12999999999999984,0.5,0.0,0.008508500000000018,3.444228931716257,1.0,
first_repeat_144,pro,0.05,Regime,threshold,0.8,0.5,0.12999999999999984,0.5,0.0,0.013001511111111117,7.468092677572181,1.0,
first_repeat_144,astra,0.05,Regime,threshold,0.8,0.5,0.12999999999999984,0.5,0.0,0.009901208333333366,3.8631195781506547,1.0,
first_repeat_144,sonnet,0.05,Regime,threshold,0.8,0.5,0.12999999999999984,0.49722222222222096,0.002777777777777768,0.00610712222222221,5.042756955690378,0.9944444444444419,
first_repeat_144,lite,0.05,Regime,threshold,0.8,0.5,0.12999999999999984,0.4888888888888899,0.011111111111111122,0.0021389447222222155,2.406646520725261,0.9777777777777799,
first_repeat_144,luna,0.05,Regime,threshold,0.8,0.5,0.12999999999999984,0.5,0.0,0.0003719869444444441,3.4315871226607766,1.0,
first_repeat_144,qwen_local,0.05,Regime,threshold,0.8,0.5,0.12999999999999984,0.5,0.0,0.0,64.68383697520167,1.0,
first_repeat_144,baseline,0.05,Regime,threshold,0.9,0.7408333333333329,0.054204999999999975,0.4694999999999998,0.2713333333333329,0.00029153936111111085,1.2692379199250228,0.6337457817772779,
first_repeat_144,opus,0.05,Regime,threshold,0.9,0.7408333333333329,0.054204999999999975,0.7408333333333329,0.0,0.012826877013888864,5.238781815421596,1.0,
first_repeat_144,pro,0.05,Regime,threshold,0.9,0.7408333333333329,0.054204999999999975,0.7408333333333329,0.0,0.019830828833333328,11.37435921609496,1.0,
first_repeat_144,astra,0.05,Regime,threshold,0.9,0.7408333333333329,0.054204999999999975,0.7408333333333329,0.0,0.014587608472222196,5.670723420239731,1.0,
first_repeat_144,sonnet,0.05,Regime,threshold,0.9,0.7408333333333329,0.054204999999999975,0.7380555555555546,0.002777777777777768,0.009016888166666666,7.46342690100309,0.9962504686914129,
first_repeat_144,lite,0.05,Regime,threshold,0.9,0.7408333333333329,0.054204999999999975,0.7186111111111125,0.02222222222222217,0.0031761266152777806,3.5425427940688,0.9700037495313111,
first_repeat_144,luna,0.05,Regime,threshold,0.9,0.7408333333333329,0.054204999999999975,0.7346527777777782,0.006180555555555534,0.0005700429694444443,5.284586927324734,0.9916572928383963,
first_repeat_144,qwen_local,0.05,Regime,threshold,0.9,0.7408333333333329,0.054204999999999975,0.7297222222222226,0.011111111111111122,0.0,97.96550356430414,0.9850018747656554,
first_repeat_144,baseline,0.05,Regime,equal_call_budget,0.0,0.0,0.35399999999999937,0.0,0.0,0.0,0.0,,
first_repeat_144,opus,0.05,Regime,equal_call_budget,0.0,0.0,0.35399999999999937,0.0,0.0,0.0,0.0,,
first_repeat_144,pro,0.05,Regime,equal_call_budget,0.0,0.0,0.35399999999999937,0.0,0.0,0.0,0.0,,
first_repeat_144,astra,0.05,Regime,equal_call_budget,0.0,0.0,0.35399999999999937,0.0,0.0,0.0,0.0,,
first_repeat_144,sonnet,0.05,Regime,equal_call_budget,0.0,0.0,0.35399999999999937,0.0,0.0,0.0,0.0,,
first_repeat_144,lite,0.05,Regime,equal_call_budget,0.0,0.0,0.35399999999999937,0.0,0.0,0.0,0.0,,
first_repeat_144,luna,0.05,Regime,equal_call_budget,0.0,0.0,0.35399999999999937,0.0,0.0,0.0,0.0,,
first_repeat_144,qwen_local,0.05,Regime,equal_call_budget,0.0,0.0,0.35399999999999937,0.0,0.0,0.0,0.0,,
first_repeat_144,baseline,0.05,Regime,equal_call_budget,0.1,0.10000000000000009,0.3053639999999992,0.05674999999999998,0.04324999999999986,4.1319060000000006e-05,0.19047303794830087,0.5674999999999993,
first_repeat_144,opus,0.05,Regime,equal_call_budget,0.1,0.10000000000000009,0.3053639999999992,0.10000000000000009,0.0,0.0017809724166666613,0.7221136130286989,1.0,
first_repeat_144,pro,0.05,Regime,equal_call_budget,0.1,0.10000000000000009,0.3053639999999992,0.10000000000000009,0.0,0.002668019033333331,1.5861795846095226,1.0,
first_repeat_144,astra,0.05,Regime,equal_call_budget,0.1,0.10000000000000009,0.3053639999999992,0.10000000000000009,0.0,0.0019807272083333253,0.7924893820563852,1.0,
first_repeat_144,sonnet,0.05,Regime,equal_call_budget,0.1,0.10000000000000009,0.3053639999999992,0.10000000000000009,0.0,0.0011254591333333332,0.9274311869110763,1.0,
first_repeat_144,lite,0.05,Regime,equal_call_budget,0.1,0.10000000000000009,0.3053639999999992,0.09340000000000029,0.006599999999999996,0.00039721179333333345,0.4538319166285449,0.934000000000002,
first_repeat_144,luna,0.05,Regime,equal_call_budget,0.1,0.10000000000000009,0.3053639999999992,0.10000000000000009,0.0,6.94866541666669e-05,0.6594058934183381,1.0,
first_repeat_144,qwen_local,0.05,Regime,equal_call_budget,0.1,0.10000000000000009,0.3053639999999992,0.10000000000000009,0.0,0.0,13.765054395230312,1.0,
first_repeat_144,baseline,0.05,Regime,equal_call_budget,0.2,0.20000000000000015,0.2555520000000007,0.11622222222222199,0.08377777777777805,8.195407999999992e-05,0.3722916063898555,0.5811111111111095,
first_repeat_144,opus,0.05,Regime,equal_call_budget,0.2,0.20000000000000015,0.2555520000000007,0.20000000000000015,0.0,0.0034981604444444332,1.4152200101027788,1.0,
first_repeat_144,pro,0.05,Regime,equal_call_budget,0.2,0.20000000000000015,0.2555520000000007,0.20000000000000015,0.0,0.005238986488888895,3.0969331412864447,1.0,
first_repeat_144,astra,0.05,Regime,equal_call_budget,0.2,0.20000000000000015,0.2555520000000007,0.20000000000000015,0.0,0.003960573777777784,1.5774781948537067,1.0,
first_repeat_144,sonnet,0.05,Regime,equal_call_budget,0.2,0.20000000000000015,0.2555520000000007,0.20000000000000015,0.0,0.002154741066666658,1.7683656557903458,1.0,
first_repeat_144,lite,0.05,Regime,equal_call_budget,0.2,0.20000000000000015,0.2555520000000007,0.1889777777777783,0.011022222222222187,0.0008031497244444418,0.9189385051341667,0.9448888888888908,
first_repeat_144,luna,0.05,Regime,equal_call_budget,0.2,0.20000000000000015,0.2555520000000007,0.20000000000000015,0.0,0.00014188839999999976,1.3380328162180566,1.0,
first_repeat_144,qwen_local,0.05,Regime,equal_call_budget,0.2,0.20000000000000015,0.2555520000000007,0.20000000000000015,0.0,0.0,27.13619632886085,1.0,
first_repeat_144,baseline,0.05,Regime,equal_call_budget,0.3,0.29999999999999893,0.20338799999999993,0.18113888888888924,0.11886111111111163,0.00012122102000000016,0.5368012358179217,0.6037962962962996,
first_repeat_144,opus,0.05,Regime,equal_call_budget,0.3,0.29999999999999893,0.20338799999999993,0.29999999999999893,0.0,0.005087779694444436,2.050311975267606,1.0,
first_repeat_144,pro,0.05,Regime,equal_call_budget,0.3,0.29999999999999893,0.20338799999999993,0.29999999999999893,0.0,0.007615850788888883,4.456834642098153,1.0,
first_repeat_144,astra,0.05,Regime,equal_call_budget,0.3,0.29999999999999893,0.20338799999999993,0.29999999999999893,0.0,0.005938659069444434,2.347465869132896,1.0,
first_repeat_144,sonnet,0.05,Regime,equal_call_budget,0.3,0.29999999999999893,0.20338799999999993,0.29999999999999893,0.0,0.0029916685999999974,2.4363066886060265,1.0,
first_repeat_144,lite,0.05,Regime,equal_call_budget,0.3,0.29999999999999893,0.20338799999999993,0.28891111111111206,0.011088888888888863,0.0012265399311111138,1.4065944373939248,0.9630370370370436,
first_repeat_144,luna,0.05,Regime,equal_call_budget,0.3,0.29999999999999893,0.20338799999999993,0.29999999999999893,0.0,0.00022012032916666604,2.055101797780553,1.0,
first_repeat_144,qwen_local,0.05,Regime,equal_call_budget,0.3,0.29999999999999893,0.20338799999999993,0.29999999999999893,0.0,0.0,39.71951333929198,1.0,
first_repeat_144,baseline,0.05,Regime,equal_call_budget,0.4,0.4000000000000003,0.16359999999999963,0.2472222222222218,0.15277777777777835,0.00016085888888888917,0.7056853451601789,0.618055555555554,
first_repeat_144,opus,0.05,Regime,equal_call_budget,0.4,0.4000000000000003,0.16359999999999963,0.4000000000000003,0.0,0.0067739916666666854,2.7348971508800384,1.0,
first_repeat_144,pro,0.05,Regime,equal_call_budget,0.4,0.4000000000000003,0.16359999999999963,0.4000000000000003,0.0,0.010245487777777777,5.933318156450088,1.0,
first_repeat_144,astra,0.05,Regime,equal_call_budget,0.4,0.4000000000000003,0.16359999999999963,0.4000000000000003,0.0,0.007919295833333341,3.10772488759585,1.0,
first_repeat_144,sonnet,0.05,Regime,equal_call_budget,0.4,0.4000000000000003,0.16359999999999963,0.3988888888888898,0.0011111111111111183,0.004405235555555578,3.612475002002914,0.9972222222222238,
first_repeat_144,lite,0.05,Regime,equal_call_budget,0.4,0.4000000000000003,0.16359999999999963,0.3888888888888872,0.011111111111111086,0.00167617988888889,1.9041464571784135,0.9722222222222172,
first_repeat_144,luna,0.05,Regime,equal_call_budget,0.4,0.4000000000000003,0.16359999999999963,0.4000000000000003,0.0,0.00029651336111111143,2.7491097240451334,1.0,
first_repeat_144,qwen_local,0.05,Regime,equal_call_budget,0.4,0.4000000000000003,0.16359999999999963,0.4000000000000003,0.0,0.0,52.22190619574199,1.0,
first_repeat_144,baseline,0.05,Regime,equal_call_budget,0.5,0.5,0.12999999999999984,0.31388888888888966,0.18611111111111062,0.0002006822222222225,0.8767566944595419,0.6277777777777793,
first_repeat_144,opus,0.05,Regime,equal_call_budget,0.5,0.5,0.12999999999999984,0.5,0.0,0.008508500000000018,3.444228931716257,1.0,
first_repeat_144,pro,0.05,Regime,equal_call_budget,0.5,0.5,0.12999999999999984,0.5,0.0,0.01300151111111112,7.468092677572181,1.0,
first_repeat_144,astra,0.05,Regime,equal_call_budget,0.5,0.5,0.12999999999999984,0.5,0.0,0.009901208333333366,3.8631195781506547,1.0,
first_repeat_144,sonnet,0.05,Regime,equal_call_budget,0.5,0.5,0.12999999999999984,0.49722222222222096,0.002777777777777768,0.00610712222222221,5.042756955690378,0.9944444444444419,
first_repeat_144,lite,0.05,Regime,equal_call_budget,0.5,0.5,0.12999999999999984,0.4888888888888899,0.011111111111111072,0.0021389447222222155,2.406646520725261,0.9777777777777799,
first_repeat_144,luna,0.05,Regime,equal_call_budget,0.5,0.5,0.12999999999999984,0.5,0.0,0.0003719869444444441,3.4315871226607766,1.0,
first_repeat_144,qwen_local,0.05,Regime,equal_call_budget,0.5,0.5,0.12999999999999984,0.5,0.0,0.0,64.68383697520174,1.0,
first_repeat_144,baseline,0.05,Regime,equal_call_budget,0.6,0.5999999999999979,0.09280000000000013,0.3805555555555554,0.21944444444444386,0.00023811888888888857,1.039987249187611,0.6342592592592613,
first_repeat_144,opus,0.05,Regime,equal_call_budget,0.6,0.5999999999999979,0.09280000000000013,0.5999999999999979,0.0,0.01035540833333331,4.225889195886348,1.0,
first_repeat_144,pro,0.05,Regime,equal_call_budget,0.6,0.5999999999999979,0.09280000000000013,0.5999999999999979,0.0,0.015840134444444428,9.081903803404662,1.0,
first_repeat_144,astra,0.05,Regime,equal_call_budget,0.6,0.5999999999999979,0.09280000000000013,0.5999999999999979,0.0,0.011868816666666655,4.6219558163284935,1.0,
first_repeat_144,sonnet,0.05,Regime,equal_call_budget,0.6,0.5999999999999979,0.09280000000000013,0.5972222222222248,0.002777777777777768,0.007231218888888856,5.97001605866207,0.9953703703703781,
first_repeat_144,lite,0.05,Regime,equal_call_budget,0.6,0.5999999999999979,0.09280000000000013,0.5822222222222243,0.017777777777777767,0.002564751722222215,2.869713303577669,0.9703703703703773,
first_repeat_144,luna,0.05,Regime,equal_call_budget,0.6,0.5999999999999979,0.09280000000000013,0.5999999999999979,0.0,0.0004558701111111127,4.212056784181871,1.0,
first_repeat_144,qwen_local,0.05,Regime,equal_call_budget,0.6,0.5999999999999979,0.09280000000000013,0.5933333333333336,0.006666666666666599,0.0,78.69867297366507,0.9888888888888928,
first_repeat_144,baseline,0.05,Regime,equal_call_budget,0.7,0.7000000000000008,0.06179999999999988,0.44499999999999823,0.2550000000000007,0.00027586888888888976,1.2029335969473054,0.6357142857142825,
first_repeat_144,opus,0.05,Regime,equal_call_budget,0.7,0.7000000000000008,0.06179999999999988,0.7000000000000008,0.0,0.01214407222222218,4.968023354061991,1.0,
first_repeat_144,pro,0.05,Regime,equal_call_budget,0.7,0.7000000000000008,0.06179999999999988,0.7000000000000008,0.0,0.018675596666666714,10.704556012597308,1.0,
first_repeat_144,astra,0.05,Regime,equal_call_budget,0.7,0.7000000000000008,0.06179999999999988,0.7000000000000008,0.0,0.013812938888888893,5.3718362051328965,1.0,
first_repeat_144,sonnet,0.05,Regime,equal_call_budget,0.7,0.7000000000000008,0.06179999999999988,0.6972222222222227,0.002777777777777768,0.00844635666666665,6.981554235336736,0.9960317460317456,
first_repeat_144,lite,0.05,Regime,equal_call_budget,0.7,0.7000000000000008,0.06179999999999988,0.6777777777777773,0.02222222222222217,0.002995815666666667,3.3420731671674377,0.9682539682539664,
first_repeat_144,luna,0.05,Regime,equal_call_budget,0.7,0.7000000000000008,0.06179999999999988,0.6972222222222227,0.002777777777777768,0.0005379723333333318,4.980557323531,0.9960317460317456,
first_repeat_144,qwen_local,0.05,Regime,equal_call_budget,0.7,0.7000000000000008,0.06179999999999988,0.688888888888887,0.011111111111111122,0.0,92.50194487900602,0.9841269841269802,
first_repeat_144,baseline,0.05,Regime,equal_call_budget,0.8,0.8000000000000007,0.04319999999999991,0.504999999999999,0.2950000000000012,0.0003142455555555562,1.36531153077027,0.6312499999999982,
first_repeat_144,opus,0.05,Regime,equal_call_budget,0.8,0.8000000000000007,0.04319999999999991,0.8000000000000007,0.0,0.013816247222222206,5.631105300248713,1.0,
first_repeat_144,pro,0.05,Regime,equal_call_budget,0.8,0.8000000000000007,0.04319999999999991,0.8000000000000007,0.0,0.021504736666666607,12.344890388510072,1.0,
first_repeat_144,astra,0.05,Regime,equal_call_budget,0.8,0.8000000000000007,0.04319999999999991,0.8000000000000007,0.0,0.01571008888888892,6.1038048951904775,1.0,
first_repeat_144,sonnet,0.05,Regime,equal_call_budget,0.8,0.8000000000000007,0.04319999999999991,0.7972222222222196,0.002777777777777768,0.009843576666666683,8.161650559417485,0.9965277777777737,
first_repeat_144,lite,0.05,Regime,equal_call_budget,0.8,0.8000000000000007,0.04319999999999991,0.7777777777777743,0.02222222222222217,0.0034373935000000123,3.833019192231973,0.9722222222222171,
first_repeat_144,luna,0.05,Regime,equal_call_budget,0.8,0.8000000000000007,0.04319999999999991,0.7888888888888909,0.011111111111111122,0.000616512666666666,5.72511961853613,0.9861111111111127,
first_repeat_144,qwen_local,0.05,Regime,equal_call_budget,0.8,0.8000000000000007,0.04319999999999991,0.7888888888888909,0.011111111111111122,0.0,105.88208859810297,0.9861111111111127,
first_repeat_144,baseline,0.05,Regime,equal_call_budget,0.9,0.9000000000000032,0.022199999999999873,0.5705555555555569,0.3294444444444428,0.00035313777777777654,1.534409057886933,0.6339506172839499,
first_repeat_144,opus,0.05,Regime,equal_call_budget,0.9,0.9000000000000032,0.022199999999999873,0.9000000000000032,-1.1102230246251565e-16,0.015540749999999994,6.327504433054703,1.0,
first_repeat_144,pro,0.05,Regime,equal_call_budget,0.9,0.9000000000000032,0.022199999999999873,0.9000000000000032,-1.1102230246251565e-16,0.024435821111111092,14.008861218663995,1.0,
first_repeat_144,astra,0.05,Regime,equal_call_budget,0.9,0.9000000000000032,0.022199999999999873,0.9000000000000032,-1.1102230246251565e-16,0.017889038888888844,6.9852665509151795,1.0,
first_repeat_144,sonnet,0.05,Regime,equal_call_budget,0.9,0.9000000000000032,0.022199999999999873,0.896111111111111,0.0038888888888888307,0.011381305555555596,9.44601659141834,0.9956790123456752,
first_repeat_144,lite,0.05,Regime,equal_call_budget,0.9,0.9000000000000032,0.022199999999999873,0.8777777777777755,0.022222222222222143,0.003887321777777764,4.32848940410443,0.9753086419753026,
first_repeat_144,luna,0.05,Regime,equal_call_budget,0.9,0.9000000000000032,0.022199999999999873,0.8861111111111122,0.0138888888888888,0.0006933978888888908,6.426231183826461,0.9845679012345655,
first_repeat_144,qwen_local,0.05,Regime,equal_call_budget,0.9,0.9000000000000032,0.022199999999999873,0.8844444444444464,0.015555555555555465,0.0,119.30528832868629,0.9827160493827146,
first_repeat_144,baseline,0.05,Regime,equal_call_budget,1.0,0.9999999999999999,0.0,0.6388888888888866,0.3611111111111127,0.00039228777777777784,1.7068663816504566,0.6388888888888867,
first_repeat_144,opus,0.05,Regime,equal_call_budget,1.0,0.9999999999999999,0.0,0.9999999999999999,0.0,0.017291416666666667,7.040562159170333,1.0,
first_repeat_144,pro,0.05,Regime,equal_call_budget,1.0,0.9999999999999999,0.0,0.9999999999999999,0.0,0.027417877777777693,15.684650275938427,1.0,
first_repeat_144,astra,0.05,Regime,equal_call_budget,1.0,0.9999999999999999,0.0,0.9999999999999999,0.0,0.020208888888888932,7.941474689473369,1.0,
first_repeat_144,sonnet,0.05,Regime,equal_call_budget,1.0,0.9999999999999999,0.0,0.9944444444444419,0.005555555555555536,0.012989288888888917,10.782517477379102,0.994444444444442,
first_repeat_144,lite,0.05,Regime,equal_call_budget,1.0,0.9999999999999999,0.0,0.9777777777777799,0.02222222222222217,0.004341425277777786,4.826221709380888,0.97777777777778,
first_repeat_144,luna,0.05,Regime,equal_call_budget,1.0,0.9999999999999999,0.0,0.9861111111111137,0.01388888888888884,0.0007694555555555567,7.1056173842594195,0.9861111111111138,
first_repeat_144,qwen_local,0.05,Regime,equal_call_budget,1.0,0.9999999999999999,0.0,0.9777777777777799,0.02222222222222217,0.0,132.75001606501218,0.97777777777778,
first_repeat_144,baseline,0.05,Weighted global,threshold,0.4,0.004166666666666667,0.3519749999999994,0.002361111111111111,0.0018055555555555553,1.7225e-06,0.007947415445345945,0.5666666666666667,
first_repeat_144,opus,0.05,Weighted global,threshold,0.4,0.004166666666666667,0.3519749999999994,0.004166666666666667,0.0,7.428854166666666e-05,0.030125066209471293,1.0,
first_repeat_144,pro,0.05,Weighted global,threshold,0.4,0.004166666666666667,0.3519749999999994,0.004166666666666667,0.0,0.00011129125000000002,0.06618702269367835,1.0,
first_repeat_144,astra,0.05,Weighted global,threshold,0.4,0.004166666666666667,0.3519749999999994,0.004166666666666667,0.0,8.253142361111111e-05,0.033029957971642335,1.0,
first_repeat_144,sonnet,0.05,Weighted global,threshold,0.4,0.004166666666666667,0.3519749999999994,0.004166666666666667,0.0,4.701680555555554e-05,0.038753293567763955,1.0,
first_repeat_144,lite,0.05,Weighted global,threshold,0.4,0.004166666666666667,0.3519749999999994,0.0038888888888888888,0.0002777777777777775,1.6539361111111112e-05,0.01889528223382917,0.9333333333333333,
first_repeat_144,luna,0.05,Weighted global,threshold,0.4,0.004166666666666667,0.3519749999999994,0.004166666666666667,0.0,2.891559027777778e-06,0.027450728939988442,1.0,
first_repeat_144,qwen_local,0.05,Weighted global,threshold,0.4,0.004166666666666667,0.3519749999999994,0.004166666666666667,0.0,0.0,0.5740463724988836,1.0,
first_repeat_144,baseline,0.05,Weighted global,threshold,0.6,0.3816666666666666,0.1714649999999999,0.2351527777777778,0.1465138888888891,0.00015361086666666664,0.6749480409446664,0.6161208151382825,
first_repeat_144,opus,0.05,Weighted global,threshold,0.6,0.3816666666666666,0.1714649999999999,0.3816666666666666,0.0,0.006469458958333351,2.6117397052964835,1.0,
first_repeat_144,pro,0.05,Weighted global,threshold,0.6,0.3816666666666666,0.1714649999999999,0.3816666666666666,0.0,0.009775245416666639,5.668184509109717,1.0,
first_repeat_144,astra,0.05,Weighted global,threshold,0.6,0.3816666666666666,0.1714649999999999,0.3816666666666666,0.0,0.0075562985069444685,2.9679192183351755,1.0,
first_repeat_144,sonnet,0.05,Weighted global,threshold,0.6,0.3816666666666666,0.1714649999999999,0.3807083333333329,0.0009583333333333299,0.004172780805555561,3.420380615289013,0.9974890829694314,
first_repeat_144,lite,0.05,Weighted global,threshold,0.6,0.3816666666666666,0.1714649999999999,0.37055555555555564,0.011111111111111103,0.0015949245236111065,1.8133505194529522,0.9708879184861722,
first_repeat_144,luna,0.05,Weighted global,threshold,0.6,0.3816666666666666,0.1714649999999999,0.3816666666666666,0.0,0.00028241550902777804,2.6207640359667725,1.0,
first_repeat_144,qwen_local,0.05,Weighted global,threshold,0.6,0.3816666666666666,0.1714649999999999,0.3816666666666666,0.0,0.0,49.92719718160333,1.0,
first_repeat_144,baseline,0.05,Weighted global,threshold,0.7,0.6516666666666682,0.07416999999999982,0.4148472222222208,0.2368194444444447,0.0002574989444444449,1.1243786100164497,0.6365942028985471,
first_repeat_144,opus,0.05,Weighted global,threshold,0.7,0.6516666666666682,0.07416999999999982,0.6516666666666682,0.0,0.011304473958333316,4.626210853274221,1.0,
first_repeat_144,pro,0.05,Weighted global,threshold,0.7,0.6516666666666682,0.07416999999999982,0.6516666666666682,0.0,0.017307714694444403,9.916885782432137,1.0,
first_repeat_144,astra,0.05,Weighted global,threshold,0.7,0.6516666666666682,0.07416999999999982,0.6516666666666682,0.0,0.01288658819444443,5.014994283187182,1.0,
first_repeat_144,sonnet,0.05,Weighted global,threshold,0.7,0.6516666666666682,0.07416999999999982,0.6488750000000013,0.0027916666666666567,0.007822862638888916,6.45883120725007,0.995716112531969,
first_repeat_144,lite,0.05,Weighted global,threshold,0.7,0.6516666666666682,0.07416999999999982,0.6306666666666678,0.020999999999999953,0.002785382080555554,3.1099503351269226,0.9677749360613807,
first_repeat_144,luna,0.05,Weighted global,threshold,0.7,0.6516666666666682,0.07416999999999982,0.6514583333333348,0.0002083333333333326,0.00049901096388889,4.613559396295816,0.9996803069053708,
first_repeat_144,qwen_local,0.05,Weighted global,threshold,0.7,0.6516666666666682,0.07416999999999982,0.6417222222222211,0.009944444444444457,0.0,85.91905336370212,0.9847399829496976,
first_repeat_144,baseline,0.05,Weighted global,threshold,0.8,0.891666666666667,0.02362999999999997,0.5658333333333331,0.3258333333333332,0.00034996549999999934,1.521213543066379,0.6345794392523358,
first_repeat_144,opus,0.05,Weighted global,threshold,0.8,0.891666666666667,0.02362999999999997,0.891666666666667,0.0,0.01540401847222221,6.273913463536781,1.0,
first_repeat_144,pro,0.05,Weighted global,threshold,0.8,0.891666666666667,0.02362999999999997,0.891666666666667,0.0,0.024205156666666637,13.873348510049922,1.0,
first_repeat_144,astra,0.05,Weighted global,threshold,0.8,0.891666666666667,0.02362999999999997,0.891666666666667,0.0,0.01774503305555555,6.931743808360367,1.0,
first_repeat_144,sonnet,0.05,Weighted global,threshold,0.8,0.891666666666667,0.02362999999999997,0.8877222222222191,0.00394444444444443,0.011271895999999983,9.352888716474254,0.995576323987535,
first_repeat_144,lite,0.05,Weighted global,threshold,0.8,0.891666666666667,0.02362999999999997,0.8694444444444451,0.02222222222222217,0.0038509411472222297,4.287803444689463,0.975077881619938,
first_repeat_144,luna,0.05,Weighted global,threshold,0.8,0.891666666666667,0.02362999999999997,0.878750000000002,0.012916666666666621,0.0006867701055555557,6.36201178942362,0.9855140186915906,
first_repeat_144,qwen_local,0.05,Weighted global,threshold,0.8,0.891666666666667,0.02362999999999997,0.8758888888888898,0.01577777777777776,0.0,118.19242915266926,0.9823052959501564,
first_repeat_144,baseline,0.05,Weighted global,threshold,0.9,0.9999999999999999,0.0,0.6388888888888866,0.3611111111111127,0.00039228777777777784,1.7068663816504566,0.6388888888888867,
first_repeat_144,opus,0.05,Weighted global,threshold,0.9,0.9999999999999999,0.0,0.9999999999999999,0.0,0.017291416666666667,7.040562159170333,1.0,
first_repeat_144,pro,0.05,Weighted global,threshold,0.9,0.9999999999999999,0.0,0.9999999999999999,0.0,0.027417877777777693,15.684650275938427,1.0,
first_repeat_144,astra,0.05,Weighted global,threshold,0.9,0.9999999999999999,0.0,0.9999999999999999,0.0,0.020208888888888932,7.941474689473369,1.0,
first_repeat_144,sonnet,0.05,Weighted global,threshold,0.9,0.9999999999999999,0.0,0.9944444444444419,0.005555555555555536,0.012989288888888917,10.782517477379102,0.994444444444442,
first_repeat_144,lite,0.05,Weighted global,threshold,0.9,0.9999999999999999,0.0,0.9777777777777799,0.02222222222222217,0.004341425277777786,4.826221709380888,0.97777777777778,
first_repeat_144,luna,0.05,Weighted global,threshold,0.9,0.9999999999999999,0.0,0.9861111111111137,0.01388888888888884,0.0007694555555555567,7.1056173842594195,0.9861111111111138,
first_repeat_144,qwen_local,0.05,Weighted global,threshold,0.9,0.9999999999999999,0.0,0.9777777777777799,0.02222222222222217,0.0,132.75001606501218,0.97777777777778,
first_repeat_144,baseline,0.05,Weighted global,equal_call_budget,0.0,0.0,0.35399999999999937,0.0,0.0,0.0,0.0,,
first_repeat_144,opus,0.05,Weighted global,equal_call_budget,0.0,0.0,0.35399999999999937,0.0,0.0,0.0,0.0,,
first_repeat_144,pro,0.05,Weighted global,equal_call_budget,0.0,0.0,0.35399999999999937,0.0,0.0,0.0,0.0,,
first_repeat_144,astra,0.05,Weighted global,equal_call_budget,0.0,0.0,0.35399999999999937,0.0,0.0,0.0,0.0,,
first_repeat_144,sonnet,0.05,Weighted global,equal_call_budget,0.0,0.0,0.35399999999999937,0.0,0.0,0.0,0.0,,
first_repeat_144,lite,0.05,Weighted global,equal_call_budget,0.0,0.0,0.35399999999999937,0.0,0.0,0.0,0.0,,
first_repeat_144,luna,0.05,Weighted global,equal_call_budget,0.0,0.0,0.35399999999999937,0.0,0.0,0.0,0.0,,
first_repeat_144,qwen_local,0.05,Weighted global,equal_call_budget,0.0,0.0,0.35399999999999937,0.0,0.0,0.0,0.0,,
first_repeat_144,baseline,0.05,Weighted global,equal_call_budget,0.1,0.10000000000000009,0.30539999999999917,0.05666666666666665,0.043333333333333196,4.134000000000001e-05,0.19073797068830328,0.566666666666666,
first_repeat_144,opus,0.05,Weighted global,equal_call_budget,0.1,0.10000000000000009,0.30539999999999917,0.10000000000000009,0.0,0.0017829249999999947,0.7230015890273097,1.0,
first_repeat_144,pro,0.05,Weighted global,equal_call_budget,0.1,0.10000000000000009,0.30539999999999917,0.10000000000000009,0.0,0.0026709899999999977,1.5884885446482757,1.0,
first_repeat_144,astra,0.05,Weighted global,equal_call_budget,0.1,0.10000000000000009,0.30539999999999917,0.10000000000000009,0.0,0.0019807541666666583,0.7927189913194178,1.0,
first_repeat_144,sonnet,0.05,Weighted global,equal_call_budget,0.1,0.10000000000000009,0.30539999999999917,0.10000000000000009,0.0,0.0011284033333333332,0.9300790456263354,1.0,
first_repeat_144,lite,0.05,Weighted global,equal_call_budget,0.1,0.10000000000000009,0.30539999999999917,0.09333333333333363,0.006666666666666662,0.0003969446666666668,0.45348677361189976,0.9333333333333355,
first_repeat_144,luna,0.05,Weighted global,equal_call_budget,0.1,0.10000000000000009,0.30539999999999917,0.10000000000000009,0.0,6.93974166666669e-05,0.6588174945597243,1.0,
first_repeat_144,qwen_local,0.05,Weighted global,equal_call_budget,0.1,0.10000000000000009,0.30539999999999917,0.10000000000000009,0.0,0.0,13.777112939973163,1.0,
first_repeat_144,baseline,0.05,Weighted global,equal_call_budget,0.2,0.20000000000000015,0.2556000000000007,0.11611111111111087,0.08388888888888917,8.198199999999993e-05,0.37264485004319203,0.5805555555555539,
first_repeat_144,opus,0.05,Weighted global,equal_call_budget,0.2,0.20000000000000015,0.2556000000000007,0.20000000000000015,0.0,0.0035007638888888775,1.4164039781009268,1.0,
first_repeat_144,pro,0.05,Weighted global,equal_call_budget,0.2,0.20000000000000015,0.2556000000000007,0.20000000000000015,0.0,0.0052429477777777836,3.1000117546714496,1.0,
first_repeat_144,astra,0.05,Weighted global,equal_call_budget,0.2,0.20000000000000015,0.2556000000000007,0.20000000000000015,0.0,0.0039606097222222286,1.5777843405377499,1.0,
first_repeat_144,sonnet,0.05,Weighted global,equal_call_budget,0.2,0.20000000000000015,0.2556000000000007,0.20000000000000015,0.0,0.0021586666666666577,1.771896134077358,1.0,
first_repeat_144,lite,0.05,Weighted global,equal_call_budget,0.2,0.20000000000000015,0.2556000000000007,0.18888888888888944,0.011111111111111077,0.0008027935555555528,0.9184783144453068,0.9444444444444465,
first_repeat_144,luna,0.05,Weighted global,equal_call_budget,0.2,0.20000000000000015,0.2556000000000007,0.20000000000000015,0.0,0.00014176941666666645,1.3372482844065718,1.0,
first_repeat_144,qwen_local,0.05,Weighted global,equal_call_budget,0.2,0.20000000000000015,0.2556000000000007,0.20000000000000015,0.0,0.0,27.15227438851799,1.0,
first_repeat_144,baseline,0.05,Weighted global,equal_call_budget,0.3,0.29999999999999893,0.2033999999999999,0.18111111111111142,0.1188888888888894,0.00012122800000000015,0.5368895467312558,0.6037037037037069,
first_repeat_144,opus,0.05,Weighted global,equal_call_budget,0.3,0.29999999999999893,0.2033999999999999,0.29999999999999893,0.0,0.005088430555555547,2.0506079672671427,1.0,
first_repeat_144,pro,0.05,Weighted global,equal_call_budget,0.3,0.29999999999999893,0.2033999999999999,0.29999999999999893,0.0,0.007616841111111106,4.457604295444404,1.0,
first_repeat_144,astra,0.05,Weighted global,equal_call_budget,0.3,0.29999999999999893,0.2033999999999999,0.29999999999999893,0.0,0.005938668055555545,2.347542405553907,1.0,
first_repeat_144,sonnet,0.05,Weighted global,equal_call_budget,0.3,0.29999999999999893,0.2033999999999999,0.29999999999999893,0.0,0.0029926499999999977,2.4371893081777793,1.0,
first_repeat_144,lite,0.05,Weighted global,equal_call_budget,0.3,0.29999999999999893,0.2033999999999999,0.2888888888888898,0.011111111111111086,0.0012264508888888916,1.4064793897217098,0.9629629629629695,
first_repeat_144,luna,0.05,Weighted global,equal_call_budget,0.3,0.29999999999999893,0.2033999999999999,0.29999999999999893,0.0,0.0002200905833333327,2.0549056648276816,1.0,
first_repeat_144,qwen_local,0.05,Weighted global,equal_call_budget,0.3,0.29999999999999893,0.2033999999999999,0.29999999999999893,0.0,0.0,39.72353285420626,1.0,
first_repeat_144,baseline,0.05,Weighted global,equal_call_budget,0.4,0.4000000000000003,0.16359999999999963,0.2472222222222218,0.15277777777777835,0.00016085888888888917,0.7056853451601789,0.618055555555554,
first_repeat_144,opus,0.05,Weighted global,equal_call_budget,0.4,0.4000000000000003,0.16359999999999963,0.4000000000000003,0.0,0.0067739916666666854,2.7348971508800384,1.0,
first_repeat_144,pro,0.05,Weighted global,equal_call_budget,0.4,0.4000000000000003,0.16359999999999963,0.4000000000000003,0.0,0.010245487777777777,5.933318156450088,1.0,
first_repeat_144,astra,0.05,Weighted global,equal_call_budget,0.4,0.4000000000000003,0.16359999999999963,0.4000000000000003,0.0,0.007919295833333341,3.10772488759585,1.0,
first_repeat_144,sonnet,0.05,Weighted global,equal_call_budget,0.4,0.4000000000000003,0.16359999999999963,0.3988888888888898,0.0011111111111111183,0.004405235555555578,3.612475002002914,0.9972222222222238,
first_repeat_144,lite,0.05,Weighted global,equal_call_budget,0.4,0.4000000000000003,0.16359999999999963,0.3888888888888872,0.011111111111111086,0.00167617988888889,1.9041464571784135,0.9722222222222172,
first_repeat_144,luna,0.05,Weighted global,equal_call_budget,0.4,0.4000000000000003,0.16359999999999963,0.4000000000000003,0.0,0.00029651336111111143,2.7491097240451334,1.0,
first_repeat_144,qwen_local,0.05,Weighted global,equal_call_budget,0.4,0.4000000000000003,0.16359999999999963,0.4000000000000003,0.0,0.0,52.22190619574199,1.0,
first_repeat_144,baseline,0.05,Weighted global,equal_call_budget,0.5,0.5,0.12999999999999984,0.31388888888888966,0.18611111111111062,0.0002006822222222225,0.8767566944595419,0.6277777777777793,
first_repeat_144,opus,0.05,Weighted global,equal_call_budget,0.5,0.5,0.12999999999999984,0.5,0.0,0.008508500000000018,3.444228931716257,1.0,
first_repeat_144,pro,0.05,Weighted global,equal_call_budget,0.5,0.5,0.12999999999999984,0.5,0.0,0.01300151111111112,7.468092677572181,1.0,
first_repeat_144,astra,0.05,Weighted global,equal_call_budget,0.5,0.5,0.12999999999999984,0.5,0.0,0.009901208333333366,3.8631195781506547,1.0,
first_repeat_144,sonnet,0.05,Weighted global,equal_call_budget,0.5,0.5,0.12999999999999984,0.49722222222222096,0.002777777777777768,0.00610712222222221,5.042756955690378,0.9944444444444419,
first_repeat_144,lite,0.05,Weighted global,equal_call_budget,0.5,0.5,0.12999999999999984,0.4888888888888899,0.011111111111111072,0.0021389447222222155,2.406646520725261,0.9777777777777799,
first_repeat_144,luna,0.05,Weighted global,equal_call_budget,0.5,0.5,0.12999999999999984,0.5,0.0,0.0003719869444444441,3.4315871226607766,1.0,
first_repeat_144,qwen_local,0.05,Weighted global,equal_call_budget,0.5,0.5,0.12999999999999984,0.5,0.0,0.0,64.68383697520174,1.0,
first_repeat_144,baseline,0.05,Weighted global,equal_call_budget,0.6,0.5999999999999979,0.09280000000000013,0.3805555555555554,0.21944444444444386,0.00023811888888888857,1.039987249187611,0.6342592592592613,
first_repeat_144,opus,0.05,Weighted global,equal_call_budget,0.6,0.5999999999999979,0.09280000000000013,0.5999999999999979,0.0,0.01035540833333331,4.225889195886348,1.0,
first_repeat_144,pro,0.05,Weighted global,equal_call_budget,0.6,0.5999999999999979,0.09280000000000013,0.5999999999999979,0.0,0.015840134444444428,9.081903803404662,1.0,
first_repeat_144,astra,0.05,Weighted global,equal_call_budget,0.6,0.5999999999999979,0.09280000000000013,0.5999999999999979,0.0,0.011868816666666655,4.6219558163284935,1.0,
first_repeat_144,sonnet,0.05,Weighted global,equal_call_budget,0.6,0.5999999999999979,0.09280000000000013,0.5972222222222248,0.002777777777777768,0.007231218888888856,5.97001605866207,0.9953703703703781,
first_repeat_144,lite,0.05,Weighted global,equal_call_budget,0.6,0.5999999999999979,0.09280000000000013,0.5822222222222243,0.017777777777777767,0.002564751722222215,2.869713303577669,0.9703703703703773,
first_repeat_144,luna,0.05,Weighted global,equal_call_budget,0.6,0.5999999999999979,0.09280000000000013,0.5999999999999979,0.0,0.0004558701111111127,4.212056784181871,1.0,
first_repeat_144,qwen_local,0.05,Weighted global,equal_call_budget,0.6,0.5999999999999979,0.09280000000000013,0.5933333333333336,0.006666666666666599,0.0,78.69867297366507,0.9888888888888928,
first_repeat_144,baseline,0.05,Weighted global,equal_call_budget,0.7,0.7000000000000008,0.06179999999999988,0.44499999999999823,0.2550000000000007,0.00027586888888888976,1.2029335969473054,0.6357142857142825,
first_repeat_144,opus,0.05,Weighted global,equal_call_budget,0.7,0.7000000000000008,0.06179999999999988,0.7000000000000008,0.0,0.01214407222222218,4.968023354061991,1.0,
first_repeat_144,pro,0.05,Weighted global,equal_call_budget,0.7,0.7000000000000008,0.06179999999999988,0.7000000000000008,0.0,0.018675596666666714,10.704556012597308,1.0,
first_repeat_144,astra,0.05,Weighted global,equal_call_budget,0.7,0.7000000000000008,0.06179999999999988,0.7000000000000008,0.0,0.013812938888888893,5.3718362051328965,1.0,
first_repeat_144,sonnet,0.05,Weighted global,equal_call_budget,0.7,0.7000000000000008,0.06179999999999988,0.6972222222222227,0.002777777777777768,0.00844635666666665,6.981554235336736,0.9960317460317456,
first_repeat_144,lite,0.05,Weighted global,equal_call_budget,0.7,0.7000000000000008,0.06179999999999988,0.6777777777777773,0.02222222222222217,0.002995815666666667,3.3420731671674377,0.9682539682539664,
first_repeat_144,luna,0.05,Weighted global,equal_call_budget,0.7,0.7000000000000008,0.06179999999999988,0.6972222222222227,0.002777777777777768,0.0005379723333333318,4.980557323531,0.9960317460317456,
first_repeat_144,qwen_local,0.05,Weighted global,equal_call_budget,0.7,0.7000000000000008,0.06179999999999988,0.688888888888887,0.011111111111111122,0.0,92.50194487900602,0.9841269841269802,
first_repeat_144,baseline,0.05,Weighted global,equal_call_budget,0.8,0.8000000000000007,0.04319999999999991,0.504999999999999,0.2950000000000012,0.0003142455555555562,1.36531153077027,0.6312499999999982,
first_repeat_144,opus,0.05,Weighted global,equal_call_budget,0.8,0.8000000000000007,0.04319999999999991,0.8000000000000007,0.0,0.013816247222222206,5.631105300248713,1.0,
first_repeat_144,pro,0.05,Weighted global,equal_call_budget,0.8,0.8000000000000007,0.04319999999999991,0.8000000000000007,0.0,0.021504736666666607,12.344890388510072,1.0,
first_repeat_144,astra,0.05,Weighted global,equal_call_budget,0.8,0.8000000000000007,0.04319999999999991,0.8000000000000007,0.0,0.01571008888888892,6.1038048951904775,1.0,
first_repeat_144,sonnet,0.05,Weighted global,equal_call_budget,0.8,0.8000000000000007,0.04319999999999991,0.7972222222222196,0.002777777777777768,0.009843576666666683,8.161650559417485,0.9965277777777737,
first_repeat_144,lite,0.05,Weighted global,equal_call_budget,0.8,0.8000000000000007,0.04319999999999991,0.7777777777777743,0.02222222222222217,0.0034373935000000123,3.833019192231973,0.9722222222222171,
first_repeat_144,luna,0.05,Weighted global,equal_call_budget,0.8,0.8000000000000007,0.04319999999999991,0.7888888888888909,0.011111111111111122,0.000616512666666666,5.72511961853613,0.9861111111111127,
first_repeat_144,qwen_local,0.05,Weighted global,equal_call_budget,0.8,0.8000000000000007,0.04319999999999991,0.7888888888888909,0.011111111111111122,0.0,105.88208859810297,0.9861111111111127,
first_repeat_144,baseline,0.05,Weighted global,equal_call_budget,0.9,0.9000000000000032,0.022199999999999873,0.5705555555555569,0.3294444444444428,0.00035313777777777654,1.534409057886933,0.6339506172839499,
first_repeat_144,opus,0.05,Weighted global,equal_call_budget,0.9,0.9000000000000032,0.022199999999999873,0.9000000000000032,-1.1102230246251565e-16,0.015540749999999994,6.327504433054703,1.0,
first_repeat_144,pro,0.05,Weighted global,equal_call_budget,0.9,0.9000000000000032,0.022199999999999873,0.9000000000000032,-1.1102230246251565e-16,0.024435821111111092,14.008861218663995,1.0,
first_repeat_144,astra,0.05,Weighted global,equal_call_budget,0.9,0.9000000000000032,0.022199999999999873,0.9000000000000032,-1.1102230246251565e-16,0.017889038888888844,6.9852665509151795,1.0,
first_repeat_144,sonnet,0.05,Weighted global,equal_call_budget,0.9,0.9000000000000032,0.022199999999999873,0.896111111111111,0.0038888888888888307,0.011381305555555596,9.44601659141834,0.9956790123456752,
first_repeat_144,lite,0.05,Weighted global,equal_call_budget,0.9,0.9000000000000032,0.022199999999999873,0.8777777777777755,0.022222222222222143,0.003887321777777764,4.32848940410443,0.9753086419753026,
first_repeat_144,luna,0.05,Weighted global,equal_call_budget,0.9,0.9000000000000032,0.022199999999999873,0.8861111111111122,0.0138888888888888,0.0006933978888888908,6.426231183826461,0.9845679012345655,
first_repeat_144,qwen_local,0.05,Weighted global,equal_call_budget,0.9,0.9000000000000032,0.022199999999999873,0.8844444444444464,0.015555555555555465,0.0,119.30528832868629,0.9827160493827146,
first_repeat_144,baseline,0.05,Weighted global,equal_call_budget,1.0,0.9999999999999999,0.0,0.6388888888888866,0.3611111111111127,0.00039228777777777784,1.7068663816504566,0.6388888888888867,
first_repeat_144,opus,0.05,Weighted global,equal_call_budget,1.0,0.9999999999999999,0.0,0.9999999999999999,0.0,0.017291416666666667,7.040562159170333,1.0,
first_repeat_144,pro,0.05,Weighted global,equal_call_budget,1.0,0.9999999999999999,0.0,0.9999999999999999,0.0,0.027417877777777693,15.684650275938427,1.0,
first_repeat_144,astra,0.05,Weighted global,equal_call_budget,1.0,0.9999999999999999,0.0,0.9999999999999999,0.0,0.020208888888888932,7.941474689473369,1.0,
first_repeat_144,sonnet,0.05,Weighted global,equal_call_budget,1.0,0.9999999999999999,0.0,0.9944444444444419,0.005555555555555536,0.012989288888888917,10.782517477379102,0.994444444444442,
first_repeat_144,lite,0.05,Weighted global,equal_call_budget,1.0,0.9999999999999999,0.0,0.9777777777777799,0.02222222222222217,0.004341425277777786,4.826221709380888,0.97777777777778,
first_repeat_144,luna,0.05,Weighted global,equal_call_budget,1.0,0.9999999999999999,0.0,0.9861111111111137,0.01388888888888884,0.0007694555555555567,7.1056173842594195,0.9861111111111138,
first_repeat_144,qwen_local,0.05,Weighted global,equal_call_budget,1.0,0.9999999999999999,0.0,0.9777777777777799,0.02222222222222217,0.0,132.75001606501218,0.97777777777778,
first_repeat_144,baseline,0.05,Weighted regime,threshold,0.4,0.008333333333333333,0.3496799999999995,0.005347222222222221,0.0029861111111111113,3.2879500000000004e-06,0.013907835340673852,0.6416666666666665,
first_repeat_144,opus,0.05,Weighted regime,threshold,0.4,0.008333333333333333,0.3496799999999995,0.008333333333333333,0.0,0.00013393270833333336,0.05359031242936099,1.0,
first_repeat_144,pro,0.05,Weighted regime,threshold,0.4,0.008333333333333333,0.3496799999999995,0.008333333333333333,0.0,0.00020030024999999997,0.11505684509670633,1.0,
first_repeat_144,astra,0.05,Weighted regime,threshold,0.4,0.008333333333333333,0.3496799999999995,0.008333333333333333,0.0,0.00016486065972222218,0.06433784647054079,1.0,
first_repeat_144,sonnet,0.05,Weighted regime,threshold,0.4,0.008333333333333333,0.3496799999999995,0.008333333333333333,0.0,7.195211111111111e-05,0.05764764677108421,1.0,
first_repeat_144,lite,0.05,Weighted regime,threshold,0.4,0.008333333333333333,0.3496799999999995,0.008277777777777778,5.55555555555555e-05,3.5082172222222215e-05,0.040379137092496326,0.9933333333333334,
first_repeat_144,luna,0.05,Weighted regime,threshold,0.4,0.008333333333333333,0.3496799999999995,0.008333333333333333,0.0,6.452399305555556e-06,0.05931444931958038,1.0,
first_repeat_144,qwen_local,0.05,Weighted regime,threshold,0.4,0.008333333333333333,0.3496799999999995,0.008333333333333333,0.0,0.0,1.0576536594263808,1.0,
first_repeat_144,baseline,0.05,Weighted regime,threshold,0.6,0.36250000000000016,0.17615499999999995,0.2229027777777778,0.13959722222222257,0.0001450332833333329,0.6376657716616545,0.6149042145593868,
first_repeat_144,opus,0.05,Weighted regime,threshold,0.6,0.36250000000000016,0.17615499999999995,0.36250000000000016,0.0,0.006159013611111129,2.49272197189559,1.0,
first_repeat_144,pro,0.05,Weighted regime,threshold,0.6,0.36250000000000016,0.17615499999999995,0.36250000000000016,0.0,0.009248365666666643,5.382018827533974,1.0,
first_repeat_144,astra,0.05,Weighted regime,threshold,0.6,0.36250000000000016,0.17615499999999995,0.36250000000000016,0.0,0.0071714199305555745,2.822991079673975,1.0,
first_repeat_144,sonnet,0.05,Weighted regime,threshold,0.6,0.36250000000000016,0.17615499999999995,0.36244444444444457,5.5555555555555355e-05,0.0036198961388889,2.9481667528321407,0.9998467432950191,
first_repeat_144,lite,0.05,Weighted regime,threshold,0.6,0.36250000000000016,0.17615499999999995,0.34961111111111115,0.012888888888888863,0.0014950377055555513,1.7059528840147822,0.9644444444444441,
first_repeat_144,luna,0.05,Weighted regime,threshold,0.6,0.36250000000000016,0.17615499999999995,0.36250000000000016,0.0,0.0002713953097222229,2.527128947621444,1.0,
first_repeat_144,qwen_local,0.05,Weighted regime,threshold,0.6,0.36250000000000016,0.17615499999999995,0.3602777777777778,0.002222222222222236,0.0,47.97772735169289,0.993869731800766,
first_repeat_144,baseline,0.05,Weighted regime,threshold,0.7,0.6575000000000011,0.07221499999999982,0.4189722222222209,0.238527777777778,0.00025939780555555615,1.1332998113064492,0.6372201098436809,
first_repeat_144,opus,0.05,Weighted regime,threshold,0.7,0.6575000000000011,0.07221499999999982,0.6575000000000011,0.0,0.011426637708333316,4.680693564185429,1.0,
first_repeat_144,pro,0.05,Weighted regime,threshold,0.7,0.6575000000000011,0.07221499999999982,0.6575000000000011,0.0,0.017497983277777726,10.028403822914248,1.0,
first_repeat_144,astra,0.05,Weighted regime,threshold,0.7,0.6575000000000011,0.07221499999999982,0.6575000000000011,0.0,0.013026573749999982,5.075084006681918,1.0,
first_repeat_144,sonnet,0.05,Weighted regime,threshold,0.7,0.6575000000000011,0.07221499999999982,0.6548611111111127,0.0026388888888888794,0.007823876055555581,6.455563359843155,0.9959864807773561,
first_repeat_144,lite,0.05,Weighted regime,threshold,0.7,0.6575000000000011,0.07221499999999982,0.6353888888888896,0.02211111111111106,0.0028059205736111117,3.1325256108225057,0.9663709336713133,
first_repeat_144,luna,0.05,Weighted regime,threshold,0.7,0.6575000000000011,0.07221499999999982,0.6574305555555567,6.94444444444442e-05,0.0005048078805555568,4.668436033562449,0.9998943810730885,
first_repeat_144,qwen_local,0.05,Weighted regime,threshold,0.7,0.6575000000000011,0.07221499999999982,0.6459444444444438,0.011555555555555562,0.0,86.96322308510881,0.98242501056189,
first_repeat_144,baseline,0.05,Weighted regime,threshold,0.8,0.8366666666666673,0.03253999999999992,0.5358888888888889,0.3007777777777779,0.00032914188888888966,1.435601455775287,0.6405046480743687,
first_repeat_144,opus,0.05,Weighted regime,threshold,0.8,0.8366666666666673,0.03253999999999992,0.8366666666666673,0.0,0.014513102499999962,5.927542845774682,1.0,
first_repeat_144,pro,0.05,Weighted regime,threshold,0.8,0.8366666666666673,0.03253999999999992,0.8366666666666673,0.0,0.022705199111111053,12.984164653130506,1.0,
first_repeat_144,astra,0.05,Weighted regime,threshold,0.8,0.8366666666666673,0.03253999999999992,0.8366666666666673,0.0,0.016856590555555582,6.611382159945586,1.0,
first_repeat_144,sonnet,0.05,Weighted regime,threshold,0.8,0.8366666666666673,0.03253999999999992,0.8321111111111115,0.004555555555555539,0.010580704888888893,8.761184077585835,0.9945551128818058,
first_repeat_144,lite,0.05,Weighted regime,threshold,0.8,0.8366666666666673,0.03253999999999992,0.8144444444444445,0.02222222222222217,0.0036126660833333394,4.020271433648352,0.9734395750331999,
first_repeat_144,luna,0.05,Weighted regime,threshold,0.8,0.8366666666666673,0.03253999999999992,0.8313888888888903,0.005277777777777759,0.0006426626111111119,5.928604625827691,0.993691899070386,
first_repeat_144,qwen_local,0.05,Weighted regime,threshold,0.8,0.8366666666666673,0.03253999999999992,0.8184444444444443,0.01822222222222219,0.0,110.85703091348284,0.9782204515272235,
first_repeat_144,baseline,0.05,Weighted regime,threshold,0.9,0.9966666666666667,0.0006199999999999999,0.6368888888888867,0.3597777777777793,0.00039100855555555564,1.7014537838563577,0.6390189520624281,
first_repeat_144,opus,0.05,Weighted regime,threshold,0.9,0.9966666666666667,0.0006199999999999999,0.9966666666666667,0.0,0.0172356775,7.018459427630776,1.0,
first_repeat_144,pro,0.05,Weighted regime,threshold,0.9,0.9966666666666667,0.0006199999999999999,0.9966666666666667,0.0,0.02732357311111103,15.629972463408,1.0,
first_repeat_144,astra,0.05,Weighted regime,threshold,0.9,0.9966666666666667,0.0006199999999999999,0.9966666666666667,0.0,0.020145650555555603,7.917075733138116,1.0,
first_repeat_144,sonnet,0.05,Weighted regime,threshold,0.9,0.9966666666666667,0.0006199999999999999,0.9911111111111086,0.005555555555555536,0.012942714888888915,10.743180933243075,0.9944258639910788,
first_repeat_144,lite,0.05,Weighted regime,threshold,0.9,0.9966666666666667,0.0006199999999999999,0.9744444444444462,0.02222222222222217,0.004326706016666675,4.809856841878737,0.9777034559643273,
first_repeat_144,luna,0.05,Weighted regime,threshold,0.9,0.9966666666666667,0.0006199999999999999,0.9830555555555581,0.013611111111111063,0.0007668375444444456,7.080798641092582,0.9863433667781519,
first_repeat_144,qwen_local,0.05,Weighted regime,threshold,0.9,0.9966666666666667,0.0006199999999999999,0.9744444444444462,0.02222222222222217,0.0,132.30401127437563,0.9777034559643273,
first_repeat_144,baseline,0.05,Weighted regime,equal_call_budget,0.0,0.0,0.35399999999999937,0.0,0.0,0.0,0.0,,
first_repeat_144,opus,0.05,Weighted regime,equal_call_budget,0.0,0.0,0.35399999999999937,0.0,0.0,0.0,0.0,,
first_repeat_144,pro,0.05,Weighted regime,equal_call_budget,0.0,0.0,0.35399999999999937,0.0,0.0,0.0,0.0,,
first_repeat_144,astra,0.05,Weighted regime,equal_call_budget,0.0,0.0,0.35399999999999937,0.0,0.0,0.0,0.0,,
first_repeat_144,sonnet,0.05,Weighted regime,equal_call_budget,0.0,0.0,0.35399999999999937,0.0,0.0,0.0,0.0,,
first_repeat_144,lite,0.05,Weighted regime,equal_call_budget,0.0,0.0,0.35399999999999937,0.0,0.0,0.0,0.0,,
first_repeat_144,luna,0.05,Weighted regime,equal_call_budget,0.0,0.0,0.35399999999999937,0.0,0.0,0.0,0.0,,
first_repeat_144,qwen_local,0.05,Weighted regime,equal_call_budget,0.0,0.0,0.35399999999999937,0.0,0.0,0.0,0.0,,
first_repeat_144,baseline,0.05,Weighted regime,equal_call_budget,0.1,0.10000000000000009,0.3028619999999998,0.06254166666666662,0.03745833333333337,3.9863729999999917e-05,0.17206021251813333,0.6254166666666656,
first_repeat_144,opus,0.05,Weighted regime,equal_call_budget,0.1,0.10000000000000009,0.3028619999999998,0.10000000000000009,0.0,0.001645267874999993,0.6603992811252439,1.0,
first_repeat_144,pro,0.05,Weighted regime,equal_call_budget,0.1,0.10000000000000009,0.3028619999999998,0.10000000000000009,0.0,0.002461536849999992,1.4257068619161655,1.0,
first_repeat_144,astra,0.05,Weighted regime,equal_call_budget,0.1,0.10000000000000009,0.3028619999999998,0.10000000000000009,0.0,0.00197885360416666,0.776531538275623,1.0,
first_repeat_144,sonnet,0.05,Weighted regime,equal_call_budget,0.1,0.10000000000000009,0.3028619999999998,0.10000000000000009,0.0,0.0009208372333333351,0.7434050062005614,1.0,
first_repeat_144,lite,0.05,Weighted regime,equal_call_budget,0.1,0.10000000000000009,0.3028619999999998,0.09803333333333346,0.0019666666666666643,0.00041577709666666587,0.4778193562853762,0.9803333333333337,
first_repeat_144,luna,0.05,Weighted regime,equal_call_budget,0.1,0.10000000000000009,0.3028619999999998,0.10000000000000009,0.0,7.568866041666646e-05,0.700299614091996,1.0,
first_repeat_144,qwen_local,0.05,Weighted regime,equal_call_budget,0.1,0.10000000000000009,0.3028619999999998,0.10000000000000009,0.0,0.0,12.926985535602169,1.0,
first_repeat_144,baseline,0.05,Weighted regime,equal_call_budget,0.2,0.20000000000000015,0.25241800000000014,0.12409722222222237,0.07590277777777804,7.99560522222221e-05,0.34733993899791393,0.6204861111111114,
first_repeat_144,opus,0.05,Weighted regime,equal_call_budget,0.2,0.20000000000000015,0.25241800000000014,0.20000000000000015,0.0,0.003318425541666654,1.3339393273447666,1.0,
first_repeat_144,pro,0.05,Weighted regime,equal_call_budget,0.2,0.20000000000000015,0.25241800000000014,0.20000000000000015,0.0,0.004966828294444459,2.8836446530469795,1.0,
first_repeat_144,astra,0.05,Weighted regime,equal_call_budget,0.2,0.20000000000000015,0.25241800000000014,0.20000000000000015,0.0,0.003957884875000003,1.5556688895581314,1.0,
first_repeat_144,sonnet,0.05,Weighted regime,equal_call_budget,0.2,0.20000000000000015,0.25241800000000014,0.19999722222222238,2.7777777777777957e-06,0.0018832937722222166,1.5242300970024922,0.9999861111111111,
first_repeat_144,lite,0.05,Weighted regime,equal_call_budget,0.2,0.20000000000000015,0.25241800000000014,0.19515555555555583,0.00484444444444444,0.0008284015763888884,0.9510896231289986,0.9757777777777784,
first_repeat_144,luna,0.05,Weighted regime,equal_call_budget,0.2,0.20000000000000015,0.25241800000000014,0.20000000000000015,0.0,0.00015037028194444412,1.3943239263176828,1.0,
first_repeat_144,qwen_local,0.05,Weighted regime,equal_call_budget,0.2,0.20000000000000015,0.25241800000000014,0.19990000000000016,9.99999999999994e-05,0.0,26.02215481575693,0.9995,
first_repeat_144,baseline,0.05,Weighted regime,equal_call_budget,0.3,0.29999999999999893,0.203362,0.1836805555555552,0.11631944444444443,0.00012050555888888921,0.5290586934009923,0.6122685185185195,
first_repeat_144,opus,0.05,Weighted regime,equal_call_budget,0.3,0.29999999999999893,0.203362,0.29999999999999893,0.0,0.0050473627916666555,2.033760903752823,1.0,
first_repeat_144,pro,0.05,Weighted regime,equal_call_budget,0.3,0.29999999999999893,0.203362,0.29999999999999893,0.0,0.007559628927777791,4.406044302607075,1.0,
first_repeat_144,astra,0.05,Weighted regime,equal_call_budget,0.3,0.29999999999999893,0.203362,0.29999999999999893,0.0,0.005937271479166673,2.3400178668544123,1.0,
first_repeat_144,sonnet,0.05,Weighted regime,equal_call_budget,0.3,0.29999999999999893,0.203362,0.2999888888888878,1.1111111111111183e-05,0.002928988922222222,2.379895357007164,0.9999629629629629,
first_repeat_144,lite,0.05,Weighted regime,equal_call_budget,0.3,0.29999999999999893,0.203362,0.2904555555555566,0.009544444444444468,0.0012347208222222245,1.4152617110891021,0.968185185185192,
first_repeat_144,luna,0.05,Weighted regime,equal_call_budget,0.3,0.29999999999999893,0.203362,0.29999999999999893,0.0,0.00022303782569444482,2.075797634810747,1.0,
first_repeat_144,qwen_local,0.05,Weighted regime,equal_call_budget,0.3,0.29999999999999893,0.203362,0.29959999999999903,0.0004000000000000001,0.0,39.45369158501696,0.998666666666667,
first_repeat_144,baseline,0.05,Weighted regime,equal_call_budget,0.4,0.4000000000000003,0.16226200000000035,0.24768055555555527,0.15231944444444492,0.00015939732555555542,0.7002476156365292,0.6192013888888876,
first_repeat_144,opus,0.05,Weighted regime,equal_call_budget,0.4,0.4000000000000003,0.16226200000000035,0.40000000000000036,-4.274358644806853e-17,0.006838301124999985,2.776969811220105,1.0000000000000002,
first_repeat_144,pro,0.05,Weighted regime,equal_call_budget,0.4,0.4000000000000003,0.16226200000000035,0.40000000000000036,-4.274358644806853e-17,0.010299545927777818,5.978023349048754,1.0000000000000002,
first_repeat_144,astra,0.05,Weighted regime,equal_call_budget,0.4,0.4000000000000003,0.16226200000000035,0.40000000000000036,-4.274358644806853e-17,0.007910999291666653,3.1079867825485756,1.0000000000000002,
first_repeat_144,sonnet,0.05,Weighted regime,equal_call_budget,0.4,0.4000000000000003,0.16226200000000035,0.3997805555555561,0.00021944444444440297,0.004097374672222219,3.3445407090948533,0.9994513888888895,
first_repeat_144,lite,0.05,Weighted regime,equal_call_budget,0.4,0.4000000000000003,0.16226200000000035,0.38528888888888907,0.01471111111111104,0.0016577170013888926,1.8833560809605834,0.963222222222222,
first_repeat_144,luna,0.05,Weighted regime,equal_call_budget,0.4,0.4000000000000003,0.16226200000000035,0.40000000000000036,-4.274358644806853e-17,0.00030169215694444545,2.8073239936183256,1.0000000000000002,
first_repeat_144,qwen_local,0.05,Weighted regime,equal_call_budget,0.4,0.4000000000000003,0.16226200000000035,0.3961000000000003,0.0038999999999999933,0.0,53.07062591320475,0.99025,
first_repeat_144,baseline,0.05,Weighted regime,equal_call_budget,0.5,0.5,0.12513999999999972,0.31388888888888966,0.18611111111111062,0.00019746022222222266,0.8661716217883009,0.6277777777777793,
first_repeat_144,opus,0.05,Weighted regime,equal_call_budget,0.5,0.5,0.12513999999999972,0.5,-8.881784197001253e-17,0.008660240000000013,3.5418723842169975,1.0,
first_repeat_144,pro,0.05,Weighted regime,equal_call_budget,0.5,0.5,0.12513999999999972,0.5,-8.881784197001253e-17,0.013113021111111093,7.574792093931305,1.0,
first_repeat_144,astra,0.05,Weighted regime,equal_call_budget,0.5,0.5,0.12513999999999972,0.5,-8.881784197001253e-17,0.009881897708333308,3.867765667441684,1.0,
first_repeat_144,sonnet,0.05,Weighted regime,equal_call_budget,0.5,0.5,0.12513999999999972,0.49947222222222204,0.0005277777777776871,0.00532710572222221,4.363676107224054,0.9989444444444441,
first_repeat_144,lite,0.05,Weighted regime,equal_call_budget,0.5,0.5,0.12513999999999972,0.47988888888888753,0.020111111111111038,0.0020890516472222257,2.3534115917877596,0.9597777777777751,
first_repeat_144,luna,0.05,Weighted regime,equal_call_budget,0.5,0.5,0.12513999999999972,0.5,-8.881784197001253e-17,0.00038333988194444554,3.563876677583145,1.0,
first_repeat_144,qwen_local,0.05,Weighted regime,equal_call_budget,0.5,0.5,0.12513999999999972,0.4910000000000009,0.008999999999999968,0.0,66.7802590208563,0.9820000000000018,
first_repeat_144,baseline,0.05,Weighted regime,equal_call_budget,0.6,0.5999999999999979,0.09097000000000013,0.3805722222222221,0.21942777777777728,0.00023682335555555586,1.0357670798637526,0.634287037037039,
first_repeat_144,opus,0.05,Weighted regime,equal_call_budget,0.6,0.5999999999999979,0.09097000000000013,0.5999999999999979,0.0,0.010416265916666665,4.264983836339458,1.0,
first_repeat_144,pro,0.05,Weighted regime,equal_call_budget,0.6,0.5999999999999979,0.09097000000000013,0.5999999999999979,0.0,0.015886998777777828,9.12599371530985,1.0,
first_repeat_144,astra,0.05,Weighted regime,equal_call_budget,0.6,0.5999999999999979,0.09097000000000013,0.5999999999999979,0.0,0.011864471791666643,4.625822386524934,1.0,
first_repeat_144,sonnet,0.05,Weighted regime,equal_call_budget,0.6,0.5999999999999979,0.09097000000000013,0.5981222222222218,0.0018777777777778072,0.0069182732555555645,5.697445908598249,0.9968703703703732,
first_repeat_144,lite,0.05,Weighted regime,equal_call_budget,0.6,0.5999999999999979,0.09097000000000013,0.5786222222222241,0.021377777777777746,0.002544707878888896,2.848371654419964,0.964370370370377,
first_repeat_144,luna,0.05,Weighted regime,equal_call_budget,0.6,0.5999999999999979,0.09097000000000013,0.5999999999999979,0.0,0.0004604171269444457,4.264941694169011,1.0,
first_repeat_144,qwen_local,0.05,Weighted regime,equal_call_budget,0.6,0.5999999999999979,0.09097000000000013,0.5896666666666666,0.010333333333333345,0.0,79.54706976149534,0.9827777777777811,
first_repeat_144,baseline,0.05,Weighted regime,equal_call_budget,0.7,0.7000000000000008,0.06114200000000006,0.4468972222222213,0.2531027777777782,0.0002760339111111119,1.2052199393434573,0.638424603174601,
first_repeat_144,opus,0.05,Weighted regime,equal_call_budget,0.7,0.7000000000000008,0.06114200000000006,0.7000000000000008,-7.382983113757291e-17,0.012161948291666634,4.979317583816403,1.0,
first_repeat_144,pro,0.05,Weighted regime,equal_call_budget,0.7,0.7000000000000008,0.06114200000000006,0.7000000000000008,-7.382983113757291e-17,0.01871301669444447,10.714413509719051,1.0,
first_repeat_144,astra,0.05,Weighted regime,equal_call_budget,0.7,0.7000000000000008,0.06114200000000006,0.7000000000000008,-7.382983113757291e-17,0.013912552222222228,5.424967593685559,1.0,
first_repeat_144,sonnet,0.05,Weighted regime,equal_call_budget,0.7,0.7000000000000008,0.06114200000000006,0.6968472222222236,0.0031527777777776776,0.008492526372222194,7.015494847523412,0.9954960317460325,
first_repeat_144,lite,0.05,Weighted regime,equal_call_budget,0.7,0.7000000000000008,0.06114200000000006,0.6777777777777773,0.022222222222222154,0.002998518457222232,3.343536510104848,0.9682539682539664,
first_repeat_144,luna,0.05,Weighted regime,equal_call_budget,0.7,0.7000000000000008,0.06114200000000006,0.699097222222223,0.0009027777777777008,0.0005374215211111097,4.965851486276495,0.9987103174603175,
first_repeat_144,qwen_local,0.05,Weighted regime,equal_call_budget,0.7,0.7000000000000008,0.06114200000000006,0.6872999999999999,0.01269999999999994,0.0,92.5295802423072,0.9818571428571415,
first_repeat_144,baseline,0.05,Weighted regime,equal_call_budget,0.8,0.8000000000000007,0.03999799999999999,0.512505555555556,0.28749444444444483,0.0003149393111111121,1.3743876016316543,0.6406319444444444,
first_repeat_144,opus,0.05,Weighted regime,equal_call_budget,0.8,0.8000000000000007,0.03999799999999999,0.8000000000000007,0.0,0.0138869435833333,5.676095922002324,1.0,
first_repeat_144,pro,0.05,Weighted regime,equal_call_budget,0.8,0.8000000000000007,0.03999799999999999,0.8000000000000007,0.0,0.021643115111111114,12.37726965018941,1.0,
first_repeat_144,astra,0.05,Weighted regime,equal_call_budget,0.8,0.8000000000000007,0.03999799999999999,0.8000000000000007,0.0,0.016091645347222253,6.3062897770010515,1.0,
first_repeat_144,sonnet,0.05,Weighted regime,equal_call_budget,0.8,0.8000000000000007,0.03999799999999999,0.7957222222222206,0.004277777777777778,0.010032950655555537,8.302102061550453,0.9946527777777748,
first_repeat_144,lite,0.05,Weighted regime,equal_call_budget,0.8,0.8000000000000007,0.03999799999999999,0.7777777777777743,0.02222222222222217,0.00344863772888889,3.8391109518951265,0.9722222222222171,
first_repeat_144,luna,0.05,Weighted regime,equal_call_budget,0.8,0.8000000000000007,0.03999799999999999,0.7963888888888898,0.0036111111111111344,0.0006142802136111119,5.666450829427252,0.9954861111111114,
first_repeat_144,qwen_local,0.05,Weighted regime,equal_call_budget,0.8,0.8000000000000007,0.03999799999999999,0.7828666666666679,0.017133333333333344,0.0,105.94349020346527,0.978583333333334,
first_repeat_144,baseline,0.05,Weighted regime,equal_call_budget,0.9,0.9000000000000032,0.019770000000000006,0.5761805555555548,0.32381944444444294,0.00035365977777777733,1.541212646096813,0.6402006172839475,
first_repeat_144,opus,0.05,Weighted regime,equal_call_budget,0.9,0.9000000000000032,0.019770000000000006,0.9000000000000032,-3.608224830031759e-17,0.015593731875000022,6.361238084506707,1.0,
first_repeat_144,pro,0.05,Weighted regime,equal_call_budget,0.9,0.9000000000000032,0.019770000000000006,0.9000000000000032,-3.608224830031759e-17,0.02453903986111109,14.032793128583073,1.0,
first_repeat_144,astra,0.05,Weighted regime,equal_call_budget,0.9,0.9000000000000032,0.019770000000000006,0.9000000000000032,-3.608224830031759e-17,0.018174361388888897,7.136628178653097,1.0,
first_repeat_144,sonnet,0.05,Weighted regime,equal_call_budget,0.9,0.9000000000000032,0.019770000000000006,0.8949861111111117,0.005013888888888857,0.011523570805555572,9.551589670687338,0.994429012345676,
first_repeat_144,lite,0.05,Weighted regime,equal_call_budget,0.9,0.9000000000000032,0.019770000000000006,0.8777777777777755,0.02222222222222216,0.0038957766027777844,4.333070143247476,0.9753086419753026,
first_repeat_144,luna,0.05,Weighted regime,equal_call_budget,0.9,0.9000000000000032,0.019770000000000006,0.8917361111111118,0.00826388888888888,0.000691722088888891,6.382237319990266,0.9908179012345651,
first_repeat_144,qwen_local,0.05,Weighted regime,equal_call_budget,0.9,0.9000000000000032,0.019770000000000006,0.8799444444444431,0.020055555555555493,0.0,119.34888254031583,0.9777160493827111,
first_repeat_144,baseline,0.05,Weighted regime,equal_call_budget,1.0,0.9999999999999999,0.0,0.6388888888888866,0.3611111111111127,0.00039228777777777784,1.7068663816504566,0.6388888888888867,
first_repeat_144,opus,0.05,Weighted regime,equal_call_budget,1.0,0.9999999999999999,0.0,0.9999999999999999,0.0,0.017291416666666667,7.040562159170333,1.0,
first_repeat_144,pro,0.05,Weighted regime,equal_call_budget,1.0,0.9999999999999999,0.0,0.9999999999999999,0.0,0.027417877777777693,15.684650275938427,1.0,
first_repeat_144,astra,0.05,Weighted regime,equal_call_budget,1.0,0.9999999999999999,0.0,0.9999999999999999,0.0,0.020208888888888932,7.941474689473369,1.0,
first_repeat_144,sonnet,0.05,Weighted regime,equal_call_budget,1.0,0.9999999999999999,0.0,0.9944444444444419,0.005555555555555536,0.012989288888888917,10.782517477379102,0.994444444444442,
first_repeat_144,lite,0.05,Weighted regime,equal_call_budget,1.0,0.9999999999999999,0.0,0.9777777777777799,0.02222222222222217,0.004341425277777786,4.826221709380888,0.97777777777778,
first_repeat_144,luna,0.05,Weighted regime,equal_call_budget,1.0,0.9999999999999999,0.0,0.9861111111111137,0.01388888888888884,0.0007694555555555567,7.1056173842594195,0.9861111111111138,
first_repeat_144,qwen_local,0.05,Weighted regime,equal_call_budget,1.0,0.9999999999999999,0.0,0.9777777777777799,0.02222222222222217,0.0,132.75001606501218,0.97777777777778,
first_repeat_144,baseline,0.2,Context cells,threshold,0.4,0.032666666666666705,0.33537999999999935,0.02177777777777778,0.010888888888888898,1.2858688888888889e-05,0.05330049498819025,0.666666666666666,
first_repeat_144,opus,0.2,Context cells,threshold,0.4,0.032666666666666705,0.33537999999999935,0.032666666666666705,0.0,0.0004863386111111112,0.19345281938628994,1.0,
first_repeat_144,pro,0.2,Context cells,threshold,0.4,0.032666666666666705,0.33537999999999935,0.032666666666666705,0.0,0.0006896314444444446,0.40584667237691513,1.0,
first_repeat_144,astra,0.2,Context cells,threshold,0.4,0.032666666666666705,0.33537999999999935,0.032666666666666705,0.0,0.0006128743055555553,0.23760098015616585,1.0,
first_repeat_144,sonnet,0.2,Context cells,threshold,0.4,0.032666666666666705,0.33537999999999935,0.032666666666666705,0.0,0.0002604132222222223,0.20598792418968168,1.0,
first_repeat_144,lite,0.2,Context cells,threshold,0.4,0.032666666666666705,0.33537999999999935,0.032666666666666705,0.0,0.0001393159833333334,0.1614321683811982,1.0,
first_repeat_144,luna,0.2,Context cells,threshold,0.4,0.032666666666666705,0.33537999999999935,0.032666666666666705,0.0,2.5715608333333343e-05,0.24065039976167538,1.0,
first_repeat_144,qwen_local,0.2,Context cells,threshold,0.4,0.032666666666666705,0.33537999999999935,0.032666666666666705,0.0,0.0,3.9667662932558105,1.0,
first_repeat_144,baseline,0.2,Context cells,threshold,0.6,0.40099999999999997,0.15527000000000007,0.2543888888888888,0.1466111111111115,0.00015884995555555555,0.6968942301527185,0.6343862565807701,
first_repeat_144,opus,0.2,Context cells,threshold,0.6,0.40099999999999997,0.15527000000000007,0.40099999999999997,0.0,0.006916100972222209,2.837303580644002,1.0,
first_repeat_144,pro,0.2,Context cells,threshold,0.6,0.40099999999999997,0.15527000000000007,0.40099999999999997,0.0,0.009920388611111096,5.80565953853149,1.0,
first_repeat_144,astra,0.2,Context cells,threshold,0.6,0.40099999999999997,0.15527000000000007,0.40099999999999997,0.0,0.007730132847222226,3.0133433157821177,1.0,
first_repeat_144,sonnet,0.2,Context cells,threshold,0.6,0.40099999999999997,0.15527000000000007,0.40099999999999997,0.0,0.0043138387222222165,3.542996891039243,1.0,
first_repeat_144,lite,0.2,Context cells,threshold,0.6,0.40099999999999997,0.15527000000000007,0.3815000000000006,0.01949999999999996,0.0016680782166666635,1.8888797771756858,0.9513715710723208,
first_repeat_144,luna,0.2,Context cells,threshold,0.6,0.40099999999999997,0.15527000000000007,0.40099999999999997,0.0,0.0003088206625000003,2.907778114078896,1.0,
first_repeat_144,qwen_local,0.2,Context cells,threshold,0.6,0.40099999999999997,0.15527000000000007,0.39261111111111036,0.008388888888888911,0.0,53.556839843604294,0.9790800775838164,
first_repeat_144,baseline,0.2,Context cells,threshold,0.7,0.6163333333333315,0.0780500000000002,0.3915833333333334,0.22474999999999945,0.00024165901111111138,1.0581848924175805,0.6353434288804779,
first_repeat_144,opus,0.2,Context cells,threshold,0.7,0.6163333333333315,0.0780500000000002,0.6163333333333315,0.0,0.010733794999999996,4.404605756419347,1.0,
first_repeat_144,pro,0.2,Context cells,threshold,0.7,0.6163333333333315,0.0780500000000002,0.6163333333333315,0.0,0.016324712777777754,9.346840433442962,1.0,
first_repeat_144,astra,0.2,Context cells,threshold,0.7,0.6163333333333315,0.0780500000000002,0.6163333333333315,0.0,0.0122198223611111,4.765117282453293,1.0,
first_repeat_144,sonnet,0.2,Context cells,threshold,0.7,0.6163333333333315,0.0780500000000002,0.6163333333333315,0.0,0.007308432722222221,6.052288682256635,1.0,
first_repeat_144,lite,0.2,Context cells,threshold,0.7,0.6163333333333315,0.0780500000000002,0.5941111111111126,0.02222222222222217,0.002611528983333336,2.9209953092115466,0.963944474490721,
first_repeat_144,luna,0.2,Context cells,threshold,0.7,0.6163333333333315,0.0780500000000002,0.6163333333333315,0.0,0.00047168193611111224,4.359942952399221,1.0,
first_repeat_144,qwen_local,0.2,Context cells,threshold,0.7,0.6163333333333315,0.0780500000000002,0.6033888888888884,0.01294444444444444,0.0,81.31850301855111,0.978997656390844,
first_repeat_144,baseline,0.2,Context cells,threshold,0.8,0.8528333333333359,0.02006999999999991,0.5419444444444429,0.3108888888888886,0.0003336904611111106,1.4573046277773078,0.635463487720666,
first_repeat_144,opus,0.2,Context cells,threshold,0.8,0.8528333333333359,0.02006999999999991,0.8528333333333359,0.0,0.014888415625000023,6.073702271545195,1.0,
first_repeat_144,pro,0.2,Context cells,threshold,0.8,0.8528333333333359,0.02006999999999991,0.8528333333333359,0.0,0.02345414263888882,13.406071089303628,1.0,
first_repeat_144,astra,0.2,Context cells,threshold,0.8,0.8528333333333359,0.02006999999999991,0.8528333333333359,0.0,0.01738944798611114,6.833782253330343,1.0,
first_repeat_144,sonnet,0.2,Context cells,threshold,0.8,0.8528333333333359,0.02006999999999991,0.8501111111111094,0.0027222222222222127,0.011307010138888896,9.404390863344087,0.9968080255357907,
first_repeat_144,lite,0.2,Context cells,threshold,0.8,0.8528333333333359,0.02006999999999991,0.8306111111111091,0.02222222222222217,0.0036518399916666607,4.074245818008035,0.9739430655983271,
first_repeat_144,luna,0.2,Context cells,threshold,0.8,0.8528333333333359,0.02006999999999991,0.8456666666666658,0.0071666666666666415,0.0006568788069444455,6.054974839047234,0.9915966386554582,
first_repeat_144,qwen_local,0.2,Context cells,threshold,0.8,0.8528333333333359,0.02006999999999991,0.8307222222222203,0.02211111111111106,0.0,112.59647546175789,0.9740733502703355,
first_repeat_144,baseline,0.2,Context cells,threshold,0.9,0.9391666666666684,0.0034750000000000033,0.5955555555555567,0.3436111111111113,0.00036738574999999903,1.5996982552803019,0.6341319136350193,
first_repeat_144,opus,0.2,Context cells,threshold,0.9,0.9391666666666684,0.0034750000000000033,0.9391666666666684,0.0,0.01632507743055549,6.642302564674827,1.0,
first_repeat_144,pro,0.2,Context cells,threshold,0.9,0.9391666666666684,0.0034750000000000033,0.9391666666666684,0.0,0.02606135805555549,14.904134918888708,1.0,
first_repeat_144,astra,0.2,Context cells,threshold,0.9,0.9391666666666684,0.0034750000000000033,0.9391666666666684,0.0,0.01905388958333342,7.487454124645768,1.0,
first_repeat_144,sonnet,0.2,Context cells,threshold,0.9,0.9391666666666684,0.0034750000000000033,0.936388888888887,0.002777777777777768,0.012380433055555543,10.29387525825517,0.9970422951789374,
first_repeat_144,lite,0.2,Context cells,threshold,0.9,0.9391666666666684,0.0034750000000000033,0.9169444444444417,0.02222222222222217,0.004037610923611117,4.497395579173841,0.9763383614315244,
first_repeat_144,luna,0.2,Context cells,threshold,0.9,0.9391666666666684,0.0034750000000000033,0.9275694444444424,0.01159722222222218,0.000725517125000002,6.698427285468068,0.9876515823720754,
first_repeat_144,qwen_local,0.2,Context cells,threshold,0.9,0.9391666666666684,0.0034750000000000033,0.9169444444444417,0.02222222222222217,0.0,124.36942798254542,0.9763383614315244,
first_repeat_144,baseline,0.2,Context cells,equal_call_budget,0.0,0.0,0.35399999999999937,0.0,0.0,0.0,0.0,,
first_repeat_144,opus,0.2,Context cells,equal_call_budget,0.0,0.0,0.35399999999999937,0.0,0.0,0.0,0.0,,
first_repeat_144,pro,0.2,Context cells,equal_call_budget,0.0,0.0,0.35399999999999937,0.0,0.0,0.0,0.0,,
first_repeat_144,astra,0.2,Context cells,equal_call_budget,0.0,0.0,0.35399999999999937,0.0,0.0,0.0,0.0,,
first_repeat_144,sonnet,0.2,Context cells,equal_call_budget,0.0,0.0,0.35399999999999937,0.0,0.0,0.0,0.0,,
first_repeat_144,lite,0.2,Context cells,equal_call_budget,0.0,0.0,0.35399999999999937,0.0,0.0,0.0,0.0,,
first_repeat_144,luna,0.2,Context cells,equal_call_budget,0.0,0.0,0.35399999999999937,0.0,0.0,0.0,0.0,,
first_repeat_144,qwen_local,0.2,Context cells,equal_call_budget,0.0,0.0,0.35399999999999937,0.0,0.0,0.0,0.0,,
first_repeat_144,baseline,0.2,Context cells,equal_call_budget,0.1,0.10000000000000007,0.29759999999999887,0.06583333333333323,0.03416666666666661,3.9662000000000184e-05,0.16634317192753467,0.6583333333333318,
first_repeat_144,opus,0.2,Context cells,equal_call_budget,0.1,0.10000000000000007,0.29759999999999887,0.10000000000000007,0.0,0.0015238499999999952,0.6077324672852386,1.0,
first_repeat_144,pro,0.2,Context cells,equal_call_budget,0.1,0.10000000000000007,0.29759999999999887,0.10000000000000007,0.0,0.0021498083333333405,1.2691172265385564,1.0,
first_repeat_144,astra,0.2,Context cells,equal_call_budget,0.1,0.10000000000000007,0.29759999999999887,0.10000000000000007,0.0,0.001879989583333338,0.7309713495297683,1.0,
first_repeat_144,sonnet,0.2,Context cells,equal_call_budget,0.1,0.10000000000000007,0.29759999999999887,0.10000000000000007,0.0,0.0008362983333333371,0.6657747430967456,1.0,
first_repeat_144,lite,0.2,Context cells,equal_call_budget,0.1,0.10000000000000007,0.29759999999999887,0.09916666666666675,0.0008333333333333332,0.00042397533333333245,0.49078442937306366,0.9916666666666668,
first_repeat_144,luna,0.2,Context cells,equal_call_budget,0.1,0.10000000000000007,0.29759999999999887,0.10000000000000007,0.0,7.792745833333347e-05,0.7315211474687879,1.0,
first_repeat_144,qwen_local,0.2,Context cells,equal_call_budget,0.1,0.10000000000000007,0.29759999999999887,0.10000000000000007,0.0,0.0,12.370824222452557,1.0,
first_repeat_144,baseline,0.2,Context cells,equal_call_budget,0.2,0.20000000000000015,0.24448999999999985,0.12730555555555528,0.07269444444444463,8.0860222222222e-05,0.3493006545351103,0.6365277777777759,
first_repeat_144,opus,0.2,Context cells,equal_call_budget,0.2,0.20000000000000015,0.24448999999999985,0.20000000000000015,0.0,0.003235343194444448,1.2989944537973535,1.0,
first_repeat_144,pro,0.2,Context cells,equal_call_budget,0.2,0.20000000000000015,0.24448999999999985,0.20000000000000015,0.0,0.004508516055555547,2.6813620640343845,1.0,
first_repeat_144,astra,0.2,Context cells,equal_call_budget,0.2,0.20000000000000015,0.24448999999999985,0.20000000000000015,0.0,0.0037811125000000124,1.481155739619176,1.0,
first_repeat_144,sonnet,0.2,Context cells,equal_call_budget,0.2,0.20000000000000015,0.24448999999999985,0.20000000000000015,0.0,0.0018812903333333291,1.5194346164201802,1.0,
first_repeat_144,lite,0.2,Context cells,equal_call_budget,0.2,0.20000000000000015,0.24448999999999985,0.19388888888888822,0.0061111111111110976,0.0008347376611111095,0.9633862684008692,0.9694444444444403,
first_repeat_144,luna,0.2,Context cells,equal_call_budget,0.2,0.20000000000000015,0.24448999999999985,0.20000000000000015,0.0,0.0001517630277777782,1.4365857971994984,1.0,
first_repeat_144,qwen_local,0.2,Context cells,equal_call_budget,0.2,0.20000000000000015,0.24448999999999985,0.19991666666666683,8.333333333333345e-05,0.0,25.95163052982894,0.9995833333333334,
first_repeat_144,baseline,0.2,Context cells,equal_call_budget,0.3,0.29999999999999893,0.19649500000000011,0.18801388888888937,0.1119861111111109,0.00012120408888888905,0.5316724260000606,0.6267129629629667,
first_repeat_144,opus,0.2,Context cells,equal_call_budget,0.3,0.29999999999999893,0.19649500000000011,0.29999999999999893,0.0,0.00504719173611113,2.044874338476896,1.0,
first_repeat_144,pro,0.2,Context cells,equal_call_budget,0.3,0.29999999999999893,0.19649500000000011,0.29999999999999893,0.0,0.007104808305555546,4.212020643922785,1.0,
first_repeat_144,astra,0.2,Context cells,equal_call_budget,0.3,0.29999999999999893,0.19649500000000011,0.29999999999999893,0.0,0.005729209236111117,2.2477306835032267,1.0,
first_repeat_144,sonnet,0.2,Context cells,equal_call_budget,0.3,0.29999999999999893,0.19649500000000011,0.29999999999999893,0.0,0.0030401404444444415,2.477950215334871,1.0,
first_repeat_144,lite,0.2,Context cells,equal_call_budget,0.3,0.29999999999999893,0.19649500000000011,0.28686111111111157,0.013138888888888853,0.001241647283333331,1.423260202484277,0.9562037037037087,
first_repeat_144,luna,0.2,Context cells,equal_call_budget,0.3,0.29999999999999893,0.19649500000000011,0.29999999999999893,0.0,0.000226296523611111,2.143748644826023,1.0,
first_repeat_144,qwen_local,0.2,Context cells,equal_call_budget,0.3,0.29999999999999893,0.19649500000000011,0.29784722222222243,0.002152777777777771,0.0,39.86217172171178,0.9928240740740782,
first_repeat_144,baseline,0.2,Context cells,equal_call_budget,0.4,0.4000000000000003,0.15513999999999994,0.254555555555555,0.14544444444444482,0.00015828962222222187,0.6942309555219113,0.636388888888887,
first_repeat_144,opus,0.2,Context cells,equal_call_budget,0.4,0.4000000000000003,0.15513999999999994,0.40000000000000036,-3.2474023470285827e-17,0.006927236944444453,2.8465161423749477,1.0000000000000002,
first_repeat_144,pro,0.2,Context cells,equal_call_budget,0.4,0.4000000000000003,0.15513999999999994,0.40000000000000036,-3.2474023470285827e-17,0.009859315555555541,5.774755534908187,1.0000000000000002,
first_repeat_144,astra,0.2,Context cells,equal_call_budget,0.4,0.4000000000000003,0.15513999999999994,0.40000000000000036,-3.2474023470285827e-17,0.0077000956944444565,2.999138870144667,1.0000000000000002,
first_repeat_144,sonnet,0.2,Context cells,equal_call_budget,0.4,0.4000000000000003,0.15513999999999994,0.40000000000000036,-3.2474023470285827e-17,0.0042898447777777685,3.5227907155943656,1.0000000000000002,
first_repeat_144,lite,0.2,Context cells,equal_call_budget,0.4,0.4000000000000003,0.15513999999999994,0.3796111111111117,0.02038888888888883,0.0016624561499999962,1.8825160874080689,0.9490277777777785,
first_repeat_144,luna,0.2,Context cells,equal_call_budget,0.4,0.4000000000000003,0.15513999999999994,0.40000000000000036,-3.2474023470285827e-17,0.0003097066694444452,2.9198536190426263,1.0000000000000002,
first_repeat_144,qwen_local,0.2,Context cells,equal_call_budget,0.4,0.4000000000000003,0.15513999999999994,0.39072222222222097,0.009277777777777767,0.0,53.66161720325987,0.9768055555555517,
first_repeat_144,baseline,0.2,Context cells,equal_call_budget,0.5,0.5,0.11788500000000013,0.3174166666666678,0.182583333333333,0.00019665519444444436,0.862095861963476,0.6348333333333356,
first_repeat_144,opus,0.2,Context cells,equal_call_budget,0.5,0.5,0.11788500000000013,0.5,-7.605027718682323e-17,0.008660136666666658,3.5584245054464465,1.0,
first_repeat_144,pro,0.2,Context cells,equal_call_budget,0.5,0.5,0.11788500000000013,0.5,-7.605027718682323e-17,0.012804834611111093,7.411181425468075,1.0,
first_repeat_144,astra,0.2,Context cells,equal_call_budget,0.5,0.5,0.11788500000000013,0.5,-7.605027718682323e-17,0.009733388750000026,3.787234702067997,1.0,
first_repeat_144,sonnet,0.2,Context cells,equal_call_budget,0.5,0.5,0.11788500000000013,0.5,-7.605027718682323e-17,0.005651449111111104,4.664397730759735,1.0,
first_repeat_144,lite,0.2,Context cells,equal_call_budget,0.5,0.5,0.11788500000000013,0.47831944444444247,0.02168055555555549,0.0020984154527777803,2.358617977465747,0.9566388888888849,
first_repeat_144,luna,0.2,Context cells,equal_call_budget,0.5,0.5,0.11788500000000013,0.5,-7.605027718682323e-17,0.0003840718333333329,3.5862254222632304,1.0,
first_repeat_144,qwen_local,0.2,Context cells,equal_call_budget,0.5,0.5,0.11788500000000013,0.4893888888888894,0.010611111111111087,0.0,66.22657604402542,0.9787777777777787,
first_repeat_144,baseline,0.2,Context cells,equal_call_budget,0.6,0.5999999999999979,0.08222000000000029,0.38061111111111096,0.21938888888888833,0.00023537302222222245,1.0300648741204987,0.6343518518518538,
first_repeat_144,opus,0.2,Context cells,equal_call_budget,0.6,0.5999999999999979,0.08222000000000029,0.5999999999999979,0.0,0.010444799999999999,4.287628031742134,1.0,
first_repeat_144,pro,0.2,Context cells,equal_call_budget,0.6,0.5999999999999979,0.08222000000000029,0.5999999999999979,0.0,0.015812760555555538,9.059299055565615,1.0,
first_repeat_144,astra,0.2,Context cells,equal_call_budget,0.6,0.5999999999999979,0.08222000000000029,0.5999999999999979,0.0,0.011819422083333319,4.596435894836502,1.0,
first_repeat_144,sonnet,0.2,Context cells,equal_call_budget,0.6,0.5999999999999979,0.08222000000000029,0.5999999999999979,0.0,0.007016593333333336,5.808714841533333,1.0,
first_repeat_144,lite,0.2,Context cells,equal_call_budget,0.6,0.5999999999999979,0.08222000000000029,0.5777777777777796,0.022222222222222157,0.002538538800000004,2.84030705423933,0.9629629629629695,
first_repeat_144,luna,0.2,Context cells,equal_call_budget,0.6,0.5999999999999979,0.08222000000000029,0.5999999999999979,1.1102230246251566e-18,0.00045915119722222324,4.249413457409606,1.0,
first_repeat_144,qwen_local,0.2,Context cells,equal_call_budget,0.6,0.5999999999999979,0.08222000000000029,0.5886666666666663,0.011333333333333332,0.0,79.14869511188829,0.981111111111114,
first_repeat_144,baseline,0.2,Context cells,equal_call_budget,0.7,0.7000000000000008,0.05560999999999987,0.4467638888888893,0.25323611111111155,0.00027411672777777704,1.2014429086708436,0.6382341269841267,
first_repeat_144,opus,0.2,Context cells,equal_call_budget,0.7,0.7000000000000008,0.05560999999999987,0.7000000000000008,1.2212453270876722e-17,0.012216880833333357,5.0049020412440415,1.0,
first_repeat_144,pro,0.2,Context cells,equal_call_budget,0.7,0.7000000000000008,0.05560999999999987,0.7000000000000008,1.2212453270876722e-17,0.018891235194444373,10.786756447057925,1.0,
first_repeat_144,astra,0.2,Context cells,equal_call_budget,0.7,0.7000000000000008,0.05560999999999987,0.7000000000000008,1.2212453270876722e-17,0.014167512777777757,5.565463338184312,1.0,
first_repeat_144,sonnet,0.2,Context cells,equal_call_budget,0.7,0.7000000000000008,0.05560999999999987,0.699569444444445,0.00043055555555556623,0.008747871777777775,7.255276298483259,0.9993849206349202,
first_repeat_144,lite,0.2,Context cells,equal_call_budget,0.7,0.7000000000000008,0.05560999999999987,0.6777777777777773,0.022222222222222147,0.0029847488333333365,3.333077372814518,0.9682539682539664,
first_repeat_144,luna,0.2,Context cells,equal_call_budget,0.7,0.7000000000000008,0.05560999999999987,0.6994861111111118,0.0005138888888889043,0.0005359963944444456,4.932314314371385,0.9992658730158728,
first_repeat_144,qwen_local,0.2,Context cells,equal_call_budget,0.7,0.7000000000000008,0.05560999999999987,0.6814027777777778,0.01859722222222216,0.0,92.36183560450272,0.9734325396825385,
first_repeat_144,baseline,0.2,Context cells,equal_call_budget,0.8,0.8000000000000006,0.03167999999999994,0.5104999999999994,0.28950000000000065,0.0003134801333333329,1.3717694059654408,0.6381249999999987,
first_repeat_144,opus,0.2,Context cells,equal_call_budget,0.8,0.8000000000000006,0.03167999999999994,0.8000000000000006,-7.771561172376097e-18,0.013973470000000033,5.710830248788977,1.0,
first_repeat_144,pro,0.2,Context cells,equal_call_budget,0.8,0.8000000000000006,0.03167999999999994,0.8000000000000006,-7.771561172376097e-18,0.021863882777777715,12.484829145021113,1.0,
first_repeat_144,astra,0.2,Context cells,equal_call_budget,0.8,0.8000000000000006,0.03167999999999994,0.8000000000000006,-7.771561172376097e-18,0.016331933680555574,6.4250463211762625,1.0,
first_repeat_144,sonnet,0.2,Context cells,equal_call_budget,0.8,0.8000000000000006,0.03167999999999994,0.7976388888888866,0.002361111111111095,0.010446354944444432,8.674352445056824,0.9970486111111074,
first_repeat_144,lite,0.2,Context cells,equal_call_budget,0.8,0.8000000000000006,0.03167999999999994,0.7777777777777743,0.022222222222222164,0.0034268901638888957,3.823083973835554,0.9722222222222172,
first_repeat_144,luna,0.2,Context cells,equal_call_budget,0.8,0.8000000000000006,0.03167999999999994,0.7966111111111102,0.0033888888888888996,0.0006145296013888899,5.653430018823932,0.995763888888887,
first_repeat_144,qwen_local,0.2,Context cells,equal_call_budget,0.8,0.8000000000000006,0.03167999999999994,0.77833333333333,0.021666666666666615,0.0,105.56394961233035,0.9729166666666618,
first_repeat_144,baseline,0.2,Context cells,equal_call_budget,0.9,0.9000000000000032,0.010129999999999988,0.5698055555555545,0.3301944444444444,0.00035166368888888853,1.5328942010716418,0.6331172839506137,
first_repeat_144,opus,0.2,Context cells,equal_call_budget,0.9,0.9000000000000032,0.010129999999999988,0.9000000000000032,-9.658940314238862e-17,0.015695683888888923,6.392504049057961,1.0,
first_repeat_144,pro,0.2,Context cells,equal_call_budget,0.9,0.9000000000000032,0.010129999999999988,0.9000000000000032,-9.658940314238862e-17,0.02489176972222215,14.239339822005938,1.0,
first_repeat_144,astra,0.2,Context cells,equal_call_budget,0.9,0.9000000000000032,0.010129999999999988,0.9000000000000032,-9.658940314238862e-17,0.01830942083333338,7.188668793117575,1.0,
first_repeat_144,sonnet,0.2,Context cells,equal_call_budget,0.9,0.9000000000000032,0.010129999999999988,0.897222222222221,0.002777777777777671,0.012022700222222227,10.011368642476581,0.9969135802469087,
first_repeat_144,lite,0.2,Context cells,equal_call_budget,0.9,0.9000000000000032,0.010129999999999988,0.8777777777777755,0.022222222222222154,0.0038526043722222165,4.2977597818925695,0.9753086419753026,
first_repeat_144,luna,0.2,Context cells,equal_call_budget,0.9,0.9000000000000032,0.010129999999999988,0.8892499999999981,0.010749999999999921,0.0006948588444444446,6.416666474423525,0.9880555555555499,
first_repeat_144,qwen_local,0.2,Context cells,equal_call_budget,0.9,0.9000000000000032,0.010129999999999988,0.8777777777777755,0.022222222222222154,0.0,118.93318224299011,0.9753086419753026,
first_repeat_144,baseline,0.2,Context cells,equal_call_budget,1.0,0.9999999999999999,0.0,0.6388888888888866,0.3611111111111127,0.00039228777777777784,1.7068663816504566,0.6388888888888867,
first_repeat_144,opus,0.2,Context cells,equal_call_budget,1.0,0.9999999999999999,0.0,0.9999999999999999,0.0,0.017291416666666667,7.040562159170333,1.0,
first_repeat_144,pro,0.2,Context cells,equal_call_budget,1.0,0.9999999999999999,0.0,0.9999999999999999,0.0,0.027417877777777693,15.684650275938427,1.0,
first_repeat_144,astra,0.2,Context cells,equal_call_budget,1.0,0.9999999999999999,0.0,0.9999999999999999,0.0,0.020208888888888932,7.941474689473369,1.0,
first_repeat_144,sonnet,0.2,Context cells,equal_call_budget,1.0,0.9999999999999999,0.0,0.9944444444444419,0.005555555555555536,0.012989288888888917,10.782517477379102,0.994444444444442,
first_repeat_144,lite,0.2,Context cells,equal_call_budget,1.0,0.9999999999999999,0.0,0.9777777777777799,0.02222222222222217,0.004341425277777786,4.826221709380888,0.97777777777778,
first_repeat_144,luna,0.2,Context cells,equal_call_budget,1.0,0.9999999999999999,0.0,0.9861111111111137,0.01388888888888884,0.0007694555555555567,7.1056173842594195,0.9861111111111138,
first_repeat_144,qwen_local,0.2,Context cells,equal_call_budget,1.0,0.9999999999999999,0.0,0.9777777777777799,0.02222222222222217,0.0,132.75001606501218,0.97777777777778,
first_repeat_144,baseline,0.2,Global,threshold,0.4,0.0,0.35399999999999937,0.0,0.0,0.0,0.0,,
first_repeat_144,opus,0.2,Global,threshold,0.4,0.0,0.35399999999999937,0.0,0.0,0.0,0.0,,
first_repeat_144,pro,0.2,Global,threshold,0.4,0.0,0.35399999999999937,0.0,0.0,0.0,0.0,,
first_repeat_144,astra,0.2,Global,threshold,0.4,0.0,0.35399999999999937,0.0,0.0,0.0,0.0,,
first_repeat_144,sonnet,0.2,Global,threshold,0.4,0.0,0.35399999999999937,0.0,0.0,0.0,0.0,,
first_repeat_144,lite,0.2,Global,threshold,0.4,0.0,0.35399999999999937,0.0,0.0,0.0,0.0,,
first_repeat_144,luna,0.2,Global,threshold,0.4,0.0,0.35399999999999937,0.0,0.0,0.0,0.0,,
first_repeat_144,qwen_local,0.2,Global,threshold,0.4,0.0,0.35399999999999937,0.0,0.0,0.0,0.0,,
first_repeat_144,baseline,0.2,Global,threshold,0.6,0.166666666666667,0.2730000000000012,0.09444444444444472,0.07222222222222245,6.890000000000017e-05,0.31789661781383705,0.5666666666666672,
first_repeat_144,opus,0.2,Global,threshold,0.6,0.166666666666667,0.2730000000000012,0.166666666666667,0.0,0.002971541666666677,1.205002648378858,1.0,
first_repeat_144,pro,0.2,Global,threshold,0.6,0.166666666666667,0.2730000000000012,0.166666666666667,0.0,0.004451650000000006,2.6474809077471355,1.0,
first_repeat_144,astra,0.2,Global,threshold,0.6,0.166666666666667,0.2730000000000012,0.166666666666667,0.0,0.0033012569444444556,1.321198318865696,1.0,
first_repeat_144,sonnet,0.2,Global,threshold,0.6,0.166666666666667,0.2730000000000012,0.166666666666667,0.0,0.0018806722222222164,1.5501317427105608,1.0,
first_repeat_144,lite,0.2,Global,threshold,0.6,0.166666666666667,0.2730000000000012,0.15555555555555517,0.011111111111111077,0.0006615744444444417,0.7558112893531664,0.9333333333333292,
first_repeat_144,luna,0.2,Global,threshold,0.6,0.166666666666667,0.2730000000000012,0.166666666666667,0.0,0.00011566236111111131,1.0980291575995402,1.0,
first_repeat_144,qwen_local,0.2,Global,threshold,0.6,0.166666666666667,0.2730000000000012,0.166666666666667,0.0,0.0,22.96185489995524,1.0,
first_repeat_144,baseline,0.2,Global,threshold,0.7,0.333333333333334,0.18599999999999997,0.20277777777777786,0.13055555555555615,0.00013430999999999955,0.5916377789606062,0.6083333333333324,
first_repeat_144,opus,0.2,Global,threshold,0.7,0.333333333333334,0.18599999999999997,0.333333333333334,0.0,0.005617652777777795,2.2620092969892207,1.0,
first_repeat_144,pro,0.2,Global,threshold,0.7,0.333333333333334,0.18599999999999997,0.333333333333334,0.0,0.008408138888888866,4.910135142368721,1.0,
first_repeat_144,astra,0.2,Global,threshold,0.7,0.333333333333334,0.18599999999999997,0.333333333333334,0.0,0.006598020833333364,2.6041284272259757,1.0,
first_repeat_144,sonnet,0.2,Global,threshold,0.7,0.333333333333334,0.18599999999999997,0.333333333333334,0.0,0.00327064444444446,2.6589536995445964,1.0,
first_repeat_144,lite,0.2,Global,threshold,0.7,0.333333333333334,0.18599999999999997,0.3222222222222227,0.011111111111111086,0.0013676699999999938,1.569146414813849,0.9666666666666662,
first_repeat_144,luna,0.2,Global,threshold,0.7,0.333333333333334,0.18599999999999997,0.333333333333334,0.0,0.00024619763888888963,2.294124791634714,1.0,
first_repeat_144,qwen_local,0.2,Global,threshold,0.7,0.333333333333334,0.18599999999999997,0.333333333333334,0.0,0.0,43.91395234276869,1.0,
first_repeat_144,baseline,0.2,Global,threshold,0.8,0.6250000000000012,0.08349999999999995,0.3972222222222209,0.22777777777777788,0.0002474780555555558,1.0807948878696294,0.6355555555555522,
first_repeat_144,opus,0.2,Global,threshold,0.8,0.6250000000000012,0.08349999999999995,0.6250000000000012,0.0,0.010817135416666663,4.421304261928896,1.0,
first_repeat_144,pro,0.2,Global,threshold,0.8,0.6250000000000012,0.08349999999999995,0.6250000000000012,0.0,0.016549790277777764,9.485356584862792,1.0,
first_repeat_144,astra,0.2,Global,threshold,0.8,0.6250000000000012,0.08349999999999995,0.6250000000000012,0.0,0.012360718749999992,4.811664875872932,1.0,
first_repeat_144,sonnet,0.2,Global,threshold,0.8,0.6250000000000012,0.08349999999999995,0.6222222222222231,0.002777777777777768,0.007512243055555577,6.201830834404981,0.9955555555555551,
first_repeat_144,lite,0.2,Global,threshold,0.8,0.6250000000000012,0.08349999999999995,0.605555555555557,0.019444444444444403,0.002671203472222219,2.985479999290778,0.9688888888888892,
first_repeat_144,luna,0.2,Global,threshold,0.8,0.6250000000000012,0.08349999999999995,0.6250000000000012,0.0,0.0004768409027777786,4.407174199562154,1.0,
first_repeat_144,qwen_local,0.2,Global,threshold,0.8,0.6250000000000012,0.08349999999999995,0.6166666666666658,0.008333333333333354,0.0,82.20238197328057,0.9866666666666634,
first_repeat_144,baseline,0.2,Global,threshold,0.9,0.8333333333333341,0.03699999999999994,0.5250000000000017,0.30833333333333185,0.00032703777777777656,1.4194375087112625,0.6300000000000014,
first_repeat_144,opus,0.2,Global,threshold,0.9,0.8333333333333341,0.03699999999999994,0.8333333333333341,0.0,0.014373638888888875,5.852132615644304,1.0,
first_repeat_144,pro,0.2,Global,threshold,0.9,0.8333333333333341,0.03699999999999994,0.8333333333333341,0.0,0.02244778333333335,12.891668513814285,1.0,
first_repeat_144,astra,0.2,Global,threshold,0.9,0.8333333333333341,0.03699999999999994,0.8333333333333341,0.0,0.01634247222222218,6.347794458542996,1.0,
first_repeat_144,sonnet,0.2,Global,threshold,0.9,0.8333333333333341,0.03699999999999994,0.8305555555555513,0.002777777777777768,0.010309316666666622,8.555016000777801,0.9966666666666606,
first_repeat_144,lite,0.2,Global,threshold,0.9,0.8333333333333341,0.03699999999999994,0.8111111111111114,0.02222222222222217,0.003584586111111119,3.996667867253478,0.9733333333333328,
first_repeat_144,luna,0.2,Global,threshold,0.9,0.8333333333333341,0.03699999999999994,0.8194444444444461,0.01388888888888884,0.000642692777777776,5.973307050204466,0.9833333333333344,
first_repeat_144,qwen_local,0.2,Global,threshold,0.9,0.8333333333333341,0.03699999999999994,0.8222222222222227,0.011111111111111122,0.0,110.3421365044692,0.9866666666666664,
first_repeat_144,baseline,0.2,Global,equal_call_budget,0.0,0.0,0.35399999999999937,0.0,0.0,0.0,0.0,,
first_repeat_144,opus,0.2,Global,equal_call_budget,0.0,0.0,0.35399999999999937,0.0,0.0,0.0,0.0,,
first_repeat_144,pro,0.2,Global,equal_call_budget,0.0,0.0,0.35399999999999937,0.0,0.0,0.0,0.0,,
first_repeat_144,astra,0.2,Global,equal_call_budget,0.0,0.0,0.35399999999999937,0.0,0.0,0.0,0.0,,
first_repeat_144,sonnet,0.2,Global,equal_call_budget,0.0,0.0,0.35399999999999937,0.0,0.0,0.0,0.0,,
first_repeat_144,lite,0.2,Global,equal_call_budget,0.0,0.0,0.35399999999999937,0.0,0.0,0.0,0.0,,
first_repeat_144,luna,0.2,Global,equal_call_budget,0.0,0.0,0.35399999999999937,0.0,0.0,0.0,0.0,,
first_repeat_144,qwen_local,0.2,Global,equal_call_budget,0.0,0.0,0.35399999999999937,0.0,0.0,0.0,0.0,,
first_repeat_144,baseline,0.2,Global,equal_call_budget,0.1,0.10000000000000009,0.30539999999999917,0.05666666666666665,0.043333333333333196,4.134000000000001e-05,0.19073797068830328,0.566666666666666,
first_repeat_144,opus,0.2,Global,equal_call_budget,0.1,0.10000000000000009,0.30539999999999917,0.10000000000000009,0.0,0.0017829249999999947,0.7230015890273097,1.0,
first_repeat_144,pro,0.2,Global,equal_call_budget,0.1,0.10000000000000009,0.30539999999999917,0.10000000000000009,0.0,0.0026709899999999977,1.5884885446482757,1.0,
first_repeat_144,astra,0.2,Global,equal_call_budget,0.1,0.10000000000000009,0.30539999999999917,0.10000000000000009,0.0,0.0019807541666666583,0.7927189913194178,1.0,
first_repeat_144,sonnet,0.2,Global,equal_call_budget,0.1,0.10000000000000009,0.30539999999999917,0.10000000000000009,0.0,0.0011284033333333332,0.9300790456263354,1.0,
first_repeat_144,lite,0.2,Global,equal_call_budget,0.1,0.10000000000000009,0.30539999999999917,0.09333333333333363,0.006666666666666662,0.0003969446666666668,0.45348677361189976,0.9333333333333355,
first_repeat_144,luna,0.2,Global,equal_call_budget,0.1,0.10000000000000009,0.30539999999999917,0.10000000000000009,0.0,6.93974166666669e-05,0.6588174945597243,1.0,
first_repeat_144,qwen_local,0.2,Global,equal_call_budget,0.1,0.10000000000000009,0.30539999999999917,0.10000000000000009,0.0,0.0,13.777112939973163,1.0,
first_repeat_144,baseline,0.2,Global,equal_call_budget,0.2,0.20000000000000015,0.2556000000000007,0.11611111111111087,0.08388888888888917,8.198199999999993e-05,0.37264485004319203,0.5805555555555539,
first_repeat_144,opus,0.2,Global,equal_call_budget,0.2,0.20000000000000015,0.2556000000000007,0.20000000000000015,0.0,0.0035007638888888775,1.4164039781009268,1.0,
first_repeat_144,pro,0.2,Global,equal_call_budget,0.2,0.20000000000000015,0.2556000000000007,0.20000000000000015,0.0,0.0052429477777777836,3.1000117546714496,1.0,
first_repeat_144,astra,0.2,Global,equal_call_budget,0.2,0.20000000000000015,0.2556000000000007,0.20000000000000015,0.0,0.0039606097222222286,1.5777843405377499,1.0,
first_repeat_144,sonnet,0.2,Global,equal_call_budget,0.2,0.20000000000000015,0.2556000000000007,0.20000000000000015,0.0,0.0021586666666666577,1.771896134077358,1.0,
first_repeat_144,lite,0.2,Global,equal_call_budget,0.2,0.20000000000000015,0.2556000000000007,0.18888888888888944,0.011111111111111077,0.0008027935555555528,0.9184783144453068,0.9444444444444465,
first_repeat_144,luna,0.2,Global,equal_call_budget,0.2,0.20000000000000015,0.2556000000000007,0.20000000000000015,0.0,0.00014176941666666645,1.3372482844065718,1.0,
first_repeat_144,qwen_local,0.2,Global,equal_call_budget,0.2,0.20000000000000015,0.2556000000000007,0.20000000000000015,0.0,0.0,27.15227438851799,1.0,
first_repeat_144,baseline,0.2,Global,equal_call_budget,0.3,0.29999999999999893,0.2033999999999999,0.18111111111111142,0.1188888888888894,0.00012122800000000015,0.5368895467312558,0.6037037037037069,
first_repeat_144,opus,0.2,Global,equal_call_budget,0.3,0.29999999999999893,0.2033999999999999,0.29999999999999893,0.0,0.005088430555555547,2.0506079672671427,1.0,
first_repeat_144,pro,0.2,Global,equal_call_budget,0.3,0.29999999999999893,0.2033999999999999,0.29999999999999893,0.0,0.007616841111111106,4.457604295444404,1.0,
first_repeat_144,astra,0.2,Global,equal_call_budget,0.3,0.29999999999999893,0.2033999999999999,0.29999999999999893,0.0,0.005938668055555545,2.347542405553907,1.0,
first_repeat_144,sonnet,0.2,Global,equal_call_budget,0.3,0.29999999999999893,0.2033999999999999,0.29999999999999893,0.0,0.0029926499999999977,2.4371893081777793,1.0,
first_repeat_144,lite,0.2,Global,equal_call_budget,0.3,0.29999999999999893,0.2033999999999999,0.2888888888888898,0.011111111111111086,0.0012264508888888916,1.4064793897217098,0.9629629629629695,
first_repeat_144,luna,0.2,Global,equal_call_budget,0.3,0.29999999999999893,0.2033999999999999,0.29999999999999893,0.0,0.0002200905833333327,2.0549056648276816,1.0,
first_repeat_144,qwen_local,0.2,Global,equal_call_budget,0.3,0.29999999999999893,0.2033999999999999,0.29999999999999893,0.0,0.0,39.72353285420626,1.0,
first_repeat_144,baseline,0.2,Global,equal_call_budget,0.4,0.4000000000000003,0.16359999999999963,0.2472222222222218,0.15277777777777835,0.00016085888888888917,0.7056853451601789,0.618055555555554,
first_repeat_144,opus,0.2,Global,equal_call_budget,0.4,0.4000000000000003,0.16359999999999963,0.4000000000000003,0.0,0.0067739916666666854,2.7348971508800384,1.0,
first_repeat_144,pro,0.2,Global,equal_call_budget,0.4,0.4000000000000003,0.16359999999999963,0.4000000000000003,0.0,0.010245487777777777,5.933318156450088,1.0,
first_repeat_144,astra,0.2,Global,equal_call_budget,0.4,0.4000000000000003,0.16359999999999963,0.4000000000000003,0.0,0.007919295833333341,3.10772488759585,1.0,
first_repeat_144,sonnet,0.2,Global,equal_call_budget,0.4,0.4000000000000003,0.16359999999999963,0.3988888888888898,0.0011111111111111183,0.004405235555555578,3.612475002002914,0.9972222222222238,
first_repeat_144,lite,0.2,Global,equal_call_budget,0.4,0.4000000000000003,0.16359999999999963,0.3888888888888872,0.011111111111111086,0.00167617988888889,1.9041464571784135,0.9722222222222172,
first_repeat_144,luna,0.2,Global,equal_call_budget,0.4,0.4000000000000003,0.16359999999999963,0.4000000000000003,0.0,0.00029651336111111143,2.7491097240451334,1.0,
first_repeat_144,qwen_local,0.2,Global,equal_call_budget,0.4,0.4000000000000003,0.16359999999999963,0.4000000000000003,0.0,0.0,52.22190619574199,1.0,
first_repeat_144,baseline,0.2,Global,equal_call_budget,0.5,0.5,0.12999999999999984,0.31388888888888966,0.18611111111111062,0.0002006822222222225,0.8767566944595419,0.6277777777777793,
first_repeat_144,opus,0.2,Global,equal_call_budget,0.5,0.5,0.12999999999999984,0.5,0.0,0.008508500000000018,3.444228931716257,1.0,
first_repeat_144,pro,0.2,Global,equal_call_budget,0.5,0.5,0.12999999999999984,0.5,0.0,0.01300151111111112,7.468092677572181,1.0,
first_repeat_144,astra,0.2,Global,equal_call_budget,0.5,0.5,0.12999999999999984,0.5,0.0,0.009901208333333366,3.8631195781506547,1.0,
first_repeat_144,sonnet,0.2,Global,equal_call_budget,0.5,0.5,0.12999999999999984,0.49722222222222096,0.002777777777777768,0.00610712222222221,5.042756955690378,0.9944444444444419,
first_repeat_144,lite,0.2,Global,equal_call_budget,0.5,0.5,0.12999999999999984,0.4888888888888899,0.011111111111111072,0.0021389447222222155,2.406646520725261,0.9777777777777799,
first_repeat_144,luna,0.2,Global,equal_call_budget,0.5,0.5,0.12999999999999984,0.5,0.0,0.0003719869444444441,3.4315871226607766,1.0,
first_repeat_144,qwen_local,0.2,Global,equal_call_budget,0.5,0.5,0.12999999999999984,0.5,0.0,0.0,64.68383697520174,1.0,
first_repeat_144,baseline,0.2,Global,equal_call_budget,0.6,0.5999999999999979,0.09280000000000013,0.3805555555555554,0.21944444444444386,0.00023811888888888857,1.039987249187611,0.6342592592592613,
first_repeat_144,opus,0.2,Global,equal_call_budget,0.6,0.5999999999999979,0.09280000000000013,0.5999999999999979,0.0,0.01035540833333331,4.225889195886348,1.0,
first_repeat_144,pro,0.2,Global,equal_call_budget,0.6,0.5999999999999979,0.09280000000000013,0.5999999999999979,0.0,0.015840134444444428,9.081903803404662,1.0,
first_repeat_144,astra,0.2,Global,equal_call_budget,0.6,0.5999999999999979,0.09280000000000013,0.5999999999999979,0.0,0.011868816666666655,4.6219558163284935,1.0,
first_repeat_144,sonnet,0.2,Global,equal_call_budget,0.6,0.5999999999999979,0.09280000000000013,0.5972222222222248,0.002777777777777768,0.007231218888888856,5.97001605866207,0.9953703703703781,
first_repeat_144,lite,0.2,Global,equal_call_budget,0.6,0.5999999999999979,0.09280000000000013,0.5822222222222243,0.017777777777777767,0.002564751722222215,2.869713303577669,0.9703703703703773,
first_repeat_144,luna,0.2,Global,equal_call_budget,0.6,0.5999999999999979,0.09280000000000013,0.5999999999999979,0.0,0.0004558701111111127,4.212056784181871,1.0,
first_repeat_144,qwen_local,0.2,Global,equal_call_budget,0.6,0.5999999999999979,0.09280000000000013,0.5933333333333336,0.006666666666666599,0.0,78.69867297366507,0.9888888888888928,
first_repeat_144,baseline,0.2,Global,equal_call_budget,0.7,0.7000000000000008,0.06179999999999988,0.44499999999999823,0.2550000000000007,0.00027586888888888976,1.2029335969473054,0.6357142857142825,
first_repeat_144,opus,0.2,Global,equal_call_budget,0.7,0.7000000000000008,0.06179999999999988,0.7000000000000008,0.0,0.01214407222222218,4.968023354061991,1.0,
first_repeat_144,pro,0.2,Global,equal_call_budget,0.7,0.7000000000000008,0.06179999999999988,0.7000000000000008,0.0,0.018675596666666714,10.704556012597308,1.0,
first_repeat_144,astra,0.2,Global,equal_call_budget,0.7,0.7000000000000008,0.06179999999999988,0.7000000000000008,0.0,0.013812938888888893,5.3718362051328965,1.0,
first_repeat_144,sonnet,0.2,Global,equal_call_budget,0.7,0.7000000000000008,0.06179999999999988,0.6972222222222227,0.002777777777777768,0.00844635666666665,6.981554235336736,0.9960317460317456,
first_repeat_144,lite,0.2,Global,equal_call_budget,0.7,0.7000000000000008,0.06179999999999988,0.6777777777777773,0.02222222222222217,0.002995815666666667,3.3420731671674377,0.9682539682539664,
first_repeat_144,luna,0.2,Global,equal_call_budget,0.7,0.7000000000000008,0.06179999999999988,0.6972222222222227,0.002777777777777768,0.0005379723333333318,4.980557323531,0.9960317460317456,
first_repeat_144,qwen_local,0.2,Global,equal_call_budget,0.7,0.7000000000000008,0.06179999999999988,0.688888888888887,0.011111111111111122,0.0,92.50194487900602,0.9841269841269802,
first_repeat_144,baseline,0.2,Global,equal_call_budget,0.8,0.8000000000000007,0.04319999999999991,0.504999999999999,0.2950000000000012,0.0003142455555555562,1.36531153077027,0.6312499999999982,
first_repeat_144,opus,0.2,Global,equal_call_budget,0.8,0.8000000000000007,0.04319999999999991,0.8000000000000007,0.0,0.013816247222222206,5.631105300248713,1.0,
first_repeat_144,pro,0.2,Global,equal_call_budget,0.8,0.8000000000000007,0.04319999999999991,0.8000000000000007,0.0,0.021504736666666607,12.344890388510072,1.0,
first_repeat_144,astra,0.2,Global,equal_call_budget,0.8,0.8000000000000007,0.04319999999999991,0.8000000000000007,0.0,0.01571008888888892,6.1038048951904775,1.0,
first_repeat_144,sonnet,0.2,Global,equal_call_budget,0.8,0.8000000000000007,0.04319999999999991,0.7972222222222196,0.002777777777777768,0.009843576666666683,8.161650559417485,0.9965277777777737,
first_repeat_144,lite,0.2,Global,equal_call_budget,0.8,0.8000000000000007,0.04319999999999991,0.7777777777777743,0.02222222222222217,0.0034373935000000123,3.833019192231973,0.9722222222222171,
first_repeat_144,luna,0.2,Global,equal_call_budget,0.8,0.8000000000000007,0.04319999999999991,0.7888888888888909,0.011111111111111122,0.000616512666666666,5.72511961853613,0.9861111111111127,
first_repeat_144,qwen_local,0.2,Global,equal_call_budget,0.8,0.8000000000000007,0.04319999999999991,0.7888888888888909,0.011111111111111122,0.0,105.88208859810297,0.9861111111111127,
first_repeat_144,baseline,0.2,Global,equal_call_budget,0.9,0.9000000000000032,0.022199999999999873,0.5705555555555569,0.3294444444444428,0.00035313777777777654,1.534409057886933,0.6339506172839499,
first_repeat_144,opus,0.2,Global,equal_call_budget,0.9,0.9000000000000032,0.022199999999999873,0.9000000000000032,-1.1102230246251565e-16,0.015540749999999994,6.327504433054703,1.0,
first_repeat_144,pro,0.2,Global,equal_call_budget,0.9,0.9000000000000032,0.022199999999999873,0.9000000000000032,-1.1102230246251565e-16,0.024435821111111092,14.008861218663995,1.0,
first_repeat_144,astra,0.2,Global,equal_call_budget,0.9,0.9000000000000032,0.022199999999999873,0.9000000000000032,-1.1102230246251565e-16,0.017889038888888844,6.9852665509151795,1.0,
first_repeat_144,sonnet,0.2,Global,equal_call_budget,0.9,0.9000000000000032,0.022199999999999873,0.896111111111111,0.0038888888888888307,0.011381305555555596,9.44601659141834,0.9956790123456752,
first_repeat_144,lite,0.2,Global,equal_call_budget,0.9,0.9000000000000032,0.022199999999999873,0.8777777777777755,0.022222222222222143,0.003887321777777764,4.32848940410443,0.9753086419753026,
first_repeat_144,luna,0.2,Global,equal_call_budget,0.9,0.9000000000000032,0.022199999999999873,0.8861111111111122,0.0138888888888888,0.0006933978888888908,6.426231183826461,0.9845679012345655,
first_repeat_144,qwen_local,0.2,Global,equal_call_budget,0.9,0.9000000000000032,0.022199999999999873,0.8844444444444464,0.015555555555555465,0.0,119.30528832868629,0.9827160493827146,
first_repeat_144,baseline,0.2,Global,equal_call_budget,1.0,0.9999999999999999,0.0,0.6388888888888866,0.3611111111111127,0.00039228777777777784,1.7068663816504566,0.6388888888888867,
first_repeat_144,opus,0.2,Global,equal_call_budget,1.0,0.9999999999999999,0.0,0.9999999999999999,0.0,0.017291416666666667,7.040562159170333,1.0,
first_repeat_144,pro,0.2,Global,equal_call_budget,1.0,0.9999999999999999,0.0,0.9999999999999999,0.0,0.027417877777777693,15.684650275938427,1.0,
first_repeat_144,astra,0.2,Global,equal_call_budget,1.0,0.9999999999999999,0.0,0.9999999999999999,0.0,0.020208888888888932,7.941474689473369,1.0,
first_repeat_144,sonnet,0.2,Global,equal_call_budget,1.0,0.9999999999999999,0.0,0.9944444444444419,0.005555555555555536,0.012989288888888917,10.782517477379102,0.994444444444442,
first_repeat_144,lite,0.2,Global,equal_call_budget,1.0,0.9999999999999999,0.0,0.9777777777777799,0.02222222222222217,0.004341425277777786,4.826221709380888,0.97777777777778,
first_repeat_144,luna,0.2,Global,equal_call_budget,1.0,0.9999999999999999,0.0,0.9861111111111137,0.01388888888888884,0.0007694555555555567,7.1056173842594195,0.9861111111111138,
first_repeat_144,qwen_local,0.2,Global,equal_call_budget,1.0,0.9999999999999999,0.0,0.9777777777777799,0.02222222222222217,0.0,132.75001606501218,0.97777777777778,
first_repeat_144,baseline,0.2,Oracle,threshold,0.4,0.0,0.35399999999999937,0.0,0.0,0.0,0.0,,
first_repeat_144,opus,0.2,Oracle,threshold,0.4,0.0,0.35399999999999937,0.0,0.0,0.0,0.0,,
first_repeat_144,pro,0.2,Oracle,threshold,0.4,0.0,0.35399999999999937,0.0,0.0,0.0,0.0,,
first_repeat_144,astra,0.2,Oracle,threshold,0.4,0.0,0.35399999999999937,0.0,0.0,0.0,0.0,,
first_repeat_144,sonnet,0.2,Oracle,threshold,0.4,0.0,0.35399999999999937,0.0,0.0,0.0,0.0,,
first_repeat_144,lite,0.2,Oracle,threshold,0.4,0.0,0.35399999999999937,0.0,0.0,0.0,0.0,,
first_repeat_144,luna,0.2,Oracle,threshold,0.4,0.0,0.35399999999999937,0.0,0.0,0.0,0.0,,
first_repeat_144,qwen_local,0.2,Oracle,threshold,0.4,0.0,0.35399999999999937,0.0,0.0,0.0,0.0,,
first_repeat_144,baseline,0.2,Oracle,threshold,0.6,0.4000000000000003,0.15399999999999994,0.255555555555555,0.1444444444444449,0.00015786222222222168,0.6924682435450229,0.638888888888887,
first_repeat_144,opus,0.2,Oracle,threshold,0.6,0.4000000000000003,0.15399999999999994,0.4000000000000003,0.0,0.006978777777777746,2.876685131023012,1.0,
first_repeat_144,pro,0.2,Oracle,threshold,0.6,0.4000000000000003,0.15399999999999994,0.4000000000000003,0.0,0.009815422222222207,5.758406287967224,1.0,
first_repeat_144,astra,0.2,Oracle,threshold,0.6,0.4000000000000003,0.15399999999999994,0.4000000000000003,0.0,0.007691527777777802,2.9924843537026056,1.0,
first_repeat_144,sonnet,0.2,Oracle,threshold,0.6,0.4000000000000003,0.15399999999999994,0.4000000000000003,0.0,0.0042425111111110995,3.481573566659872,1.0,
first_repeat_144,lite,0.2,Oracle,threshold,0.6,0.4000000000000003,0.15399999999999994,0.3777777777777789,0.02222222222222217,0.0016567699999999947,1.8765279347361505,0.9444444444444465,
first_repeat_144,luna,0.2,Oracle,threshold,0.6,0.4000000000000003,0.15399999999999994,0.4000000000000003,0.0,0.00031260611111111195,2.953506393477129,1.0,
first_repeat_144,qwen_local,0.2,Oracle,threshold,0.6,0.4000000000000003,0.15399999999999994,0.3888888888888872,0.011111111111111122,0.0,54.081533424928985,0.9722222222222172,
first_repeat_144,baseline,0.2,Oracle,threshold,0.7,0.5999999999999979,0.08200000000000034,0.38055555555555537,0.2194444444444439,0.00023538555555555583,1.0299655822034588,0.6342592592592612,
first_repeat_144,opus,0.2,Oracle,threshold,0.7,0.5999999999999979,0.08200000000000034,0.5999999999999979,0.0,0.01044498611111111,4.287830547925043,1.0,
first_repeat_144,pro,0.2,Oracle,threshold,0.7,0.5999999999999979,0.08200000000000034,0.5999999999999979,0.0,0.01580849444444443,9.055848461832527,1.0,
first_repeat_144,astra,0.2,Oracle,threshold,0.7,0.5999999999999979,0.08200000000000034,0.5999999999999979,0.0,0.011810104166666655,4.590836069333844,1.0,
first_repeat_144,sonnet,0.2,Oracle,threshold,0.7,0.5999999999999979,0.08200000000000034,0.5999999999999979,0.0,0.007009244444444447,5.8028162509202925,1.0,
first_repeat_144,lite,0.2,Oracle,threshold,0.7,0.5999999999999979,0.08200000000000034,0.5777777777777796,0.02222222222222217,0.0025386444444444487,2.840253708818143,0.9629629629629695,
first_repeat_144,luna,0.2,Oracle,threshold,0.7,0.5999999999999979,0.08200000000000034,0.5999999999999979,0.0,0.0004591170833333343,4.249161478670764,1.0,
first_repeat_144,qwen_local,0.2,Oracle,threshold,0.7,0.5999999999999979,0.08200000000000034,0.5888888888888887,0.011111111111111122,0.0,79.13908299740469,0.9814814814814846,
first_repeat_144,baseline,0.2,Oracle,threshold,0.8,0.9000000000000032,0.010000000000000007,0.5694444444444432,0.33055555555555544,0.0003515533333333329,1.5323642505197008,0.6327160493827124,
first_repeat_144,opus,0.2,Oracle,threshold,0.8,0.9000000000000032,0.010000000000000007,0.9000000000000032,0.0,0.01570011111111114,6.3941705169214345,1.0,
first_repeat_144,pro,0.2,Oracle,threshold,0.8,0.9000000000000032,0.010000000000000007,0.9000000000000032,0.0,0.024885822222222152,14.237936614133599,1.0,
first_repeat_144,astra,0.2,Oracle,threshold,0.8,0.9000000000000032,0.010000000000000007,0.9000000000000032,0.0,0.01830976388888893,7.1870139026716675,1.0,
first_repeat_144,sonnet,0.2,Oracle,threshold,0.8,0.9000000000000032,0.010000000000000007,0.897222222222221,0.002777777777777768,0.012053100000000004,10.04012913757214,0.9969135802469087,
first_repeat_144,lite,0.2,Oracle,threshold,0.8,0.9000000000000032,0.010000000000000007,0.8777777777777755,0.02222222222222217,0.0038505136111111064,4.296366998049473,0.9753086419753026,
first_repeat_144,luna,0.2,Oracle,threshold,0.8,0.9000000000000032,0.010000000000000007,0.8888888888888864,0.011111111111111072,0.0006949069444444445,6.418554672679665,0.987654320987648,
first_repeat_144,qwen_local,0.2,Oracle,threshold,0.8,0.9000000000000032,0.010000000000000007,0.8777777777777755,0.02222222222222217,0.0,118.90454398399014,0.9753086419753026,
first_repeat_144,baseline,0.2,Oracle,threshold,0.9,0.9333333333333352,0.0040000000000000036,0.5916666666666678,0.3416666666666673,0.0003650366666666658,1.5894315644102688,0.6339285714285713,
first_repeat_144,opus,0.2,Oracle,threshold,0.9,0.9333333333333352,0.0040000000000000036,0.9333333333333352,0.0,0.016237069444444384,6.606525301181132,1.0,
first_repeat_144,pro,0.2,Oracle,threshold,0.9,0.9333333333333352,0.0040000000000000036,0.9333333333333352,0.0,0.025946972222222153,14.838642315522529,1.0,
first_repeat_144,astra,0.2,Oracle,threshold,0.9,0.9333333333333352,0.0040000000000000036,0.9333333333333352,0.0,0.018951888888888987,7.44714192095756,1.0,
first_repeat_144,sonnet,0.2,Oracle,threshold,0.9,0.9333333333333352,0.0040000000000000036,0.9305555555555526,0.002777777777777768,0.012331438888888881,10.254847683750484,0.9970238095238043,
first_repeat_144,lite,0.2,Oracle,threshold,0.9,0.9333333333333352,0.0040000000000000036,0.9111111111111072,0.02222222222222217,0.004007333055555561,4.464154948621406,0.9761904761904701,
first_repeat_144,luna,0.2,Oracle,threshold,0.9,0.9333333333333352,0.0040000000000000036,0.9222222222222192,0.011111111111111072,0.0007214455555555581,6.661474110872319,0.9880952380952328,
first_repeat_144,qwen_local,0.2,Oracle,threshold,0.9,0.9333333333333352,0.0040000000000000036,0.9111111111111072,0.02222222222222217,0.0,123.59833088560943,0.9761904761904701,
first_repeat_144,baseline,0.2,Oracle,equal_call_budget,0.0,0.0,0.35399999999999937,0.0,0.0,0.0,0.0,,
first_repeat_144,opus,0.2,Oracle,equal_call_budget,0.0,0.0,0.35399999999999937,0.0,0.0,0.0,0.0,,
first_repeat_144,pro,0.2,Oracle,equal_call_budget,0.0,0.0,0.35399999999999937,0.0,0.0,0.0,0.0,,
first_repeat_144,astra,0.2,Oracle,equal_call_budget,0.0,0.0,0.35399999999999937,0.0,0.0,0.0,0.0,,
first_repeat_144,sonnet,0.2,Oracle,equal_call_budget,0.0,0.0,0.35399999999999937,0.0,0.0,0.0,0.0,,
first_repeat_144,lite,0.2,Oracle,equal_call_budget,0.0,0.0,0.35399999999999937,0.0,0.0,0.0,0.0,,
first_repeat_144,luna,0.2,Oracle,equal_call_budget,0.0,0.0,0.35399999999999937,0.0,0.0,0.0,0.0,,
first_repeat_144,qwen_local,0.2,Oracle,equal_call_budget,0.0,0.0,0.35399999999999937,0.0,0.0,0.0,0.0,,
first_repeat_144,baseline,0.2,Oracle,equal_call_budget,0.1,0.10000000000000007,0.2969999999999989,0.06666666666666653,0.033333333333333263,3.936333333333353e-05,0.16316478057609266,0.6666666666666647,
first_repeat_144,opus,0.2,Oracle,equal_call_budget,0.1,0.10000000000000007,0.2969999999999989,0.10000000000000007,0.0,0.0014887916666666613,0.5922025083253754,1.0,
first_repeat_144,pro,0.2,Oracle,equal_call_budget,0.1,0.10000000000000007,0.2969999999999989,0.10000000000000007,0.0,0.0021111166666666747,1.2423877725823913,1.0,
first_repeat_144,astra,0.2,Oracle,equal_call_budget,0.1,0.10000000000000007,0.2969999999999989,0.10000000000000007,0.0,0.0018761458333333386,0.7273499392535708,1.0,
first_repeat_144,sonnet,0.2,Oracle,equal_call_budget,0.1,0.10000000000000007,0.2969999999999989,0.10000000000000007,0.0,0.0007971833333333372,0.6305752781316762,1.0,
first_repeat_144,lite,0.2,Oracle,equal_call_budget,0.1,0.10000000000000007,0.2969999999999989,0.10000000000000007,0.0,0.00042647749999999906,0.4941801072893812,1.0,
first_repeat_144,luna,0.2,Oracle,equal_call_budget,0.1,0.10000000000000007,0.2969999999999989,0.10000000000000007,0.0,7.872125000000017e-05,0.73668489722962,1.0,
first_repeat_144,qwen_local,0.2,Oracle,equal_call_budget,0.1,0.10000000000000007,0.2969999999999989,0.10000000000000007,0.0,0.0,12.143162122211654,1.0,
first_repeat_144,baseline,0.2,Oracle,equal_call_budget,0.2,0.20000000000000015,0.2439999999999998,0.1277777777777775,0.07222222222222245,8.071777777777755e-05,0.34751883682846546,0.638888888888887,
first_repeat_144,opus,0.2,Oracle,equal_call_budget,0.2,0.20000000000000015,0.2439999999999998,0.20000000000000015,0.0,0.003211305555555559,1.2879380763831718,1.0,
first_repeat_144,pro,0.2,Oracle,equal_call_budget,0.2,0.20000000000000015,0.2439999999999998,0.20000000000000015,0.0,0.004480177777777767,2.662971904872558,1.0,
first_repeat_144,astra,0.2,Oracle,equal_call_budget,0.2,0.20000000000000015,0.2439999999999998,0.20000000000000015,0.0,0.003777916666666679,1.4788426136817876,1.0,
first_repeat_144,sonnet,0.2,Oracle,equal_call_budget,0.2,0.20000000000000015,0.2439999999999998,0.20000000000000015,0.0,0.0018551333333333292,1.495813656030483,1.0,
first_repeat_144,lite,0.2,Oracle,equal_call_budget,0.2,0.20000000000000015,0.2439999999999998,0.1944444444444436,0.005555555555555543,0.0008362738888888874,0.9657223618033105,0.9722222222222172,
first_repeat_144,luna,0.2,Oracle,equal_call_budget,0.2,0.20000000000000015,0.2439999999999998,0.20000000000000015,0.0,0.00015215055555555594,1.438944796053698,1.0,
first_repeat_144,qwen_local,0.2,Oracle,equal_call_budget,0.2,0.20000000000000015,0.2439999999999998,0.20000000000000015,0.0,0.0,25.804071579362585,1.0,
first_repeat_144,baseline,0.2,Oracle,equal_call_budget,0.3,0.29999999999999893,0.19600000000000015,0.18888888888888944,0.1111111111111108,0.00012117888888888909,0.5312305355528641,0.6296296296296336,
first_repeat_144,opus,0.2,Oracle,equal_call_budget,0.3,0.29999999999999893,0.19600000000000015,0.29999999999999893,0.0,0.005072861111111132,2.0588758890051464,1.0,
first_repeat_144,pro,0.2,Oracle,equal_call_budget,0.3,0.29999999999999893,0.19600000000000015,0.29999999999999893,0.0,0.007063005555555554,4.191671656718232,1.0,
first_repeat_144,astra,0.2,Oracle,equal_call_budget,0.3,0.29999999999999893,0.19600000000000015,0.29999999999999893,0.0,0.005713611111111122,2.239035069694763,1.0,
first_repeat_144,sonnet,0.2,Oracle,equal_call_budget,0.3,0.29999999999999893,0.19600000000000015,0.29999999999999893,0.0,0.0030461444444444415,2.4835385975790127,1.0,
first_repeat_144,lite,0.2,Oracle,equal_call_budget,0.3,0.29999999999999893,0.19600000000000015,0.28611111111111137,0.01388888888888885,0.001242125833333331,1.4235354190996283,0.9537037037037079,
first_repeat_144,luna,0.2,Oracle,equal_call_budget,0.3,0.29999999999999893,0.19600000000000015,0.29999999999999893,0.0,0.00022765611111111124,2.160108895220205,1.0,
first_repeat_144,qwen_local,0.2,Oracle,equal_call_budget,0.3,0.29999999999999893,0.19600000000000015,0.29722222222222283,0.002777777777777768,0.0,40.08332860306455,0.9907407407407463,
first_repeat_144,baseline,0.2,Oracle,equal_call_budget,0.4,0.4000000000000003,0.15399999999999994,0.255555555555555,0.1444444444444449,0.00015786222222222168,0.6924682435450231,0.638888888888887,
first_repeat_144,opus,0.2,Oracle,equal_call_budget,0.4,0.4000000000000003,0.15399999999999994,0.40000000000000036,-5.551115123125783e-17,0.006978777777777809,2.876685131023012,1.0000000000000002,
first_repeat_144,pro,0.2,Oracle,equal_call_budget,0.4,0.4000000000000003,0.15399999999999994,0.40000000000000036,-5.551115123125783e-17,0.009815422222222207,5.758406287967224,1.0000000000000002,
first_repeat_144,astra,0.2,Oracle,equal_call_budget,0.4,0.4000000000000003,0.15399999999999994,0.40000000000000036,-5.551115123125783e-17,0.007691527777777802,2.9924843537026056,1.0000000000000002,
first_repeat_144,sonnet,0.2,Oracle,equal_call_budget,0.4,0.4000000000000003,0.15399999999999994,0.40000000000000036,-5.551115123125783e-17,0.0042425111111110995,3.481573566659872,1.0000000000000002,
first_repeat_144,lite,0.2,Oracle,equal_call_budget,0.4,0.4000000000000003,0.15399999999999994,0.3777777777777789,0.022222222222222154,0.001656769999999995,1.8765279347361505,0.9444444444444465,
first_repeat_144,luna,0.2,Oracle,equal_call_budget,0.4,0.4000000000000003,0.15399999999999994,0.40000000000000036,-5.551115123125783e-17,0.00031260611111111206,2.953506393477129,1.0000000000000002,
first_repeat_144,qwen_local,0.2,Oracle,equal_call_budget,0.4,0.4000000000000003,0.15399999999999994,0.3888888888888872,0.011111111111111086,0.0,54.081533424928985,0.9722222222222172,
first_repeat_144,baseline,0.2,Oracle,equal_call_budget,0.5,0.5,0.11700000000000058,0.3166666666666682,0.1833333333333331,0.0001963777777777774,0.8621053655314952,0.6333333333333364,
first_repeat_144,opus,0.2,Oracle,equal_call_budget,0.5,0.5,0.11700000000000058,0.5000000000000001,-1.1102230246251565e-16,0.008640874999999994,3.5527227796258414,1.0000000000000002,
first_repeat_144,pro,0.2,Oracle,equal_call_budget,0.5,0.5,0.11700000000000058,0.5000000000000001,-1.1102230246251565e-16,0.012801594444444408,7.421344351754901,1.0000000000000002,
first_repeat_144,astra,0.2,Oracle,equal_call_budget,0.5,0.5,0.11700000000000058,0.5000000000000001,-1.1102230246251565e-16,0.009727437500000033,3.7866515815962907,1.0000000000000002,
first_repeat_144,sonnet,0.2,Oracle,equal_call_budget,0.5,0.5,0.11700000000000058,0.5000000000000001,-1.1102230246251565e-16,0.005610461111111108,4.6281867019612255,1.0000000000000002,
first_repeat_144,lite,0.2,Oracle,equal_call_budget,0.5,0.5,0.11700000000000058,0.4777777777777755,0.022222222222222154,0.0020921277777777823,2.3522667564988597,0.955555555555551,
first_repeat_144,luna,0.2,Oracle,equal_call_budget,0.5,0.5,0.11700000000000058,0.5000000000000001,-1.1102230246251565e-16,0.0003837170833333323,3.5867256962616563,1.0000000000000002,
first_repeat_144,qwen_local,0.2,Oracle,equal_call_budget,0.5,0.5,0.11700000000000058,0.4888888888888899,0.011111111111111086,0.0,66.0974396047986,0.9777777777777799,
first_repeat_144,baseline,0.2,Oracle,equal_call_budget,0.6,0.5999999999999979,0.08200000000000034,0.3805555555555554,0.2194444444444439,0.00023538555555555583,1.0299655822034588,0.6342592592592613,
first_repeat_144,opus,0.2,Oracle,equal_call_budget,0.6,0.5999999999999979,0.08200000000000034,0.5999999999999979,0.0,0.010444986111111111,4.287830547925043,1.0,
first_repeat_144,pro,0.2,Oracle,equal_call_budget,0.6,0.5999999999999979,0.08200000000000034,0.5999999999999979,0.0,0.01580849444444443,9.055848461832527,1.0,
first_repeat_144,astra,0.2,Oracle,equal_call_budget,0.6,0.5999999999999979,0.08200000000000034,0.5999999999999979,0.0,0.011810104166666655,4.590836069333844,1.0,
first_repeat_144,sonnet,0.2,Oracle,equal_call_budget,0.6,0.5999999999999979,0.08200000000000034,0.5999999999999979,0.0,0.007009244444444447,5.8028162509202925,1.0,
first_repeat_144,lite,0.2,Oracle,equal_call_budget,0.6,0.5999999999999979,0.08200000000000034,0.5777777777777796,0.022222222222222143,0.0025386444444444487,2.840253708818143,0.9629629629629695,
first_repeat_144,luna,0.2,Oracle,equal_call_budget,0.6,0.5999999999999979,0.08200000000000034,0.5999999999999979,0.0,0.0004591170833333343,4.249161478670764,1.0,
first_repeat_144,qwen_local,0.2,Oracle,equal_call_budget,0.6,0.5999999999999979,0.08200000000000034,0.5888888888888887,0.011111111111111072,0.0,79.13908299740469,0.9814814814814846,
first_repeat_144,baseline,0.2,Oracle,equal_call_budget,0.7,0.7000000000000008,0.05499999999999984,0.4472222222222228,0.2527777777777782,0.0002739522222222212,1.20146122770643,0.638888888888889,
first_repeat_144,opus,0.2,Oracle,equal_call_budget,0.7,0.7000000000000008,0.05499999999999984,0.7000000000000008,0.0,0.012219736111111146,5.006956191336372,1.0,
first_repeat_144,pro,0.2,Oracle,equal_call_budget,0.7,0.7000000000000008,0.05499999999999984,0.7000000000000008,0.0,0.01892311111111103,10.79676139896877,1.0,
first_repeat_144,astra,0.2,Oracle,equal_call_budget,0.7,0.7000000000000008,0.05499999999999984,0.7000000000000008,0.0,0.014204312499999984,5.58811325337999,1.0,
first_repeat_144,sonnet,0.2,Oracle,equal_call_budget,0.7,0.7000000000000008,0.05499999999999984,0.7000000000000008,0.0,0.008735811111111104,7.244951046741336,1.0,
first_repeat_144,lite,0.2,Oracle,equal_call_budget,0.7,0.7000000000000008,0.05499999999999984,0.6777777777777773,0.022222222222222143,0.0029854669444444506,3.333328865068812,0.9682539682539664,
first_repeat_144,luna,0.2,Oracle,equal_call_budget,0.7,0.7000000000000008,0.05499999999999984,0.7000000000000008,0.0,0.0005356312500000012,4.923657522439156,1.0,
first_repeat_144,qwen_local,0.2,Oracle,equal_call_budget,0.7,0.7000000000000008,0.05499999999999984,0.6805555555555561,0.019444444444444375,0.0,92.3859306272719,0.9722222222222219,
first_repeat_144,baseline,0.2,Oracle,equal_call_budget,0.8,0.8000000000000006,0.030999999999999917,0.51111111111111,0.2888888888888898,0.0003136499999999991,1.3733919369697107,0.638888888888887,
first_repeat_144,opus,0.2,Oracle,equal_call_budget,0.8,0.8000000000000006,0.030999999999999917,0.8000000000000006,0.0,0.013987069444444482,5.718649213446748,1.0,
first_repeat_144,pro,0.2,Oracle,equal_call_budget,0.8,0.8000000000000006,0.030999999999999917,0.8000000000000006,0.0,0.02183962222222216,12.468201230097742,1.0,
first_repeat_144,astra,0.2,Oracle,equal_call_budget,0.8,0.8000000000000006,0.030999999999999917,0.8000000000000006,0.0,0.01637547222222224,6.444819627334914,1.0,
first_repeat_144,sonnet,0.2,Oracle,equal_call_budget,0.8,0.8000000000000006,0.030999999999999917,0.7972222222222196,0.002777777777777768,0.01051654999999998,8.732269766062702,0.9965277777777738,
first_repeat_144,lite,0.2,Oracle,equal_call_budget,0.8,0.8000000000000006,0.030999999999999917,0.7777777777777743,0.02222222222222217,0.0034283036111111198,3.825144311943516,0.9722222222222172,
first_repeat_144,luna,0.2,Oracle,equal_call_budget,0.8,0.8000000000000006,0.030999999999999917,0.7972222222222196,0.002777777777777768,0.0006141811111111116,5.646222552190819,0.9965277777777738,
first_repeat_144,qwen_local,0.2,Oracle,equal_call_budget,0.8,0.8000000000000006,0.030999999999999917,0.7777777777777743,0.02222222222222217,0.0,105.48406617913024,0.9722222222222172,
first_repeat_144,baseline,0.2,Oracle,equal_call_budget,0.9,0.9000000000000032,0.009999999999999998,0.5694444444444432,0.33055555555555544,0.0003515533333333329,1.5323642505197008,0.6327160493827124,
first_repeat_144,opus,0.2,Oracle,equal_call_budget,0.9,0.9000000000000032,0.009999999999999998,0.9000000000000032,-1.1102230246251565e-16,0.01570011111111114,6.3941705169214345,1.0,
first_repeat_144,pro,0.2,Oracle,equal_call_budget,0.9,0.9000000000000032,0.009999999999999998,0.9000000000000032,-1.1102230246251565e-16,0.024885822222222152,14.237936614133599,1.0,
first_repeat_144,astra,0.2,Oracle,equal_call_budget,0.9,0.9000000000000032,0.009999999999999998,0.9000000000000032,-1.1102230246251565e-16,0.01830976388888893,7.187013902671668,1.0,
first_repeat_144,sonnet,0.2,Oracle,equal_call_budget,0.9,0.9000000000000032,0.009999999999999998,0.897222222222221,0.002777777777777657,0.012053100000000004,10.04012913757214,0.9969135802469087,
first_repeat_144,lite,0.2,Oracle,equal_call_budget,0.9,0.9000000000000032,0.009999999999999998,0.8777777777777755,0.022222222222222143,0.0038505136111111064,4.296366998049473,0.9753086419753026,
first_repeat_144,luna,0.2,Oracle,equal_call_budget,0.9,0.9000000000000032,0.009999999999999998,0.8888888888888864,0.011111111111111021,0.0006949069444444445,6.418554672679665,0.987654320987648,
first_repeat_144,qwen_local,0.2,Oracle,equal_call_budget,0.9,0.9000000000000032,0.009999999999999998,0.8777777777777755,0.022222222222222143,0.0,118.90454398399014,0.9753086419753026,
first_repeat_144,baseline,0.2,Oracle,equal_call_budget,1.0,0.9999999999999999,0.0,0.6388888888888866,0.3611111111111127,0.00039228777777777784,1.7068663816504566,0.6388888888888867,
first_repeat_144,opus,0.2,Oracle,equal_call_budget,1.0,0.9999999999999999,0.0,0.9999999999999999,0.0,0.017291416666666667,7.040562159170333,1.0,
first_repeat_144,pro,0.2,Oracle,equal_call_budget,1.0,0.9999999999999999,0.0,0.9999999999999999,0.0,0.027417877777777693,15.684650275938427,1.0,
first_repeat_144,astra,0.2,Oracle,equal_call_budget,1.0,0.9999999999999999,0.0,0.9999999999999999,0.0,0.020208888888888932,7.941474689473369,1.0,
first_repeat_144,sonnet,0.2,Oracle,equal_call_budget,1.0,0.9999999999999999,0.0,0.9944444444444419,0.005555555555555536,0.012989288888888917,10.782517477379102,0.994444444444442,
first_repeat_144,lite,0.2,Oracle,equal_call_budget,1.0,0.9999999999999999,0.0,0.9777777777777799,0.02222222222222217,0.004341425277777786,4.826221709380888,0.97777777777778,
first_repeat_144,luna,0.2,Oracle,equal_call_budget,1.0,0.9999999999999999,0.0,0.9861111111111137,0.01388888888888884,0.0007694555555555567,7.1056173842594195,0.9861111111111138,
first_repeat_144,qwen_local,0.2,Oracle,equal_call_budget,1.0,0.9999999999999999,0.0,0.9777777777777799,0.02222222222222217,0.0,132.75001606501218,0.97777777777778,
first_repeat_144,baseline,0.2,Raw,threshold,0.4,0.0,0.35399999999999937,0.0,0.0,0.0,0.0,,
first_repeat_144,opus,0.2,Raw,threshold,0.4,0.0,0.35399999999999937,0.0,0.0,0.0,0.0,,
first_repeat_144,pro,0.2,Raw,threshold,0.4,0.0,0.35399999999999937,0.0,0.0,0.0,0.0,,
first_repeat_144,astra,0.2,Raw,threshold,0.4,0.0,0.35399999999999937,0.0,0.0,0.0,0.0,,
first_repeat_144,sonnet,0.2,Raw,threshold,0.4,0.0,0.35399999999999937,0.0,0.0,0.0,0.0,,
first_repeat_144,lite,0.2,Raw,threshold,0.4,0.0,0.35399999999999937,0.0,0.0,0.0,0.0,,
first_repeat_144,luna,0.2,Raw,threshold,0.4,0.0,0.35399999999999937,0.0,0.0,0.0,0.0,,
first_repeat_144,qwen_local,0.2,Raw,threshold,0.4,0.0,0.35399999999999937,0.0,0.0,0.0,0.0,,
first_repeat_144,baseline,0.2,Raw,threshold,0.6,0.166666666666667,0.2730000000000012,0.09444444444444472,0.07222222222222245,6.890000000000017e-05,0.31789661781383705,0.5666666666666672,
first_repeat_144,opus,0.2,Raw,threshold,0.6,0.166666666666667,0.2730000000000012,0.166666666666667,0.0,0.002971541666666677,1.205002648378858,1.0,
first_repeat_144,pro,0.2,Raw,threshold,0.6,0.166666666666667,0.2730000000000012,0.166666666666667,0.0,0.004451650000000006,2.6474809077471355,1.0,
first_repeat_144,astra,0.2,Raw,threshold,0.6,0.166666666666667,0.2730000000000012,0.166666666666667,0.0,0.0033012569444444556,1.321198318865696,1.0,
first_repeat_144,sonnet,0.2,Raw,threshold,0.6,0.166666666666667,0.2730000000000012,0.166666666666667,0.0,0.0018806722222222164,1.5501317427105608,1.0,
first_repeat_144,lite,0.2,Raw,threshold,0.6,0.166666666666667,0.2730000000000012,0.15555555555555517,0.011111111111111077,0.0006615744444444417,0.7558112893531664,0.9333333333333292,
first_repeat_144,luna,0.2,Raw,threshold,0.6,0.166666666666667,0.2730000000000012,0.166666666666667,0.0,0.00011566236111111131,1.0980291575995402,1.0,
first_repeat_144,qwen_local,0.2,Raw,threshold,0.6,0.166666666666667,0.2730000000000012,0.166666666666667,0.0,0.0,22.96185489995524,1.0,
first_repeat_144,baseline,0.2,Raw,threshold,0.7,0.5,0.12999999999999984,0.31388888888888966,0.18611111111111062,0.0002006822222222225,0.8767566944595419,0.6277777777777793,
first_repeat_144,opus,0.2,Raw,threshold,0.7,0.5,0.12999999999999984,0.5,0.0,0.008508500000000018,3.444228931716257,1.0,
first_repeat_144,pro,0.2,Raw,threshold,0.7,0.5,0.12999999999999984,0.5,0.0,0.013001511111111117,7.468092677572181,1.0,
first_repeat_144,astra,0.2,Raw,threshold,0.7,0.5,0.12999999999999984,0.5,0.0,0.009901208333333366,3.8631195781506547,1.0,
first_repeat_144,sonnet,0.2,Raw,threshold,0.7,0.5,0.12999999999999984,0.49722222222222096,0.002777777777777768,0.00610712222222221,5.042756955690378,0.9944444444444419,
first_repeat_144,lite,0.2,Raw,threshold,0.7,0.5,0.12999999999999984,0.4888888888888899,0.011111111111111122,0.0021389447222222155,2.406646520725261,0.9777777777777799,
first_repeat_144,luna,0.2,Raw,threshold,0.7,0.5,0.12999999999999984,0.5,0.0,0.0003719869444444441,3.4315871226607766,1.0,
first_repeat_144,qwen_local,0.2,Raw,threshold,0.7,0.5,0.12999999999999984,0.5,0.0,0.0,64.68383697520167,1.0,
first_repeat_144,baseline,0.2,Raw,threshold,0.8,0.666666666666668,0.06799999999999976,0.42499999999999843,0.241666666666667,0.0002630766666666672,1.148807619006326,0.6374999999999964,
first_repeat_144,opus,0.2,Raw,threshold,0.8,0.666666666666668,0.06799999999999976,0.666666666666668,0.0,0.01158668055555553,4.746996038666446,1.0,
first_repeat_144,pro,0.2,Raw,threshold,0.8,0.666666666666668,0.06799999999999976,0.666666666666668,0.0,0.017732549999999948,10.15777788729298,1.0,
first_repeat_144,astra,0.2,Raw,threshold,0.8,0.666666666666668,0.06799999999999976,0.666666666666668,0.0,0.013180555555555534,5.1278466417803585,1.0,
first_repeat_144,sonnet,0.2,Raw,threshold,0.8,0.666666666666668,0.06799999999999976,0.6638888888888907,0.002777777777777768,0.0079806166666667,6.588188793976525,0.9958333333333342,
first_repeat_144,lite,0.2,Raw,threshold,0.8,0.666666666666668,0.06799999999999976,0.6444444444444454,0.02222222222222217,0.002848623055555555,3.178424492145948,0.9666666666666662,
first_repeat_144,luna,0.2,Raw,threshold,0.8,0.666666666666668,0.06799999999999976,0.666666666666668,0.0,0.0005117922222222234,4.732369891862618,1.0,
first_repeat_144,qwen_local,0.2,Raw,threshold,0.8,0.666666666666668,0.06799999999999976,0.6555555555555544,0.011111111111111122,0.0,88.04189697264019,0.9833333333333297,
first_repeat_144,baseline,0.2,Raw,threshold,0.9,0.8333333333333341,0.03699999999999994,0.5250000000000017,0.30833333333333185,0.00032703777777777656,1.4194375087112625,0.6300000000000014,
first_repeat_144,opus,0.2,Raw,threshold,0.9,0.8333333333333341,0.03699999999999994,0.8333333333333341,0.0,0.014373638888888875,5.852132615644304,1.0,
first_repeat_144,pro,0.2,Raw,threshold,0.9,0.8333333333333341,0.03699999999999994,0.8333333333333341,0.0,0.02244778333333335,12.891668513814285,1.0,
first_repeat_144,astra,0.2,Raw,threshold,0.9,0.8333333333333341,0.03699999999999994,0.8333333333333341,0.0,0.01634247222222218,6.347794458542996,1.0,
first_repeat_144,sonnet,0.2,Raw,threshold,0.9,0.8333333333333341,0.03699999999999994,0.8305555555555513,0.002777777777777768,0.010309316666666622,8.555016000777801,0.9966666666666606,
first_repeat_144,lite,0.2,Raw,threshold,0.9,0.8333333333333341,0.03699999999999994,0.8111111111111114,0.02222222222222217,0.003584586111111119,3.996667867253478,0.9733333333333328,
first_repeat_144,luna,0.2,Raw,threshold,0.9,0.8333333333333341,0.03699999999999994,0.8194444444444461,0.01388888888888884,0.000642692777777776,5.973307050204466,0.9833333333333344,
first_repeat_144,qwen_local,0.2,Raw,threshold,0.9,0.8333333333333341,0.03699999999999994,0.8222222222222227,0.011111111111111122,0.0,110.3421365044692,0.9866666666666664,
first_repeat_144,baseline,0.2,Raw,equal_call_budget,0.0,0.0,0.35399999999999937,0.0,0.0,0.0,0.0,,
first_repeat_144,opus,0.2,Raw,equal_call_budget,0.0,0.0,0.35399999999999937,0.0,0.0,0.0,0.0,,
first_repeat_144,pro,0.2,Raw,equal_call_budget,0.0,0.0,0.35399999999999937,0.0,0.0,0.0,0.0,,
first_repeat_144,astra,0.2,Raw,equal_call_budget,0.0,0.0,0.35399999999999937,0.0,0.0,0.0,0.0,,
first_repeat_144,sonnet,0.2,Raw,equal_call_budget,0.0,0.0,0.35399999999999937,0.0,0.0,0.0,0.0,,
first_repeat_144,lite,0.2,Raw,equal_call_budget,0.0,0.0,0.35399999999999937,0.0,0.0,0.0,0.0,,
first_repeat_144,luna,0.2,Raw,equal_call_budget,0.0,0.0,0.35399999999999937,0.0,0.0,0.0,0.0,,
first_repeat_144,qwen_local,0.2,Raw,equal_call_budget,0.0,0.0,0.35399999999999937,0.0,0.0,0.0,0.0,,
first_repeat_144,baseline,0.2,Raw,equal_call_budget,0.1,0.10000000000000009,0.30539999999999917,0.05666666666666665,0.043333333333333196,4.134000000000001e-05,0.19073797068830328,0.566666666666666,
first_repeat_144,opus,0.2,Raw,equal_call_budget,0.1,0.10000000000000009,0.30539999999999917,0.10000000000000009,0.0,0.0017829249999999947,0.7230015890273097,1.0,
first_repeat_144,pro,0.2,Raw,equal_call_budget,0.1,0.10000000000000009,0.30539999999999917,0.10000000000000009,0.0,0.0026709899999999977,1.5884885446482757,1.0,
first_repeat_144,astra,0.2,Raw,equal_call_budget,0.1,0.10000000000000009,0.30539999999999917,0.10000000000000009,0.0,0.0019807541666666583,0.7927189913194178,1.0,
first_repeat_144,sonnet,0.2,Raw,equal_call_budget,0.1,0.10000000000000009,0.30539999999999917,0.10000000000000009,0.0,0.0011284033333333332,0.9300790456263354,1.0,
first_repeat_144,lite,0.2,Raw,equal_call_budget,0.1,0.10000000000000009,0.30539999999999917,0.09333333333333363,0.006666666666666662,0.0003969446666666668,0.45348677361189976,0.9333333333333355,
first_repeat_144,luna,0.2,Raw,equal_call_budget,0.1,0.10000000000000009,0.30539999999999917,0.10000000000000009,0.0,6.93974166666669e-05,0.6588174945597243,1.0,
first_repeat_144,qwen_local,0.2,Raw,equal_call_budget,0.1,0.10000000000000009,0.30539999999999917,0.10000000000000009,0.0,0.0,13.777112939973163,1.0,
first_repeat_144,baseline,0.2,Raw,equal_call_budget,0.2,0.20000000000000015,0.2556000000000007,0.11611111111111087,0.08388888888888917,8.198199999999993e-05,0.37264485004319203,0.5805555555555539,
first_repeat_144,opus,0.2,Raw,equal_call_budget,0.2,0.20000000000000015,0.2556000000000007,0.20000000000000015,0.0,0.0035007638888888775,1.4164039781009268,1.0,
first_repeat_144,pro,0.2,Raw,equal_call_budget,0.2,0.20000000000000015,0.2556000000000007,0.20000000000000015,0.0,0.0052429477777777836,3.1000117546714496,1.0,
first_repeat_144,astra,0.2,Raw,equal_call_budget,0.2,0.20000000000000015,0.2556000000000007,0.20000000000000015,0.0,0.0039606097222222286,1.5777843405377499,1.0,
first_repeat_144,sonnet,0.2,Raw,equal_call_budget,0.2,0.20000000000000015,0.2556000000000007,0.20000000000000015,0.0,0.0021586666666666577,1.771896134077358,1.0,
first_repeat_144,lite,0.2,Raw,equal_call_budget,0.2,0.20000000000000015,0.2556000000000007,0.18888888888888944,0.011111111111111077,0.0008027935555555528,0.9184783144453068,0.9444444444444465,
first_repeat_144,luna,0.2,Raw,equal_call_budget,0.2,0.20000000000000015,0.2556000000000007,0.20000000000000015,0.0,0.00014176941666666645,1.3372482844065718,1.0,
first_repeat_144,qwen_local,0.2,Raw,equal_call_budget,0.2,0.20000000000000015,0.2556000000000007,0.20000000000000015,0.0,0.0,27.15227438851799,1.0,
first_repeat_144,baseline,0.2,Raw,equal_call_budget,0.3,0.29999999999999893,0.2033999999999999,0.18111111111111142,0.1188888888888894,0.00012122800000000015,0.5368895467312558,0.6037037037037069,
first_repeat_144,opus,0.2,Raw,equal_call_budget,0.3,0.29999999999999893,0.2033999999999999,0.29999999999999893,0.0,0.005088430555555547,2.0506079672671427,1.0,
first_repeat_144,pro,0.2,Raw,equal_call_budget,0.3,0.29999999999999893,0.2033999999999999,0.29999999999999893,0.0,0.007616841111111106,4.457604295444404,1.0,
first_repeat_144,astra,0.2,Raw,equal_call_budget,0.3,0.29999999999999893,0.2033999999999999,0.29999999999999893,0.0,0.005938668055555545,2.347542405553907,1.0,
first_repeat_144,sonnet,0.2,Raw,equal_call_budget,0.3,0.29999999999999893,0.2033999999999999,0.29999999999999893,0.0,0.0029926499999999977,2.4371893081777793,1.0,
first_repeat_144,lite,0.2,Raw,equal_call_budget,0.3,0.29999999999999893,0.2033999999999999,0.2888888888888898,0.011111111111111086,0.0012264508888888916,1.4064793897217098,0.9629629629629695,
first_repeat_144,luna,0.2,Raw,equal_call_budget,0.3,0.29999999999999893,0.2033999999999999,0.29999999999999893,0.0,0.0002200905833333327,2.0549056648276816,1.0,
first_repeat_144,qwen_local,0.2,Raw,equal_call_budget,0.3,0.29999999999999893,0.2033999999999999,0.29999999999999893,0.0,0.0,39.72353285420626,1.0,
first_repeat_144,baseline,0.2,Raw,equal_call_budget,0.4,0.4000000000000003,0.16359999999999963,0.2472222222222218,0.15277777777777835,0.00016085888888888917,0.7056853451601789,0.618055555555554,
first_repeat_144,opus,0.2,Raw,equal_call_budget,0.4,0.4000000000000003,0.16359999999999963,0.4000000000000003,0.0,0.0067739916666666854,2.7348971508800384,1.0,
first_repeat_144,pro,0.2,Raw,equal_call_budget,0.4,0.4000000000000003,0.16359999999999963,0.4000000000000003,0.0,0.010245487777777777,5.933318156450088,1.0,
first_repeat_144,astra,0.2,Raw,equal_call_budget,0.4,0.4000000000000003,0.16359999999999963,0.4000000000000003,0.0,0.007919295833333341,3.10772488759585,1.0,
first_repeat_144,sonnet,0.2,Raw,equal_call_budget,0.4,0.4000000000000003,0.16359999999999963,0.3988888888888898,0.0011111111111111183,0.004405235555555578,3.612475002002914,0.9972222222222238,
first_repeat_144,lite,0.2,Raw,equal_call_budget,0.4,0.4000000000000003,0.16359999999999963,0.3888888888888872,0.011111111111111086,0.00167617988888889,1.9041464571784135,0.9722222222222172,
first_repeat_144,luna,0.2,Raw,equal_call_budget,0.4,0.4000000000000003,0.16359999999999963,0.4000000000000003,0.0,0.00029651336111111143,2.7491097240451334,1.0,
first_repeat_144,qwen_local,0.2,Raw,equal_call_budget,0.4,0.4000000000000003,0.16359999999999963,0.4000000000000003,0.0,0.0,52.22190619574199,1.0,
first_repeat_144,baseline,0.2,Raw,equal_call_budget,0.5,0.5,0.12999999999999984,0.31388888888888966,0.18611111111111062,0.0002006822222222225,0.8767566944595419,0.6277777777777793,
first_repeat_144,opus,0.2,Raw,equal_call_budget,0.5,0.5,0.12999999999999984,0.5,0.0,0.008508500000000018,3.444228931716257,1.0,
first_repeat_144,pro,0.2,Raw,equal_call_budget,0.5,0.5,0.12999999999999984,0.5,0.0,0.01300151111111112,7.468092677572181,1.0,
first_repeat_144,astra,0.2,Raw,equal_call_budget,0.5,0.5,0.12999999999999984,0.5,0.0,0.009901208333333366,3.8631195781506547,1.0,
first_repeat_144,sonnet,0.2,Raw,equal_call_budget,0.5,0.5,0.12999999999999984,0.49722222222222096,0.002777777777777768,0.00610712222222221,5.042756955690378,0.9944444444444419,
first_repeat_144,lite,0.2,Raw,equal_call_budget,0.5,0.5,0.12999999999999984,0.4888888888888899,0.011111111111111072,0.0021389447222222155,2.406646520725261,0.9777777777777799,
first_repeat_144,luna,0.2,Raw,equal_call_budget,0.5,0.5,0.12999999999999984,0.5,0.0,0.0003719869444444441,3.4315871226607766,1.0,
first_repeat_144,qwen_local,0.2,Raw,equal_call_budget,0.5,0.5,0.12999999999999984,0.5,0.0,0.0,64.68383697520174,1.0,
first_repeat_144,baseline,0.2,Raw,equal_call_budget,0.6,0.5999999999999979,0.09280000000000013,0.3805555555555554,0.21944444444444386,0.00023811888888888857,1.039987249187611,0.6342592592592613,
first_repeat_144,opus,0.2,Raw,equal_call_budget,0.6,0.5999999999999979,0.09280000000000013,0.5999999999999979,0.0,0.01035540833333331,4.225889195886348,1.0,
first_repeat_144,pro,0.2,Raw,equal_call_budget,0.6,0.5999999999999979,0.09280000000000013,0.5999999999999979,0.0,0.015840134444444428,9.081903803404662,1.0,
first_repeat_144,astra,0.2,Raw,equal_call_budget,0.6,0.5999999999999979,0.09280000000000013,0.5999999999999979,0.0,0.011868816666666655,4.6219558163284935,1.0,
first_repeat_144,sonnet,0.2,Raw,equal_call_budget,0.6,0.5999999999999979,0.09280000000000013,0.5972222222222248,0.002777777777777768,0.007231218888888856,5.97001605866207,0.9953703703703781,
first_repeat_144,lite,0.2,Raw,equal_call_budget,0.6,0.5999999999999979,0.09280000000000013,0.5822222222222243,0.017777777777777767,0.002564751722222215,2.869713303577669,0.9703703703703773,
first_repeat_144,luna,0.2,Raw,equal_call_budget,0.6,0.5999999999999979,0.09280000000000013,0.5999999999999979,0.0,0.0004558701111111127,4.212056784181871,1.0,
first_repeat_144,qwen_local,0.2,Raw,equal_call_budget,0.6,0.5999999999999979,0.09280000000000013,0.5933333333333336,0.006666666666666599,0.0,78.69867297366507,0.9888888888888928,
first_repeat_144,baseline,0.2,Raw,equal_call_budget,0.7,0.7000000000000008,0.06179999999999988,0.44499999999999823,0.2550000000000007,0.00027586888888888976,1.2029335969473054,0.6357142857142825,
first_repeat_144,opus,0.2,Raw,equal_call_budget,0.7,0.7000000000000008,0.06179999999999988,0.7000000000000008,0.0,0.01214407222222218,4.968023354061991,1.0,
first_repeat_144,pro,0.2,Raw,equal_call_budget,0.7,0.7000000000000008,0.06179999999999988,0.7000000000000008,0.0,0.018675596666666714,10.704556012597308,1.0,
first_repeat_144,astra,0.2,Raw,equal_call_budget,0.7,0.7000000000000008,0.06179999999999988,0.7000000000000008,0.0,0.013812938888888893,5.3718362051328965,1.0,
first_repeat_144,sonnet,0.2,Raw,equal_call_budget,0.7,0.7000000000000008,0.06179999999999988,0.6972222222222227,0.002777777777777768,0.00844635666666665,6.981554235336736,0.9960317460317456,
first_repeat_144,lite,0.2,Raw,equal_call_budget,0.7,0.7000000000000008,0.06179999999999988,0.6777777777777773,0.02222222222222217,0.002995815666666667,3.3420731671674377,0.9682539682539664,
first_repeat_144,luna,0.2,Raw,equal_call_budget,0.7,0.7000000000000008,0.06179999999999988,0.6972222222222227,0.002777777777777768,0.0005379723333333318,4.980557323531,0.9960317460317456,
first_repeat_144,qwen_local,0.2,Raw,equal_call_budget,0.7,0.7000000000000008,0.06179999999999988,0.688888888888887,0.011111111111111122,0.0,92.50194487900602,0.9841269841269802,
first_repeat_144,baseline,0.2,Raw,equal_call_budget,0.8,0.8000000000000007,0.04319999999999991,0.504999999999999,0.2950000000000012,0.0003142455555555562,1.36531153077027,0.6312499999999982,
first_repeat_144,opus,0.2,Raw,equal_call_budget,0.8,0.8000000000000007,0.04319999999999991,0.8000000000000007,0.0,0.013816247222222206,5.631105300248713,1.0,
first_repeat_144,pro,0.2,Raw,equal_call_budget,0.8,0.8000000000000007,0.04319999999999991,0.8000000000000007,0.0,0.021504736666666607,12.344890388510072,1.0,
first_repeat_144,astra,0.2,Raw,equal_call_budget,0.8,0.8000000000000007,0.04319999999999991,0.8000000000000007,0.0,0.01571008888888892,6.1038048951904775,1.0,
first_repeat_144,sonnet,0.2,Raw,equal_call_budget,0.8,0.8000000000000007,0.04319999999999991,0.7972222222222196,0.002777777777777768,0.009843576666666683,8.161650559417485,0.9965277777777737,
first_repeat_144,lite,0.2,Raw,equal_call_budget,0.8,0.8000000000000007,0.04319999999999991,0.7777777777777743,0.02222222222222217,0.0034373935000000123,3.833019192231973,0.9722222222222171,
first_repeat_144,luna,0.2,Raw,equal_call_budget,0.8,0.8000000000000007,0.04319999999999991,0.7888888888888909,0.011111111111111122,0.000616512666666666,5.72511961853613,0.9861111111111127,
first_repeat_144,qwen_local,0.2,Raw,equal_call_budget,0.8,0.8000000000000007,0.04319999999999991,0.7888888888888909,0.011111111111111122,0.0,105.88208859810297,0.9861111111111127,
first_repeat_144,baseline,0.2,Raw,equal_call_budget,0.9,0.9000000000000032,0.022199999999999873,0.5705555555555569,0.3294444444444428,0.00035313777777777654,1.534409057886933,0.6339506172839499,
first_repeat_144,opus,0.2,Raw,equal_call_budget,0.9,0.9000000000000032,0.022199999999999873,0.9000000000000032,-1.1102230246251565e-16,0.015540749999999994,6.327504433054703,1.0,
first_repeat_144,pro,0.2,Raw,equal_call_budget,0.9,0.9000000000000032,0.022199999999999873,0.9000000000000032,-1.1102230246251565e-16,0.024435821111111092,14.008861218663995,1.0,
first_repeat_144,astra,0.2,Raw,equal_call_budget,0.9,0.9000000000000032,0.022199999999999873,0.9000000000000032,-1.1102230246251565e-16,0.017889038888888844,6.9852665509151795,1.0,
first_repeat_144,sonnet,0.2,Raw,equal_call_budget,0.9,0.9000000000000032,0.022199999999999873,0.896111111111111,0.0038888888888888307,0.011381305555555596,9.44601659141834,0.9956790123456752,
first_repeat_144,lite,0.2,Raw,equal_call_budget,0.9,0.9000000000000032,0.022199999999999873,0.8777777777777755,0.022222222222222143,0.003887321777777764,4.32848940410443,0.9753086419753026,
first_repeat_144,luna,0.2,Raw,equal_call_budget,0.9,0.9000000000000032,0.022199999999999873,0.8861111111111122,0.0138888888888888,0.0006933978888888908,6.426231183826461,0.9845679012345655,
first_repeat_144,qwen_local,0.2,Raw,equal_call_budget,0.9,0.9000000000000032,0.022199999999999873,0.8844444444444464,0.015555555555555465,0.0,119.30528832868629,0.9827160493827146,
first_repeat_144,baseline,0.2,Raw,equal_call_budget,1.0,0.9999999999999999,0.0,0.6388888888888866,0.3611111111111127,0.00039228777777777784,1.7068663816504566,0.6388888888888867,
first_repeat_144,opus,0.2,Raw,equal_call_budget,1.0,0.9999999999999999,0.0,0.9999999999999999,0.0,0.017291416666666667,7.040562159170333,1.0,
first_repeat_144,pro,0.2,Raw,equal_call_budget,1.0,0.9999999999999999,0.0,0.9999999999999999,0.0,0.027417877777777693,15.684650275938427,1.0,
first_repeat_144,astra,0.2,Raw,equal_call_budget,1.0,0.9999999999999999,0.0,0.9999999999999999,0.0,0.020208888888888932,7.941474689473369,1.0,
first_repeat_144,sonnet,0.2,Raw,equal_call_budget,1.0,0.9999999999999999,0.0,0.9944444444444419,0.005555555555555536,0.012989288888888917,10.782517477379102,0.994444444444442,
first_repeat_144,lite,0.2,Raw,equal_call_budget,1.0,0.9999999999999999,0.0,0.9777777777777799,0.02222222222222217,0.004341425277777786,4.826221709380888,0.97777777777778,
first_repeat_144,luna,0.2,Raw,equal_call_budget,1.0,0.9999999999999999,0.0,0.9861111111111137,0.01388888888888884,0.0007694555555555567,7.1056173842594195,0.9861111111111138,
first_repeat_144,qwen_local,0.2,Raw,equal_call_budget,1.0,0.9999999999999999,0.0,0.9777777777777799,0.02222222222222217,0.0,132.75001606501218,0.97777777777778,
first_repeat_144,baseline,0.2,Regime,threshold,0.4,0.0,0.35399999999999937,0.0,0.0,0.0,0.0,,
first_repeat_144,opus,0.2,Regime,threshold,0.4,0.0,0.35399999999999937,0.0,0.0,0.0,0.0,,
first_repeat_144,pro,0.2,Regime,threshold,0.4,0.0,0.35399999999999937,0.0,0.0,0.0,0.0,,
first_repeat_144,astra,0.2,Regime,threshold,0.4,0.0,0.35399999999999937,0.0,0.0,0.0,0.0,,
first_repeat_144,sonnet,0.2,Regime,threshold,0.4,0.0,0.35399999999999937,0.0,0.0,0.0,0.0,,
first_repeat_144,lite,0.2,Regime,threshold,0.4,0.0,0.35399999999999937,0.0,0.0,0.0,0.0,,
first_repeat_144,luna,0.2,Regime,threshold,0.4,0.0,0.35399999999999937,0.0,0.0,0.0,0.0,,
first_repeat_144,qwen_local,0.2,Regime,threshold,0.4,0.0,0.35399999999999937,0.0,0.0,0.0,0.0,,
first_repeat_144,baseline,0.2,Regime,threshold,0.6,0.1775000000000001,0.26659500000000075,0.10322222222222247,0.07427777777777803,7.271540000000016e-05,0.3301703612049941,0.5815336463223798,
first_repeat_144,opus,0.2,Regime,threshold,0.6,0.1775000000000001,0.26659500000000075,0.1775000000000001,0.0,0.003102860069444453,1.2552085805674706,1.0,
first_repeat_144,pro,0.2,Regime,threshold,0.6,0.1775000000000001,0.26659500000000075,0.1775000000000001,0.0,0.004646926638888897,2.74645009885684,1.0,
first_repeat_144,astra,0.2,Regime,threshold,0.6,0.1775000000000001,0.26659500000000075,0.1775000000000001,0.0,0.0035149849652777896,1.3998052495959354,1.0,
first_repeat_144,sonnet,0.2,Regime,threshold,0.6,0.1775000000000001,0.26659500000000075,0.1775000000000001,0.0,0.0019096829166666634,1.5670414466702065,1.0,
first_repeat_144,lite,0.2,Regime,threshold,0.6,0.1775000000000001,0.26659500000000075,0.16777777777777772,0.009722222222222195,0.0007130357944444431,0.8158685520215498,0.9452269170579021,
first_repeat_144,luna,0.2,Regime,threshold,0.6,0.1775000000000001,0.26659500000000075,0.1775000000000001,0.0,0.0001260062687500003,1.1880336833662808,1.0,
first_repeat_144,qwen_local,0.2,Regime,threshold,0.6,0.1775000000000001,0.26659500000000075,0.1775000000000001,0.0,0.0,24.072521551595404,1.0,
first_repeat_144,baseline,0.2,Regime,threshold,0.7,0.333333333333334,0.18599999999999997,0.20277777777777786,0.13055555555555615,0.00013430999999999955,0.5916377789606062,0.6083333333333324,
first_repeat_144,opus,0.2,Regime,threshold,0.7,0.333333333333334,0.18599999999999997,0.333333333333334,0.0,0.005617652777777795,2.2620092969892207,1.0,
first_repeat_144,pro,0.2,Regime,threshold,0.7,0.333333333333334,0.18599999999999997,0.333333333333334,0.0,0.008408138888888866,4.910135142368721,1.0,
first_repeat_144,astra,0.2,Regime,threshold,0.7,0.333333333333334,0.18599999999999997,0.333333333333334,0.0,0.006598020833333364,2.6041284272259757,1.0,
first_repeat_144,sonnet,0.2,Regime,threshold,0.7,0.333333333333334,0.18599999999999997,0.333333333333334,0.0,0.00327064444444446,2.6589536995445964,1.0,
first_repeat_144,lite,0.2,Regime,threshold,0.7,0.333333333333334,0.18599999999999997,0.3222222222222227,0.011111111111111086,0.0013676699999999938,1.569146414813849,0.9666666666666662,
first_repeat_144,luna,0.2,Regime,threshold,0.7,0.333333333333334,0.18599999999999997,0.333333333333334,0.0,0.00024619763888888963,2.294124791634714,1.0,
first_repeat_144,qwen_local,0.2,Regime,threshold,0.7,0.333333333333334,0.18599999999999997,0.333333333333334,0.0,0.0,43.91395234276869,1.0,
first_repeat_144,baseline,0.2,Regime,threshold,0.8,0.6633333333333347,0.06923999999999976,0.42277777777777614,0.24055555555555588,0.00026182877777777825,1.1433666005153904,0.6373534338358422,
first_repeat_144,opus,0.2,Regime,threshold,0.8,0.6633333333333347,0.06923999999999976,0.6633333333333347,0.0,0.011525116944444422,4.7209406965274425,1.0,
first_repeat_144,pro,0.2,Regime,threshold,0.8,0.6633333333333347,0.06923999999999976,0.6633333333333347,0.0,0.017637929222222175,10.103984183098564,1.0,
first_repeat_144,astra,0.2,Regime,threshold,0.8,0.6633333333333347,0.06923999999999976,0.6633333333333347,0.0,0.013114968611111088,5.102552100507765,1.0,
first_repeat_144,sonnet,0.2,Regime,threshold,0.8,0.6633333333333347,0.06923999999999976,0.6605555555555572,0.002777777777777768,0.00794314677777781,6.5572801572108,0.9958123953098833,
first_repeat_144,lite,0.2,Regime,threshold,0.8,0.6633333333333347,0.06923999999999976,0.6413333333333344,0.02199999999999995,0.0028344294888888884,3.1629889327175347,0.966834170854271,
first_repeat_144,luna,0.2,Regime,threshold,0.8,0.6633333333333347,0.06923999999999976,0.6633333333333347,0.0,0.0005089961166666679,4.70635423647858,1.0,
first_repeat_144,qwen_local,0.2,Regime,threshold,0.8,0.6633333333333347,0.06923999999999976,0.6524444444444433,0.010888888888888901,0.0,87.57473577269143,0.9835845896147366,
first_repeat_144,baseline,0.2,Regime,threshold,0.9,0.8300000000000007,0.037589999999999936,0.5230694444444459,0.3069305555555541,0.00032576499999999886,1.4141089058333352,0.6302041499330668,
first_repeat_144,opus,0.2,Regime,threshold,0.9,0.8300000000000007,0.037589999999999936,0.8300000000000007,0.0,0.01431855381944443,5.830446348937487,1.0,
first_repeat_144,pro,0.2,Regime,threshold,0.9,0.8300000000000007,0.037589999999999936,0.8300000000000007,0.0,0.02235475297222224,12.83728615696187,1.0,
first_repeat_144,astra,0.2,Regime,threshold,0.9,0.8300000000000007,0.037589999999999936,0.8300000000000007,0.0,0.016282756388888847,6.325264164278582,1.0,
first_repeat_144,sonnet,0.2,Regime,threshold,0.9,0.8300000000000007,0.037589999999999936,0.8272083333333292,0.0027916666666666567,0.010264499027777733,8.516982827990775,0.9966365461847331,
first_repeat_144,lite,0.2,Regime,threshold,0.9,0.8300000000000007,0.037589999999999936,0.8077777777777781,0.02222222222222217,0.0035699712305555633,3.9803595520864268,0.9732262382864788,
first_repeat_144,luna,0.2,Regime,threshold,0.9,0.8300000000000007,0.037589999999999936,0.816458333333335,0.013541666666666619,0.0006400540777777761,5.947945172916193,0.9836847389558244,
first_repeat_144,qwen_local,0.2,Regime,threshold,0.9,0.8300000000000007,0.037589999999999936,0.8188333333333339,0.011166666666666675,0.0,109.89666991397618,0.9865461847389556,
first_repeat_144,baseline,0.2,Regime,equal_call_budget,0.0,0.0,0.35399999999999937,0.0,0.0,0.0,0.0,,
first_repeat_144,opus,0.2,Regime,equal_call_budget,0.0,0.0,0.35399999999999937,0.0,0.0,0.0,0.0,,
first_repeat_144,pro,0.2,Regime,equal_call_budget,0.0,0.0,0.35399999999999937,0.0,0.0,0.0,0.0,,
first_repeat_144,astra,0.2,Regime,equal_call_budget,0.0,0.0,0.35399999999999937,0.0,0.0,0.0,0.0,,
first_repeat_144,sonnet,0.2,Regime,equal_call_budget,0.0,0.0,0.35399999999999937,0.0,0.0,0.0,0.0,,
first_repeat_144,lite,0.2,Regime,equal_call_budget,0.0,0.0,0.35399999999999937,0.0,0.0,0.0,0.0,,
first_repeat_144,luna,0.2,Regime,equal_call_budget,0.0,0.0,0.35399999999999937,0.0,0.0,0.0,0.0,,
first_repeat_144,qwen_local,0.2,Regime,equal_call_budget,0.0,0.0,0.35399999999999937,0.0,0.0,0.0,0.0,,
first_repeat_144,baseline,0.2,Regime,equal_call_budget,0.1,0.10000000000000009,0.3051659999999992,0.05720833333333331,0.042791666666666554,4.120388999999999e-05,0.18901590787828762,0.5720833333333326,
first_repeat_144,opus,0.2,Regime,equal_call_budget,0.1,0.10000000000000009,0.3051659999999992,0.10000000000000009,0.0,0.001770233208333328,0.7172297450363391,1.0,
first_repeat_144,pro,0.2,Regime,equal_call_budget,0.1,0.10000000000000009,0.3051659999999992,0.10000000000000009,0.0,0.0026516787166666637,1.5734803043963794,1.0,
first_repeat_144,astra,0.2,Regime,equal_call_budget,0.1,0.10000000000000009,0.3051659999999992,0.10000000000000009,0.0,0.0019805789374999915,0.7912265311097062,1.0,
first_repeat_144,sonnet,0.2,Regime,equal_call_budget,0.1,0.10000000000000009,0.3051659999999992,0.10000000000000009,0.0,0.0011092660333333335,0.9128679639771505,1.0,
first_repeat_144,lite,0.2,Regime,equal_call_budget,0.1,0.10000000000000009,0.3051659999999992,0.09376666666666694,0.006233333333333333,0.00039868099000000005,0.4557302032200926,0.9376666666666685,
first_repeat_144,luna,0.2,Regime,equal_call_budget,0.1,0.10000000000000009,0.3051659999999992,0.10000000000000009,0.0,6.997746041666687e-05,0.6626420871407137,1.0,
first_repeat_144,qwen_local,0.2,Regime,equal_call_budget,0.1,0.10000000000000009,0.3051659999999992,0.10000000000000009,0.0,0.0,13.698732399144633,1.0,
first_repeat_144,baseline,0.2,Regime,equal_call_budget,0.2,0.20000000000000015,0.2552880000000006,0.11683333333333312,0.08316666666666694,8.180051999999994e-05,0.3703487662965045,0.5841666666666652,
first_repeat_144,opus,0.2,Regime,equal_call_budget,0.2,0.20000000000000015,0.2552880000000006,0.20000000000000015,0.0,0.0034838414999999886,1.4087081861129662,1.0,
first_repeat_144,pro,0.2,Regime,equal_call_budget,0.2,0.20000000000000015,0.2552880000000006,0.20000000000000015,0.0,0.0052171994000000076,3.080000767668921,1.0,
first_repeat_144,astra,0.2,Regime,equal_call_budget,0.2,0.20000000000000015,0.2552880000000006,0.20000000000000015,0.0,0.003960376083333339,1.5757943935914682,1.0,
first_repeat_144,sonnet,0.2,Regime,equal_call_budget,0.2,0.20000000000000015,0.2552880000000006,0.20000000000000015,0.0,0.0021331502666666583,1.7489480252117788,1.0,
first_repeat_144,lite,0.2,Regime,equal_call_budget,0.2,0.20000000000000015,0.2552880000000006,0.18946666666666714,0.010533333333333297,0.0008051086533333308,0.9214695539228971,0.947333333333335,
first_repeat_144,luna,0.2,Regime,equal_call_budget,0.2,0.20000000000000015,0.2552880000000006,0.20000000000000015,0.0,0.00014254280833333308,1.3423477411812252,1.0,
first_repeat_144,qwen_local,0.2,Regime,equal_call_budget,0.2,0.20000000000000015,0.2552880000000006,0.20000000000000015,0.0,0.0,27.047767000746607,1.0,
first_repeat_144,baseline,0.2,Regime,equal_call_budget,0.3,0.29999999999999893,0.20332199999999986,0.1812916666666669,0.1187083333333338,0.00012118263000000016,0.5363155257945837,0.6043055555555585,
first_repeat_144,opus,0.2,Regime,equal_call_budget,0.3,0.29999999999999893,0.20332199999999986,0.29999999999999893,0.0,0.005084199958333324,2.048684019270153,1.0,
first_repeat_144,pro,0.2,Regime,equal_call_budget,0.3,0.29999999999999893,0.20332199999999986,0.29999999999999893,0.0,0.007610404016666663,4.452601548693771,1.0,
first_repeat_144,astra,0.2,Regime,equal_call_budget,0.3,0.29999999999999893,0.20332199999999986,0.29999999999999893,0.0,0.005938609645833325,2.3470449188173377,1.0,
first_repeat_144,sonnet,0.2,Regime,equal_call_budget,0.3,0.29999999999999893,0.20332199999999986,0.29999999999999893,0.0,0.0029862708999999978,2.431452280961385,1.0,
first_repeat_144,lite,0.2,Regime,equal_call_budget,0.3,0.29999999999999893,0.20332199999999986,0.2890333333333343,0.010966666666666645,0.0012270296633333359,1.4072271995911074,0.9634444444444511,
first_repeat_144,luna,0.2,Regime,equal_call_budget,0.3,0.29999999999999893,0.20332199999999986,0.29999999999999893,0.0,0.00022028393124999944,2.0561805290213444,1.0,
first_repeat_144,qwen_local,0.2,Regime,equal_call_budget,0.3,0.29999999999999893,0.20332199999999986,0.29999999999999893,0.0,0.0,39.6974060072634,1.0,
first_repeat_144,baseline,0.2,Regime,equal_call_budget,0.4,0.4000000000000003,0.16359999999999963,0.2472222222222218,0.15277777777777835,0.00016085888888888917,0.7056853451601789,0.618055555555554,
first_repeat_144,opus,0.2,Regime,equal_call_budget,0.4,0.4000000000000003,0.16359999999999963,0.4000000000000003,0.0,0.0067739916666666854,2.7348971508800384,1.0,
first_repeat_144,pro,0.2,Regime,equal_call_budget,0.4,0.4000000000000003,0.16359999999999963,0.4000000000000003,0.0,0.010245487777777777,5.933318156450088,1.0,
first_repeat_144,astra,0.2,Regime,equal_call_budget,0.4,0.4000000000000003,0.16359999999999963,0.4000000000000003,0.0,0.007919295833333341,3.10772488759585,1.0,
first_repeat_144,sonnet,0.2,Regime,equal_call_budget,0.4,0.4000000000000003,0.16359999999999963,0.3988888888888898,0.0011111111111111183,0.004405235555555578,3.612475002002914,0.9972222222222238,
first_repeat_144,lite,0.2,Regime,equal_call_budget,0.4,0.4000000000000003,0.16359999999999963,0.3888888888888872,0.011111111111111086,0.00167617988888889,1.9041464571784135,0.9722222222222172,
first_repeat_144,luna,0.2,Regime,equal_call_budget,0.4,0.4000000000000003,0.16359999999999963,0.4000000000000003,0.0,0.00029651336111111143,2.7491097240451334,1.0,
first_repeat_144,qwen_local,0.2,Regime,equal_call_budget,0.4,0.4000000000000003,0.16359999999999963,0.4000000000000003,0.0,0.0,52.22190619574199,1.0,
first_repeat_144,baseline,0.2,Regime,equal_call_budget,0.5,0.5,0.12999999999999984,0.31388888888888966,0.18611111111111062,0.0002006822222222225,0.8767566944595419,0.6277777777777793,
first_repeat_144,opus,0.2,Regime,equal_call_budget,0.5,0.5,0.12999999999999984,0.5,0.0,0.008508500000000018,3.444228931716257,1.0,
first_repeat_144,pro,0.2,Regime,equal_call_budget,0.5,0.5,0.12999999999999984,0.5,0.0,0.01300151111111112,7.468092677572181,1.0,
first_repeat_144,astra,0.2,Regime,equal_call_budget,0.5,0.5,0.12999999999999984,0.5,0.0,0.009901208333333366,3.8631195781506547,1.0,
first_repeat_144,sonnet,0.2,Regime,equal_call_budget,0.5,0.5,0.12999999999999984,0.49722222222222096,0.002777777777777768,0.00610712222222221,5.042756955690378,0.9944444444444419,
first_repeat_144,lite,0.2,Regime,equal_call_budget,0.5,0.5,0.12999999999999984,0.4888888888888899,0.011111111111111072,0.0021389447222222155,2.406646520725261,0.9777777777777799,
first_repeat_144,luna,0.2,Regime,equal_call_budget,0.5,0.5,0.12999999999999984,0.5,0.0,0.0003719869444444441,3.4315871226607766,1.0,
first_repeat_144,qwen_local,0.2,Regime,equal_call_budget,0.5,0.5,0.12999999999999984,0.5,0.0,0.0,64.68383697520174,1.0,
first_repeat_144,baseline,0.2,Regime,equal_call_budget,0.6,0.5999999999999979,0.09280000000000013,0.3805555555555554,0.21944444444444386,0.00023811888888888857,1.039987249187611,0.6342592592592613,
first_repeat_144,opus,0.2,Regime,equal_call_budget,0.6,0.5999999999999979,0.09280000000000013,0.5999999999999979,0.0,0.01035540833333331,4.225889195886348,1.0,
first_repeat_144,pro,0.2,Regime,equal_call_budget,0.6,0.5999999999999979,0.09280000000000013,0.5999999999999979,0.0,0.015840134444444428,9.081903803404662,1.0,
first_repeat_144,astra,0.2,Regime,equal_call_budget,0.6,0.5999999999999979,0.09280000000000013,0.5999999999999979,0.0,0.011868816666666655,4.6219558163284935,1.0,
first_repeat_144,sonnet,0.2,Regime,equal_call_budget,0.6,0.5999999999999979,0.09280000000000013,0.5972222222222248,0.002777777777777768,0.007231218888888856,5.97001605866207,0.9953703703703781,
first_repeat_144,lite,0.2,Regime,equal_call_budget,0.6,0.5999999999999979,0.09280000000000013,0.5822222222222243,0.017777777777777767,0.002564751722222215,2.869713303577669,0.9703703703703773,
first_repeat_144,luna,0.2,Regime,equal_call_budget,0.6,0.5999999999999979,0.09280000000000013,0.5999999999999979,0.0,0.0004558701111111127,4.212056784181871,1.0,
first_repeat_144,qwen_local,0.2,Regime,equal_call_budget,0.6,0.5999999999999979,0.09280000000000013,0.5933333333333336,0.006666666666666599,0.0,78.69867297366507,0.9888888888888928,
first_repeat_144,baseline,0.2,Regime,equal_call_budget,0.7,0.7000000000000008,0.06179999999999988,0.44499999999999823,0.2550000000000007,0.00027586888888888976,1.2029335969473054,0.6357142857142825,
first_repeat_144,opus,0.2,Regime,equal_call_budget,0.7,0.7000000000000008,0.06179999999999988,0.7000000000000008,0.0,0.01214407222222218,4.968023354061991,1.0,
first_repeat_144,pro,0.2,Regime,equal_call_budget,0.7,0.7000000000000008,0.06179999999999988,0.7000000000000008,0.0,0.018675596666666714,10.704556012597308,1.0,
first_repeat_144,astra,0.2,Regime,equal_call_budget,0.7,0.7000000000000008,0.06179999999999988,0.7000000000000008,0.0,0.013812938888888893,5.3718362051328965,1.0,
first_repeat_144,sonnet,0.2,Regime,equal_call_budget,0.7,0.7000000000000008,0.06179999999999988,0.6972222222222227,0.002777777777777768,0.00844635666666665,6.981554235336736,0.9960317460317456,
first_repeat_144,lite,0.2,Regime,equal_call_budget,0.7,0.7000000000000008,0.06179999999999988,0.6777777777777773,0.02222222222222217,0.002995815666666667,3.3420731671674377,0.9682539682539664,
first_repeat_144,luna,0.2,Regime,equal_call_budget,0.7,0.7000000000000008,0.06179999999999988,0.6972222222222227,0.002777777777777768,0.0005379723333333318,4.980557323531,0.9960317460317456,
first_repeat_144,qwen_local,0.2,Regime,equal_call_budget,0.7,0.7000000000000008,0.06179999999999988,0.688888888888887,0.011111111111111122,0.0,92.50194487900602,0.9841269841269802,
first_repeat_144,baseline,0.2,Regime,equal_call_budget,0.8,0.8000000000000007,0.04319999999999991,0.504999999999999,0.2950000000000012,0.0003142455555555562,1.36531153077027,0.6312499999999982,
first_repeat_144,opus,0.2,Regime,equal_call_budget,0.8,0.8000000000000007,0.04319999999999991,0.8000000000000007,0.0,0.013816247222222206,5.631105300248713,1.0,
first_repeat_144,pro,0.2,Regime,equal_call_budget,0.8,0.8000000000000007,0.04319999999999991,0.8000000000000007,0.0,0.021504736666666607,12.344890388510072,1.0,
first_repeat_144,astra,0.2,Regime,equal_call_budget,0.8,0.8000000000000007,0.04319999999999991,0.8000000000000007,0.0,0.01571008888888892,6.1038048951904775,1.0,
first_repeat_144,sonnet,0.2,Regime,equal_call_budget,0.8,0.8000000000000007,0.04319999999999991,0.7972222222222196,0.002777777777777768,0.009843576666666683,8.161650559417485,0.9965277777777737,
first_repeat_144,lite,0.2,Regime,equal_call_budget,0.8,0.8000000000000007,0.04319999999999991,0.7777777777777743,0.02222222222222217,0.0034373935000000123,3.833019192231973,0.9722222222222171,
first_repeat_144,luna,0.2,Regime,equal_call_budget,0.8,0.8000000000000007,0.04319999999999991,0.7888888888888909,0.011111111111111122,0.000616512666666666,5.72511961853613,0.9861111111111127,
first_repeat_144,qwen_local,0.2,Regime,equal_call_budget,0.8,0.8000000000000007,0.04319999999999991,0.7888888888888909,0.011111111111111122,0.0,105.88208859810297,0.9861111111111127,
first_repeat_144,baseline,0.2,Regime,equal_call_budget,0.9,0.9000000000000032,0.022199999999999873,0.5705555555555569,0.3294444444444428,0.00035313777777777654,1.534409057886933,0.6339506172839499,
first_repeat_144,opus,0.2,Regime,equal_call_budget,0.9,0.9000000000000032,0.022199999999999873,0.9000000000000032,-1.1102230246251565e-16,0.015540749999999994,6.327504433054703,1.0,
first_repeat_144,pro,0.2,Regime,equal_call_budget,0.9,0.9000000000000032,0.022199999999999873,0.9000000000000032,-1.1102230246251565e-16,0.024435821111111092,14.008861218663995,1.0,
first_repeat_144,astra,0.2,Regime,equal_call_budget,0.9,0.9000000000000032,0.022199999999999873,0.9000000000000032,-1.1102230246251565e-16,0.017889038888888844,6.9852665509151795,1.0,
first_repeat_144,sonnet,0.2,Regime,equal_call_budget,0.9,0.9000000000000032,0.022199999999999873,0.896111111111111,0.0038888888888888307,0.011381305555555596,9.44601659141834,0.9956790123456752,
first_repeat_144,lite,0.2,Regime,equal_call_budget,0.9,0.9000000000000032,0.022199999999999873,0.8777777777777755,0.022222222222222143,0.003887321777777764,4.32848940410443,0.9753086419753026,
first_repeat_144,luna,0.2,Regime,equal_call_budget,0.9,0.9000000000000032,0.022199999999999873,0.8861111111111122,0.0138888888888888,0.0006933978888888908,6.426231183826461,0.9845679012345655,
first_repeat_144,qwen_local,0.2,Regime,equal_call_budget,0.9,0.9000000000000032,0.022199999999999873,0.8844444444444464,0.015555555555555465,0.0,119.30528832868629,0.9827160493827146,
first_repeat_144,baseline,0.2,Regime,equal_call_budget,1.0,0.9999999999999999,0.0,0.6388888888888866,0.3611111111111127,0.00039228777777777784,1.7068663816504566,0.6388888888888867,
first_repeat_144,opus,0.2,Regime,equal_call_budget,1.0,0.9999999999999999,0.0,0.9999999999999999,0.0,0.017291416666666667,7.040562159170333,1.0,
first_repeat_144,pro,0.2,Regime,equal_call_budget,1.0,0.9999999999999999,0.0,0.9999999999999999,0.0,0.027417877777777693,15.684650275938427,1.0,
first_repeat_144,astra,0.2,Regime,equal_call_budget,1.0,0.9999999999999999,0.0,0.9999999999999999,0.0,0.020208888888888932,7.941474689473369,1.0,
first_repeat_144,sonnet,0.2,Regime,equal_call_budget,1.0,0.9999999999999999,0.0,0.9944444444444419,0.005555555555555536,0.012989288888888917,10.782517477379102,0.994444444444442,
first_repeat_144,lite,0.2,Regime,equal_call_budget,1.0,0.9999999999999999,0.0,0.9777777777777799,0.02222222222222217,0.004341425277777786,4.826221709380888,0.97777777777778,
first_repeat_144,luna,0.2,Regime,equal_call_budget,1.0,0.9999999999999999,0.0,0.9861111111111137,0.01388888888888884,0.0007694555555555567,7.1056173842594195,0.9861111111111138,
first_repeat_144,qwen_local,0.2,Regime,equal_call_budget,1.0,0.9999999999999999,0.0,0.9777777777777799,0.02222222222222217,0.0,132.75001606501218,0.97777777777778,
first_repeat_144,baseline,0.2,Weighted global,threshold,0.4,0.0,0.35399999999999937,0.0,0.0,0.0,0.0,,
first_repeat_144,opus,0.2,Weighted global,threshold,0.4,0.0,0.35399999999999937,0.0,0.0,0.0,0.0,,
first_repeat_144,pro,0.2,Weighted global,threshold,0.4,0.0,0.35399999999999937,0.0,0.0,0.0,0.0,,
first_repeat_144,astra,0.2,Weighted global,threshold,0.4,0.0,0.35399999999999937,0.0,0.0,0.0,0.0,,
first_repeat_144,sonnet,0.2,Weighted global,threshold,0.4,0.0,0.35399999999999937,0.0,0.0,0.0,0.0,,
first_repeat_144,lite,0.2,Weighted global,threshold,0.4,0.0,0.35399999999999937,0.0,0.0,0.0,0.0,,
first_repeat_144,luna,0.2,Weighted global,threshold,0.4,0.0,0.35399999999999937,0.0,0.0,0.0,0.0,,
first_repeat_144,qwen_local,0.2,Weighted global,threshold,0.4,0.0,0.35399999999999937,0.0,0.0,0.0,0.0,,
first_repeat_144,baseline,0.2,Weighted global,threshold,0.6,0.38166666666666665,0.16976,0.23499999999999993,0.14666666666666697,0.00015355794444444414,0.6743222644552966,0.6157205240174671,
first_repeat_144,opus,0.2,Weighted global,threshold,0.6,0.38166666666666665,0.16976,0.38166666666666665,0.0,0.006455998472222241,2.604852991060063,1.0,
first_repeat_144,pro,0.2,Weighted global,threshold,0.6,0.38166666666666665,0.16976,0.38166666666666665,0.0,0.009740216833333298,5.651942827577722,1.0,
first_repeat_144,astra,0.2,Weighted global,threshold,0.6,0.38166666666666665,0.16976,0.38166666666666665,0.0,0.007555945208333359,2.969235860994136,1.0,
first_repeat_144,sonnet,0.2,Weighted global,threshold,0.6,0.38166666666666665,0.16976,0.3808611111111109,0.0008055555555555527,0.00409322300000001,3.350256643826866,0.9978893740902468,
first_repeat_144,lite,0.2,Weighted global,threshold,0.6,0.38166666666666665,0.16976,0.3705555555555558,0.011111111111111103,0.0015913396694444387,1.812021445528163,0.9708879184861724,
first_repeat_144,luna,0.2,Weighted global,threshold,0.6,0.38166666666666665,0.16976,0.38166666666666665,0.0,0.0002826765375000004,2.6239888676322733,1.0,
first_repeat_144,qwen_local,0.2,Weighted global,threshold,0.6,0.38166666666666665,0.16976,0.38166666666666665,0.0,0.0,49.93721888617427,1.0,
first_repeat_144,baseline,0.2,Weighted global,threshold,0.7,0.666666666666668,0.06799999999999976,0.42499999999999843,0.241666666666667,0.0002630766666666672,1.148807619006326,0.6374999999999964,
first_repeat_144,opus,0.2,Weighted global,threshold,0.7,0.666666666666668,0.06799999999999976,0.666666666666668,0.0,0.01158668055555553,4.746996038666446,1.0,
first_repeat_144,pro,0.2,Weighted global,threshold,0.7,0.666666666666668,0.06799999999999976,0.666666666666668,0.0,0.017732549999999948,10.15777788729298,1.0,
first_repeat_144,astra,0.2,Weighted global,threshold,0.7,0.666666666666668,0.06799999999999976,0.666666666666668,0.0,0.013180555555555534,5.1278466417803585,1.0,
first_repeat_144,sonnet,0.2,Weighted global,threshold,0.7,0.666666666666668,0.06799999999999976,0.6638888888888907,0.002777777777777768,0.0079806166666667,6.588188793976525,0.9958333333333342,
first_repeat_144,lite,0.2,Weighted global,threshold,0.7,0.666666666666668,0.06799999999999976,0.6444444444444454,0.02222222222222217,0.002848623055555555,3.178424492145948,0.9666666666666662,
first_repeat_144,luna,0.2,Weighted global,threshold,0.7,0.666666666666668,0.06799999999999976,0.666666666666668,0.0,0.0005117922222222234,4.732369891862618,1.0,
first_repeat_144,qwen_local,0.2,Weighted global,threshold,0.7,0.666666666666668,0.06799999999999976,0.6555555555555544,0.011111111111111122,0.0,88.04189697264019,0.9833333333333297,
first_repeat_144,baseline,0.2,Weighted global,threshold,0.8,0.8933333333333343,0.02367999999999997,0.5660000000000008,0.3273333333333327,0.0003505277777777769,1.522911902969373,0.633582089552239,
first_repeat_144,opus,0.2,Weighted global,threshold,0.8,0.8933333333333343,0.02367999999999997,0.8933333333333343,0.0,0.015424038888888882,6.279967251313668,1.0,
first_repeat_144,pro,0.2,Weighted global,threshold,0.8,0.8933333333333343,0.02367999999999997,0.8933333333333343,0.0,0.02423701733333331,13.897141948178962,1.0,
first_repeat_144,astra,0.2,Weighted global,threshold,0.8,0.8933333333333343,0.02367999999999997,0.8933333333333343,0.0,0.017734382222222195,6.921519341677928,1.0,
first_repeat_144,sonnet,0.2,Weighted global,threshold,0.8,0.8933333333333343,0.02367999999999997,0.8895555555555518,0.0037777777777777645,0.01127410666666664,9.356916532354274,0.9957711442786016,
first_repeat_144,lite,0.2,Weighted global,threshold,0.8,0.8933333333333343,0.02367999999999997,0.871111111111111,0.02222222222222217,0.003857048211111117,4.295307250419342,0.9751243781094515,
first_repeat_144,luna,0.2,Weighted global,threshold,0.8,0.8933333333333343,0.02367999999999997,0.879444444444447,0.01388888888888884,0.0006883273777777777,6.380938770464253,0.9844527363184098,
first_repeat_144,qwen_local,0.2,Weighted global,threshold,0.8,0.8933333333333343,0.02367999999999997,0.8782222222222228,0.015111111111111093,0.0,118.40897314626474,0.9830845771144274,
first_repeat_144,baseline,0.2,Weighted global,threshold,0.9,0.9999999999999999,0.0,0.6388888888888866,0.3611111111111127,0.00039228777777777784,1.7068663816504566,0.6388888888888867,
first_repeat_144,opus,0.2,Weighted global,threshold,0.9,0.9999999999999999,0.0,0.9999999999999999,0.0,0.017291416666666667,7.040562159170333,1.0,
first_repeat_144,pro,0.2,Weighted global,threshold,0.9,0.9999999999999999,0.0,0.9999999999999999,0.0,0.027417877777777693,15.684650275938427,1.0,
first_repeat_144,astra,0.2,Weighted global,threshold,0.9,0.9999999999999999,0.0,0.9999999999999999,0.0,0.020208888888888932,7.941474689473369,1.0,
first_repeat_144,sonnet,0.2,Weighted global,threshold,0.9,0.9999999999999999,0.0,0.9944444444444419,0.005555555555555536,0.012989288888888917,10.782517477379102,0.994444444444442,
first_repeat_144,lite,0.2,Weighted global,threshold,0.9,0.9999999999999999,0.0,0.9777777777777799,0.02222222222222217,0.004341425277777786,4.826221709380888,0.97777777777778,
first_repeat_144,luna,0.2,Weighted global,threshold,0.9,0.9999999999999999,0.0,0.9861111111111137,0.01388888888888884,0.0007694555555555567,7.1056173842594195,0.9861111111111138,
first_repeat_144,qwen_local,0.2,Weighted global,threshold,0.9,0.9999999999999999,0.0,0.9777777777777799,0.02222222222222217,0.0,132.75001606501218,0.97777777777778,
first_repeat_144,baseline,0.2,Weighted global,equal_call_budget,0.0,0.0,0.35399999999999937,0.0,0.0,0.0,0.0,,
first_repeat_144,opus,0.2,Weighted global,equal_call_budget,0.0,0.0,0.35399999999999937,0.0,0.0,0.0,0.0,,
first_repeat_144,pro,0.2,Weighted global,equal_call_budget,0.0,0.0,0.35399999999999937,0.0,0.0,0.0,0.0,,
first_repeat_144,astra,0.2,Weighted global,equal_call_budget,0.0,0.0,0.35399999999999937,0.0,0.0,0.0,0.0,,
first_repeat_144,sonnet,0.2,Weighted global,equal_call_budget,0.0,0.0,0.35399999999999937,0.0,0.0,0.0,0.0,,
first_repeat_144,lite,0.2,Weighted global,equal_call_budget,0.0,0.0,0.35399999999999937,0.0,0.0,0.0,0.0,,
first_repeat_144,luna,0.2,Weighted global,equal_call_budget,0.0,0.0,0.35399999999999937,0.0,0.0,0.0,0.0,,
first_repeat_144,qwen_local,0.2,Weighted global,equal_call_budget,0.0,0.0,0.35399999999999937,0.0,0.0,0.0,0.0,,
first_repeat_144,baseline,0.2,Weighted global,equal_call_budget,0.1,0.10000000000000009,0.30539999999999917,0.05666666666666665,0.043333333333333196,4.134000000000001e-05,0.19073797068830328,0.566666666666666,
first_repeat_144,opus,0.2,Weighted global,equal_call_budget,0.1,0.10000000000000009,0.30539999999999917,0.10000000000000009,0.0,0.0017829249999999947,0.7230015890273097,1.0,
first_repeat_144,pro,0.2,Weighted global,equal_call_budget,0.1,0.10000000000000009,0.30539999999999917,0.10000000000000009,0.0,0.0026709899999999977,1.5884885446482757,1.0,
first_repeat_144,astra,0.2,Weighted global,equal_call_budget,0.1,0.10000000000000009,0.30539999999999917,0.10000000000000009,0.0,0.0019807541666666583,0.7927189913194178,1.0,
first_repeat_144,sonnet,0.2,Weighted global,equal_call_budget,0.1,0.10000000000000009,0.30539999999999917,0.10000000000000009,0.0,0.0011284033333333332,0.9300790456263354,1.0,
first_repeat_144,lite,0.2,Weighted global,equal_call_budget,0.1,0.10000000000000009,0.30539999999999917,0.09333333333333363,0.006666666666666662,0.0003969446666666668,0.45348677361189976,0.9333333333333355,
first_repeat_144,luna,0.2,Weighted global,equal_call_budget,0.1,0.10000000000000009,0.30539999999999917,0.10000000000000009,0.0,6.93974166666669e-05,0.6588174945597243,1.0,
first_repeat_144,qwen_local,0.2,Weighted global,equal_call_budget,0.1,0.10000000000000009,0.30539999999999917,0.10000000000000009,0.0,0.0,13.777112939973163,1.0,
first_repeat_144,baseline,0.2,Weighted global,equal_call_budget,0.2,0.20000000000000015,0.2556000000000007,0.11611111111111087,0.08388888888888917,8.198199999999993e-05,0.37264485004319203,0.5805555555555539,
first_repeat_144,opus,0.2,Weighted global,equal_call_budget,0.2,0.20000000000000015,0.2556000000000007,0.20000000000000015,0.0,0.0035007638888888775,1.4164039781009268,1.0,
first_repeat_144,pro,0.2,Weighted global,equal_call_budget,0.2,0.20000000000000015,0.2556000000000007,0.20000000000000015,0.0,0.0052429477777777836,3.1000117546714496,1.0,
first_repeat_144,astra,0.2,Weighted global,equal_call_budget,0.2,0.20000000000000015,0.2556000000000007,0.20000000000000015,0.0,0.0039606097222222286,1.5777843405377499,1.0,
first_repeat_144,sonnet,0.2,Weighted global,equal_call_budget,0.2,0.20000000000000015,0.2556000000000007,0.20000000000000015,0.0,0.0021586666666666577,1.771896134077358,1.0,
first_repeat_144,lite,0.2,Weighted global,equal_call_budget,0.2,0.20000000000000015,0.2556000000000007,0.18888888888888944,0.011111111111111077,0.0008027935555555528,0.9184783144453068,0.9444444444444465,
first_repeat_144,luna,0.2,Weighted global,equal_call_budget,0.2,0.20000000000000015,0.2556000000000007,0.20000000000000015,0.0,0.00014176941666666645,1.3372482844065718,1.0,
first_repeat_144,qwen_local,0.2,Weighted global,equal_call_budget,0.2,0.20000000000000015,0.2556000000000007,0.20000000000000015,0.0,0.0,27.15227438851799,1.0,
first_repeat_144,baseline,0.2,Weighted global,equal_call_budget,0.3,0.29999999999999893,0.2033999999999999,0.18111111111111142,0.1188888888888894,0.00012122800000000015,0.5368895467312558,0.6037037037037069,
first_repeat_144,opus,0.2,Weighted global,equal_call_budget,0.3,0.29999999999999893,0.2033999999999999,0.29999999999999893,0.0,0.005088430555555547,2.0506079672671427,1.0,
first_repeat_144,pro,0.2,Weighted global,equal_call_budget,0.3,0.29999999999999893,0.2033999999999999,0.29999999999999893,0.0,0.007616841111111106,4.457604295444404,1.0,
first_repeat_144,astra,0.2,Weighted global,equal_call_budget,0.3,0.29999999999999893,0.2033999999999999,0.29999999999999893,0.0,0.005938668055555545,2.347542405553907,1.0,
first_repeat_144,sonnet,0.2,Weighted global,equal_call_budget,0.3,0.29999999999999893,0.2033999999999999,0.29999999999999893,0.0,0.0029926499999999977,2.4371893081777793,1.0,
first_repeat_144,lite,0.2,Weighted global,equal_call_budget,0.3,0.29999999999999893,0.2033999999999999,0.2888888888888898,0.011111111111111086,0.0012264508888888916,1.4064793897217098,0.9629629629629695,
first_repeat_144,luna,0.2,Weighted global,equal_call_budget,0.3,0.29999999999999893,0.2033999999999999,0.29999999999999893,0.0,0.0002200905833333327,2.0549056648276816,1.0,
first_repeat_144,qwen_local,0.2,Weighted global,equal_call_budget,0.3,0.29999999999999893,0.2033999999999999,0.29999999999999893,0.0,0.0,39.72353285420626,1.0,
first_repeat_144,baseline,0.2,Weighted global,equal_call_budget,0.4,0.4000000000000003,0.16359999999999963,0.2472222222222218,0.15277777777777835,0.00016085888888888917,0.7056853451601789,0.618055555555554,
first_repeat_144,opus,0.2,Weighted global,equal_call_budget,0.4,0.4000000000000003,0.16359999999999963,0.4000000000000003,0.0,0.0067739916666666854,2.7348971508800384,1.0,
first_repeat_144,pro,0.2,Weighted global,equal_call_budget,0.4,0.4000000000000003,0.16359999999999963,0.4000000000000003,0.0,0.010245487777777777,5.933318156450088,1.0,
first_repeat_144,astra,0.2,Weighted global,equal_call_budget,0.4,0.4000000000000003,0.16359999999999963,0.4000000000000003,0.0,0.007919295833333341,3.10772488759585,1.0,
first_repeat_144,sonnet,0.2,Weighted global,equal_call_budget,0.4,0.4000000000000003,0.16359999999999963,0.3988888888888898,0.0011111111111111183,0.004405235555555578,3.612475002002914,0.9972222222222238,
first_repeat_144,lite,0.2,Weighted global,equal_call_budget,0.4,0.4000000000000003,0.16359999999999963,0.3888888888888872,0.011111111111111086,0.00167617988888889,1.9041464571784135,0.9722222222222172,
first_repeat_144,luna,0.2,Weighted global,equal_call_budget,0.4,0.4000000000000003,0.16359999999999963,0.4000000000000003,0.0,0.00029651336111111143,2.7491097240451334,1.0,
first_repeat_144,qwen_local,0.2,Weighted global,equal_call_budget,0.4,0.4000000000000003,0.16359999999999963,0.4000000000000003,0.0,0.0,52.22190619574199,1.0,
first_repeat_144,baseline,0.2,Weighted global,equal_call_budget,0.5,0.5,0.12999999999999984,0.31388888888888966,0.18611111111111062,0.0002006822222222225,0.8767566944595419,0.6277777777777793,
first_repeat_144,opus,0.2,Weighted global,equal_call_budget,0.5,0.5,0.12999999999999984,0.5,0.0,0.008508500000000018,3.444228931716257,1.0,
first_repeat_144,pro,0.2,Weighted global,equal_call_budget,0.5,0.5,0.12999999999999984,0.5,0.0,0.01300151111111112,7.468092677572181,1.0,
first_repeat_144,astra,0.2,Weighted global,equal_call_budget,0.5,0.5,0.12999999999999984,0.5,0.0,0.009901208333333366,3.8631195781506547,1.0,
first_repeat_144,sonnet,0.2,Weighted global,equal_call_budget,0.5,0.5,0.12999999999999984,0.49722222222222096,0.002777777777777768,0.00610712222222221,5.042756955690378,0.9944444444444419,
first_repeat_144,lite,0.2,Weighted global,equal_call_budget,0.5,0.5,0.12999999999999984,0.4888888888888899,0.011111111111111072,0.0021389447222222155,2.406646520725261,0.9777777777777799,
first_repeat_144,luna,0.2,Weighted global,equal_call_budget,0.5,0.5,0.12999999999999984,0.5,0.0,0.0003719869444444441,3.4315871226607766,1.0,
first_repeat_144,qwen_local,0.2,Weighted global,equal_call_budget,0.5,0.5,0.12999999999999984,0.5,0.0,0.0,64.68383697520174,1.0,
first_repeat_144,baseline,0.2,Weighted global,equal_call_budget,0.6,0.5999999999999979,0.09280000000000013,0.3805555555555554,0.21944444444444386,0.00023811888888888857,1.039987249187611,0.6342592592592613,
first_repeat_144,opus,0.2,Weighted global,equal_call_budget,0.6,0.5999999999999979,0.09280000000000013,0.5999999999999979,0.0,0.01035540833333331,4.225889195886348,1.0,
first_repeat_144,pro,0.2,Weighted global,equal_call_budget,0.6,0.5999999999999979,0.09280000000000013,0.5999999999999979,0.0,0.015840134444444428,9.081903803404662,1.0,
first_repeat_144,astra,0.2,Weighted global,equal_call_budget,0.6,0.5999999999999979,0.09280000000000013,0.5999999999999979,0.0,0.011868816666666655,4.6219558163284935,1.0,
first_repeat_144,sonnet,0.2,Weighted global,equal_call_budget,0.6,0.5999999999999979,0.09280000000000013,0.5972222222222248,0.002777777777777768,0.007231218888888856,5.97001605866207,0.9953703703703781,
first_repeat_144,lite,0.2,Weighted global,equal_call_budget,0.6,0.5999999999999979,0.09280000000000013,0.5822222222222243,0.017777777777777767,0.002564751722222215,2.869713303577669,0.9703703703703773,
first_repeat_144,luna,0.2,Weighted global,equal_call_budget,0.6,0.5999999999999979,0.09280000000000013,0.5999999999999979,0.0,0.0004558701111111127,4.212056784181871,1.0,
first_repeat_144,qwen_local,0.2,Weighted global,equal_call_budget,0.6,0.5999999999999979,0.09280000000000013,0.5933333333333336,0.006666666666666599,0.0,78.69867297366507,0.9888888888888928,
first_repeat_144,baseline,0.2,Weighted global,equal_call_budget,0.7,0.7000000000000008,0.06179999999999988,0.44499999999999823,0.2550000000000007,0.00027586888888888976,1.2029335969473054,0.6357142857142825,
first_repeat_144,opus,0.2,Weighted global,equal_call_budget,0.7,0.7000000000000008,0.06179999999999988,0.7000000000000008,0.0,0.01214407222222218,4.968023354061991,1.0,
first_repeat_144,pro,0.2,Weighted global,equal_call_budget,0.7,0.7000000000000008,0.06179999999999988,0.7000000000000008,0.0,0.018675596666666714,10.704556012597308,1.0,
first_repeat_144,astra,0.2,Weighted global,equal_call_budget,0.7,0.7000000000000008,0.06179999999999988,0.7000000000000008,0.0,0.013812938888888893,5.3718362051328965,1.0,
first_repeat_144,sonnet,0.2,Weighted global,equal_call_budget,0.7,0.7000000000000008,0.06179999999999988,0.6972222222222227,0.002777777777777768,0.00844635666666665,6.981554235336736,0.9960317460317456,
first_repeat_144,lite,0.2,Weighted global,equal_call_budget,0.7,0.7000000000000008,0.06179999999999988,0.6777777777777773,0.02222222222222217,0.002995815666666667,3.3420731671674377,0.9682539682539664,
first_repeat_144,luna,0.2,Weighted global,equal_call_budget,0.7,0.7000000000000008,0.06179999999999988,0.6972222222222227,0.002777777777777768,0.0005379723333333318,4.980557323531,0.9960317460317456,
first_repeat_144,qwen_local,0.2,Weighted global,equal_call_budget,0.7,0.7000000000000008,0.06179999999999988,0.688888888888887,0.011111111111111122,0.0,92.50194487900602,0.9841269841269802,
first_repeat_144,baseline,0.2,Weighted global,equal_call_budget,0.8,0.8000000000000007,0.04319999999999991,0.504999999999999,0.2950000000000012,0.0003142455555555562,1.36531153077027,0.6312499999999982,
first_repeat_144,opus,0.2,Weighted global,equal_call_budget,0.8,0.8000000000000007,0.04319999999999991,0.8000000000000007,0.0,0.013816247222222206,5.631105300248713,1.0,
first_repeat_144,pro,0.2,Weighted global,equal_call_budget,0.8,0.8000000000000007,0.04319999999999991,0.8000000000000007,0.0,0.021504736666666607,12.344890388510072,1.0,
first_repeat_144,astra,0.2,Weighted global,equal_call_budget,0.8,0.8000000000000007,0.04319999999999991,0.8000000000000007,0.0,0.01571008888888892,6.1038048951904775,1.0,
first_repeat_144,sonnet,0.2,Weighted global,equal_call_budget,0.8,0.8000000000000007,0.04319999999999991,0.7972222222222196,0.002777777777777768,0.009843576666666683,8.161650559417485,0.9965277777777737,
first_repeat_144,lite,0.2,Weighted global,equal_call_budget,0.8,0.8000000000000007,0.04319999999999991,0.7777777777777743,0.02222222222222217,0.0034373935000000123,3.833019192231973,0.9722222222222171,
first_repeat_144,luna,0.2,Weighted global,equal_call_budget,0.8,0.8000000000000007,0.04319999999999991,0.7888888888888909,0.011111111111111122,0.000616512666666666,5.72511961853613,0.9861111111111127,
first_repeat_144,qwen_local,0.2,Weighted global,equal_call_budget,0.8,0.8000000000000007,0.04319999999999991,0.7888888888888909,0.011111111111111122,0.0,105.88208859810297,0.9861111111111127,
first_repeat_144,baseline,0.2,Weighted global,equal_call_budget,0.9,0.9000000000000032,0.022199999999999873,0.5705555555555569,0.3294444444444428,0.00035313777777777654,1.534409057886933,0.6339506172839499,
first_repeat_144,opus,0.2,Weighted global,equal_call_budget,0.9,0.9000000000000032,0.022199999999999873,0.9000000000000032,-1.1102230246251565e-16,0.015540749999999994,6.327504433054703,1.0,
first_repeat_144,pro,0.2,Weighted global,equal_call_budget,0.9,0.9000000000000032,0.022199999999999873,0.9000000000000032,-1.1102230246251565e-16,0.024435821111111092,14.008861218663995,1.0,
first_repeat_144,astra,0.2,Weighted global,equal_call_budget,0.9,0.9000000000000032,0.022199999999999873,0.9000000000000032,-1.1102230246251565e-16,0.017889038888888844,6.9852665509151795,1.0,
first_repeat_144,sonnet,0.2,Weighted global,equal_call_budget,0.9,0.9000000000000032,0.022199999999999873,0.896111111111111,0.0038888888888888307,0.011381305555555596,9.44601659141834,0.9956790123456752,
first_repeat_144,lite,0.2,Weighted global,equal_call_budget,0.9,0.9000000000000032,0.022199999999999873,0.8777777777777755,0.022222222222222143,0.003887321777777764,4.32848940410443,0.9753086419753026,
first_repeat_144,luna,0.2,Weighted global,equal_call_budget,0.9,0.9000000000000032,0.022199999999999873,0.8861111111111122,0.0138888888888888,0.0006933978888888908,6.426231183826461,0.9845679012345655,
first_repeat_144,qwen_local,0.2,Weighted global,equal_call_budget,0.9,0.9000000000000032,0.022199999999999873,0.8844444444444464,0.015555555555555465,0.0,119.30528832868629,0.9827160493827146,
first_repeat_144,baseline,0.2,Weighted global,equal_call_budget,1.0,0.9999999999999999,0.0,0.6388888888888866,0.3611111111111127,0.00039228777777777784,1.7068663816504566,0.6388888888888867,
first_repeat_144,opus,0.2,Weighted global,equal_call_budget,1.0,0.9999999999999999,0.0,0.9999999999999999,0.0,0.017291416666666667,7.040562159170333,1.0,
first_repeat_144,pro,0.2,Weighted global,equal_call_budget,1.0,0.9999999999999999,0.0,0.9999999999999999,0.0,0.027417877777777693,15.684650275938427,1.0,
first_repeat_144,astra,0.2,Weighted global,equal_call_budget,1.0,0.9999999999999999,0.0,0.9999999999999999,0.0,0.020208888888888932,7.941474689473369,1.0,
first_repeat_144,sonnet,0.2,Weighted global,equal_call_budget,1.0,0.9999999999999999,0.0,0.9944444444444419,0.005555555555555536,0.012989288888888917,10.782517477379102,0.994444444444442,
first_repeat_144,lite,0.2,Weighted global,equal_call_budget,1.0,0.9999999999999999,0.0,0.9777777777777799,0.02222222222222217,0.004341425277777786,4.826221709380888,0.97777777777778,
first_repeat_144,luna,0.2,Weighted global,equal_call_budget,1.0,0.9999999999999999,0.0,0.9861111111111137,0.01388888888888884,0.0007694555555555567,7.1056173842594195,0.9861111111111138,
first_repeat_144,qwen_local,0.2,Weighted global,equal_call_budget,1.0,0.9999999999999999,0.0,0.9777777777777799,0.02222222222222217,0.0,132.75001606501218,0.97777777777778,
first_repeat_144,baseline,0.2,Weighted regime,threshold,0.4,0.0008333333333333333,0.35356499999999935,0.0005416666666666666,0.0002916666666666667,3.2705000000000006e-07,0.0013687058057338516,0.65,
first_repeat_144,opus,0.2,Weighted regime,threshold,0.4,0.0008333333333333333,0.35356499999999935,0.0008333333333333333,0.0,1.3230555555555556e-05,0.00528503324305186,1.0,
first_repeat_144,pro,0.2,Weighted regime,threshold,0.4,0.0008333333333333333,0.35356499999999935,0.0008333333333333333,0.0,1.9782444444444445e-05,0.01131327117310785,1.0,
first_repeat_144,astra,0.2,Weighted regime,threshold,0.4,0.0008333333333333333,0.35356499999999935,0.0008333333333333333,0.0,1.6483819444444444e-05,0.006414650541801368,1.0,
first_repeat_144,sonnet,0.2,Weighted regime,threshold,0.4,0.0008333333333333333,0.35356499999999935,0.0008333333333333333,0.0,6.949861111111111e-06,0.005544109784170157,1.0,
first_repeat_144,lite,0.2,Weighted regime,threshold,0.4,0.0008333333333333333,0.35356499999999935,0.0008333333333333333,0.0,3.530477777777777e-06,0.004066675627303387,1.0,
first_repeat_144,luna,0.2,Weighted regime,threshold,0.4,0.0008333333333333333,0.35356499999999935,0.0008333333333333333,0.0,6.526763888888889e-07,0.005980478170175856,1.0,
first_repeat_144,qwen_local,0.2,Weighted regime,threshold,0.4,0.0008333333333333333,0.35356499999999935,0.0008333333333333333,0.0,0.0,0.10476048721406712,1.0,
first_repeat_144,baseline,0.2,Weighted regime,threshold,0.6,0.3583333333333336,0.17669999999999997,0.21944444444444444,0.13888888888888928,0.00014366916666666622,0.6324454176426239,0.6124031007751933,
first_repeat_144,opus,0.2,Weighted regime,threshold,0.6,0.3583333333333336,0.17669999999999997,0.3583333333333336,0.0,0.00607937986111113,2.457424363031747,1.0,
first_repeat_144,pro,0.2,Weighted regime,threshold,0.6,0.3583333333333336,0.17669999999999997,0.3583333333333336,0.0,0.009117794722222197,5.313587923826856,1.0,
first_repeat_144,astra,0.2,Weighted regime,threshold,0.6,0.3583333333333336,0.17669999999999997,0.3583333333333336,0.0,0.007089922916666689,2.7938374867704265,1.0,
first_repeat_144,sonnet,0.2,Weighted regime,threshold,0.6,0.3583333333333336,0.17669999999999997,0.3583333333333336,0.0,0.0035516686111111235,2.890768475287512,1.0,
first_repeat_144,lite,0.2,Weighted regime,threshold,0.6,0.3583333333333336,0.17669999999999997,0.3455555555555558,0.012777777777777753,0.0014741217499999952,1.684913110526951,0.9643410852713177,
first_repeat_144,luna,0.2,Weighted regime,threshold,0.6,0.3583333333333336,0.17669999999999997,0.3583333333333336,0.0,0.0002671684305555563,2.4892422070149887,1.0,
first_repeat_144,qwen_local,0.2,Weighted regime,threshold,0.6,0.3583333333333336,0.17669999999999997,0.356666666666667,0.0016666666666666774,0.0,47.41766134238456,0.9953488372093026,
first_repeat_144,baseline,0.2,Weighted regime,threshold,0.7,0.6658333333333347,0.06827999999999976,0.42444444444444285,0.2413888888888892,0.0002627448055555561,1.1473820244288313,0.6374634960367088,
first_repeat_144,opus,0.2,Weighted regime,threshold,0.7,0.6658333333333347,0.06827999999999976,0.6658333333333347,0.0,0.01157222631944442,4.741084940492811,1.0,
first_repeat_144,pro,0.2,Weighted regime,threshold,0.7,0.6658333333333347,0.06827999999999976,0.6658333333333347,0.0,0.017709583138888835,10.144988099616963,1.0,
first_repeat_144,astra,0.2,Weighted regime,threshold,0.7,0.6658333333333347,0.06827999999999976,0.6658333333333347,0.0,0.013164039618055534,5.121551686025734,1.0,
first_repeat_144,sonnet,0.2,Weighted regime,threshold,0.7,0.6658333333333347,0.06827999999999976,0.6630694444444463,0.002763888888888879,0.00796643427777781,6.576269777695797,0.9958489778890286,
first_repeat_144,lite,0.2,Weighted regime,threshold,0.7,0.6658333333333347,0.06827999999999976,0.6436111111111121,0.02222222222222217,0.002844766681944444,3.174236991616391,0.9666249478514806,
first_repeat_144,luna,0.2,Weighted regime,threshold,0.7,0.6658333333333347,0.06827999999999976,0.6658333333333347,0.0,0.0005111632756944457,4.726682580207488,1.0,
first_repeat_144,qwen_local,0.2,Weighted regime,threshold,0.7,0.6658333333333347,0.06827999999999976,0.6547222222222211,0.011111111111111122,0.0,87.93804754947803,0.9833124739257367,
first_repeat_144,baseline,0.2,Weighted regime,threshold,0.8,0.8416666666666672,0.03061999999999994,0.541180555555556,0.3004861111111112,0.0003312733888888899,1.4464921847000878,0.6429867986798681,
first_repeat_144,opus,0.2,Weighted regime,threshold,0.8,0.8416666666666672,0.03061999999999994,0.8416666666666672,0.0,0.0146182964583333,5.974440282564464,1.0,
first_repeat_144,pro,0.2,Weighted regime,threshold,0.8,0.8416666666666672,0.03061999999999994,0.8416666666666672,0.0,0.02288870819444437,13.075931409300601,1.0,
first_repeat_144,astra,0.2,Weighted regime,threshold,0.8,0.8416666666666672,0.03061999999999994,0.8416666666666672,0.0,0.01706769055555559,6.709646442786136,1.0,
first_repeat_144,sonnet,0.2,Weighted regime,threshold,0.8,0.8416666666666672,0.03061999999999994,0.836652777777779,0.005013888888888871,0.010708525805555556,8.863200148306877,0.9940429042904299,
first_repeat_144,lite,0.2,Weighted regime,threshold,0.8,0.8416666666666672,0.03061999999999994,0.8194444444444448,0.02222222222222217,0.0036381895333333415,4.046684961959855,0.9735973597359733,
first_repeat_144,luna,0.2,Weighted regime,threshold,0.8,0.8416666666666672,0.03061999999999994,0.8382638888888901,0.003402777777777766,0.0006459068944444447,5.9479093145706114,0.9959570957095718,
first_repeat_144,qwen_local,0.2,Weighted regime,threshold,0.8,0.8416666666666672,0.03061999999999994,0.8216111111111114,0.020055555555555514,0.0,111.54379870417563,0.9761716171617159,
first_repeat_144,baseline,0.2,Weighted regime,threshold,0.9,0.9999999999999999,0.0,0.6388888888888866,0.3611111111111127,0.00039228777777777784,1.7068663816504566,0.6388888888888867,
first_repeat_144,opus,0.2,Weighted regime,threshold,0.9,0.9999999999999999,0.0,0.9999999999999999,0.0,0.017291416666666667,7.040562159170333,1.0,
first_repeat_144,pro,0.2,Weighted regime,threshold,0.9,0.9999999999999999,0.0,0.9999999999999999,0.0,0.027417877777777693,15.684650275938427,1.0,
first_repeat_144,astra,0.2,Weighted regime,threshold,0.9,0.9999999999999999,0.0,0.9999999999999999,0.0,0.020208888888888932,7.941474689473369,1.0,
first_repeat_144,sonnet,0.2,Weighted regime,threshold,0.9,0.9999999999999999,0.0,0.9944444444444419,0.005555555555555536,0.012989288888888917,10.782517477379102,0.994444444444442,
first_repeat_144,lite,0.2,Weighted regime,threshold,0.9,0.9999999999999999,0.0,0.9777777777777799,0.02222222222222217,0.004341425277777786,4.826221709380888,0.97777777777778,
first_repeat_144,luna,0.2,Weighted regime,threshold,0.9,0.9999999999999999,0.0,0.9861111111111137,0.01388888888888884,0.0007694555555555567,7.1056173842594195,0.9861111111111138,
first_repeat_144,qwen_local,0.2,Weighted regime,threshold,0.9,0.9999999999999999,0.0,0.9777777777777799,0.02222222222222217,0.0,132.75001606501218,0.97777777777778,
first_repeat_144,baseline,0.2,Weighted regime,equal_call_budget,0.0,0.0,0.35399999999999937,0.0,0.0,0.0,0.0,,
first_repeat_144,opus,0.2,Weighted regime,equal_call_budget,0.0,0.0,0.35399999999999937,0.0,0.0,0.0,0.0,,
first_repeat_144,pro,0.2,Weighted regime,equal_call_budget,0.0,0.0,0.35399999999999937,0.0,0.0,0.0,0.0,,
first_repeat_144,astra,0.2,Weighted regime,equal_call_budget,0.0,0.0,0.35399999999999937,0.0,0.0,0.0,0.0,,
first_repeat_144,sonnet,0.2,Weighted regime,equal_call_budget,0.0,0.0,0.35399999999999937,0.0,0.0,0.0,0.0,,
first_repeat_144,lite,0.2,Weighted regime,equal_call_budget,0.0,0.0,0.35399999999999937,0.0,0.0,0.0,0.0,,
first_repeat_144,luna,0.2,Weighted regime,equal_call_budget,0.0,0.0,0.35399999999999937,0.0,0.0,0.0,0.0,,
first_repeat_144,qwen_local,0.2,Weighted regime,equal_call_budget,0.0,0.0,0.35399999999999937,0.0,0.0,0.0,0.0,,
first_repeat_144,baseline,0.2,Weighted regime,equal_call_budget,0.1,0.10000000000000009,0.30233999999999994,0.06374999999999992,0.03625000000000008,3.95600999999999e-05,0.16821868778809837,0.6374999999999986,
first_repeat_144,opus,0.2,Weighted regime,equal_call_budget,0.1,0.10000000000000009,0.30233999999999994,0.10000000000000009,0.0,0.0016169554166666595,0.6475236291453866,1.0,
first_repeat_144,pro,0.2,Weighted regime,equal_call_budget,0.1,0.10000000000000009,0.30233999999999994,0.10000000000000009,0.0,0.0024184578333333252,1.392226941354242,1.0,
first_repeat_144,astra,0.2,Weighted regime,equal_call_budget,0.1,0.10000000000000009,0.30233999999999994,0.10000000000000009,0.0,0.001978462708333326,0.7732022039616511,1.0,
first_repeat_144,sonnet,0.2,Weighted regime,equal_call_budget,0.1,0.10000000000000009,0.30233999999999994,0.10000000000000009,0.0,0.0008781463333333354,0.7050110548293032,1.0,
first_repeat_144,lite,0.2,Weighted regime,equal_call_budget,0.1,0.10000000000000009,0.30233999999999994,0.09900000000000012,0.0009999999999999996,0.0004196504333333323,0.4828239300267292,0.9900000000000003,
first_repeat_144,luna,0.2,Weighted regime,equal_call_budget,0.1,0.10000000000000009,0.30233999999999994,0.10000000000000009,0.0,7.698260416666634e-05,0.7088313975418963,1.0,
first_repeat_144,qwen_local,0.2,Weighted regime,equal_call_budget,0.1,0.10000000000000009,0.30233999999999994,0.10000000000000009,0.0,0.0,12.75213663683083,1.0,
first_repeat_144,baseline,0.2,Weighted regime,equal_call_budget,0.2,0.20000000000000015,0.25151999999999985,0.12555555555555578,0.07444444444444472,7.960879999999987e-05,0.3426191395095853,0.6277777777777784,
first_repeat_144,opus,0.2,Weighted regime,equal_call_budget,0.2,0.20000000000000015,0.25151999999999985,0.20000000000000015,0.0,0.0032794711111110973,1.3157666982583656,1.0,
first_repeat_144,pro,0.2,Weighted regime,equal_call_budget,0.2,0.20000000000000015,0.25151999999999985,0.20000000000000015,0.0,0.004906238222222243,2.8383296169460697,1.0,
first_repeat_144,astra,0.2,Weighted regime,equal_call_budget,0.2,0.20000000000000015,0.25151999999999985,0.20000000000000015,0.0,0.00395755444444445,1.5517619573940624,1.0,
first_repeat_144,sonnet,0.2,Weighted regime,equal_call_budget,0.2,0.20000000000000015,0.25151999999999985,0.20000000000000015,0.0,0.0018249906666666608,1.4718054796813238,1.0,
first_repeat_144,lite,0.2,Weighted regime,equal_call_budget,0.2,0.20000000000000015,0.25151999999999985,0.19644444444444464,0.0035555555555555566,0.0008330679111111114,0.9575945229984119,0.9822222222222224,
first_repeat_144,luna,0.2,Weighted regime,equal_call_budget,0.2,0.20000000000000015,0.25151999999999985,0.20000000000000015,0.0,0.00015188299999999952,1.4039334883828045,1.0,
first_repeat_144,qwen_local,0.2,Weighted regime,equal_call_budget,0.2,0.20000000000000015,0.25151999999999985,0.20000000000000015,0.0,0.0,25.785639317661488,1.0,
first_repeat_144,baseline,0.2,Weighted regime,equal_call_budget,0.3,0.29999999999999893,0.20237999999999992,0.18347222222222162,0.1165277777777776,0.00012063470000000034,0.5293831190978523,0.6115740740740743,
first_repeat_144,opus,0.2,Weighted regime,equal_call_budget,0.3,0.29999999999999893,0.20237999999999992,0.29999999999999893,0.0,0.0050331073611110996,2.025448647306503,1.0,
first_repeat_144,pro,0.2,Weighted regime,equal_call_budget,0.3,0.29999999999999893,0.20237999999999992,0.29999999999999893,0.0,0.007532663722222242,4.39218376101305,1.0,
first_repeat_144,astra,0.2,Weighted regime,equal_call_budget,0.3,0.29999999999999893,0.20237999999999992,0.29999999999999893,0.0,0.005937904236111121,2.341036809767997,1.0,
first_repeat_144,sonnet,0.2,Weighted regime,equal_call_budget,0.3,0.29999999999999893,0.20237999999999992,0.29999999999999893,0.0,0.0029092309999999995,2.3621666445787786,1.0,
first_repeat_144,lite,0.2,Weighted regime,equal_call_budget,0.3,0.29999999999999893,0.20237999999999992,0.2907777777777788,0.009222222222222257,0.0012340194777777798,1.4162584418599868,0.9692592592592661,
first_repeat_144,luna,0.2,Weighted regime,equal_call_budget,0.3,0.29999999999999893,0.20237999999999992,0.29999999999999893,0.0,0.00022261897916666732,2.071576965821733,1.0,
first_repeat_144,qwen_local,0.2,Weighted regime,equal_call_budget,0.3,0.29999999999999893,0.20237999999999992,0.29999999999999893,0.0,0.0,39.381874086491905,1.0,
first_repeat_144,baseline,0.2,Weighted regime,equal_call_budget,0.4,0.4000000000000003,0.16132000000000057,0.24722222222222187,0.15277777777777835,0.0001593473333333331,0.7007195085983627,0.6180555555555542,
first_repeat_144,opus,0.2,Weighted regime,equal_call_budget,0.4,0.4000000000000003,0.16132000000000057,0.40000000000000036,-5.2735593669694933e-17,0.006845178333333313,2.7807051903248254,1.0000000000000002,
first_repeat_144,pro,0.2,Weighted regime,equal_call_budget,0.4,0.4000000000000003,0.16132000000000057,0.40000000000000036,-5.2735593669694933e-17,0.010297801111111162,5.983374672766687,1.0000000000000002,
first_repeat_144,astra,0.2,Weighted regime,equal_call_budget,0.4,0.4000000000000003,0.16132000000000057,0.40000000000000036,-5.2735593669694933e-17,0.007910236527777758,3.1099045344237317,1.0000000000000002,
first_repeat_144,sonnet,0.2,Weighted regime,equal_call_budget,0.4,0.4000000000000003,0.16132000000000057,0.39994444444444477,5.555555555550318e-05,0.004039301888888882,3.2938938632162365,0.9998611111111112,
first_repeat_144,lite,0.2,Weighted regime,equal_call_budget,0.4,0.4000000000000003,0.16132000000000057,0.38466666666666716,0.015333333333333253,0.001652773261111116,1.8791720460719263,0.9616666666666672,
first_repeat_144,luna,0.2,Weighted regime,equal_call_budget,0.4,0.4000000000000003,0.16132000000000057,0.40000000000000036,-5.2735593669694933e-17,0.0003018394305555568,2.811171490551934,1.0000000000000002,
first_repeat_144,qwen_local,0.2,Weighted regime,equal_call_budget,0.4,0.4000000000000003,0.16132000000000057,0.3957777777777781,0.004222222222222218,0.0,53.20541283444416,0.9894444444444446,
first_repeat_144,baseline,0.2,Weighted regime,equal_call_budget,0.5,0.5,0.12429999999999972,0.31388888888888966,0.18611111111111062,0.0001969033333333338,0.864342103055,0.6277777777777793,
first_repeat_144,opus,0.2,Weighted regime,equal_call_budget,0.5,0.5,0.12429999999999972,0.5,-1.0547118733938987e-16,0.00868646666666668,3.558749030328236,1.0,
first_repeat_144,pro,0.2,Weighted regime,equal_call_budget,0.5,0.5,0.12429999999999972,0.5,-1.0547118733938987e-16,0.01313229444444443,7.593233968363747,1.0,
first_repeat_144,astra,0.2,Weighted regime,equal_call_budget,0.5,0.5,0.12429999999999972,0.5,-1.0547118733938987e-16,0.00987856006944441,3.868568695220381,1.0,
first_repeat_144,sonnet,0.2,Weighted regime,equal_call_budget,0.5,0.5,0.12429999999999972,0.4998611111111111,0.00013888888888878294,0.005192288055555544,4.246304108723702,0.9997222222222222,
first_repeat_144,lite,0.2,Weighted regime,equal_call_budget,0.5,0.5,0.12429999999999972,0.47833333333333145,0.02166666666666659,0.0020804281527777822,2.3442104929590553,0.9566666666666629,
first_repeat_144,luna,0.2,Weighted regime,equal_call_budget,0.5,0.5,0.12429999999999972,0.5,-1.0547118733938987e-16,0.00038530211805555694,3.586741538927752,1.0,
first_repeat_144,qwen_local,0.2,Weighted regime,equal_call_budget,0.5,0.5,0.12429999999999972,0.48944444444444535,0.010555555555555518,0.0,67.1426035719571,0.9788888888888907,
first_repeat_144,baseline,0.2,Weighted regime,equal_call_budget,0.6,0.5999999999999979,0.09052000000000014,0.38055555555555537,0.21944444444444397,0.0002366073333333337,1.03502141262579,0.6342592592592612,
first_repeat_144,opus,0.2,Weighted regime,equal_call_budget,0.6,0.5999999999999979,0.09052000000000014,0.5999999999999979,0.0,0.010426594999999997,4.271697235331163,1.0,
first_repeat_144,pro,0.2,Weighted regime,equal_call_budget,0.6,0.5999999999999979,0.09052000000000014,0.5999999999999979,0.0,0.015892447777777836,9.131960319721305,1.0,
first_repeat_144,astra,0.2,Weighted regime,equal_call_budget,0.6,0.5999999999999979,0.09052000000000014,0.5999999999999979,0.0,0.011859757361111082,4.624135463156378,1.0,
first_repeat_144,sonnet,0.2,Weighted regime,equal_call_budget,0.6,0.5999999999999979,0.09052000000000014,0.5982777777777768,0.0017222222222222582,0.006865285222222237,5.651434919875373,0.9971296296296316,
first_repeat_144,lite,0.2,Weighted regime,equal_call_budget,0.6,0.5999999999999979,0.09052000000000014,0.5780000000000018,0.021999999999999954,0.002541345094444454,2.8447388924711867,0.9633333333333398,
first_repeat_144,luna,0.2,Weighted regime,equal_call_budget,0.6,0.5999999999999979,0.09052000000000014,0.5999999999999979,0.0,0.0004611961805555568,4.274118550688683,1.0,
first_repeat_144,qwen_local,0.2,Weighted regime,equal_call_budget,0.6,0.5999999999999979,0.09052000000000014,0.5891111111111109,0.010888888888888903,0.0,79.68217961236695,0.981851851851855,
first_repeat_144,baseline,0.2,Weighted regime,equal_call_budget,0.7,0.7000000000000008,0.060720000000000114,0.44749999999999923,0.2525000000000004,0.00027610088888888973,1.2059574139294782,0.6392857142857125,
first_repeat_144,opus,0.2,Weighted regime,equal_call_budget,0.7,0.7000000000000008,0.060720000000000114,0.7000000000000008,-9.992007221626409e-17,0.01216761972222219,4.983016088040682,1.0,
first_repeat_144,pro,0.2,Weighted regime,equal_call_budget,0.7,0.7000000000000008,0.060720000000000114,0.7000000000000008,-9.992007221626409e-17,0.018721471666666687,10.715192417005813,1.0,
first_repeat_144,astra,0.2,Weighted regime,equal_call_budget,0.7,0.7000000000000008,0.060720000000000114,0.7000000000000008,-9.992007221626409e-17,0.013939748888888905,5.439108039683056,1.0,
first_repeat_144,sonnet,0.2,Weighted regime,equal_call_budget,0.7,0.7000000000000008,0.060720000000000114,0.6967222222222236,0.003277777777777646,0.008509585666666635,7.028475603900778,0.995317460317461,
first_repeat_144,lite,0.2,Weighted regime,equal_call_budget,0.7,0.7000000000000008,0.060720000000000114,0.6777777777777773,0.022222222222222143,0.002999573366666679,3.344109051231016,0.9682539682539664,
first_repeat_144,luna,0.2,Weighted regime,equal_call_budget,0.7,0.7000000000000008,0.060720000000000114,0.699722222222223,0.0002777777777776769,0.0005372275333333317,4.961004495159352,0.9996031746031745,
first_repeat_144,qwen_local,0.2,Weighted regime,equal_call_budget,0.7,0.7000000000000008,0.060720000000000114,0.6868888888888891,0.013111111111111027,0.0,92.52132008417446,0.9812698412698404,
first_repeat_144,baseline,0.2,Weighted regime,equal_call_budget,0.8,0.8000000000000007,0.038880000000000005,0.5150000000000005,0.2850000000000001,0.00031517355555555677,1.3774067986989411,0.64375,
first_repeat_144,opus,0.2,Weighted regime,equal_call_budget,0.8,0.8000000000000007,0.038880000000000005,0.8000000000000007,0.0,0.013910437222222183,5.691076236163394,1.0,
first_repeat_144,pro,0.2,Weighted regime,equal_call_budget,0.8,0.8000000000000007,0.038880000000000005,0.8000000000000007,0.0,0.02168823666666668,12.38743600614407,1.0,
first_repeat_144,astra,0.2,Weighted regime,equal_call_budget,0.8,0.8000000000000007,0.038880000000000005,0.8000000000000007,0.0,0.016217328888888924,6.372892233391226,1.0,
first_repeat_144,sonnet,0.2,Weighted regime,equal_call_budget,0.8,0.8000000000000007,0.038880000000000005,0.7952222222222207,0.004777777777777781,0.010096492666666639,8.349336033673563,0.9940277777777751,
first_repeat_144,lite,0.2,Weighted regime,equal_call_budget,0.8,0.8000000000000007,0.038880000000000005,0.7777777777777743,0.02222222222222217,0.0034524242999999987,3.841162728486268,0.9722222222222171,
first_repeat_144,luna,0.2,Weighted regime,equal_call_budget,0.8,0.8000000000000007,0.038880000000000005,0.7988888888888895,0.0011111111111111183,0.000613533466666668,5.6469083050495525,0.998611111111111,
first_repeat_144,qwen_local,0.2,Weighted regime,equal_call_budget,0.8,0.8000000000000007,0.038880000000000005,0.7808888888888899,0.019111111111111124,0.0,105.95958941877781,0.9761111111111115,
first_repeat_144,baseline,0.2,Weighted regime,equal_call_budget,0.9,0.9000000000000032,0.01896000000000003,0.5780555555555543,0.3219444444444431,0.00035383377777777747,1.54348050883344,0.6422839506172803,
first_repeat_144,opus,0.2,Weighted regime,equal_call_budget,0.9,0.9000000000000032,0.01896000000000003,0.9000000000000032,-1.1102230246251566e-17,0.015611392500000027,6.372482634990709,1.0,
first_repeat_144,pro,0.2,Weighted regime,equal_call_budget,0.9,0.9000000000000032,0.01896000000000003,0.9000000000000032,-1.1102230246251566e-17,0.0245734461111111,14.040770431889442,1.0,
first_repeat_144,astra,0.2,Weighted regime,equal_call_budget,0.9,0.9000000000000032,0.01896000000000003,0.9000000000000032,-1.1102230246251566e-17,0.018269468888888914,7.187082054565735,1.0,
first_repeat_144,sonnet,0.2,Weighted regime,equal_call_budget,0.9,0.9000000000000032,0.01896000000000003,0.8946111111111121,0.005388888888888865,0.011570992555555566,9.586780697110338,0.9940123456790099,
first_repeat_144,lite,0.2,Weighted regime,equal_call_budget,0.9,0.9000000000000032,0.01896000000000003,0.8777777777777755,0.02222222222222217,0.0038985948777777862,4.3345970562951575,0.9753086419753026,
first_repeat_144,luna,0.2,Weighted regime,equal_call_budget,0.9,0.9000000000000032,0.01896000000000003,0.8936111111111125,0.006388888888888937,0.0006911634888888911,6.367572698711534,0.9929012345678991,
first_repeat_144,qwen_local,0.2,Weighted regime,equal_call_budget,0.9,0.9000000000000032,0.01896000000000003,0.8784444444444433,0.021555555555555498,0.0,119.36341394419236,0.9760493827160446,
first_repeat_144,baseline,0.2,Weighted regime,equal_call_budget,1.0,0.9999999999999999,0.0,0.6388888888888866,0.3611111111111127,0.00039228777777777784,1.7068663816504566,0.6388888888888867,
first_repeat_144,opus,0.2,Weighted regime,equal_call_budget,1.0,0.9999999999999999,0.0,0.9999999999999999,0.0,0.017291416666666667,7.040562159170333,1.0,
first_repeat_144,pro,0.2,Weighted regime,equal_call_budget,1.0,0.9999999999999999,0.0,0.9999999999999999,0.0,0.027417877777777693,15.684650275938427,1.0,
first_repeat_144,astra,0.2,Weighted regime,equal_call_budget,1.0,0.9999999999999999,0.0,0.9999999999999999,0.0,0.020208888888888932,7.941474689473369,1.0,
first_repeat_144,sonnet,0.2,Weighted regime,equal_call_budget,1.0,0.9999999999999999,0.0,0.9944444444444419,0.005555555555555536,0.012989288888888917,10.782517477379102,0.994444444444442,
first_repeat_144,lite,0.2,Weighted regime,equal_call_budget,1.0,0.9999999999999999,0.0,0.9777777777777799,0.02222222222222217,0.004341425277777786,4.826221709380888,0.97777777777778,
first_repeat_144,luna,0.2,Weighted regime,equal_call_budget,1.0,0.9999999999999999,0.0,0.9861111111111137,0.01388888888888884,0.0007694555555555567,7.1056173842594195,0.9861111111111138,
first_repeat_144,qwen_local,0.2,Weighted regime,equal_call_budget,1.0,0.9999999999999999,0.0,0.9777777777777799,0.02222222222222217,0.0,132.75001606501218,0.97777777777778,
