sample,configuration,mu,method,rule,value,delta_calls,delta_missed_error_mass,delta_correct_executions_per_case,delta_failed_executions_per_case,delta_api_fee_estimate_usd_per_case,delta_sequential_seconds_per_case
full_288,baseline,0.01,Context cells,threshold,0.4,0.11466666666666656,-0.05833999999999967,0.07441666666666664,0.04024999999999993,4.4931577777777805e-05,0.19145138321170815
full_288,opus,0.01,Context cells,threshold,0.4,0.11466666666666656,-0.05833999999999967,0.11466666666666656,0.0,0.00189523111111111,0.756754631634349
full_288,pro,0.01,Context cells,threshold,0.4,0.11466666666666656,-0.05833999999999967,0.11466666666666656,0.0,0.0027762438888888894,1.6580050486322606
full_288,astra,0.01,Context cells,threshold,0.4,0.11466666666666656,-0.05833999999999967,0.11466666666666656,0.0,0.002245421319444444,0.8833068778631218
full_288,sonnet,0.01,Context cells,threshold,0.4,0.11466666666666656,-0.05833999999999967,0.11458333333333322,8.333333333333345e-05,0.001260403,1.0377276690917214
full_288,lite,0.01,Context cells,threshold,0.4,0.11466666666666656,-0.05833999999999967,0.11194444444444443,0.0027222222222222227,0.0005032814638888881,0.562920794966896
full_288,luna,0.01,Context cells,threshold,0.4,0.11466666666666656,-0.05833999999999967,0.11244444444444447,0.002222222222222221,8.639317083333332e-05,0.8289110715486647
full_288,qwen_local,0.01,Context cells,threshold,0.4,0.11466666666666656,-0.05833999999999967,0.11197222222222221,0.002694444444444445,0.0,14.316044665434944
full_288,baseline,0.01,Context cells,threshold,0.6,0.2291666666666661,-0.09955500000000095,0.1506111111111115,0.07855555555555536,8.723436666666623e-05,0.3649830342775413
full_288,opus,0.01,Context cells,threshold,0.6,0.2291666666666661,-0.09955500000000095,0.2291666666666661,0.0,0.0038077297569444504,1.563273554323603
full_288,pro,0.01,Context cells,threshold,0.6,0.2291666666666661,-0.09955500000000095,0.2291666666666661,0.0,0.005893517722222235,3.459724375958685
full_288,astra,0.01,Context cells,threshold,0.6,0.2291666666666661,-0.09955500000000095,0.2291666666666661,0.0,0.00448315324652777,1.709774050194183
full_288,sonnet,0.01,Context cells,threshold,0.6,0.2291666666666661,-0.09955500000000095,0.22794444444444403,0.001222222222222219,0.00273230704166667,2.2701504820669527
full_288,lite,0.01,Context cells,threshold,0.6,0.2291666666666661,-0.09955500000000095,0.22299999999999962,0.006166666666666664,0.0010239254340277783,1.1316899452140214
full_288,luna,0.01,Context cells,threshold,0.6,0.2291666666666661,-0.09955500000000095,0.22611111111111107,0.0030555555555555475,0.00019127533020833342,1.7900730215662146
full_288,qwen_local,0.01,Context cells,threshold,0.6,0.2291666666666661,-0.09955500000000095,0.2242291666666673,0.004937500000000029,0.0,27.167458577545595
full_288,baseline,0.01,Context cells,threshold,0.7,0.11949999999999927,-0.03871499999999978,0.06503472222222167,0.05446527777777774,4.08661500000007e-05,0.17576335460463777
full_288,opus,0.01,Context cells,threshold,0.7,0.11949999999999927,-0.03871499999999978,0.11949999999999927,0.0,0.0021430906250000242,0.8928893666350093
full_288,pro,0.01,Context cells,threshold,0.7,0.11949999999999927,-0.03871499999999978,0.11949999999999927,0.0,0.0038293367499999797,2.2032163991000004
full_288,astra,0.01,Context cells,threshold,0.7,0.11949999999999927,-0.03871499999999978,0.11949999999999927,0.0,0.002646193854166645,1.023258264042087
full_288,sonnet,0.01,Context cells,threshold,0.7,0.11949999999999927,-0.03871499999999978,0.11969444444444516,-0.0001944444444444437,0.0013959239583333201,1.2002920951347926
full_288,lite,0.01,Context cells,threshold,0.7,0.11949999999999927,-0.03871499999999978,0.10758333333333359,0.011916666666666652,0.0004993398930555623,0.5489850211575291
full_288,luna,0.01,Context cells,threshold,0.7,0.11949999999999927,-0.03871499999999978,0.11211111111111216,0.0073888888888888685,0.00010979584930555529,1.0168654340040635
full_288,qwen_local,0.01,Context cells,threshold,0.7,0.11949999999999927,-0.03871499999999978,0.1083888888888877,0.011111111111111228,0.0,14.881370008270288
full_288,baseline,0.01,Context cells,threshold,0.8,0.12100000000000022,-0.026889999999999803,0.07186111111111282,0.049138888888889426,4.61733555555551e-05,0.1984962200890854
full_288,opus,0.01,Context cells,threshold,0.8,0.12100000000000022,-0.026889999999999803,0.12100000000000022,-2.7755575615628914e-19,0.002300766388888837,0.9526669577525082
full_288,pro,0.01,Context cells,threshold,0.8,0.12100000000000022,-0.026889999999999803,0.12100000000000022,-2.7755575615628914e-19,0.0037063175000000698,2.1358997447983405
full_288,astra,0.01,Context cells,threshold,0.8,0.12100000000000022,-0.026889999999999803,0.12100000000000022,-2.7755575615628914e-19,0.0029156869270833604,1.148708249334768
full_288,sonnet,0.01,Context cells,threshold,0.8,0.12100000000000022,-0.026889999999999803,0.11693055555555487,0.00406944444444443,0.0018894007222222259,1.593849276144721
full_288,lite,0.01,Context cells,threshold,0.8,0.12100000000000022,-0.026889999999999803,0.1152222222222199,0.00577777777777775,0.0005246558749999941,0.5827061621596501
full_288,luna,0.01,Context cells,threshold,0.8,0.12100000000000022,-0.026889999999999803,0.11488888888888948,0.006111111111111088,0.00011665685520833614,1.0565248726483736
full_288,qwen_local,0.01,Context cells,threshold,0.8,0.12100000000000022,-0.026889999999999803,0.11909027777777548,0.0019097222222223612,0.0,14.964950495673492
full_288,baseline,0.01,Context cells,threshold,0.9,0.0728333333333342,-0.025474999999999942,0.04795138888888928,0.024881944444444137,2.8883961111110512e-05,0.12801173316877668
full_288,opus,0.01,Context cells,threshold,0.9,0.0728333333333342,-0.025474999999999942,0.0728333333333342,0.0,0.0014631619791665648,0.6235801135571917
full_288,pro,0.01,Context cells,threshold,0.9,0.0728333333333342,-0.025474999999999942,0.0728333333333342,0.0,0.002600029833333257,1.4780212447755705
full_288,astra,0.01,Context cells,threshold,0.9,0.0728333333333342,-0.025474999999999942,0.0728333333333342,0.0,0.0020164516666665855,0.8068733205746073
full_288,sonnet,0.01,Context cells,threshold,0.9,0.0728333333333342,-0.025474999999999942,0.06904861111110983,0.0037847222222222084,0.001173657499999984,0.9822593677572211
full_288,lite,0.01,Context cells,threshold,0.9,0.0728333333333342,-0.025474999999999942,0.07427777777778033,-0.0014444444444444392,0.0002859073284722049,0.322690857655032
full_288,luna,0.01,Context cells,threshold,0.9,0.0728333333333342,-0.025474999999999942,0.07540972222221853,-0.0025763888888889926,7.77737986111149e-05,0.7134292290124655
full_288,qwen_local,0.01,Context cells,threshold,0.9,0.0728333333333342,-0.025474999999999942,0.06921527777777714,0.0036180555555554786,0.0,8.826098257064132
full_288,baseline,0.01,Context cells,equal_call_budget,0.0,0.0,0.0,0.0,0.0,0.0,0.0
full_288,opus,0.01,Context cells,equal_call_budget,0.0,0.0,0.0,0.0,0.0,0.0,0.0
full_288,pro,0.01,Context cells,equal_call_budget,0.0,0.0,0.0,0.0,0.0,0.0,0.0
full_288,astra,0.01,Context cells,equal_call_budget,0.0,0.0,0.0,0.0,0.0,0.0,0.0
full_288,sonnet,0.01,Context cells,equal_call_budget,0.0,0.0,0.0,0.0,0.0,0.0,0.0
full_288,lite,0.01,Context cells,equal_call_budget,0.0,0.0,0.0,0.0,0.0,0.0,0.0
full_288,luna,0.01,Context cells,equal_call_budget,0.0,0.0,0.0,0.0,0.0,0.0,0.0
full_288,qwen_local,0.01,Context cells,equal_call_budget,0.0,0.0,0.0,0.0,0.0,0.0,0.0
full_288,baseline,0.01,Context cells,equal_call_budget,0.1,-1.3877787807814457e-17,-0.0023150000000001225,0.001680555555555699,-0.0016805555555557614,-1.1034250000000088e-06,-0.009187812919767585
full_288,opus,0.01,Context cells,equal_call_budget,0.1,-1.3877787807814457e-17,-0.0023150000000001225,-1.3877787807814457e-17,0.0,-0.00010795881944444894,-0.043903999474327216
full_288,pro,0.01,Context cells,equal_call_budget,0.1,-1.3877787807814457e-17,-0.0023150000000001225,-1.3877787807814457e-17,0.0,-0.00023026788888887628,-0.13958918764500616
full_288,astra,0.01,Context cells,equal_call_budget,0.1,-1.3877787807814457e-17,-0.0023150000000001225,-1.3877787807814457e-17,0.0,-9.897157118054752e-05,-0.06070381521092527
full_288,sonnet,0.01,Context cells,equal_call_budget,0.1,-1.3877787807814457e-17,-0.0023150000000001225,-9.375000000000355e-05,9.374999999999995e-05,-9.045738194444347e-05,-0.0772014982598287
full_288,lite,0.01,Context cells,equal_call_budget,0.1,-1.3877787807814457e-17,-0.0023150000000001225,0.0011076388888883876,-0.0011076388888888694,-4.93452604166596e-06,-0.004091800131908296
full_288,luna,0.01,Context cells,equal_call_budget,0.1,-1.3877787807814457e-17,-0.0023150000000001225,0.0015138888888884677,-0.0015138888888888689,7.328877604166999e-06,0.06655983879320382
full_288,qwen_local,0.01,Context cells,equal_call_budget,0.1,-1.3877787807814457e-17,-0.0023150000000001225,0.0019652777777776215,-0.0019652777777777694,0.0,-0.7990656316772853
full_288,baseline,0.01,Context cells,equal_call_budget,0.2,0.0,-8.500000000072339e-05,0.002871527777778188,-0.002871527777777577,-1.868752777778158e-06,-0.014574218172956399
full_288,opus,0.01,Context cells,equal_call_budget,0.2,0.0,-8.500000000072339e-05,0.0,-1.3877787807814457e-19,-0.00011732318287036589,-0.03630607353875237
full_288,pro,0.01,Context cells,equal_call_budget,0.2,0.0,-8.500000000072339e-05,0.0,-1.3877787807814457e-19,-0.0002300734814814926,-0.14271635282213824
full_288,astra,0.01,Context cells,equal_call_budget,0.2,0.0,-8.500000000072339e-05,0.0,-1.3877787807814457e-19,-0.0001370290625000081,-0.09056110556829733
full_288,sonnet,0.01,Context cells,equal_call_budget,0.2,0.0,-8.500000000072339e-05,-0.0002812499999999274,0.00028124999999999944,-4.34465995370263e-05,-0.03494189873137632
full_288,lite,0.01,Context cells,equal_call_budget,0.2,0.0,-8.500000000072339e-05,0.0006388888888896604,-0.0006388888888888781,3.820232986111714e-06,0.002097903584127092
full_288,luna,0.01,Context cells,equal_call_budget,0.2,0.0,-8.500000000072339e-05,0.0017118055555563894,-0.0017118055555555432,1.1475525000000797e-05,0.1004078227431695
full_288,qwen_local,0.01,Context cells,equal_call_budget,0.2,0.0,-8.500000000072339e-05,0.0020081018518516847,-0.0020081018518518364,0.0,-1.2102351874533
full_288,baseline,0.01,Context cells,equal_call_budget,0.3,0.0,0.0075250000000001704,0.0035451388888884106,-0.0035451388888884383,-1.7635888888884078e-06,-0.011467095411413442
full_288,opus,0.01,Context cells,equal_call_budget,0.3,0.0,0.0075250000000001704,0.0,0.0,3.0076747685196283e-05,0.05001237718820528
full_288,pro,0.01,Context cells,equal_call_budget,0.3,0.0,0.0075250000000001704,0.0,0.0,8.99568796296421e-05,0.0546714916392288
full_288,astra,0.01,Context cells,equal_call_budget,0.3,0.0,0.0075250000000001704,0.0,0.0,-7.429713541666407e-05,-0.06296949595158674
full_288,sonnet,0.01,Context cells,equal_call_budget,0.3,0.0,0.0075250000000001704,-0.0005902777777773704,0.0005902777777777768,0.00021276719212964508,0.1864021585638329
full_288,lite,0.01,Context cells,equal_call_budget,0.3,0.0,0.0075250000000001704,-0.002291666666666581,0.0022916666666666675,3.413931319444811e-05,0.025539815331072413
full_288,luna,0.01,Context cells,equal_call_budget,0.3,0.0,0.0075250000000001704,-0.0003854166666666381,0.00038541666666667366,8.444535069444158e-06,0.06757667651341359
full_288,qwen_local,0.01,Context cells,equal_call_budget,0.3,0.0,0.0075250000000001704,-0.0012384259259251573,0.0012384259259259293,0.0,-0.8960176141742409
full_288,baseline,0.01,Context cells,equal_call_budget,0.4,0.0,0.006835000000000313,-0.002309027777776529,0.0023090277777771673,-3.572730555555394e-06,-0.016806014378429324
full_288,opus,0.01,Context cells,equal_call_budget,0.4,0.0,0.006835000000000313,5.551115123125783e-17,-1.9706458687096528e-17,7.132006365742627e-05,0.06549303512394289
full_288,pro,0.01,Context cells,equal_call_budget,0.4,0.0,0.006835000000000313,5.551115123125783e-17,-1.9706458687096528e-17,0.00023678287962965,0.13921915316703348
full_288,astra,0.01,Context cells,equal_call_budget,0.4,0.0,0.006835000000000313,5.551115123125783e-17,-1.9706458687096528e-17,9.054835069457687e-06,-0.020076234111493285
full_288,sonnet,0.01,Context cells,equal_call_budget,0.4,0.0,0.006835000000000313,-9.375000000028111e-05,9.374999999997059e-05,0.00013210833796295073,0.13223428336893406
full_288,lite,0.01,Context cells,equal_call_budget,0.4,0.0,0.006835000000000313,-0.005902777777778423,0.005902777777777771,1.8454014583329332e-05,0.010253968408082015
full_288,luna,0.01,Context cells,equal_call_budget,0.4,0.0,0.006835000000000313,-0.002847222222223278,0.0028472222222222145,9.26827725694526e-06,0.08595083436850137
full_288,qwen_local,0.01,Context cells,equal_call_budget,0.4,0.0,0.006835000000000313,-0.004929398148146857,0.00492939814814815,0.0,-0.36187752457975364
full_288,baseline,0.01,Context cells,equal_call_budget,0.5,0.0,0.0034505000000001895,-0.010453472222222648,0.010453472222221705,-5.986130555554953e-06,-0.02447164151300063
full_288,opus,0.01,Context cells,equal_call_budget,0.5,0.0,0.0034505000000001895,0.0,-2.6367796834847467e-17,1.614158449073956e-05,0.02180854268924115
full_288,pro,0.01,Context cells,equal_call_budget,0.5,0.0,0.0034505000000001895,0.0,-2.6367796834847467e-17,0.00030095275462959856,0.16506977122997402
full_288,astra,0.01,Context cells,equal_call_budget,0.5,0.0,0.0034505000000001895,0.0,-2.6367796834847467e-17,0.00011017048263886435,0.03196707511425201
full_288,sonnet,0.01,Context cells,equal_call_budget,0.5,0.0,0.0034505000000001895,0.0010451388888897961,-0.0010451388888889088,-0.00015714572731483686,-0.0967742906361071
full_288,lite,0.01,Context cells,equal_call_budget,0.5,0.0,0.0034505000000001895,-0.008873611111109847,0.00887361111111109,-2.9947884444437613e-05,-0.035119832496973036
full_288,luna,0.01,Context cells,equal_call_budget,0.5,0.0,0.0034505000000001895,-0.004971527777776652,0.004971527777777764,1.2435429791665187e-05,0.12425283073012139
full_288,qwen_local,0.01,Context cells,equal_call_budget,0.5,0.0,0.0034505000000001895,-0.007925231481482331,0.007925231481481484,0.0,-0.13158556565727508
full_288,baseline,0.01,Context cells,equal_call_budget,0.6,0.0,0.004375000000000004,-0.006868055555554031,0.006868055555556168,-3.168369444443578e-06,-0.011614064008715008
full_288,opus,0.01,Context cells,equal_call_budget,0.6,0.0,0.004375000000000004,0.0,-3.885780586188048e-18,5.8958350694471306e-05,0.03326855033779541
full_288,pro,0.01,Context cells,equal_call_budget,0.6,0.0,0.004375000000000004,0.0,-3.885780586188048e-18,0.00022497591666661293,0.11367368230727415
full_288,astra,0.01,Context cells,equal_call_budget,0.6,0.0,0.004375000000000004,0.0,-3.885780586188048e-18,0.00023354827256945668,0.09476831472223157
full_288,sonnet,0.01,Context cells,equal_call_budget,0.6,0.0,0.004375000000000004,0.00037847222221965016,-0.00037847222222222275,-8.691798611075614e-06,0.018642656307248373
full_288,lite,0.01,Context cells,equal_call_budget,0.6,0.0,0.004375000000000004,-0.0046944444444440014,0.004694444444444482,-2.5758527083343842e-05,-0.02538221320050349
full_288,luna,0.01,Context cells,equal_call_budget,0.6,0.0,0.004375000000000004,-0.003552083333330236,0.003552083333333301,1.520230989583265e-05,0.1314561516878312
full_288,qwen_local,0.01,Context cells,equal_call_budget,0.6,0.0,0.004375000000000004,-0.0030034722222243015,0.003003472222222253,0.0,-0.16826257976698855
full_288,baseline,0.01,Context cells,equal_call_budget,0.7,0.0,0.004360000000000128,-0.0033194444444436533,0.0033194444444452076,-1.0292916666678072e-06,-0.0010603986415225197
full_288,opus,0.01,Context cells,equal_call_budget,0.7,0.0,0.004360000000000128,0.0,-1.609823385706477e-17,0.00011836310763882127,0.06025232653699053
full_288,pro,0.01,Context cells,equal_call_budget,0.7,0.0,0.004360000000000128,0.0,-1.609823385706477e-17,0.0002184470555555533,0.10867856735444903
full_288,astra,0.01,Context cells,equal_call_budget,0.7,0.0,0.004360000000000128,0.0,-1.609823385706477e-17,0.00037801369791659253,0.16346096971998492
full_288,sonnet,0.01,Context cells,equal_call_budget,0.7,0.0,0.004360000000000128,-0.00123263888888836,0.0012326388888888266,0.00015079256944448838,0.14257261159060342
full_288,lite,0.01,Context cells,equal_call_budget,0.7,0.0,0.004360000000000128,-0.0009618055555540295,0.0009618055555553687,-2.587851874999523e-05,-0.02136711725431306
full_288,luna,0.01,Context cells,equal_call_budget,0.7,0.0,0.004360000000000128,-0.0013645833333340018,0.001364583333333327,1.8313858680556942e-05,0.15453450761678145
full_288,qwen_local,0.01,Context cells,equal_call_budget,0.7,0.0,0.004360000000000128,-0.0003333333333311872,0.0003333333333333348,0.0,-0.26293470688818843
full_288,baseline,0.01,Context cells,equal_call_budget,0.8,0.0,-0.004734999999999948,-0.00020833333333414306,0.00020833333333347692,2.712611111111785e-07,0.006510741021693356
full_288,opus,0.01,Context cells,equal_call_budget,0.8,0.0,-0.004734999999999948,0.0,-6.661338147750939e-18,0.00016852755208326096,0.09268465830543082
full_288,pro,0.01,Context cells,equal_call_budget,0.8,0.0,-0.004734999999999948,0.0,-6.661338147750939e-18,0.0004151828888888792,0.2071662487315411
full_288,astra,0.01,Context cells,equal_call_budget,0.8,0.0,-0.004734999999999948,0.0,-6.661338147750939e-18,0.0004776752170139488,0.2042690608331279
full_288,sonnet,0.01,Context cells,equal_call_budget,0.8,0.0,-0.004734999999999948,-0.002548611111114041,0.0025486111111110363,0.00016785622916661545,0.1492742467572299
full_288,lite,0.01,Context cells,equal_call_budget,0.8,0.0,-0.004734999999999948,0.0031388888888904676,-0.003138888888889045,-4.1593651736125496e-05,-0.035977047175028254
full_288,luna,0.01,Context cells,equal_call_budget,0.8,0.0,-0.004734999999999948,0.0038993055555538447,-0.00389930555555576,1.7145670312501346e-05,0.157851901940389
full_288,qwen_local,0.01,Context cells,equal_call_budget,0.8,0.0,-0.004734999999999948,-0.001673611111110418,0.001673611111111032,0.0,-0.22666967160574814
full_288,baseline,0.01,Context cells,equal_call_budget,0.9,0.0,-0.009829999999999919,-0.0008472222222244419,0.0008472222222214443,2.2597777777575703e-07,0.004860374988740146
full_288,opus,0.01,Context cells,equal_call_budget,0.9,0.0,-0.009829999999999919,0.0,8.049116928532385e-17,0.00017625874999999298,0.09270106342044215
full_288,pro,0.01,Context cells,equal_call_budget,0.9,0.0,-0.009829999999999919,0.0,8.049116928532385e-17,0.00035630613888889065,0.18526598064727828
full_288,astra,0.01,Context cells,equal_call_budget,0.9,0.0,-0.009829999999999919,0.0,8.049116928532385e-17,0.00036718970486111085,0.15121833272166718
full_288,sonnet,0.01,Context cells,equal_call_budget,0.9,0.0,-0.009829999999999919,-0.0007569444444448514,0.0007569444444444828,0.00019548676388892426,0.1767145528456524
full_288,lite,0.01,Context cells,equal_call_budget,0.9,0.0,-0.009829999999999919,0.0012013888888879887,-0.0012013888888888005,-2.8766729861112034e-05,-0.025190037281645594
full_288,luna,0.01,Context cells,equal_call_budget,0.9,0.0,-0.009829999999999919,0.00285416666666638,-0.0028541666666666056,1.4866156597222158e-05,0.13896209419358918
full_288,qwen_local,0.01,Context cells,equal_call_budget,0.9,0.0,-0.009829999999999919,-0.001152777777775782,0.0011527777777778116,0.0,-0.1078326719206757
full_288,baseline,0.01,Context cells,equal_call_budget,1.0,0.0,0.0,0.0,0.0,0.0,0.0
full_288,opus,0.01,Context cells,equal_call_budget,1.0,0.0,0.0,0.0,0.0,0.0,0.0
full_288,pro,0.01,Context cells,equal_call_budget,1.0,0.0,0.0,0.0,0.0,0.0,0.0
full_288,astra,0.01,Context cells,equal_call_budget,1.0,0.0,0.0,0.0,0.0,0.0,0.0
full_288,sonnet,0.01,Context cells,equal_call_budget,1.0,0.0,0.0,0.0,0.0,0.0,0.0
full_288,lite,0.01,Context cells,equal_call_budget,1.0,0.0,0.0,0.0,0.0,0.0,0.0
full_288,luna,0.01,Context cells,equal_call_budget,1.0,0.0,0.0,0.0,0.0,0.0,0.0
full_288,qwen_local,0.01,Context cells,equal_call_budget,1.0,0.0,0.0,0.0,0.0,0.0,0.0
full_288,baseline,0.01,Global,threshold,0.4,0.0,0.0,0.0,0.0,0.0,0.0
full_288,opus,0.01,Global,threshold,0.4,0.0,0.0,0.0,0.0,0.0,0.0
full_288,pro,0.01,Global,threshold,0.4,0.0,0.0,0.0,0.0,0.0,0.0
full_288,astra,0.01,Global,threshold,0.4,0.0,0.0,0.0,0.0,0.0,0.0
full_288,sonnet,0.01,Global,threshold,0.4,0.0,0.0,0.0,0.0,0.0,0.0
full_288,lite,0.01,Global,threshold,0.4,0.0,0.0,0.0,0.0,0.0,0.0
full_288,luna,0.01,Global,threshold,0.4,0.0,0.0,0.0,0.0,0.0,0.0
full_288,qwen_local,0.01,Global,threshold,0.4,0.0,0.0,0.0,0.0,0.0,0.0
full_288,baseline,0.01,Global,threshold,0.6,-0.006666666666666571,0.003239999999999965,-0.004222222222222169,-0.0024444444444444713,-2.683466666666696e-06,-0.011724302159376532
full_288,opus,0.01,Global,threshold,0.6,-0.006666666666666571,0.003239999999999965,-0.006666666666666571,0.0,-0.0001167852777777781,-0.04663573896778872
full_288,pro,0.01,Global,threshold,0.6,-0.006666666666666571,0.003239999999999965,-0.006666666666666571,0.0,-0.00017583866666666566,-0.10514643161323445
full_288,astra,0.01,Global,threshold,0.6,-0.006666666666666571,0.003239999999999965,-0.006666666666666571,0.0,-0.00013706736111111176,-0.055321946189660576
full_288,sonnet,0.01,Global,threshold,0.6,-0.006666666666666571,0.003239999999999965,-0.006666666666666571,0.0,-7.871077777777714e-05,-0.06494678798396758
full_288,lite,0.01,Global,threshold,0.6,-0.006666666666666571,0.003239999999999965,-0.006444444444444419,-0.00022222222222222174,-2.9487283333333707e-05,-0.032905801055642336
full_288,luna,0.01,Global,threshold,0.6,-0.006666666666666571,0.003239999999999965,-0.006444444444444419,-0.00022222222222222174,-4.56726944444443e-06,-0.04402785375415541
full_288,qwen_local,0.01,Global,threshold,0.6,-0.006666666666666571,0.003239999999999965,-0.006388888888888861,-0.0002777777777777761,0.0,-0.8807878056449425
full_288,baseline,0.01,Global,threshold,0.7,-0.17499999999999927,0.06035000000000021,-0.126180555555557,-0.04881944444444464,-7.243394444444415e-05,-0.3046713385323404
full_288,opus,0.01,Global,threshold,0.7,-0.17499999999999927,0.06035000000000021,-0.17499999999999927,0.0,-0.0031467604166666094,-1.325433212405506
full_288,pro,0.01,Global,threshold,0.7,-0.17499999999999927,0.06035000000000021,-0.17499999999999927,0.0,-0.004888917500000039,-2.8641458805688096
full_288,astra,0.01,Global,threshold,0.7,-0.17499999999999927,0.06035000000000021,-0.17499999999999927,0.0,-0.0034403843750000157,-1.3146861921400945
full_288,sonnet,0.01,Global,threshold,0.7,-0.17499999999999927,0.06035000000000021,-0.17222222222222022,-0.002777777777777768,-0.0027145784722222414,-2.2417941156399768
full_288,lite,0.01,Global,threshold,0.7,-0.17499999999999927,0.06035000000000021,-0.17499999999999977,0.0,-0.0008608930416666583,-0.9345028581875252
full_288,luna,0.01,Global,threshold,0.7,-0.17499999999999927,0.06035000000000021,-0.17499999999999977,0.0,-0.00013417629861111192,-1.2224009231567865
full_288,qwen_local,0.01,Global,threshold,0.7,-0.17499999999999927,0.06035000000000021,-0.17500000000000265,0.0,0.0,-21.15306430301971
full_288,baseline,0.01,Global,threshold,0.8,-0.16666666666666796,0.06200000000000008,-0.10138888888888703,-0.06527777777777732,-6.081888888888966e-05,-0.25806608010186016
full_288,opus,0.01,Global,threshold,0.8,-0.16666666666666796,0.06200000000000008,-0.16666666666666796,0.0,-0.002874361111111213,-1.1905213590963917
full_288,pro,0.01,Global,threshold,0.8,-0.16666666666666796,0.06200000000000008,-0.16666666666666796,0.0,-0.004955438888888839,-2.887863053177691
full_288,astra,0.01,Global,threshold,0.8,-0.16666666666666796,0.06200000000000008,-0.16666666666666796,0.0,-0.0032752152777777554,-1.2517513435136554
full_288,sonnet,0.01,Global,threshold,0.8,-0.16666666666666796,0.06200000000000008,-0.1666666666666698,0.0,-0.0019339944444444115,-1.6255970639884838
full_288,lite,0.01,Global,threshold,0.8,-0.16666666666666796,0.06200000000000008,-0.1555555555555589,-0.011111111111111106,-0.0007398554166666736,-0.8062256942208692
full_288,luna,0.01,Global,threshold,0.8,-0.16666666666666796,0.06200000000000008,-0.16111111111111087,-0.005555555555555536,-0.00012986236111110913,-1.2235397218797748
full_288,qwen_local,0.01,Global,threshold,0.8,-0.16666666666666796,0.06200000000000008,-0.15416666666666773,-0.012499999999999983,0.0,-20.781259097952436
full_288,baseline,0.01,Global,threshold,0.9,-0.16666666666666619,0.030999999999999812,-0.1013888888888903,-0.06527777777777852,-6.321888888888961e-05,-0.2646243883173993
full_288,opus,0.01,Global,threshold,0.9,-0.16666666666666619,0.030999999999999812,-0.16666666666666619,0.0,-0.0028874791666666615,-1.1595032385521398
full_288,pro,0.01,Global,threshold,0.9,-0.16666666666666619,0.030999999999999812,-0.16666666666666619,0.0,-0.0045957000000000775,-2.6928025600830185
full_288,astra,0.01,Global,threshold,0.9,-0.16666666666666619,0.030999999999999812,-0.16666666666666619,0.0,-0.003337375000000054,-1.2997411818744862
full_288,sonnet,0.01,Global,threshold,0.9,-0.16666666666666619,0.030999999999999812,-0.1652777777777782,-0.001388888888888884,-0.0022682000000000292,-1.8953814943709082
full_288,lite,0.01,Global,threshold,0.9,-0.16666666666666619,0.030999999999999812,-0.15555555555555156,-0.011111111111111058,-0.0007737373611111172,-0.8450690806177357
full_288,luna,0.01,Global,threshold,0.9,-0.16666666666666619,0.030999999999999812,-0.15416666666666912,-0.012500000000000084,-0.00013761722222222167,-1.2414173010526648
full_288,qwen_local,0.01,Global,threshold,0.9,-0.16666666666666619,0.030999999999999812,-0.1652777777777753,-0.0013888888888890331,0.0,-20.87249857446986
full_288,baseline,0.01,Global,equal_call_budget,0.0,0.0,0.0,0.0,0.0,0.0,0.0
full_288,opus,0.01,Global,equal_call_budget,0.0,0.0,0.0,0.0,0.0,0.0,0.0
full_288,pro,0.01,Global,equal_call_budget,0.0,0.0,0.0,0.0,0.0,0.0,0.0
full_288,astra,0.01,Global,equal_call_budget,0.0,0.0,0.0,0.0,0.0,0.0,0.0
full_288,sonnet,0.01,Global,equal_call_budget,0.0,0.0,0.0,0.0,0.0,0.0,0.0
full_288,lite,0.01,Global,equal_call_budget,0.0,0.0,0.0,0.0,0.0,0.0,0.0
full_288,luna,0.01,Global,equal_call_budget,0.0,0.0,0.0,0.0,0.0,0.0,0.0
full_288,qwen_local,0.01,Global,equal_call_budget,0.0,0.0,0.0,0.0,0.0,0.0,0.0
full_288,baseline,0.01,Global,equal_call_budget,0.1,0.0,0.0,0.0,0.0,0.0,0.0
full_288,opus,0.01,Global,equal_call_budget,0.1,0.0,0.0,0.0,0.0,0.0,0.0
full_288,pro,0.01,Global,equal_call_budget,0.1,0.0,0.0,0.0,0.0,0.0,0.0
full_288,astra,0.01,Global,equal_call_budget,0.1,0.0,0.0,0.0,0.0,0.0,0.0
full_288,sonnet,0.01,Global,equal_call_budget,0.1,0.0,0.0,0.0,0.0,0.0,0.0
full_288,lite,0.01,Global,equal_call_budget,0.1,0.0,0.0,0.0,0.0,0.0,0.0
full_288,luna,0.01,Global,equal_call_budget,0.1,0.0,0.0,0.0,0.0,0.0,0.0
full_288,qwen_local,0.01,Global,equal_call_budget,0.1,0.0,0.0,0.0,0.0,0.0,0.0
full_288,baseline,0.01,Global,equal_call_budget,0.2,0.0,0.0,0.0,0.0,0.0,0.0
full_288,opus,0.01,Global,equal_call_budget,0.2,0.0,0.0,0.0,0.0,0.0,0.0
full_288,pro,0.01,Global,equal_call_budget,0.2,0.0,0.0,0.0,0.0,0.0,0.0
full_288,astra,0.01,Global,equal_call_budget,0.2,0.0,0.0,0.0,0.0,0.0,0.0
full_288,sonnet,0.01,Global,equal_call_budget,0.2,0.0,0.0,0.0,0.0,0.0,0.0
full_288,lite,0.01,Global,equal_call_budget,0.2,0.0,0.0,0.0,0.0,0.0,0.0
full_288,luna,0.01,Global,equal_call_budget,0.2,0.0,0.0,0.0,0.0,0.0,0.0
full_288,qwen_local,0.01,Global,equal_call_budget,0.2,0.0,0.0,0.0,0.0,0.0,0.0
full_288,baseline,0.01,Global,equal_call_budget,0.3,0.0,0.0,0.0,0.0,0.0,0.0
full_288,opus,0.01,Global,equal_call_budget,0.3,0.0,0.0,0.0,0.0,0.0,0.0
full_288,pro,0.01,Global,equal_call_budget,0.3,0.0,0.0,0.0,0.0,0.0,0.0
full_288,astra,0.01,Global,equal_call_budget,0.3,0.0,0.0,0.0,0.0,0.0,0.0
full_288,sonnet,0.01,Global,equal_call_budget,0.3,0.0,0.0,0.0,0.0,0.0,0.0
full_288,lite,0.01,Global,equal_call_budget,0.3,0.0,0.0,0.0,0.0,0.0,0.0
full_288,luna,0.01,Global,equal_call_budget,0.3,0.0,0.0,0.0,0.0,0.0,0.0
full_288,qwen_local,0.01,Global,equal_call_budget,0.3,0.0,0.0,0.0,0.0,0.0,0.0
full_288,baseline,0.01,Global,equal_call_budget,0.4,0.0,0.0,0.0,0.0,0.0,0.0
full_288,opus,0.01,Global,equal_call_budget,0.4,0.0,0.0,0.0,0.0,0.0,0.0
full_288,pro,0.01,Global,equal_call_budget,0.4,0.0,0.0,0.0,0.0,0.0,0.0
full_288,astra,0.01,Global,equal_call_budget,0.4,0.0,0.0,0.0,0.0,0.0,0.0
full_288,sonnet,0.01,Global,equal_call_budget,0.4,0.0,0.0,0.0,0.0,0.0,0.0
full_288,lite,0.01,Global,equal_call_budget,0.4,0.0,0.0,0.0,0.0,0.0,0.0
full_288,luna,0.01,Global,equal_call_budget,0.4,0.0,0.0,0.0,0.0,0.0,0.0
full_288,qwen_local,0.01,Global,equal_call_budget,0.4,0.0,0.0,0.0,0.0,0.0,0.0
full_288,baseline,0.01,Global,equal_call_budget,0.5,0.0,0.0,0.0,0.0,0.0,0.0
full_288,opus,0.01,Global,equal_call_budget,0.5,0.0,0.0,0.0,0.0,0.0,0.0
full_288,pro,0.01,Global,equal_call_budget,0.5,0.0,0.0,0.0,0.0,0.0,0.0
full_288,astra,0.01,Global,equal_call_budget,0.5,0.0,0.0,0.0,0.0,0.0,0.0
full_288,sonnet,0.01,Global,equal_call_budget,0.5,0.0,0.0,0.0,0.0,0.0,0.0
full_288,lite,0.01,Global,equal_call_budget,0.5,0.0,0.0,0.0,0.0,0.0,0.0
full_288,luna,0.01,Global,equal_call_budget,0.5,0.0,0.0,0.0,0.0,0.0,0.0
full_288,qwen_local,0.01,Global,equal_call_budget,0.5,0.0,0.0,0.0,0.0,0.0,0.0
full_288,baseline,0.01,Global,equal_call_budget,0.6,0.0,0.0,0.0,0.0,0.0,0.0
full_288,opus,0.01,Global,equal_call_budget,0.6,0.0,0.0,0.0,0.0,0.0,0.0
full_288,pro,0.01,Global,equal_call_budget,0.6,0.0,0.0,0.0,0.0,0.0,0.0
full_288,astra,0.01,Global,equal_call_budget,0.6,0.0,0.0,0.0,0.0,0.0,0.0
full_288,sonnet,0.01,Global,equal_call_budget,0.6,0.0,0.0,0.0,0.0,0.0,0.0
full_288,lite,0.01,Global,equal_call_budget,0.6,0.0,0.0,0.0,0.0,0.0,0.0
full_288,luna,0.01,Global,equal_call_budget,0.6,0.0,0.0,0.0,0.0,0.0,0.0
full_288,qwen_local,0.01,Global,equal_call_budget,0.6,0.0,0.0,0.0,0.0,0.0,0.0
full_288,baseline,0.01,Global,equal_call_budget,0.7,0.0,0.0,0.0,0.0,0.0,0.0
full_288,opus,0.01,Global,equal_call_budget,0.7,0.0,0.0,0.0,0.0,0.0,0.0
full_288,pro,0.01,Global,equal_call_budget,0.7,0.0,0.0,0.0,0.0,0.0,0.0
full_288,astra,0.01,Global,equal_call_budget,0.7,0.0,0.0,0.0,0.0,0.0,0.0
full_288,sonnet,0.01,Global,equal_call_budget,0.7,0.0,0.0,0.0,0.0,0.0,0.0
full_288,lite,0.01,Global,equal_call_budget,0.7,0.0,0.0,0.0,0.0,0.0,0.0
full_288,luna,0.01,Global,equal_call_budget,0.7,0.0,0.0,0.0,0.0,0.0,0.0
full_288,qwen_local,0.01,Global,equal_call_budget,0.7,0.0,0.0,0.0,0.0,0.0,0.0
full_288,baseline,0.01,Global,equal_call_budget,0.8,0.0,0.0,0.0,0.0,0.0,0.0
full_288,opus,0.01,Global,equal_call_budget,0.8,0.0,0.0,0.0,0.0,0.0,0.0
full_288,pro,0.01,Global,equal_call_budget,0.8,0.0,0.0,0.0,0.0,0.0,0.0
full_288,astra,0.01,Global,equal_call_budget,0.8,0.0,0.0,0.0,0.0,0.0,0.0
full_288,sonnet,0.01,Global,equal_call_budget,0.8,0.0,0.0,0.0,0.0,0.0,0.0
full_288,lite,0.01,Global,equal_call_budget,0.8,0.0,0.0,0.0,0.0,0.0,0.0
full_288,luna,0.01,Global,equal_call_budget,0.8,0.0,0.0,0.0,0.0,0.0,0.0
full_288,qwen_local,0.01,Global,equal_call_budget,0.8,0.0,0.0,0.0,0.0,0.0,0.0
full_288,baseline,0.01,Global,equal_call_budget,0.9,0.0,0.0,0.0,0.0,0.0,0.0
full_288,opus,0.01,Global,equal_call_budget,0.9,0.0,0.0,0.0,0.0,0.0,0.0
full_288,pro,0.01,Global,equal_call_budget,0.9,0.0,0.0,0.0,0.0,0.0,0.0
full_288,astra,0.01,Global,equal_call_budget,0.9,0.0,0.0,0.0,0.0,0.0,0.0
full_288,sonnet,0.01,Global,equal_call_budget,0.9,0.0,0.0,0.0,0.0,0.0,0.0
full_288,lite,0.01,Global,equal_call_budget,0.9,0.0,0.0,0.0,0.0,0.0,0.0
full_288,luna,0.01,Global,equal_call_budget,0.9,0.0,0.0,0.0,0.0,0.0,0.0
full_288,qwen_local,0.01,Global,equal_call_budget,0.9,0.0,0.0,0.0,0.0,0.0,0.0
full_288,baseline,0.01,Global,equal_call_budget,1.0,0.0,0.0,0.0,0.0,0.0,0.0
full_288,opus,0.01,Global,equal_call_budget,1.0,0.0,0.0,0.0,0.0,0.0,0.0
full_288,pro,0.01,Global,equal_call_budget,1.0,0.0,0.0,0.0,0.0,0.0,0.0
full_288,astra,0.01,Global,equal_call_budget,1.0,0.0,0.0,0.0,0.0,0.0,0.0
full_288,sonnet,0.01,Global,equal_call_budget,1.0,0.0,0.0,0.0,0.0,0.0,0.0
full_288,lite,0.01,Global,equal_call_budget,1.0,0.0,0.0,0.0,0.0,0.0,0.0
full_288,luna,0.01,Global,equal_call_budget,1.0,0.0,0.0,0.0,0.0,0.0,0.0
full_288,qwen_local,0.01,Global,equal_call_budget,1.0,0.0,0.0,0.0,0.0,0.0,0.0
full_288,baseline,0.01,Oracle,threshold,0.4,0.0,0.0,0.0,0.0,0.0,0.0
full_288,opus,0.01,Oracle,threshold,0.4,0.0,0.0,0.0,0.0,0.0,0.0
full_288,pro,0.01,Oracle,threshold,0.4,0.0,0.0,0.0,0.0,0.0,0.0
full_288,astra,0.01,Oracle,threshold,0.4,0.0,0.0,0.0,0.0,0.0,0.0
full_288,sonnet,0.01,Oracle,threshold,0.4,0.0,0.0,0.0,0.0,0.0,0.0
full_288,lite,0.01,Oracle,threshold,0.4,0.0,0.0,0.0,0.0,0.0,0.0
full_288,luna,0.01,Oracle,threshold,0.4,0.0,0.0,0.0,0.0,0.0,0.0
full_288,qwen_local,0.01,Oracle,threshold,0.4,0.0,0.0,0.0,0.0,0.0,0.0
full_288,baseline,0.01,Oracle,threshold,0.6,0.2333333333333333,-0.11900000000000124,0.14444444444444463,0.08888888888888823,8.61799999999993e-05,0.3615993800518107
full_288,opus,0.01,Oracle,threshold,0.6,0.2333333333333333,-0.11900000000000124,0.2333333333333333,0.0,0.003811368055555578,1.5466188915726955
full_288,pro,0.01,Oracle,threshold,0.6,0.2333333333333333,-0.11900000000000124,0.2333333333333333,0.0,0.005736788888888878,3.394587883044424
full_288,astra,0.01,Oracle,threshold,0.6,0.2333333333333333,-0.11900000000000124,0.2333333333333333,0.0,0.004431857638888919,1.6915372799855661
full_288,sonnet,0.01,Oracle,threshold,0.6,0.2333333333333333,-0.11900000000000124,0.2333333333333333,0.0,0.0024327972222222246,2.031206807347676
full_288,lite,0.01,Oracle,threshold,0.6,0.2333333333333333,-0.11900000000000124,0.22222222222222274,0.0111111111111111,0.001016046250000004,1.1305850944611198
full_288,luna,0.01,Oracle,threshold,0.6,0.2333333333333333,-0.11900000000000124,0.22777777777777583,0.005555555555555543,0.00018420020833333423,1.7764399619213656
full_288,qwen_local,0.01,Oracle,threshold,0.6,0.2333333333333333,-0.11900000000000124,0.22361111111111243,0.009722222222222217,0.0,28.55762185281189
full_288,baseline,0.01,Oracle,threshold,0.7,0.09999999999999787,-0.0479999999999995,0.05694444444444419,0.04305555555555601,3.415222222222228e-05,0.14558089260308793
full_288,opus,0.01,Oracle,threshold,0.7,0.09999999999999787,-0.0479999999999995,0.09999999999999787,0.0,0.0017351666666667077,0.732640762514269
full_288,pro,0.01,Oracle,threshold,0.7,0.09999999999999787,-0.0479999999999995,0.09999999999999787,0.0,0.003021383333333268,1.7566905050331005
full_288,astra,0.01,Oracle,threshold,0.7,0.09999999999999787,-0.0479999999999995,0.09999999999999787,0.0,0.0019396423611111099,0.7297422421902127
full_288,sonnet,0.01,Oracle,threshold,0.7,0.09999999999999787,-0.0479999999999995,0.10277777777777691,-0.002777777777777768,0.0010399833333333058,0.8987259082036738
full_288,lite,0.01,Oracle,threshold,0.7,0.09999999999999787,-0.0479999999999995,0.08888888888888813,0.011111111111111106,0.0004425504166666811,0.48126908184139205
full_288,luna,0.01,Oracle,threshold,0.7,0.09999999999999787,-0.0479999999999995,0.09444444444444511,0.005555555555555536,7.978534722222284e-05,0.7571701134296487
full_288,qwen_local,0.01,Oracle,threshold,0.7,0.09999999999999787,-0.0479999999999995,0.08888888888888852,0.011111111111111262,0.0,12.526305262421367
full_288,baseline,0.01,Oracle,threshold,0.8,0.23333333333333528,-0.057999999999999746,0.1430555555555586,0.09027777777777837,8.956333333333313e-05,0.38270853032979546
full_288,opus,0.01,Oracle,threshold,0.8,0.23333333333333528,-0.057999999999999746,0.23333333333333528,0.0,0.004335861111111082,1.7882554177705359
full_288,pro,0.01,Oracle,threshold,0.8,0.23333333333333528,-0.057999999999999746,0.23333333333333528,0.0,0.007018605555555706,4.0643669725375755
full_288,astra,0.01,Oracle,threshold,0.8,0.23333333333333528,-0.057999999999999746,0.23333333333333528,0.0,0.005336729166666722,2.0950922377268917
full_288,sonnet,0.01,Oracle,threshold,0.8,0.23333333333333528,-0.057999999999999746,0.22777777777777908,0.005555555555555536,0.003501483333333359,2.9428688609768914
full_288,lite,0.01,Oracle,threshold,0.8,0.23333333333333528,-0.057999999999999746,0.22222222222222177,0.011111111111111058,0.001032463472222224,1.139845472704549
full_288,luna,0.01,Oracle,threshold,0.8,0.23333333333333528,-0.057999999999999746,0.2222222222222211,0.011111111111111072,0.0002135265277777821,1.939909670278797
full_288,qwen_local,0.01,Oracle,threshold,0.8,0.23333333333333528,-0.057999999999999746,0.22916666666666452,0.004166666666666818,0.0,28.988449111512594
full_288,baseline,0.01,Oracle,threshold,0.9,0.10000000000000109,-0.03299999999999994,0.06527777777777932,0.03472222222222243,3.9327777777777647e-05,0.17245789965187508
full_288,opus,0.01,Oracle,threshold,0.9,0.10000000000000109,-0.03299999999999994,0.10000000000000109,0.0,0.001968187499999885,0.8311063350608316
full_288,pro,0.01,Oracle,threshold,0.9,0.10000000000000109,-0.03299999999999994,0.10000000000000109,0.0,0.003451455555555479,1.971163542257612
full_288,astra,0.01,Oracle,threshold,0.9,0.10000000000000109,-0.03299999999999994,0.10000000000000109,0.0,0.0026341805555554626,1.0488902984422932
full_288,sonnet,0.01,Oracle,threshold,0.9,0.10000000000000109,-0.03299999999999994,0.09583333333333321,0.004166666666666652,0.0015799555555555313,1.323473730146537
full_288,lite,0.01,Oracle,threshold,0.9,0.10000000000000109,-0.03299999999999994,0.10000000000000353,0.0,0.00040462541666664567,0.4529585754169112
full_288,luna,0.01,Oracle,threshold,0.9,0.10000000000000109,-0.03299999999999994,0.10138888888888364,-0.0013888888888890123,0.00010268388888889381,0.940298017954226
full_288,qwen_local,0.01,Oracle,threshold,0.9,0.10000000000000109,-0.03299999999999994,0.09583333333333188,0.004166666666666586,0.0,12.221235232470022
full_288,baseline,0.01,Oracle,equal_call_budget,0.0,0.0,0.0,0.0,0.0,0.0,0.0
full_288,opus,0.01,Oracle,equal_call_budget,0.0,0.0,0.0,0.0,0.0,0.0,0.0
full_288,pro,0.01,Oracle,equal_call_budget,0.0,0.0,0.0,0.0,0.0,0.0,0.0
full_288,astra,0.01,Oracle,equal_call_budget,0.0,0.0,0.0,0.0,0.0,0.0,0.0
full_288,sonnet,0.01,Oracle,equal_call_budget,0.0,0.0,0.0,0.0,0.0,0.0,0.0
full_288,lite,0.01,Oracle,equal_call_budget,0.0,0.0,0.0,0.0,0.0,0.0,0.0
full_288,luna,0.01,Oracle,equal_call_budget,0.0,0.0,0.0,0.0,0.0,0.0,0.0
full_288,qwen_local,0.01,Oracle,equal_call_budget,0.0,0.0,0.0,0.0,0.0,0.0,0.0
full_288,baseline,0.01,Oracle,equal_call_budget,0.1,-1.3877787807814457e-17,-0.008400000000000296,0.0033333333333333964,-0.003333333333333563,-1.5620000000000369e-06,-0.013216868321954595
full_288,opus,0.01,Oracle,equal_call_budget,0.1,-1.3877787807814457e-17,-0.008400000000000296,-1.3877787807814457e-17,0.0,-0.00027152916666667217,-0.1264499878134383
full_288,pro,0.01,Oracle,equal_call_budget,0.1,-1.3877787807814457e-17,-0.008400000000000296,-1.3877787807814457e-17,0.0,-0.0005713633333333163,-0.3315243997153221
full_288,astra,0.01,Oracle,equal_call_budget,0.1,-1.3877787807814457e-17,-0.008400000000000296,-1.3877787807814457e-17,0.0,-0.00017214583333332125,-0.09828863432766533
full_288,sonnet,0.01,Oracle,equal_call_budget,0.1,-1.3877787807814457e-17,-0.008400000000000296,-1.3877787807814457e-17,0.0,-0.00029656166666666716,-0.2591325713146918
full_288,lite,0.01,Oracle,equal_call_budget,0.1,-1.3877787807814457e-17,-0.008400000000000296,0.003333333333332883,-0.0033333333333333097,-2.8800499999999732e-05,-0.024299736318641074
full_288,luna,0.01,Oracle,equal_call_budget,0.1,-1.3877787807814457e-17,-0.008400000000000296,0.003333333333332883,-0.0033333333333333097,1.1550750000000279e-05,0.10891101972782413
full_288,qwen_local,0.01,Oracle,equal_call_budget,0.1,-1.3877787807814457e-17,-0.008400000000000296,0.004166666666666541,-0.0041666666666666545,0.0,-1.7233498289495053
full_288,baseline,0.01,Oracle,equal_call_budget,0.2,0.0,-0.011600000000000915,0.003611111111112064,-0.003611111111110843,-1.553555555555732e-06,-0.013762022617222036
full_288,opus,0.01,Oracle,equal_call_budget,0.2,0.0,-0.011600000000000915,0.0,0.0,-0.0002635069444444568,-0.12398904480182038
full_288,pro,0.01,Oracle,equal_call_budget,0.2,0.0,-0.011600000000000915,0.0,0.0,-0.0006908033333333499,-0.38585994138167923
full_288,astra,0.01,Oracle,equal_call_budget,0.2,0.0,-0.011600000000000915,0.0,0.0,-0.00021097152777779142,-0.10980130467673388
full_288,sonnet,0.01,Oracle,equal_call_budget,0.2,0.0,-0.011600000000000915,0.0,0.0,-0.00028559444444443104,-0.2514544483490204
full_288,lite,0.01,Oracle,equal_call_budget,0.2,0.0,-0.011600000000000915,0.002777777777779128,-0.002777777777777768,-1.9916194444446903e-05,-0.01348190530992377
full_288,luna,0.01,Oracle,equal_call_budget,0.2,0.0,-0.011600000000000915,0.002777777777779128,-0.002777777777777768,1.012862500000098e-05,0.10671493241168606
full_288,qwen_local,0.01,Oracle,equal_call_budget,0.2,0.0,-0.011600000000000915,0.004166666666667068,-0.004166666666666652,0.0,-1.4193882061964551
full_288,baseline,0.01,Oracle,equal_call_budget,0.3,0.0,-0.00739999999999974,0.0005555555555551983,-0.0005555555555551706,-1.599777777777631e-06,-0.009544063657070612
full_288,opus,0.01,Oracle,equal_call_budget,0.3,0.0,-0.00739999999999974,0.0,0.0,-3.027083333331272e-05,-0.0038087095321615028
full_288,pro,0.01,Oracle,equal_call_budget,0.3,0.0,-0.00739999999999974,0.0,0.0,-0.0003093688888888835,-0.1421683623128791
full_288,astra,0.01,Oracle,equal_call_budget,0.3,0.0,-0.00739999999999974,0.0,0.0,-0.0001455284722222212,-0.06765488576745593
full_288,sonnet,0.01,Oracle,equal_call_budget,0.3,0.0,-0.00739999999999974,0.0,0.0,-1.3083333333319385e-05,-0.009523155171634379
full_288,lite,0.01,Oracle,equal_call_budget,0.3,0.0,-0.00739999999999974,-0.0027777777777784896,0.002777777777777768,1.8408277777785505e-05,0.01939898031887166
full_288,luna,0.01,Oracle,equal_call_budget,0.3,0.0,-0.00739999999999974,-0.0013888888888896611,0.001388888888888884,4.4708333333680393e-08,0.0274365107657637
full_288,qwen_local,0.01,Oracle,equal_call_budget,0.3,0.0,-0.00739999999999974,-0.0013888888888888284,0.001388888888888884,0.0,0.013270925873676731
full_288,baseline,0.01,Oracle,equal_call_budget,0.4,0.0,-0.009599999999999692,-0.010833333333332529,0.010833333333332446,-6.37488888888889e-06,-0.027777552642182624
full_288,opus,0.01,Oracle,equal_call_budget,0.4,0.0,-0.009599999999999692,5.551115123125783e-17,-5.551115123125783e-17,9.904166666698487e-06,0.02505041324662116
full_288,pro,0.01,Oracle,equal_call_budget,0.4,0.0,-0.009599999999999692,5.551115123125783e-17,-5.551115123125783e-17,-1.749222222221722e-05,0.018745609854725842
full_288,astra,0.01,Oracle,equal_call_budget,0.4,0.0,-0.009599999999999692,5.551115123125783e-17,-5.551115123125783e-17,-0.000125736805555509,-0.07224023219423481
full_288,sonnet,0.01,Oracle,equal_call_budget,0.4,0.0,-0.009599999999999692,0.0011111111111105632,-0.0011111111111111738,-0.00019088555555557205,-0.12545021195793105
full_288,lite,0.01,Oracle,equal_call_budget,0.4,0.0,-0.009599999999999692,-0.011111111111111294,0.011111111111111082,-4.7203055555564925e-06,-0.009029063007194083
full_288,luna,0.01,Oracle,equal_call_budget,0.4,0.0,-0.009599999999999692,-0.005555555555558256,0.005555555555555536,-3.4890277777625866e-07,0.0469185447011955
full_288,qwen_local,0.01,Oracle,equal_call_budget,0.4,0.0,-0.009599999999999692,-0.009722222222220245,0.009722222222222198,0.0,0.45061772842604597
full_288,baseline,0.01,Oracle,equal_call_budget,0.5,0.0,-0.012999999999999262,-0.011111111111111294,0.011111111111110322,-6.8933333333324564e-06,-0.02697906816126483
full_288,opus,0.01,Oracle,equal_call_budget,0.5,0.0,-0.012999999999999262,1.1102230246251565e-16,-1.1102230246251565e-16,-8.463888888891012e-05,-0.02453488233633916
full_288,pro,0.01,Oracle,equal_call_budget,0.5,0.0,-0.012999999999999262,1.1102230246251565e-16,-1.1102230246251565e-16,5.299999999935565e-06,0.03249494166093747
full_288,astra,0.01,Oracle,equal_call_budget,0.5,0.0,-0.012999999999999262,1.1102230246251565e-16,-1.1102230246251565e-16,-8.356597222224614e-05,-0.049565716667636206
full_288,sonnet,0.01,Oracle,equal_call_budget,0.5,0.0,-0.012999999999999262,0.0027777777777791557,-0.002777777777777879,-0.00039484166666670355,-0.29681419984330315
full_288,lite,0.01,Oracle,equal_call_budget,0.5,0.0,-0.012999999999999262,-0.011111111111109573,0.011111111111111082,-3.380652777777932e-05,-0.038784564976879654
full_288,luna,0.01,Oracle,equal_call_budget,0.5,0.0,-0.012999999999999262,-0.0055555555555536484,0.005555555555555536,8.839583333322036e-07,0.04979174491017968
full_288,qwen_local,0.01,Oracle,equal_call_budget,0.5,0.0,-0.012999999999999262,-0.011111111111110128,0.01111111111111118,0.0,-0.20298081796678247
full_288,baseline,0.01,Oracle,equal_call_budget,0.6,0.0,-0.010799999999999796,-0.0038888888888867212,0.0038888888888898854,-2.339111111110539e-06,-0.009258755458028123
full_288,opus,0.01,Oracle,equal_call_budget,0.6,0.0,-0.010799999999999796,0.0,0.0,1.0550000000032755e-05,0.018327947056435256
full_288,pro,0.01,Oracle,equal_call_budget,0.6,0.0,-0.010799999999999796,0.0,0.0,4.8119999999905044e-05,0.023972673126529287
full_288,astra,0.01,Oracle,equal_call_budget,0.6,0.0,-0.010799999999999796,0.0,0.0,-2.548680555552324e-05,-0.021308563917979306
full_288,sonnet,0.01,Oracle,equal_call_budget,0.6,0.0,-0.010799999999999796,0.002777777777773105,-0.002777777777777768,-0.00012041333333331038,-0.07663233018939852
full_288,lite,0.01,Oracle,equal_call_budget,0.6,0.0,-0.010799999999999796,-0.004444444444444917,0.004444444444444433,-1.362833333337643e-06,-0.0024663346911326656
full_288,luna,0.01,Oracle,equal_call_budget,0.6,0.0,-0.010799999999999796,-0.002222222222219239,0.002222222222222188,1.8679305555560199e-06,0.023046280301766586
full_288,qwen_local,0.01,Oracle,equal_call_budget,0.6,0.0,-0.010799999999999796,-0.0036111111111118976,0.0036111111111111465,0.0,0.05754980365004769
full_288,baseline,0.01,Oracle,equal_call_budget,0.7,0.0,-0.006800000000000042,-0.0022222222222198496,0.0022222222222224586,-4.1711111111348035e-07,0.003851416259550433
full_288,opus,0.01,Oracle,equal_call_budget,0.7,0.0,-0.006800000000000042,0.0,0.0,0.00014066388888882807,0.08808289667809444
full_288,pro,0.01,Oracle,equal_call_budget,0.7,0.0,-0.006800000000000042,0.0,0.0,0.0002715211111111726,0.1250552099895561
full_288,astra,0.01,Oracle,equal_call_budget,0.7,0.0,-0.006800000000000042,0.0,0.0,0.0004117645833332916,0.17737516907449713
full_288,sonnet,0.01,Oracle,equal_call_budget,0.7,0.0,-0.006800000000000042,-0.0011111111111087313,0.0011111111111110628,8.799888888898037e-05,0.09011771703839688
full_288,lite,0.01,Oracle,equal_call_budget,0.7,0.0,-0.006800000000000042,0.002222222222224568,-0.002222222222222448,-2.5323722222225873e-05,-0.01724246981299471
full_288,luna,0.01,Oracle,equal_call_budget,0.7,0.0,-0.006800000000000042,0.0024999999999983924,-0.0024999999999999883,1.6831625000001543e-05,0.14765649159466054
full_288,qwen_local,0.01,Oracle,equal_call_budget,0.7,0.0,-0.006800000000000042,-0.0024999999999985034,0.002499999999999919,0.0,-0.27708713896420534
full_288,baseline,0.01,Oracle,equal_call_budget,0.8,-1.1102230246251565e-16,-0.012199999999999996,-0.0005555555555539771,0.0005555555555556979,9.715555555554452e-07,0.012458785120729177
full_288,opus,0.01,Oracle,equal_call_budget,0.8,-1.1102230246251565e-16,-0.012199999999999996,-1.1102230246251565e-16,0.0,0.0002414819444443595,0.1455597876897663
full_288,pro,0.01,Oracle,equal_call_budget,0.8,-1.1102230246251565e-16,-0.012199999999999996,-1.1102230246251565e-16,0.0,0.00043139555555558526,0.20693861786641676
full_288,astra,0.01,Oracle,equal_call_budget,0.8,-1.1102230246251565e-16,-0.012199999999999996,-1.1102230246251565e-16,0.0,0.0006029750000000368,0.2531581887625656
full_288,sonnet,0.01,Oracle,equal_call_budget,0.8,-1.1102230246251565e-16,-0.012199999999999996,-0.004444444444447471,0.004444444444444362,0.00023645666666665018,0.20848741878949362
full_288,lite,0.01,Oracle,equal_call_budget,0.8,-1.1102230246251565e-16,-0.012199999999999996,0.006111111111114509,-0.006111111111111272,-4.3569750000001586e-05,-0.03300257512555316
full_288,luna,0.01,Oracle,equal_call_budget,0.8,-1.1102230246251565e-16,-0.012199999999999996,0.007222222222219243,-0.0072222222222224144,1.7638999999999958e-05,0.172798900436951
full_288,qwen_local,0.01,Oracle,equal_call_budget,0.8,-1.1102230246251565e-16,-0.012199999999999996,-0.003055555555554257,0.003055555555555603,0.0,-0.37748369180664554
full_288,baseline,0.01,Oracle,equal_call_budget,0.9,0.0,-0.012199999999999874,-0.0016666666666673713,0.0016666666666663166,2.115555555535077e-07,0.005142980995982649
full_288,opus,0.01,Oracle,equal_call_budget,0.9,0.0,-0.012199999999999874,0.0,0.0,0.0002395347222222382,0.12465529769315165
full_288,pro,0.01,Oracle,equal_call_budget,0.9,0.0,-0.012199999999999874,0.0,0.0,0.000386014444444506,0.2006996547874209
full_288,astra,0.01,Oracle,equal_call_budget,0.9,0.0,-0.012199999999999874,0.0,0.0,0.0004401597222222324,0.1767644229338794
full_288,sonnet,0.01,Oracle,equal_call_budget,0.9,0.0,-0.012199999999999874,-0.0008333333333326864,0.0008333333333333222,0.00029600000000003755,0.2700762484848571
full_288,lite,0.01,Oracle,equal_call_budget,0.9,0.0,-0.012199999999999874,0.0,0.0,-2.9065111111115094e-05,-0.024991213703831505
full_288,luna,0.01,Oracle,equal_call_budget,0.9,0.0,-0.012199999999999874,0.001944444444442861,-0.0019444444444444327,1.724619444444628e-05,0.16164970343381224
full_288,qwen_local,0.01,Oracle,equal_call_budget,0.9,0.0,-0.012199999999999874,-0.000555555555553755,0.0005555555555556424,0.0,-0.047220172149209816
full_288,baseline,0.01,Oracle,equal_call_budget,1.0,0.0,0.0,0.0,0.0,0.0,0.0
full_288,opus,0.01,Oracle,equal_call_budget,1.0,0.0,0.0,0.0,0.0,0.0,0.0
full_288,pro,0.01,Oracle,equal_call_budget,1.0,0.0,0.0,0.0,0.0,0.0,0.0
full_288,astra,0.01,Oracle,equal_call_budget,1.0,0.0,0.0,0.0,0.0,0.0,0.0
full_288,sonnet,0.01,Oracle,equal_call_budget,1.0,0.0,0.0,0.0,0.0,0.0,0.0
full_288,lite,0.01,Oracle,equal_call_budget,1.0,0.0,0.0,0.0,0.0,0.0,0.0
full_288,luna,0.01,Oracle,equal_call_budget,1.0,0.0,0.0,0.0,0.0,0.0,0.0
full_288,qwen_local,0.01,Oracle,equal_call_budget,1.0,0.0,0.0,0.0,0.0,0.0,0.0
full_288,baseline,0.01,Raw,threshold,0.4,0.0,0.0,0.0,0.0,0.0,0.0
full_288,opus,0.01,Raw,threshold,0.4,0.0,0.0,0.0,0.0,0.0,0.0
full_288,pro,0.01,Raw,threshold,0.4,0.0,0.0,0.0,0.0,0.0,0.0
full_288,astra,0.01,Raw,threshold,0.4,0.0,0.0,0.0,0.0,0.0,0.0
full_288,sonnet,0.01,Raw,threshold,0.4,0.0,0.0,0.0,0.0,0.0,0.0
full_288,lite,0.01,Raw,threshold,0.4,0.0,0.0,0.0,0.0,0.0,0.0
full_288,luna,0.01,Raw,threshold,0.4,0.0,0.0,0.0,0.0,0.0,0.0
full_288,qwen_local,0.01,Raw,threshold,0.4,0.0,0.0,0.0,0.0,0.0,0.0
full_288,baseline,0.01,Raw,threshold,0.6,0.0,0.0,0.0,0.0,0.0,0.0
full_288,opus,0.01,Raw,threshold,0.6,0.0,0.0,0.0,0.0,0.0,0.0
full_288,pro,0.01,Raw,threshold,0.6,0.0,0.0,0.0,0.0,0.0,0.0
full_288,astra,0.01,Raw,threshold,0.6,0.0,0.0,0.0,0.0,0.0,0.0
full_288,sonnet,0.01,Raw,threshold,0.6,0.0,0.0,0.0,0.0,0.0,0.0
full_288,lite,0.01,Raw,threshold,0.6,0.0,0.0,0.0,0.0,0.0,0.0
full_288,luna,0.01,Raw,threshold,0.6,0.0,0.0,0.0,0.0,0.0,0.0
full_288,qwen_local,0.01,Raw,threshold,0.6,0.0,0.0,0.0,0.0,0.0,0.0
full_288,baseline,0.01,Raw,threshold,0.7,0.0,0.0,0.0,0.0,0.0,0.0
full_288,opus,0.01,Raw,threshold,0.7,0.0,0.0,0.0,0.0,0.0,0.0
full_288,pro,0.01,Raw,threshold,0.7,0.0,0.0,0.0,0.0,0.0,0.0
full_288,astra,0.01,Raw,threshold,0.7,0.0,0.0,0.0,0.0,0.0,0.0
full_288,sonnet,0.01,Raw,threshold,0.7,0.0,0.0,0.0,0.0,0.0,0.0
full_288,lite,0.01,Raw,threshold,0.7,0.0,0.0,0.0,0.0,0.0,0.0
full_288,luna,0.01,Raw,threshold,0.7,0.0,0.0,0.0,0.0,0.0,0.0
full_288,qwen_local,0.01,Raw,threshold,0.7,0.0,0.0,0.0,0.0,0.0,0.0
full_288,baseline,0.01,Raw,threshold,0.8,0.0,0.0,0.0,0.0,0.0,0.0
full_288,opus,0.01,Raw,threshold,0.8,0.0,0.0,0.0,0.0,0.0,0.0
full_288,pro,0.01,Raw,threshold,0.8,0.0,0.0,0.0,0.0,0.0,0.0
full_288,astra,0.01,Raw,threshold,0.8,0.0,0.0,0.0,0.0,0.0,0.0
full_288,sonnet,0.01,Raw,threshold,0.8,0.0,0.0,0.0,0.0,0.0,0.0
full_288,lite,0.01,Raw,threshold,0.8,0.0,0.0,0.0,0.0,0.0,0.0
full_288,luna,0.01,Raw,threshold,0.8,0.0,0.0,0.0,0.0,0.0,0.0
full_288,qwen_local,0.01,Raw,threshold,0.8,0.0,0.0,0.0,0.0,0.0,0.0
full_288,baseline,0.01,Raw,threshold,0.9,0.0,0.0,0.0,0.0,0.0,0.0
full_288,opus,0.01,Raw,threshold,0.9,0.0,0.0,0.0,0.0,0.0,0.0
full_288,pro,0.01,Raw,threshold,0.9,0.0,0.0,0.0,0.0,0.0,0.0
full_288,astra,0.01,Raw,threshold,0.9,0.0,0.0,0.0,0.0,0.0,0.0
full_288,sonnet,0.01,Raw,threshold,0.9,0.0,0.0,0.0,0.0,0.0,0.0
full_288,lite,0.01,Raw,threshold,0.9,0.0,0.0,0.0,0.0,0.0,0.0
full_288,luna,0.01,Raw,threshold,0.9,0.0,0.0,0.0,0.0,0.0,0.0
full_288,qwen_local,0.01,Raw,threshold,0.9,0.0,0.0,0.0,0.0,0.0,0.0
full_288,baseline,0.01,Raw,equal_call_budget,0.0,0.0,0.0,0.0,0.0,0.0,0.0
full_288,opus,0.01,Raw,equal_call_budget,0.0,0.0,0.0,0.0,0.0,0.0,0.0
full_288,pro,0.01,Raw,equal_call_budget,0.0,0.0,0.0,0.0,0.0,0.0,0.0
full_288,astra,0.01,Raw,equal_call_budget,0.0,0.0,0.0,0.0,0.0,0.0,0.0
full_288,sonnet,0.01,Raw,equal_call_budget,0.0,0.0,0.0,0.0,0.0,0.0,0.0
full_288,lite,0.01,Raw,equal_call_budget,0.0,0.0,0.0,0.0,0.0,0.0,0.0
full_288,luna,0.01,Raw,equal_call_budget,0.0,0.0,0.0,0.0,0.0,0.0,0.0
full_288,qwen_local,0.01,Raw,equal_call_budget,0.0,0.0,0.0,0.0,0.0,0.0,0.0
full_288,baseline,0.01,Raw,equal_call_budget,0.1,0.0,0.0,0.0,0.0,0.0,0.0
full_288,opus,0.01,Raw,equal_call_budget,0.1,0.0,0.0,0.0,0.0,0.0,0.0
full_288,pro,0.01,Raw,equal_call_budget,0.1,0.0,0.0,0.0,0.0,0.0,0.0
full_288,astra,0.01,Raw,equal_call_budget,0.1,0.0,0.0,0.0,0.0,0.0,0.0
full_288,sonnet,0.01,Raw,equal_call_budget,0.1,0.0,0.0,0.0,0.0,0.0,0.0
full_288,lite,0.01,Raw,equal_call_budget,0.1,0.0,0.0,0.0,0.0,0.0,0.0
full_288,luna,0.01,Raw,equal_call_budget,0.1,0.0,0.0,0.0,0.0,0.0,0.0
full_288,qwen_local,0.01,Raw,equal_call_budget,0.1,0.0,0.0,0.0,0.0,0.0,0.0
full_288,baseline,0.01,Raw,equal_call_budget,0.2,0.0,0.0,0.0,0.0,0.0,0.0
full_288,opus,0.01,Raw,equal_call_budget,0.2,0.0,0.0,0.0,0.0,0.0,0.0
full_288,pro,0.01,Raw,equal_call_budget,0.2,0.0,0.0,0.0,0.0,0.0,0.0
full_288,astra,0.01,Raw,equal_call_budget,0.2,0.0,0.0,0.0,0.0,0.0,0.0
full_288,sonnet,0.01,Raw,equal_call_budget,0.2,0.0,0.0,0.0,0.0,0.0,0.0
full_288,lite,0.01,Raw,equal_call_budget,0.2,0.0,0.0,0.0,0.0,0.0,0.0
full_288,luna,0.01,Raw,equal_call_budget,0.2,0.0,0.0,0.0,0.0,0.0,0.0
full_288,qwen_local,0.01,Raw,equal_call_budget,0.2,0.0,0.0,0.0,0.0,0.0,0.0
full_288,baseline,0.01,Raw,equal_call_budget,0.3,0.0,0.0,0.0,0.0,0.0,0.0
full_288,opus,0.01,Raw,equal_call_budget,0.3,0.0,0.0,0.0,0.0,0.0,0.0
full_288,pro,0.01,Raw,equal_call_budget,0.3,0.0,0.0,0.0,0.0,0.0,0.0
full_288,astra,0.01,Raw,equal_call_budget,0.3,0.0,0.0,0.0,0.0,0.0,0.0
full_288,sonnet,0.01,Raw,equal_call_budget,0.3,0.0,0.0,0.0,0.0,0.0,0.0
full_288,lite,0.01,Raw,equal_call_budget,0.3,0.0,0.0,0.0,0.0,0.0,0.0
full_288,luna,0.01,Raw,equal_call_budget,0.3,0.0,0.0,0.0,0.0,0.0,0.0
full_288,qwen_local,0.01,Raw,equal_call_budget,0.3,0.0,0.0,0.0,0.0,0.0,0.0
full_288,baseline,0.01,Raw,equal_call_budget,0.4,0.0,0.0,0.0,0.0,0.0,0.0
full_288,opus,0.01,Raw,equal_call_budget,0.4,0.0,0.0,0.0,0.0,0.0,0.0
full_288,pro,0.01,Raw,equal_call_budget,0.4,0.0,0.0,0.0,0.0,0.0,0.0
full_288,astra,0.01,Raw,equal_call_budget,0.4,0.0,0.0,0.0,0.0,0.0,0.0
full_288,sonnet,0.01,Raw,equal_call_budget,0.4,0.0,0.0,0.0,0.0,0.0,0.0
full_288,lite,0.01,Raw,equal_call_budget,0.4,0.0,0.0,0.0,0.0,0.0,0.0
full_288,luna,0.01,Raw,equal_call_budget,0.4,0.0,0.0,0.0,0.0,0.0,0.0
full_288,qwen_local,0.01,Raw,equal_call_budget,0.4,0.0,0.0,0.0,0.0,0.0,0.0
full_288,baseline,0.01,Raw,equal_call_budget,0.5,0.0,0.0,0.0,0.0,0.0,0.0
full_288,opus,0.01,Raw,equal_call_budget,0.5,0.0,0.0,0.0,0.0,0.0,0.0
full_288,pro,0.01,Raw,equal_call_budget,0.5,0.0,0.0,0.0,0.0,0.0,0.0
full_288,astra,0.01,Raw,equal_call_budget,0.5,0.0,0.0,0.0,0.0,0.0,0.0
full_288,sonnet,0.01,Raw,equal_call_budget,0.5,0.0,0.0,0.0,0.0,0.0,0.0
full_288,lite,0.01,Raw,equal_call_budget,0.5,0.0,0.0,0.0,0.0,0.0,0.0
full_288,luna,0.01,Raw,equal_call_budget,0.5,0.0,0.0,0.0,0.0,0.0,0.0
full_288,qwen_local,0.01,Raw,equal_call_budget,0.5,0.0,0.0,0.0,0.0,0.0,0.0
full_288,baseline,0.01,Raw,equal_call_budget,0.6,0.0,0.0,0.0,0.0,0.0,0.0
full_288,opus,0.01,Raw,equal_call_budget,0.6,0.0,0.0,0.0,0.0,0.0,0.0
full_288,pro,0.01,Raw,equal_call_budget,0.6,0.0,0.0,0.0,0.0,0.0,0.0
full_288,astra,0.01,Raw,equal_call_budget,0.6,0.0,0.0,0.0,0.0,0.0,0.0
full_288,sonnet,0.01,Raw,equal_call_budget,0.6,0.0,0.0,0.0,0.0,0.0,0.0
full_288,lite,0.01,Raw,equal_call_budget,0.6,0.0,0.0,0.0,0.0,0.0,0.0
full_288,luna,0.01,Raw,equal_call_budget,0.6,0.0,0.0,0.0,0.0,0.0,0.0
full_288,qwen_local,0.01,Raw,equal_call_budget,0.6,0.0,0.0,0.0,0.0,0.0,0.0
full_288,baseline,0.01,Raw,equal_call_budget,0.7,0.0,0.0,0.0,0.0,0.0,0.0
full_288,opus,0.01,Raw,equal_call_budget,0.7,0.0,0.0,0.0,0.0,0.0,0.0
full_288,pro,0.01,Raw,equal_call_budget,0.7,0.0,0.0,0.0,0.0,0.0,0.0
full_288,astra,0.01,Raw,equal_call_budget,0.7,0.0,0.0,0.0,0.0,0.0,0.0
full_288,sonnet,0.01,Raw,equal_call_budget,0.7,0.0,0.0,0.0,0.0,0.0,0.0
full_288,lite,0.01,Raw,equal_call_budget,0.7,0.0,0.0,0.0,0.0,0.0,0.0
full_288,luna,0.01,Raw,equal_call_budget,0.7,0.0,0.0,0.0,0.0,0.0,0.0
full_288,qwen_local,0.01,Raw,equal_call_budget,0.7,0.0,0.0,0.0,0.0,0.0,0.0
full_288,baseline,0.01,Raw,equal_call_budget,0.8,0.0,0.0,0.0,0.0,0.0,0.0
full_288,opus,0.01,Raw,equal_call_budget,0.8,0.0,0.0,0.0,0.0,0.0,0.0
full_288,pro,0.01,Raw,equal_call_budget,0.8,0.0,0.0,0.0,0.0,0.0,0.0
full_288,astra,0.01,Raw,equal_call_budget,0.8,0.0,0.0,0.0,0.0,0.0,0.0
full_288,sonnet,0.01,Raw,equal_call_budget,0.8,0.0,0.0,0.0,0.0,0.0,0.0
full_288,lite,0.01,Raw,equal_call_budget,0.8,0.0,0.0,0.0,0.0,0.0,0.0
full_288,luna,0.01,Raw,equal_call_budget,0.8,0.0,0.0,0.0,0.0,0.0,0.0
full_288,qwen_local,0.01,Raw,equal_call_budget,0.8,0.0,0.0,0.0,0.0,0.0,0.0
full_288,baseline,0.01,Raw,equal_call_budget,0.9,0.0,0.0,0.0,0.0,0.0,0.0
full_288,opus,0.01,Raw,equal_call_budget,0.9,0.0,0.0,0.0,0.0,0.0,0.0
full_288,pro,0.01,Raw,equal_call_budget,0.9,0.0,0.0,0.0,0.0,0.0,0.0
full_288,astra,0.01,Raw,equal_call_budget,0.9,0.0,0.0,0.0,0.0,0.0,0.0
full_288,sonnet,0.01,Raw,equal_call_budget,0.9,0.0,0.0,0.0,0.0,0.0,0.0
full_288,lite,0.01,Raw,equal_call_budget,0.9,0.0,0.0,0.0,0.0,0.0,0.0
full_288,luna,0.01,Raw,equal_call_budget,0.9,0.0,0.0,0.0,0.0,0.0,0.0
full_288,qwen_local,0.01,Raw,equal_call_budget,0.9,0.0,0.0,0.0,0.0,0.0,0.0
full_288,baseline,0.01,Raw,equal_call_budget,1.0,0.0,0.0,0.0,0.0,0.0,0.0
full_288,opus,0.01,Raw,equal_call_budget,1.0,0.0,0.0,0.0,0.0,0.0,0.0
full_288,pro,0.01,Raw,equal_call_budget,1.0,0.0,0.0,0.0,0.0,0.0,0.0
full_288,astra,0.01,Raw,equal_call_budget,1.0,0.0,0.0,0.0,0.0,0.0,0.0
full_288,sonnet,0.01,Raw,equal_call_budget,1.0,0.0,0.0,0.0,0.0,0.0,0.0
full_288,lite,0.01,Raw,equal_call_budget,1.0,0.0,0.0,0.0,0.0,0.0,0.0
full_288,luna,0.01,Raw,equal_call_budget,1.0,0.0,0.0,0.0,0.0,0.0,0.0
full_288,qwen_local,0.01,Raw,equal_call_budget,1.0,0.0,0.0,0.0,0.0,0.0,0.0
full_288,baseline,0.01,Regime,threshold,0.4,0.0,0.0,0.0,0.0,0.0,0.0
full_288,opus,0.01,Regime,threshold,0.4,0.0,0.0,0.0,0.0,0.0,0.0
full_288,pro,0.01,Regime,threshold,0.4,0.0,0.0,0.0,0.0,0.0,0.0
full_288,astra,0.01,Regime,threshold,0.4,0.0,0.0,0.0,0.0,0.0,0.0
full_288,sonnet,0.01,Regime,threshold,0.4,0.0,0.0,0.0,0.0,0.0,0.0
full_288,lite,0.01,Regime,threshold,0.4,0.0,0.0,0.0,0.0,0.0,0.0
full_288,luna,0.01,Regime,threshold,0.4,0.0,0.0,0.0,0.0,0.0,0.0
full_288,qwen_local,0.01,Regime,threshold,0.4,0.0,0.0,0.0,0.0,0.0,0.0
full_288,baseline,0.01,Regime,threshold,0.6,-0.09666666666666707,0.04697999999999908,-0.06122222222222208,-0.035444444444444625,-3.891026666666686e-05,-0.17000238131095957
full_288,opus,0.01,Regime,threshold,0.6,-0.09666666666666707,0.04697999999999908,-0.09666666666666707,0.0,-0.001693386527777778,-0.6762182150329363
full_288,pro,0.01,Regime,threshold,0.6,-0.09666666666666707,0.04697999999999908,-0.09666666666666707,0.0,-0.002549660666666651,-1.524623258391898
full_288,astra,0.01,Regime,threshold,0.6,-0.09666666666666707,0.04697999999999908,-0.09666666666666707,0.0,-0.0019874767361111197,-0.8021682197500926
full_288,sonnet,0.01,Regime,threshold,0.6,-0.09666666666666707,0.04697999999999908,-0.09666666666666707,0.0,-0.0011413062777777716,-0.9417284257675305
full_288,lite,0.01,Regime,threshold,0.6,-0.09666666666666707,0.04697999999999908,-0.0934444444444446,-0.0032222222222222114,-0.00042756560833333307,-0.4771341153068136
full_288,luna,0.01,Regime,threshold,0.6,-0.09666666666666707,0.04697999999999908,-0.0934444444444446,-0.0032222222222222114,-6.622540694444435e-05,-0.63840387943525
full_288,qwen_local,0.01,Regime,threshold,0.6,-0.09666666666666707,0.04697999999999908,-0.09263888888888844,-0.004027777777777764,0.0,-12.771423181851642
full_288,baseline,0.01,Regime,threshold,0.7,-0.16666666666666602,0.05600000000000013,-0.12083333333333476,-0.04583333333333349,-6.918999999999979e-05,-0.29102295091595964
full_288,opus,0.01,Regime,threshold,0.7,-0.16666666666666602,0.05600000000000013,-0.16666666666666602,0.0,-0.003017027777777719,-1.2748518249889829
full_288,pro,0.01,Regime,threshold,0.7,-0.16666666666666602,0.05600000000000013,-0.16666666666666602,0.0,-0.004695105555555594,-2.7503609866421694
full_288,astra,0.01,Regime,threshold,0.7,-0.16666666666666602,0.05600000000000013,-0.16666666666666602,0.0,-0.0032780659722222343,-1.2515278740113307
full_288,sonnet,0.01,Regime,threshold,0.7,-0.16666666666666602,0.05600000000000013,-0.16388888888888697,-0.002777777777777768,-0.0026361166666666845,-2.1775114945660166
full_288,lite,0.01,Regime,threshold,0.7,-0.16666666666666602,0.05600000000000013,-0.16666666666666635,0.0,-0.0008263823611111033,-0.895430765626642
full_288,luna,0.01,Regime,threshold,0.7,-0.16666666666666602,0.05600000000000013,-0.16666666666666635,0.0,-0.00012749881944444538,-1.15910699213855
full_288,qwen_local,0.01,Regime,threshold,0.7,-0.16666666666666602,0.05600000000000013,-0.1666666666666694,0.0,0.0,-20.150728670204522
full_288,baseline,0.01,Regime,threshold,0.8,-0.16666666666666796,0.06200000000000008,-0.10138888888888703,-0.06527777777777732,-6.081888888888966e-05,-0.25806608010186016
full_288,opus,0.01,Regime,threshold,0.8,-0.16666666666666796,0.06200000000000008,-0.16666666666666796,0.0,-0.002874361111111213,-1.1905213590963917
full_288,pro,0.01,Regime,threshold,0.8,-0.16666666666666796,0.06200000000000008,-0.16666666666666796,0.0,-0.004955438888888839,-2.887863053177691
full_288,astra,0.01,Regime,threshold,0.8,-0.16666666666666796,0.06200000000000008,-0.16666666666666796,0.0,-0.0032752152777777554,-1.2517513435136554
full_288,sonnet,0.01,Regime,threshold,0.8,-0.16666666666666796,0.06200000000000008,-0.1666666666666698,0.0,-0.0019339944444444115,-1.6255970639884838
full_288,lite,0.01,Regime,threshold,0.8,-0.16666666666666796,0.06200000000000008,-0.1555555555555589,-0.011111111111111106,-0.0007398554166666736,-0.8062256942208692
full_288,luna,0.01,Regime,threshold,0.8,-0.16666666666666796,0.06200000000000008,-0.16111111111111087,-0.005555555555555536,-0.00012986236111110913,-1.2235397218797748
full_288,qwen_local,0.01,Regime,threshold,0.8,-0.16666666666666796,0.06200000000000008,-0.15416666666666773,-0.012499999999999983,0.0,-20.781259097952436
full_288,baseline,0.01,Regime,threshold,0.9,-0.12666666666666682,0.02355999999999992,-0.07705555555555665,-0.0496111111111118,-4.8046355555556074e-05,-0.20111453512122357
full_288,opus,0.01,Regime,threshold,0.9,-0.12666666666666682,0.02355999999999992,-0.12666666666666682,0.0,-0.002194484166666663,-0.8812224612996253
full_288,pro,0.01,Regime,threshold,0.9,-0.12666666666666682,0.02355999999999992,-0.12666666666666682,0.0,-0.0034927320000000643,-2.046529945663103
full_288,astra,0.01,Regime,threshold,0.9,-0.12666666666666682,0.02355999999999992,-0.12666666666666682,0.0,-0.002536405000000042,-0.9878032982246063
full_288,sonnet,0.01,Regime,threshold,0.9,-0.12666666666666682,0.02355999999999992,-0.12561111111111178,-0.0010555555555555518,-0.0017238320000000206,-1.4404899357218888
full_288,lite,0.01,Regime,threshold,0.9,-0.12666666666666682,0.02355999999999992,-0.11822222222221879,-0.008444444444444407,-0.0005880403944444473,-0.6422525012694824
full_288,luna,0.01,Regime,threshold,0.9,-0.12666666666666682,0.02355999999999992,-0.11716666666666853,-0.009500000000000081,-0.0001045890888888882,-0.9434771488000226
full_288,qwen_local,0.01,Regime,threshold,0.9,-0.12666666666666682,0.02355999999999992,-0.12561111111110979,-0.0010555555555556567,0.0,-15.863098916597096
full_288,baseline,0.01,Regime,equal_call_budget,0.0,0.0,0.0,0.0,0.0,0.0,0.0
full_288,opus,0.01,Regime,equal_call_budget,0.0,0.0,0.0,0.0,0.0,0.0,0.0
full_288,pro,0.01,Regime,equal_call_budget,0.0,0.0,0.0,0.0,0.0,0.0,0.0
full_288,astra,0.01,Regime,equal_call_budget,0.0,0.0,0.0,0.0,0.0,0.0,0.0
full_288,sonnet,0.01,Regime,equal_call_budget,0.0,0.0,0.0,0.0,0.0,0.0,0.0
full_288,lite,0.01,Regime,equal_call_budget,0.0,0.0,0.0,0.0,0.0,0.0,0.0
full_288,luna,0.01,Regime,equal_call_budget,0.0,0.0,0.0,0.0,0.0,0.0,0.0
full_288,qwen_local,0.01,Regime,equal_call_budget,0.0,0.0,0.0,0.0,0.0,0.0,0.0
full_288,baseline,0.01,Regime,equal_call_budget,0.1,0.0,-3.6000000000036e-05,8.333333333332416e-06,-8.333333333325477e-06,-1.3246666666667252e-08,-0.00012083880994082086
full_288,opus,0.01,Regime,equal_call_budget,0.1,0.0,-3.6000000000036e-05,0.0,0.0,-1.9498749999999777e-06,-0.0009255943551853552
full_288,pro,0.01,Regime,equal_call_budget,0.1,0.0,-3.6000000000036e-05,0.0,0.0,-3.118366666666518e-06,-0.002117777470788118
full_288,astra,0.01,Regime,equal_call_budget,0.1,0.0,-3.6000000000036e-05,0.0,0.0,-1.0818958333332941e-06,-0.0007192937529976184
full_288,sonnet,0.01,Regime,equal_call_budget,0.1,0.0,-3.6000000000036e-05,0.0,0.0,-2.3912000000000933e-06,-0.0020281036687201937
full_288,lite,0.01,Regime,equal_call_budget,0.1,0.0,-3.6000000000036e-05,3.333333333334354e-05,-3.33333333333327e-05,-2.8181083333323484e-07,-0.00024721905104041486
full_288,luna,0.01,Regime,equal_call_budget,0.1,0.0,-3.6000000000036e-05,3.333333333334354e-05,-3.33333333333327e-05,1.162070833333204e-07,0.0009910936590652453
full_288,qwen_local,0.01,Regime,equal_call_budget,0.1,0.0,-3.6000000000036e-05,4.166666666666208e-05,-4.166666666666728e-05,0.0,-0.011837894908916624
full_288,baseline,0.01,Regime,equal_call_budget,0.2,0.0,-4.799999999999249e-05,1.1111111111128391e-05,-1.1111111111114513e-05,-1.7662222222232038e-08,-0.0001611184132544463
full_288,opus,0.01,Regime,equal_call_budget,0.2,0.0,-4.799999999999249e-05,0.0,0.0,-2.599833333333159e-06,-0.0012341258069135108
full_288,pro,0.01,Regime,equal_call_budget,0.2,0.0,-4.799999999999249e-05,0.0,0.0,-4.157822222222891e-06,-0.0028237032943843055
full_288,astra,0.01,Regime,equal_call_budget,0.2,0.0,-4.799999999999249e-05,0.0,0.0,-1.4425277777780146e-06,-0.0009590583373300099
full_288,sonnet,0.01,Regime,equal_call_budget,0.2,0.0,-4.799999999999249e-05,0.0,0.0,-3.188266666666502e-06,-0.002704138224960184
full_288,lite,0.01,Regime,equal_call_budget,0.2,0.0,-4.799999999999249e-05,4.44444444444303e-05,-4.444444444444504e-05,-3.7574777777789944e-07,-0.0003296254013872568
full_288,luna,0.01,Regime,equal_call_budget,0.2,0.0,-4.799999999999249e-05,4.44444444444303e-05,-4.444444444444504e-05,1.5494277777778763e-07,0.0013214582120870677
full_288,qwen_local,0.01,Regime,equal_call_budget,0.2,0.0,-4.799999999999249e-05,5.555555555553093e-05,-5.555555555555522e-05,0.0,-0.01578385987855313
full_288,baseline,0.01,Regime,equal_call_budget,0.3,0.0,-1.199999999995649e-05,2.7777777777959756e-06,-2.77777777776822e-06,-4.415555555551233e-09,-4.027960331354219e-05
full_288,opus,0.01,Regime,equal_call_budget,0.3,0.0,-1.199999999995649e-05,0.0,0.0,-6.499583333329645e-07,-0.00030853145172859975
full_288,pro,0.01,Regime,equal_call_budget,0.3,0.0,-1.199999999995649e-05,0.0,0.0,-1.039455555555506e-06,-0.0007059258235955213
full_288,astra,0.01,Regime,equal_call_budget,0.3,0.0,-1.199999999995649e-05,0.0,0.0,-3.6063194444515417e-07,-0.00023976458433239145
full_288,sonnet,0.01,Regime,equal_call_budget,0.3,0.0,-1.199999999995649e-05,0.0,0.0,-7.970666666668423e-07,-0.0006760345562399905
full_288,lite,0.01,Regime,equal_call_budget,0.3,0.0,-1.199999999995649e-05,1.111111111107288e-05,-1.1111111111111044e-05,-9.393694444439354e-08,-8.240635034661992e-05
full_288,luna,0.01,Regime,equal_call_budget,0.3,0.0,-1.199999999995649e-05,1.111111111107288e-05,-1.1111111111111044e-05,3.8735694444467237e-08,0.00033036455302193346
full_288,qwen_local,0.01,Regime,equal_call_budget,0.3,0.0,-1.199999999995649e-05,1.3888888888924367e-05,-1.3888888888888805e-05,0.0,-0.003945964969638283
full_288,baseline,0.01,Regime,equal_call_budget,0.4,0.0,0.0,0.0,0.0,0.0,0.0
full_288,opus,0.01,Regime,equal_call_budget,0.4,0.0,0.0,0.0,0.0,0.0,0.0
full_288,pro,0.01,Regime,equal_call_budget,0.4,0.0,0.0,0.0,0.0,0.0,0.0
full_288,astra,0.01,Regime,equal_call_budget,0.4,0.0,0.0,0.0,0.0,0.0,0.0
full_288,sonnet,0.01,Regime,equal_call_budget,0.4,0.0,0.0,0.0,0.0,0.0,0.0
full_288,lite,0.01,Regime,equal_call_budget,0.4,0.0,0.0,0.0,0.0,0.0,0.0
full_288,luna,0.01,Regime,equal_call_budget,0.4,0.0,0.0,0.0,0.0,0.0,0.0
full_288,qwen_local,0.01,Regime,equal_call_budget,0.4,0.0,0.0,0.0,0.0,0.0,0.0
full_288,baseline,0.01,Regime,equal_call_budget,0.5,0.0,0.0,0.0,0.0,0.0,0.0
full_288,opus,0.01,Regime,equal_call_budget,0.5,0.0,0.0,0.0,0.0,0.0,0.0
full_288,pro,0.01,Regime,equal_call_budget,0.5,0.0,0.0,0.0,0.0,0.0,0.0
full_288,astra,0.01,Regime,equal_call_budget,0.5,0.0,0.0,0.0,0.0,0.0,0.0
full_288,sonnet,0.01,Regime,equal_call_budget,0.5,0.0,0.0,0.0,0.0,0.0,0.0
full_288,lite,0.01,Regime,equal_call_budget,0.5,0.0,0.0,0.0,0.0,0.0,0.0
full_288,luna,0.01,Regime,equal_call_budget,0.5,0.0,0.0,0.0,0.0,0.0,0.0
full_288,qwen_local,0.01,Regime,equal_call_budget,0.5,0.0,0.0,0.0,0.0,0.0,0.0
full_288,baseline,0.01,Regime,equal_call_budget,0.6,0.0,0.0,0.0,0.0,0.0,0.0
full_288,opus,0.01,Regime,equal_call_budget,0.6,0.0,0.0,0.0,0.0,0.0,0.0
full_288,pro,0.01,Regime,equal_call_budget,0.6,0.0,0.0,0.0,0.0,0.0,0.0
full_288,astra,0.01,Regime,equal_call_budget,0.6,0.0,0.0,0.0,0.0,0.0,0.0
full_288,sonnet,0.01,Regime,equal_call_budget,0.6,0.0,0.0,0.0,0.0,0.0,0.0
full_288,lite,0.01,Regime,equal_call_budget,0.6,0.0,0.0,0.0,0.0,0.0,0.0
full_288,luna,0.01,Regime,equal_call_budget,0.6,0.0,0.0,0.0,0.0,0.0,0.0
full_288,qwen_local,0.01,Regime,equal_call_budget,0.6,0.0,0.0,0.0,0.0,0.0,0.0
full_288,baseline,0.01,Regime,equal_call_budget,0.7,0.0,0.0,0.0,0.0,0.0,0.0
full_288,opus,0.01,Regime,equal_call_budget,0.7,0.0,0.0,0.0,0.0,0.0,0.0
full_288,pro,0.01,Regime,equal_call_budget,0.7,0.0,0.0,0.0,0.0,0.0,0.0
full_288,astra,0.01,Regime,equal_call_budget,0.7,0.0,0.0,0.0,0.0,0.0,0.0
full_288,sonnet,0.01,Regime,equal_call_budget,0.7,0.0,0.0,0.0,0.0,0.0,0.0
full_288,lite,0.01,Regime,equal_call_budget,0.7,0.0,0.0,0.0,0.0,0.0,0.0
full_288,luna,0.01,Regime,equal_call_budget,0.7,0.0,0.0,0.0,0.0,0.0,0.0
full_288,qwen_local,0.01,Regime,equal_call_budget,0.7,0.0,0.0,0.0,0.0,0.0,0.0
full_288,baseline,0.01,Regime,equal_call_budget,0.8,0.0,0.0,0.0,0.0,0.0,0.0
full_288,opus,0.01,Regime,equal_call_budget,0.8,0.0,0.0,0.0,0.0,0.0,0.0
full_288,pro,0.01,Regime,equal_call_budget,0.8,0.0,0.0,0.0,0.0,0.0,0.0
full_288,astra,0.01,Regime,equal_call_budget,0.8,0.0,0.0,0.0,0.0,0.0,0.0
full_288,sonnet,0.01,Regime,equal_call_budget,0.8,0.0,0.0,0.0,0.0,0.0,0.0
full_288,lite,0.01,Regime,equal_call_budget,0.8,0.0,0.0,0.0,0.0,0.0,0.0
full_288,luna,0.01,Regime,equal_call_budget,0.8,0.0,0.0,0.0,0.0,0.0,0.0
full_288,qwen_local,0.01,Regime,equal_call_budget,0.8,0.0,0.0,0.0,0.0,0.0,0.0
full_288,baseline,0.01,Regime,equal_call_budget,0.9,0.0,0.0,0.0,0.0,0.0,0.0
full_288,opus,0.01,Regime,equal_call_budget,0.9,0.0,0.0,0.0,0.0,0.0,0.0
full_288,pro,0.01,Regime,equal_call_budget,0.9,0.0,0.0,0.0,0.0,0.0,0.0
full_288,astra,0.01,Regime,equal_call_budget,0.9,0.0,0.0,0.0,0.0,0.0,0.0
full_288,sonnet,0.01,Regime,equal_call_budget,0.9,0.0,0.0,0.0,0.0,0.0,0.0
full_288,lite,0.01,Regime,equal_call_budget,0.9,0.0,0.0,0.0,0.0,0.0,0.0
full_288,luna,0.01,Regime,equal_call_budget,0.9,0.0,0.0,0.0,0.0,0.0,0.0
full_288,qwen_local,0.01,Regime,equal_call_budget,0.9,0.0,0.0,0.0,0.0,0.0,0.0
full_288,baseline,0.01,Regime,equal_call_budget,1.0,0.0,0.0,0.0,0.0,0.0,0.0
full_288,opus,0.01,Regime,equal_call_budget,1.0,0.0,0.0,0.0,0.0,0.0,0.0
full_288,pro,0.01,Regime,equal_call_budget,1.0,0.0,0.0,0.0,0.0,0.0,0.0
full_288,astra,0.01,Regime,equal_call_budget,1.0,0.0,0.0,0.0,0.0,0.0,0.0
full_288,sonnet,0.01,Regime,equal_call_budget,1.0,0.0,0.0,0.0,0.0,0.0,0.0
full_288,lite,0.01,Regime,equal_call_budget,1.0,0.0,0.0,0.0,0.0,0.0,0.0
full_288,luna,0.01,Regime,equal_call_budget,1.0,0.0,0.0,0.0,0.0,0.0,0.0
full_288,qwen_local,0.01,Regime,equal_call_budget,1.0,0.0,0.0,0.0,0.0,0.0,0.0
full_288,baseline,0.01,Weighted global,threshold,0.4,0.03500000000000001,-0.0171299999999997,0.02219444444444444,0.01280555555555555,1.4044044444444447e-05,0.061149790303590815
full_288,opus,0.01,Weighted global,threshold,0.4,0.03500000000000001,-0.0171299999999997,0.03500000000000001,0.0,0.0006066231250000001,0.24175231506360506
full_288,pro,0.01,Weighted global,threshold,0.4,0.03500000000000001,-0.0171299999999997,0.03500000000000001,0.0,0.0009127584444444445,0.5449595077335215
full_288,astra,0.01,Weighted global,threshold,0.4,0.03500000000000001,-0.0171299999999997,0.03500000000000001,0.0,0.0007159973263888887,0.28804257165239594
full_288,sonnet,0.01,Weighted global,threshold,0.4,0.03500000000000001,-0.0171299999999997,0.03500000000000001,0.0,0.0004052609166666665,0.3342102913534329
full_288,lite,0.01,Weighted global,threshold,0.4,0.03500000000000001,-0.0171299999999997,0.033944444444444465,0.0010555555555555565,0.00015386886805555548,0.17193139203865496
full_288,luna,0.01,Weighted global,threshold,0.4,0.03500000000000001,-0.0171299999999997,0.033944444444444465,0.0010555555555555565,2.4365521527777762e-05,0.23444987773953152
full_288,qwen_local,0.01,Weighted global,threshold,0.4,0.03500000000000001,-0.0171299999999997,0.033680555555555575,0.0013194444444444443,0.0,4.584676329939537
full_288,baseline,0.01,Weighted global,threshold,0.6,0.18416666666666656,-0.08168000000000111,0.12351388888888887,0.060652777777777805,7.289578333333299e-05,0.30564671862320725
full_288,opus,0.01,Weighted global,threshold,0.6,0.18416666666666656,-0.08168000000000111,0.18416666666666656,0.0,0.00302705065972222,1.22272956304005
full_288,pro,0.01,Weighted global,threshold,0.6,0.18416666666666656,-0.08168000000000111,0.18416666666666656,0.0,0.0046465334722222236,2.7183387233840675
full_288,astra,0.01,Weighted global,threshold,0.6,0.18416666666666656,-0.08168000000000111,0.18416666666666656,0.0,0.003586427065972224,1.3788813885962767
full_288,sonnet,0.01,Weighted global,threshold,0.6,0.18416666666666656,-0.08168000000000111,0.1829861111111107,0.0011805555555555514,0.0021586464444444476,1.777849742315162
full_288,lite,0.01,Weighted global,threshold,0.6,0.18416666666666656,-0.08168000000000111,0.1838888888888888,0.0002777777777777787,0.0008171243381944427,0.907587433782599
full_288,luna,0.01,Weighted global,threshold,0.6,0.18416666666666656,-0.08168000000000111,0.1842569444444445,-9.027777777778287e-05,0.00014710030520833365,1.370896220621145
full_288,qwen_local,0.01,Weighted global,threshold,0.6,0.18416666666666656,-0.08168000000000111,0.18401388888888942,0.0001527777777777812,0.0,22.038198078196174
full_288,baseline,0.01,Weighted global,threshold,0.7,0.1433333333333341,-0.04640499999999989,0.08640972222222093,0.05692361111111052,5.243325000000063e-05,0.2224626833026342
full_288,opus,0.01,Weighted global,threshold,0.7,0.1433333333333341,-0.04640499999999989,0.1433333333333341,0.0,0.002479167395833398,1.0208937323623082
full_288,pro,0.01,Weighted global,threshold,0.7,0.1433333333333341,-0.04640499999999989,0.1433333333333341,0.0,0.004245573361111086,2.471851751502385
full_288,astra,0.01,Weighted global,threshold,0.7,0.1433333333333341,-0.04640499999999989,0.1433333333333341,0.0,0.002875798194444428,1.1070056374329837
full_288,sonnet,0.01,Weighted global,threshold,0.7,0.1433333333333341,-0.04640499999999989,0.14262500000000183,0.0007083333333333308,0.0017072859861110914,1.4341480876559336
full_288,lite,0.01,Weighted global,threshold,0.7,0.1433333333333341,-0.04640499999999989,0.13380555555555806,0.009527777777777769,0.0006349521138888934,0.6933919166017106
full_288,luna,0.01,Weighted global,threshold,0.7,0.1433333333333341,-0.04640499999999989,0.1373611111111106,0.005972222222222202,0.0001144612027777764,1.0689688842308134
full_288,qwen_local,0.01,Weighted global,threshold,0.7,0.1433333333333341,-0.04640499999999989,0.1339513888888892,0.009381944444444457,0.0,17.89875231648825
full_288,baseline,0.01,Weighted global,threshold,0.8,0.206666666666665,-0.04106999999999979,0.1291250000000016,0.07754166666666643,7.94509555555551e-05,0.3368867965653193
full_288,opus,0.01,Weighted global,threshold,0.8,0.206666666666665,-0.04106999999999979,0.206666666666665,0.0,0.0036465784027777583,1.486835927577114
full_288,pro,0.01,Weighted global,threshold,0.8,0.206666666666665,-0.04106999999999979,0.206666666666665,0.0,0.005938369222222253,3.451960643273603
full_288,astra,0.01,Weighted global,threshold,0.8,0.206666666666665,-0.04106999999999979,0.206666666666665,0.0,0.00441366604166663,1.7330544101146685
full_288,sonnet,0.01,Weighted global,threshold,0.8,0.206666666666665,-0.04106999999999979,0.20152777777777764,0.00513888888888887,0.0028526641388888895,2.376562584780449
full_288,lite,0.01,Weighted global,threshold,0.8,0.206666666666665,-0.04106999999999979,0.1983333333333328,0.00833333333333329,0.000933186087499995,1.0259055614208186
full_288,luna,0.01,Weighted global,threshold,0.8,0.206666666666665,-0.04106999999999979,0.19654166666666706,0.010124999999999985,0.00017515277638888887,1.588874017176841
full_288,qwen_local,0.01,Weighted global,threshold,0.8,0.206666666666665,-0.04106999999999979,0.2030138888888846,0.0036527777777778693,0.0,25.655170444377447
full_288,baseline,0.01,Weighted global,threshold,0.9,0.14999999999999958,-0.03335999999999994,0.09756944444444515,0.05243055555555409,5.882013333333142e-05,0.2542948974291792
full_288,opus,0.01,Weighted global,threshold,0.9,0.14999999999999958,-0.03335999999999994,0.14999999999999958,0.0,0.002721252638888883,1.1352253730844541
full_288,pro,0.01,Weighted global,threshold,0.9,0.14999999999999958,-0.03335999999999994,0.14999999999999958,0.0,0.004587970277777728,2.6367892980920082
full_288,astra,0.01,Weighted global,threshold,0.9,0.14999999999999958,-0.03335999999999994,0.14999999999999958,0.0,0.003513793611110965,1.3942871780709103
full_288,sonnet,0.01,Weighted global,threshold,0.9,0.14999999999999958,-0.03335999999999994,0.14243055555555606,0.007569444444444438,0.0021096375833332837,1.7496564787819722
full_288,lite,0.01,Weighted global,threshold,0.9,0.14999999999999958,-0.03335999999999994,0.15011111111111575,-0.00011111111111111044,0.0006469876569444228,0.719020612367558
full_288,luna,0.01,Weighted global,threshold,0.9,0.14999999999999958,-0.03335999999999994,0.14886111111110722,0.0011388888888888143,0.00013208240555555631,1.2089028916670381
full_288,qwen_local,0.01,Weighted global,threshold,0.9,0.14999999999999958,-0.03335999999999994,0.14495833333332953,0.005041666666666573,0.0,18.36248837766651
full_288,baseline,0.01,Weighted global,equal_call_budget,0.0,0.0,0.0,0.0,0.0,0.0,0.0
full_288,opus,0.01,Weighted global,equal_call_budget,0.0,0.0,0.0,0.0,0.0,0.0,0.0
full_288,pro,0.01,Weighted global,equal_call_budget,0.0,0.0,0.0,0.0,0.0,0.0,0.0
full_288,astra,0.01,Weighted global,equal_call_budget,0.0,0.0,0.0,0.0,0.0,0.0,0.0
full_288,sonnet,0.01,Weighted global,equal_call_budget,0.0,0.0,0.0,0.0,0.0,0.0,0.0
full_288,lite,0.01,Weighted global,equal_call_budget,0.0,0.0,0.0,0.0,0.0,0.0,0.0
full_288,luna,0.01,Weighted global,equal_call_budget,0.0,0.0,0.0,0.0,0.0,0.0,0.0
full_288,qwen_local,0.01,Weighted global,equal_call_budget,0.0,0.0,0.0,0.0,0.0,0.0,0.0
full_288,baseline,0.01,Weighted global,equal_call_budget,0.1,0.0,0.0,0.0,0.0,0.0,0.0
full_288,opus,0.01,Weighted global,equal_call_budget,0.1,0.0,0.0,0.0,0.0,0.0,0.0
full_288,pro,0.01,Weighted global,equal_call_budget,0.1,0.0,0.0,0.0,0.0,0.0,0.0
full_288,astra,0.01,Weighted global,equal_call_budget,0.1,0.0,0.0,0.0,0.0,0.0,0.0
full_288,sonnet,0.01,Weighted global,equal_call_budget,0.1,0.0,0.0,0.0,0.0,0.0,0.0
full_288,lite,0.01,Weighted global,equal_call_budget,0.1,0.0,0.0,0.0,0.0,0.0,0.0
full_288,luna,0.01,Weighted global,equal_call_budget,0.1,0.0,0.0,0.0,0.0,0.0,0.0
full_288,qwen_local,0.01,Weighted global,equal_call_budget,0.1,0.0,0.0,0.0,0.0,0.0,0.0
full_288,baseline,0.01,Weighted global,equal_call_budget,0.2,0.0,0.0,0.0,0.0,0.0,0.0
full_288,opus,0.01,Weighted global,equal_call_budget,0.2,0.0,0.0,0.0,0.0,0.0,0.0
full_288,pro,0.01,Weighted global,equal_call_budget,0.2,0.0,0.0,0.0,0.0,0.0,0.0
full_288,astra,0.01,Weighted global,equal_call_budget,0.2,0.0,0.0,0.0,0.0,0.0,0.0
full_288,sonnet,0.01,Weighted global,equal_call_budget,0.2,0.0,0.0,0.0,0.0,0.0,0.0
full_288,lite,0.01,Weighted global,equal_call_budget,0.2,0.0,0.0,0.0,0.0,0.0,0.0
full_288,luna,0.01,Weighted global,equal_call_budget,0.2,0.0,0.0,0.0,0.0,0.0,0.0
full_288,qwen_local,0.01,Weighted global,equal_call_budget,0.2,0.0,0.0,0.0,0.0,0.0,0.0
full_288,baseline,0.01,Weighted global,equal_call_budget,0.3,0.0,0.0,0.0,0.0,0.0,0.0
full_288,opus,0.01,Weighted global,equal_call_budget,0.3,0.0,0.0,0.0,0.0,0.0,0.0
full_288,pro,0.01,Weighted global,equal_call_budget,0.3,0.0,0.0,0.0,0.0,0.0,0.0
full_288,astra,0.01,Weighted global,equal_call_budget,0.3,0.0,0.0,0.0,0.0,0.0,0.0
full_288,sonnet,0.01,Weighted global,equal_call_budget,0.3,0.0,0.0,0.0,0.0,0.0,0.0
full_288,lite,0.01,Weighted global,equal_call_budget,0.3,0.0,0.0,0.0,0.0,0.0,0.0
full_288,luna,0.01,Weighted global,equal_call_budget,0.3,0.0,0.0,0.0,0.0,0.0,0.0
full_288,qwen_local,0.01,Weighted global,equal_call_budget,0.3,0.0,0.0,0.0,0.0,0.0,0.0
full_288,baseline,0.01,Weighted global,equal_call_budget,0.4,0.0,0.0,0.0,0.0,0.0,0.0
full_288,opus,0.01,Weighted global,equal_call_budget,0.4,0.0,0.0,0.0,0.0,0.0,0.0
full_288,pro,0.01,Weighted global,equal_call_budget,0.4,0.0,0.0,0.0,0.0,0.0,0.0
full_288,astra,0.01,Weighted global,equal_call_budget,0.4,0.0,0.0,0.0,0.0,0.0,0.0
full_288,sonnet,0.01,Weighted global,equal_call_budget,0.4,0.0,0.0,0.0,0.0,0.0,0.0
full_288,lite,0.01,Weighted global,equal_call_budget,0.4,0.0,0.0,0.0,0.0,0.0,0.0
full_288,luna,0.01,Weighted global,equal_call_budget,0.4,0.0,0.0,0.0,0.0,0.0,0.0
full_288,qwen_local,0.01,Weighted global,equal_call_budget,0.4,0.0,0.0,0.0,0.0,0.0,0.0
full_288,baseline,0.01,Weighted global,equal_call_budget,0.5,0.0,0.0,0.0,0.0,0.0,0.0
full_288,opus,0.01,Weighted global,equal_call_budget,0.5,0.0,0.0,0.0,0.0,0.0,0.0
full_288,pro,0.01,Weighted global,equal_call_budget,0.5,0.0,0.0,0.0,0.0,0.0,0.0
full_288,astra,0.01,Weighted global,equal_call_budget,0.5,0.0,0.0,0.0,0.0,0.0,0.0
full_288,sonnet,0.01,Weighted global,equal_call_budget,0.5,0.0,0.0,0.0,0.0,0.0,0.0
full_288,lite,0.01,Weighted global,equal_call_budget,0.5,0.0,0.0,0.0,0.0,0.0,0.0
full_288,luna,0.01,Weighted global,equal_call_budget,0.5,0.0,0.0,0.0,0.0,0.0,0.0
full_288,qwen_local,0.01,Weighted global,equal_call_budget,0.5,0.0,0.0,0.0,0.0,0.0,0.0
full_288,baseline,0.01,Weighted global,equal_call_budget,0.6,0.0,0.0,0.0,0.0,0.0,0.0
full_288,opus,0.01,Weighted global,equal_call_budget,0.6,0.0,0.0,0.0,0.0,0.0,0.0
full_288,pro,0.01,Weighted global,equal_call_budget,0.6,0.0,0.0,0.0,0.0,0.0,0.0
full_288,astra,0.01,Weighted global,equal_call_budget,0.6,0.0,0.0,0.0,0.0,0.0,0.0
full_288,sonnet,0.01,Weighted global,equal_call_budget,0.6,0.0,0.0,0.0,0.0,0.0,0.0
full_288,lite,0.01,Weighted global,equal_call_budget,0.6,0.0,0.0,0.0,0.0,0.0,0.0
full_288,luna,0.01,Weighted global,equal_call_budget,0.6,0.0,0.0,0.0,0.0,0.0,0.0
full_288,qwen_local,0.01,Weighted global,equal_call_budget,0.6,0.0,0.0,0.0,0.0,0.0,0.0
full_288,baseline,0.01,Weighted global,equal_call_budget,0.7,0.0,0.0,0.0,0.0,0.0,0.0
full_288,opus,0.01,Weighted global,equal_call_budget,0.7,0.0,0.0,0.0,0.0,0.0,0.0
full_288,pro,0.01,Weighted global,equal_call_budget,0.7,0.0,0.0,0.0,0.0,0.0,0.0
full_288,astra,0.01,Weighted global,equal_call_budget,0.7,0.0,0.0,0.0,0.0,0.0,0.0
full_288,sonnet,0.01,Weighted global,equal_call_budget,0.7,0.0,0.0,0.0,0.0,0.0,0.0
full_288,lite,0.01,Weighted global,equal_call_budget,0.7,0.0,0.0,0.0,0.0,0.0,0.0
full_288,luna,0.01,Weighted global,equal_call_budget,0.7,0.0,0.0,0.0,0.0,0.0,0.0
full_288,qwen_local,0.01,Weighted global,equal_call_budget,0.7,0.0,0.0,0.0,0.0,0.0,0.0
full_288,baseline,0.01,Weighted global,equal_call_budget,0.8,0.0,0.0,0.0,0.0,0.0,0.0
full_288,opus,0.01,Weighted global,equal_call_budget,0.8,0.0,0.0,0.0,0.0,0.0,0.0
full_288,pro,0.01,Weighted global,equal_call_budget,0.8,0.0,0.0,0.0,0.0,0.0,0.0
full_288,astra,0.01,Weighted global,equal_call_budget,0.8,0.0,0.0,0.0,0.0,0.0,0.0
full_288,sonnet,0.01,Weighted global,equal_call_budget,0.8,0.0,0.0,0.0,0.0,0.0,0.0
full_288,lite,0.01,Weighted global,equal_call_budget,0.8,0.0,0.0,0.0,0.0,0.0,0.0
full_288,luna,0.01,Weighted global,equal_call_budget,0.8,0.0,0.0,0.0,0.0,0.0,0.0
full_288,qwen_local,0.01,Weighted global,equal_call_budget,0.8,0.0,0.0,0.0,0.0,0.0,0.0
full_288,baseline,0.01,Weighted global,equal_call_budget,0.9,0.0,0.0,0.0,0.0,0.0,0.0
full_288,opus,0.01,Weighted global,equal_call_budget,0.9,0.0,0.0,0.0,0.0,0.0,0.0
full_288,pro,0.01,Weighted global,equal_call_budget,0.9,0.0,0.0,0.0,0.0,0.0,0.0
full_288,astra,0.01,Weighted global,equal_call_budget,0.9,0.0,0.0,0.0,0.0,0.0,0.0
full_288,sonnet,0.01,Weighted global,equal_call_budget,0.9,0.0,0.0,0.0,0.0,0.0,0.0
full_288,lite,0.01,Weighted global,equal_call_budget,0.9,0.0,0.0,0.0,0.0,0.0,0.0
full_288,luna,0.01,Weighted global,equal_call_budget,0.9,0.0,0.0,0.0,0.0,0.0,0.0
full_288,qwen_local,0.01,Weighted global,equal_call_budget,0.9,0.0,0.0,0.0,0.0,0.0,0.0
full_288,baseline,0.01,Weighted global,equal_call_budget,1.0,0.0,0.0,0.0,0.0,0.0,0.0
full_288,opus,0.01,Weighted global,equal_call_budget,1.0,0.0,0.0,0.0,0.0,0.0,0.0
full_288,pro,0.01,Weighted global,equal_call_budget,1.0,0.0,0.0,0.0,0.0,0.0,0.0
full_288,astra,0.01,Weighted global,equal_call_budget,1.0,0.0,0.0,0.0,0.0,0.0,0.0
full_288,sonnet,0.01,Weighted global,equal_call_budget,1.0,0.0,0.0,0.0,0.0,0.0,0.0
full_288,lite,0.01,Weighted global,equal_call_budget,1.0,0.0,0.0,0.0,0.0,0.0,0.0
full_288,luna,0.01,Weighted global,equal_call_budget,1.0,0.0,0.0,0.0,0.0,0.0,0.0
full_288,qwen_local,0.01,Weighted global,equal_call_budget,1.0,0.0,0.0,0.0,0.0,0.0,0.0
full_288,baseline,0.01,Weighted regime,threshold,0.4,0.06916666666666664,-0.03502499999999942,0.04413194444444442,0.025034722222222215,2.7322138888888868e-05,0.11690678151418339
full_288,opus,0.01,Weighted regime,threshold,0.4,0.06916666666666664,-0.03502499999999942,0.06916666666666664,0.0,0.001135277152777779,0.44759334621271224
full_288,pro,0.01,Weighted regime,threshold,0.4,0.06916666666666664,-0.03502499999999942,0.06916666666666664,0.0,0.0017021901388888877,1.0079479437147678
full_288,astra,0.01,Weighted regime,threshold,0.4,0.06916666666666664,-0.03502499999999942,0.06916666666666664,0.0,0.0013796996180555556,0.5457928530586628
full_288,sonnet,0.01,Weighted regime,threshold,0.4,0.06916666666666664,-0.03502499999999942,0.06916666666666664,0.0,0.0007229689861111109,0.5943888649754693
full_288,lite,0.01,Weighted regime,threshold,0.4,0.06916666666666664,-0.03502499999999942,0.06816666666666665,0.001,0.00029489297361111094,0.33171493978654204
full_288,luna,0.01,Weighted regime,threshold,0.4,0.06916666666666664,-0.03502499999999942,0.06816666666666665,0.001,5.193686458333329e-05,0.4956068176794149
full_288,qwen_local,0.01,Weighted regime,threshold,0.4,0.06916666666666664,-0.03502499999999942,0.06791666666666663,0.001249999999999999,0.0,8.67452259963372
full_288,baseline,0.01,Weighted regime,threshold,0.6,0.18416666666666623,-0.08092500000000122,0.11904166666666671,0.06512499999999992,7.04532833333331e-05,0.29439751826303173
full_288,opus,0.01,Weighted regime,threshold,0.6,0.18416666666666623,-0.08092500000000122,0.18416666666666623,0.0,0.0029652971180555592,1.1925824035490382
full_288,pro,0.01,Weighted regime,threshold,0.6,0.18416666666666623,-0.08092500000000122,0.18416666666666623,0.0,0.0047021722500000035,2.73618175082129
full_288,astra,0.01,Weighted regime,threshold,0.6,0.18416666666666623,-0.08092500000000122,0.18416666666666623,0.0,0.003582799409722214,1.369966295766349
full_288,sonnet,0.01,Weighted regime,threshold,0.6,0.18416666666666623,-0.08092500000000122,0.18329166666666616,0.0008749999999999977,0.0019729645416666757,1.6315978355936425
full_288,lite,0.01,Weighted regime,threshold,0.6,0.18416666666666623,-0.08092500000000122,0.18183333333333326,0.00233333333333334,0.0007920527263888864,0.8815946571222112
full_288,luna,0.01,Weighted regime,threshold,0.6,0.18416666666666623,-0.08092500000000122,0.1835763888888888,0.0005902777777777712,0.00015142109513888944,1.415864935226577
full_288,qwen_local,0.01,Weighted regime,threshold,0.6,0.18416666666666623,-0.08092500000000122,0.18170833333333342,0.0024583333333333506,0.0,21.89203579118759
full_288,baseline,0.01,Weighted regime,threshold,0.7,0.12416666666666698,-0.03628499999999976,0.07040277777777648,0.053763888888888195,4.343104444444522e-05,0.1852495491330335
full_288,opus,0.01,Weighted regime,threshold,0.7,0.12416666666666698,-0.03628499999999976,0.12416666666666698,0.0,0.00213553739583338,0.8779163332442663
full_288,pro,0.01,Weighted regime,threshold,0.7,0.12416666666666698,-0.03628499999999976,0.12416666666666698,0.0,0.003823580444444417,2.2120090142177506
full_288,astra,0.01,Weighted regime,threshold,0.7,0.12416666666666698,-0.03628499999999976,0.12416666666666698,0.0,0.0025758550520833118,0.9953054152594589
full_288,sonnet,0.01,Weighted regime,threshold,0.7,0.12416666666666698,-0.03628499999999976,0.12302777777777912,0.0011388888888888863,0.001361709958333318,1.1524953939899012
full_288,lite,0.01,Weighted regime,threshold,0.7,0.12416666666666698,-0.03628499999999976,0.11408333333333531,0.010083333333333326,0.0005254271368055606,0.5757093825955697
full_288,luna,0.01,Weighted regime,threshold,0.7,0.12416666666666698,-0.03628499999999976,0.11802777777777851,0.006138888888888871,0.00010319308854166587,0.9674578073912019
full_288,qwen_local,0.01,Weighted regime,threshold,0.7,0.12416666666666698,-0.03628499999999976,0.11320138888888814,0.010965277777777796,0.0,15.55598623051565
full_288,baseline,0.01,Weighted regime,threshold,0.8,0.14999999999999802,-0.029209999999999854,0.09435416666666752,0.05564583333333281,5.7923777777777494e-05,0.24712958083414183
full_288,opus,0.01,Weighted regime,threshold,0.8,0.14999999999999802,-0.029209999999999854,0.14999999999999802,0.0,0.002668034374999977,1.0933328160198528
full_288,pro,0.01,Weighted regime,threshold,0.8,0.14999999999999802,-0.029209999999999854,0.14999999999999802,0.0,0.004390667583333351,2.5424064789630965
full_288,astra,0.01,Weighted regime,threshold,0.8,0.14999999999999802,-0.029209999999999854,0.14999999999999802,0.0,0.0033134219618055506,1.3075995170347756
full_288,sonnet,0.01,Weighted regime,threshold,0.8,0.14999999999999802,-0.029209999999999854,0.14496527777777712,0.005034722222222204,0.0020810796527777984,1.7316509839983327
full_288,lite,0.01,Weighted regime,threshold,0.8,0.14999999999999802,-0.029209999999999854,0.14566666666666483,0.004333333333333311,0.0006661355965277742,0.7352797460576475
full_288,luna,0.01,Weighted regime,threshold,0.8,0.14999999999999802,-0.029209999999999854,0.1441250000000015,0.005874999999999998,0.00012940816701388982,1.1756578500988075
full_288,qwen_local,0.01,Weighted regime,threshold,0.8,0.14999999999999802,-0.029209999999999854,0.1468194444444414,0.003180555555555603,0.0,18.560512413537907
full_288,baseline,0.01,Weighted regime,threshold,0.9,0.1174999999999996,-0.02713499999999995,0.07759027777777816,0.03990972222222072,4.6429049999998295e-05,0.20216128628057617
full_288,opus,0.01,Weighted regime,threshold,0.9,0.1174999999999996,-0.02713499999999995,0.1174999999999996,0.0,0.002154155034722216,0.9061000726089583
full_288,pro,0.01,Weighted regime,threshold,0.9,0.1174999999999996,-0.02713499999999995,0.1174999999999996,0.0,0.003676912944444388,2.1046620188532597
full_288,astra,0.01,Weighted regime,threshold,0.9,0.1174999999999996,-0.02713499999999995,0.1174999999999996,0.0,0.002846187152777655,1.1334358855927293
full_288,sonnet,0.01,Weighted regime,threshold,0.9,0.1174999999999996,-0.02713499999999995,0.11040972222222223,0.0070902777777777665,0.0016650883333332919,1.378612698351688
full_288,lite,0.01,Weighted regime,threshold,0.9,0.1174999999999996,-0.02713499999999995,0.11944444444444824,-0.0019444444444444361,0.0004977366506944236,0.5556016436313378
full_288,luna,0.01,Weighted regime,threshold,0.9,0.1174999999999996,-0.02713499999999995,0.11846527777777438,-0.0009652777777778739,0.00010497583055555683,0.9638058370589269
full_288,qwen_local,0.01,Weighted regime,threshold,0.9,0.1174999999999996,-0.02713499999999995,0.11285416666666392,0.0046458333333332345,0.0,14.306288309689592
full_288,baseline,0.01,Weighted regime,equal_call_budget,0.0,0.0,0.0,0.0,0.0,0.0,0.0
full_288,opus,0.01,Weighted regime,equal_call_budget,0.0,0.0,0.0,0.0,0.0,0.0,0.0
full_288,pro,0.01,Weighted regime,equal_call_budget,0.0,0.0,0.0,0.0,0.0,0.0,0.0
full_288,astra,0.01,Weighted regime,equal_call_budget,0.0,0.0,0.0,0.0,0.0,0.0,0.0
full_288,sonnet,0.01,Weighted regime,equal_call_budget,0.0,0.0,0.0,0.0,0.0,0.0,0.0
full_288,lite,0.01,Weighted regime,equal_call_budget,0.0,0.0,0.0,0.0,0.0,0.0,0.0
full_288,luna,0.01,Weighted regime,equal_call_budget,0.0,0.0,0.0,0.0,0.0,0.0,0.0
full_288,qwen_local,0.01,Weighted regime,equal_call_budget,0.0,0.0,0.0,0.0,0.0,0.0,0.0
full_288,baseline,0.01,Weighted regime,equal_call_budget,0.1,0.0,-0.002033999999999536,0.00047083333333354516,-0.0004708333333333717,-7.484366666666862e-07,-0.006827392761655504
full_288,opus,0.01,Weighted regime,equal_call_budget,0.1,0.0,-0.002033999999999536,0.0,0.0,-0.00011016793750000275,-0.05229608106797101
full_288,pro,0.01,Weighted regime,equal_call_budget,0.1,0.0,-0.002033999999999536,0.0,0.0,-0.00017618771666665653,-0.11965442709954455
full_288,astra,0.01,Weighted regime,equal_call_budget,0.1,0.0,-0.002033999999999536,0.0,0.0,-6.112711458332743e-05,-0.04064009704436167
full_288,sonnet,0.01,Weighted regime,equal_call_budget,0.1,0.0,-0.002033999999999536,0.0,0.0,-0.00013510280000000137,-0.1145878572826795
full_288,lite,0.01,Weighted regime,equal_call_budget,0.1,0.0,-0.002033999999999536,0.001883333333333126,-0.001883333333333314,-1.5922312083332837e-05,-0.01396787638378022
full_288,luna,0.01,Weighted regime,equal_call_budget,0.1,0.0,-0.002033999999999536,0.001883333333333126,-0.001883333333333314,6.5657002083334426e-06,0.05599679173718952
full_288,qwen_local,0.01,Weighted regime,equal_call_budget,0.1,0.0,-0.002033999999999536,0.0023541666666666017,-0.002354166666666659,0.0,-0.6688410623537475
full_288,baseline,0.01,Weighted regime,equal_call_budget,0.2,0.0,-0.0013420000000001764,0.0006583333333335106,-0.0006583333333332608,-1.2172555555558281e-06,-0.0104262149700588
full_288,opus,0.01,Weighted regime,equal_call_budget,0.2,0.0,-0.0013420000000001764,0.0,0.0,-0.00014221504166666687,-0.06438364015861509
full_288,pro,0.01,Weighted regime,equal_call_budget,0.2,0.0,-0.0013420000000001764,0.0,0.0,-0.0001960793666666771,-0.1400213223120188
full_288,astra,0.01,Weighted regime,equal_call_budget,0.2,0.0,-0.0013420000000001764,0.0,0.0,-8.796321527778164e-05,-0.060412688192652775
full_288,sonnet,0.01,Weighted regime,equal_call_budget,0.2,0.0,-0.0013420000000001764,-4.4444444444374787e-05,4.444444444444473e-05,-0.00016462062777776974,-0.13842540577894225
full_288,lite,0.01,Weighted regime,equal_call_budget,0.2,0.0,-0.0013420000000001764,0.0022555555555560103,-0.002255555555555555,-1.8928076111111424e-05,-0.017555301827661185
full_288,luna,0.01,Weighted regime,equal_call_budget,0.2,0.0,-0.0013420000000001764,0.0025111111111113804,-0.002511111111111119,9.378763472222553e-06,0.07860483832048915
full_288,qwen_local,0.01,Weighted regime,equal_call_budget,0.2,0.0,-0.0013420000000001764,0.002883333333333654,-0.002883333333333322,0.0,-0.9470918849016705
full_288,baseline,0.01,Weighted regime,equal_call_budget,0.3,0.0,0.004801999999999834,0.0002791666666659698,-0.00027916666666660817,-1.1268388888885058e-06,-0.007567896071953184
full_288,opus,0.01,Weighted regime,equal_call_budget,0.3,0.0,0.004801999999999834,0.0,0.0,-1.8020479166656542e-05,0.003945844705386392
full_288,pro,0.01,Weighted regime,equal_call_budget,0.3,0.0,0.004801999999999834,0.0,0.0,9.66211166666944e-05,0.03818684624963442
full_288,astra,0.01,Weighted regime,equal_call_budget,0.3,0.0,0.004801999999999834,0.0,0.0,-4.6217288194435636e-05,-0.038450267548807204
full_288,sonnet,0.01,Weighted regime,equal_call_budget,0.3,0.0,0.004801999999999834,-0.0001777777777778322,0.00017777777777777892,1.703148888889186e-05,0.019237663297623886
full_288,lite,0.01,Weighted regime,equal_call_budget,0.3,0.0,0.004801999999999834,-0.000394444444444253,0.0003944444444444646,3.899255972224236e-06,-0.00038182539172737506
full_288,luna,0.01,Weighted regime,equal_call_budget,0.3,0.0,0.004801999999999834,0.0006277777777773941,-0.000627777777777767,4.6865528472223494e-06,0.03443539459601963
full_288,qwen_local,0.01,Weighted regime,equal_call_budget,0.3,0.0,0.004801999999999834,-0.00023749999999972404,0.0002375000000000094,0.0,-0.44416222783843295
full_288,baseline,0.01,Weighted regime,equal_call_budget,0.4,0.0,0.0035940000000004857,-0.0050305555555551495,0.005030555555555233,-2.926653333332874e-06,-0.012988890559871291
full_288,opus,0.01,Weighted regime,equal_call_budget,0.4,0.0,0.0035940000000004857,0.0,-2.831068712794149e-17,-2.1082361111111024e-05,-0.004027077099353793
full_288,pro,0.01,Weighted regime,equal_call_budget,0.4,0.0,0.0035940000000004857,0.0,-2.831068712794149e-17,0.00020251810000002785,0.10253052480807501
full_288,astra,0.01,Weighted regime,equal_call_budget,0.4,0.0,0.0035940000000004857,0.0,-2.831068712794149e-17,-9.588812500007857e-06,-0.014949889468091282
full_288,sonnet,0.01,Weighted regime,equal_call_budget,0.4,0.0,0.0035940000000004857,0.00041944444444386164,-0.0004194444444444806,-0.0001305576111111208,-0.09547769048845689
full_288,lite,0.01,Weighted regime,equal_call_budget,0.4,0.0,0.0035940000000004857,-0.0036222222222224154,0.0036222222222222246,-1.633358833333636e-05,-0.020906666745095892
full_288,luna,0.01,Weighted regime,equal_call_budget,0.4,0.0,0.0035940000000004857,-0.0014111111111118624,0.001411111111111094,3.2247998611113944e-06,0.0342285585390516
full_288,qwen_local,0.01,Weighted regime,equal_call_budget,0.4,0.0,0.0035940000000004857,-0.0040638888888887,0.0040638888888889,0.0,-0.03199764377202996
full_288,baseline,0.01,Weighted regime,equal_call_budget,0.5,0.0,-0.0012900000000000966,-0.012805555555555348,0.012805555555554876,-5.671583333332491e-06,-0.02254954174080781
full_288,opus,0.01,Weighted regime,equal_call_budget,0.5,0.0,-0.0012900000000000966,0.0,-6.661338147750939e-17,-8.777246527777449e-05,-0.050151202238456705
full_288,pro,0.01,Weighted regime,equal_call_budget,0.5,0.0,-0.0012900000000000966,0.0,-6.661338147750939e-17,0.00021501333333332276,0.10994195836493592
full_288,astra,0.01,Weighted regime,equal_call_budget,0.5,0.0,-0.0012900000000000966,0.0,-6.661338147750939e-17,2.4480937499972086e-05,0.009319467331051712
full_288,sonnet,0.01,Weighted regime,equal_call_budget,0.5,0.0,-0.0012900000000000966,0.0013819444444451157,-0.0013819444444445,-0.0004427673194444563,-0.34638225570589487
full_288,lite,0.01,Weighted regime,equal_call_budget,0.5,0.0,-0.0012900000000000966,-0.0071388888888875845,0.00713888888888886,-5.809652083333273e-05,-0.06028066699312307
full_288,luna,0.01,Weighted regime,equal_call_budget,0.5,0.0,-0.0012900000000000966,-0.0035277777777761865,0.003527777777777741,3.378275694444115e-06,0.056003026315841975
full_288,qwen_local,0.01,Weighted regime,equal_call_budget,0.5,0.0,-0.0012900000000000966,-0.008243055555556766,0.008243055555555524,0.0,0.3347844037955312
full_288,baseline,0.01,Weighted regime,equal_call_budget,0.6,0.0,0.003344999999999959,-0.006622222222221419,0.006622222222222279,-2.6091666666653744e-06,-0.009725748782320798
full_288,opus,0.01,Weighted regime,equal_call_budget,0.6,0.0,0.003344999999999959,0.0,0.0,-3.382913194441631e-05,-0.023395559584236558
full_288,pro,0.01,Weighted regime,equal_call_budget,0.6,0.0,0.003344999999999959,0.0,0.0,0.00011531331666659803,0.055244807101288984
full_288,astra,0.01,Weighted regime,equal_call_budget,0.6,0.0,0.003344999999999959,0.0,0.0,8.735293750001226e-05,0.04156791368302315
full_288,sonnet,0.01,Weighted regime,equal_call_budget,0.6,0.0,0.003344999999999959,-0.00018472222222443158,0.00018472222222226317,-0.00019521144444442293,-0.1528719402444061
full_288,lite,0.01,Weighted regime,equal_call_budget,0.6,0.0,0.003344999999999959,-0.002855555555555611,0.0028555555555556007,-3.4339145833344516e-05,-0.033652664229000706
full_288,luna,0.01,Weighted regime,equal_call_budget,0.6,0.0,0.003344999999999959,-0.001931944444441669,0.0019319444444444306,4.04588319444395e-06,0.04527292774521463
full_288,qwen_local,0.01,Weighted regime,equal_call_budget,0.6,0.0,0.003344999999999959,-0.0033972222222251602,0.0033972222222222025,0.0,0.1694307471537826
full_288,baseline,0.01,Weighted regime,equal_call_budget,0.7,0.0,0.004416000000000073,-0.001152777777776115,0.0011527777777788073,-1.962177777786625e-07,0.0012216359539518606
full_288,opus,0.01,Weighted regime,equal_call_budget,0.7,0.0,0.004416000000000073,0.0,-4.5519144009631415e-17,1.813241666661844e-05,0.00784338217669589
full_288,pro,0.01,Weighted regime,equal_call_budget,0.7,0.0,0.004416000000000073,0.0,-4.5519144009631415e-17,9.96536999999971e-05,0.043615870432018866
full_288,astra,0.01,Weighted regime,equal_call_budget,0.7,0.0,0.004416000000000073,0.0,-4.5519144009631415e-17,0.0001718086388888887,0.08055400118558165
full_288,sonnet,0.01,Weighted regime,equal_call_budget,0.7,0.0,0.004416000000000073,-0.0018305555555545583,0.0018305555555554864,-1.4988338888877531e-05,-0.013218201902383875
full_288,lite,0.01,Weighted regime,equal_call_budget,0.7,0.0,0.004416000000000073,0.0013555555555571086,-0.0013555555555557174,-2.1420351944444367e-05,-0.01828983797821815
full_288,luna,0.01,Weighted regime,equal_call_budget,0.7,0.0,0.004416000000000073,0.0006611111111117784,-0.000661111111111114,4.6957116666677436e-06,0.04277972529675722
full_288,qwen_local,0.01,Weighted regime,equal_call_budget,0.7,0.0,0.004416000000000073,-0.0006416666666660964,0.0006416666666666029,0.0,-0.009321778934548774
full_288,baseline,0.01,Weighted regime,equal_call_budget,0.8,0.0,-0.0016409999999999134,0.002888888888889607,-0.0028888888888886077,9.177955555550454e-07,0.00841620424581091
full_288,opus,0.01,Weighted regime,equal_call_budget,0.8,0.0,-0.0016409999999999134,0.0,-9.436895709313831e-18,6.613039583330989e-05,0.04804892215112311
full_288,pro,0.01,Weighted regime,equal_call_budget,0.8,0.0,-0.0016409999999999134,0.0,-9.436895709313831e-18,0.00025207488333337316,0.11812336295180259
full_288,astra,0.01,Weighted regime,equal_call_budget,0.8,0.0,-0.0016409999999999134,0.0,-9.436895709313831e-18,0.00029943174305558165,0.1330153709893942
full_288,sonnet,0.01,Weighted regime,equal_call_budget,0.8,0.0,-0.0016409999999999134,-0.0036347222222237185,0.0036347222222222067,3.0569227777749175e-05,0.01872238220081357
full_288,lite,0.01,Weighted regime,equal_call_budget,0.8,0.0,-0.0016409999999999134,0.005422222222223105,-0.0054222222222223525,-3.0178720277782792e-05,-0.025457364754106315
full_288,luna,0.01,Weighted regime,equal_call_budget,0.8,0.0,-0.0016409999999999134,0.005248611111111301,-0.00524861111111119,5.3099820833340345e-06,0.05676031509258106
full_288,qwen_local,0.01,Weighted regime,equal_call_budget,0.8,0.0,-0.0016409999999999134,-0.0020666666666678823,0.002066666666666654,0.0,-0.21487204391549142
full_288,baseline,0.01,Weighted regime,equal_call_budget,0.9,0.0,-0.0021959999999998855,0.00254166666666511,-0.002541666666667608,7.734799999994111e-07,0.00648863620585205
full_288,opus,0.01,Weighted regime,equal_call_budget,0.9,0.0,-0.0021959999999998855,0.0,6.772360450213455e-17,4.9277833333352325e-05,0.03687046128555682
full_288,pro,0.01,Weighted regime,equal_call_budget,0.9,0.0,-0.0021959999999998855,0.0,6.772360450213455e-17,0.0001817291666666096,0.08577551627507418
full_288,astra,0.01,Weighted regime,equal_call_budget,0.9,0.0,-0.0021959999999998855,0.0,6.772360450213455e-17,0.00020518366666667093,0.0903014965543969
full_288,sonnet,0.01,Weighted regime,equal_call_budget,0.9,0.0,-0.0021959999999998855,-0.002541666666669329,0.0025416666666667398,2.745305000001648e-05,0.01762154614112177
full_288,lite,0.01,Weighted regime,equal_call_budget,0.9,0.0,-0.0021959999999998855,0.004066666666667662,-0.004066666666666538,-1.9858905833339095e-05,-0.016707924207627123
full_288,luna,0.01,Weighted regime,equal_call_budget,0.9,0.0,-0.0021959999999998855,0.0040666666666645535,-0.004066666666666583,3.3088433333308383e-06,0.036852307014720864
full_288,qwen_local,0.01,Weighted regime,equal_call_budget,0.9,0.0,-0.0021959999999998855,-0.0015249999999994435,0.0015249999999999986,0.0,-0.17003327934543222
full_288,baseline,0.01,Weighted regime,equal_call_budget,1.0,0.0,0.0,0.0,0.0,0.0,0.0
full_288,opus,0.01,Weighted regime,equal_call_budget,1.0,0.0,0.0,0.0,0.0,0.0,0.0
full_288,pro,0.01,Weighted regime,equal_call_budget,1.0,0.0,0.0,0.0,0.0,0.0,0.0
full_288,astra,0.01,Weighted regime,equal_call_budget,1.0,0.0,0.0,0.0,0.0,0.0,0.0
full_288,sonnet,0.01,Weighted regime,equal_call_budget,1.0,0.0,0.0,0.0,0.0,0.0,0.0
full_288,lite,0.01,Weighted regime,equal_call_budget,1.0,0.0,0.0,0.0,0.0,0.0,0.0
full_288,luna,0.01,Weighted regime,equal_call_budget,1.0,0.0,0.0,0.0,0.0,0.0,0.0
full_288,qwen_local,0.01,Weighted regime,equal_call_budget,1.0,0.0,0.0,0.0,0.0,0.0,0.0
full_288,baseline,0.05,Context cells,threshold,0.4,0.05400000000000001,-0.029819999999999958,0.03549999999999996,0.018499999999999985,2.1096644444444426e-05,0.08939999795893293
full_288,opus,0.05,Context cells,threshold,0.4,0.05400000000000001,-0.029819999999999958,0.05400000000000001,0.0,0.0008419793055555561,0.3295132086186979
full_288,pro,0.05,Context cells,threshold,0.4,0.05400000000000001,-0.029819999999999958,0.05400000000000001,0.0,0.001189425888888888,0.7157765463102774
full_288,astra,0.05,Context cells,threshold,0.4,0.05400000000000001,-0.029819999999999958,0.05400000000000001,0.0,0.0010357634722222226,0.4064882890649221
full_288,sonnet,0.05,Context cells,threshold,0.4,0.05400000000000001,-0.029819999999999958,0.05400000000000001,0.0,0.0005250144999999992,0.42784162748627014
full_288,lite,0.05,Context cells,threshold,0.4,0.05400000000000001,-0.029819999999999958,0.053444444444444475,0.000555555555555556,0.00022921833888888917,0.2588793142617796
full_288,luna,0.05,Context cells,threshold,0.4,0.05400000000000001,-0.029819999999999958,0.05347222222222225,0.0005277777777777783,4.1563369444444406e-05,0.4007085165954652
full_288,qwen_local,0.05,Context cells,threshold,0.4,0.05400000000000001,-0.029819999999999958,0.053444444444444475,0.000555555555555556,0.0,6.507866616197687
full_288,baseline,0.05,Context cells,threshold,0.6,0.21349999999999933,-0.10730500000000098,0.13883333333333378,0.07466666666666645,8.104134444444383e-05,0.33947678848890517
full_288,opus,0.05,Context cells,threshold,0.6,0.21349999999999933,-0.10730500000000098,0.21349999999999933,0.0,0.003451404965277787,1.398075206488804
full_288,pro,0.05,Context cells,threshold,0.6,0.21349999999999933,-0.10730500000000098,0.21349999999999933,0.0,0.005141428611111128,3.0469478720669345
full_288,astra,0.05,Context cells,threshold,0.6,0.21349999999999933,-0.10730500000000098,0.21349999999999933,0.0,0.004051992447916658,1.55005123345014
full_288,sonnet,0.05,Context cells,threshold,0.6,0.21349999999999933,-0.10730500000000098,0.21336111111111047,0.0001388888888888884,0.002304513513888897,1.908253669906657
full_288,lite,0.05,Context cells,threshold,0.6,0.21349999999999933,-0.10730500000000098,0.2074722222222222,0.006027777777777776,0.0009402654520833346,1.04612878936143
full_288,luna,0.05,Context cells,threshold,0.6,0.21349999999999933,-0.10730500000000098,0.2106388888888888,0.0028611111111111025,0.00017046288368055546,1.6253523902991396
full_288,qwen_local,0.05,Context cells,threshold,0.6,0.21349999999999933,-0.10730500000000098,0.20832638888888938,0.0051736111111111375,0.0,25.589547817401154
full_288,baseline,0.05,Context cells,threshold,0.7,0.12149999999999905,-0.05055499999999967,0.06767361111111042,0.053826388888889104,4.191550555555633e-05,0.18044306651374242
full_288,opus,0.05,Context cells,threshold,0.7,0.12149999999999905,-0.05055499999999967,0.12149999999999905,0.0,0.0021456000694444737,0.899207257277594
full_288,pro,0.05,Context cells,threshold,0.7,0.12149999999999905,-0.05055499999999967,0.12149999999999905,0.0,0.0037465518611110634,2.1680227792913094
full_288,astra,0.05,Context cells,threshold,0.7,0.12149999999999905,-0.05055499999999967,0.12149999999999905,0.0,0.0025592726736111023,0.9830914906085138
full_288,sonnet,0.05,Context cells,threshold,0.7,0.12149999999999905,-0.05055499999999967,0.1225833333333331,-0.0010833333333333294,0.0013305091249999805,1.1430609574674504
full_288,lite,0.05,Context cells,threshold,0.7,0.12149999999999905,-0.05055499999999967,0.11000000000000032,0.011499999999999993,0.0005176745680555658,0.5689017798587663
full_288,luna,0.05,Context cells,threshold,0.7,0.12149999999999905,-0.05055499999999967,0.11538888888888987,0.0061111111111110915,0.00010389413680555575,0.9783220127947092
full_288,qwen_local,0.05,Context cells,threshold,0.7,0.12149999999999905,-0.05055499999999967,0.109027777777777,0.012472222222222364,0.0,15.19475921696651
full_288,baseline,0.05,Context cells,threshold,0.8,0.16866666666666796,-0.04331999999999982,0.10280555555555726,0.06586111111111206,6.484593333333277e-05,0.27841418329451173
full_288,opus,0.05,Context cells,threshold,0.8,0.16866666666666796,-0.04331999999999982,0.16866666666666796,0.0,0.003164806111111064,1.3127876499949078
full_288,pro,0.05,Context cells,threshold,0.8,0.16866666666666796,-0.04331999999999982,0.16866666666666796,0.0,0.005102780333333397,2.9490077089079794
full_288,astra,0.05,Context cells,threshold,0.8,0.16866666666666796,-0.04331999999999982,0.16866666666666796,0.0,0.0039380831944444954,1.5482973467323786
full_288,sonnet,0.05,Context cells,threshold,0.8,0.16866666666666796,-0.04331999999999982,0.1638333333333326,0.004833333333333316,0.00255787411111112,2.151192464661018
full_288,lite,0.05,Context cells,threshold,0.8,0.16866666666666796,-0.04331999999999982,0.16166666666666485,0.006999999999999968,0.0007417764027777716,0.8216191177523604
full_288,luna,0.05,Context cells,threshold,0.8,0.16866666666666796,-0.04331999999999982,0.16166666666666796,0.006999999999999975,0.0001564398583333359,1.4231224004516774
full_288,qwen_local,0.05,Context cells,threshold,0.8,0.16866666666666796,-0.04331999999999982,0.16513888888888573,0.003527777777777928,0.0,20.87884193633839
full_288,baseline,0.05,Context cells,threshold,0.9,0.10200000000000098,-0.03285999999999994,0.06613888888888986,0.03586111111111118,4.006819999999951e-05,0.17568126397787864
full_288,opus,0.05,Context cells,threshold,0.9,0.10200000000000098,-0.03285999999999994,0.10200000000000098,0.0,0.0019917634722221057,0.8408836067537901
full_288,pro,0.05,Context cells,threshold,0.9,0.10200000000000098,-0.03285999999999994,0.10200000000000098,0.0,0.003473914888888815,1.9848094885935446
full_288,astra,0.05,Context cells,threshold,0.9,0.10200000000000098,-0.03285999999999994,0.10200000000000098,0.0,0.002661124166666584,1.0597306284989134
full_288,sonnet,0.05,Context cells,threshold,0.9,0.10200000000000098,-0.03285999999999994,0.09763888888888861,0.004361111111111095,0.0015880706666666494,1.3289708733977807
full_288,lite,0.05,Context cells,threshold,0.9,0.10200000000000098,-0.03285999999999994,0.10222222222222554,-0.00022222222222222088,0.0004154460694444262,0.465285786258387
full_288,luna,0.05,Context cells,threshold,0.9,0.10200000000000098,-0.03285999999999994,0.10341666666666227,-0.0014166666666667709,0.00010364763333333771,0.9489813619149752
full_288,qwen_local,0.05,Context cells,threshold,0.9,0.10200000000000098,-0.03285999999999994,0.09763888888888739,0.004361111111111031,0.0,12.440892458230465
full_288,baseline,0.05,Context cells,equal_call_budget,0.0,0.0,0.0,0.0,0.0,0.0,0.0
full_288,opus,0.05,Context cells,equal_call_budget,0.0,0.0,0.0,0.0,0.0,0.0,0.0
full_288,pro,0.05,Context cells,equal_call_budget,0.0,0.0,0.0,0.0,0.0,0.0,0.0
full_288,astra,0.05,Context cells,equal_call_budget,0.0,0.0,0.0,0.0,0.0,0.0,0.0
full_288,sonnet,0.05,Context cells,equal_call_budget,0.0,0.0,0.0,0.0,0.0,0.0,0.0
full_288,lite,0.05,Context cells,equal_call_budget,0.0,0.0,0.0,0.0,0.0,0.0,0.0
full_288,luna,0.05,Context cells,equal_call_budget,0.0,0.0,0.0,0.0,0.0,0.0,0.0
full_288,qwen_local,0.05,Context cells,equal_call_budget,0.0,0.0,0.0,0.0,0.0,0.0,0.0
full_288,baseline,0.05,Context cells,equal_call_budget,0.1,-1.3877787807814457e-17,-0.006540000000000268,0.002187500000000106,-0.002187500000000238,-1.1577000000000042e-06,-0.009998628983201141
full_288,opus,0.05,Context cells,equal_call_budget,0.1,-1.3877787807814457e-17,-0.006540000000000268,-1.3877787807814457e-17,0.0,-0.00018358677083333717,-0.085465255507992
full_288,pro,0.05,Context cells,equal_call_budget,0.1,-1.3877787807814457e-17,-0.006540000000000268,-1.3877787807814457e-17,0.0,-0.0004211976666666519,-0.2433513432347214
full_288,astra,0.05,Context cells,equal_call_budget,0.1,-1.3877787807814457e-17,-0.006540000000000268,-1.3877787807814457e-17,0.0,-0.00013325302083332297,-0.07398228093423287
full_288,sonnet,0.05,Context cells,equal_call_budget,0.1,-1.3877787807814457e-17,-0.006540000000000268,-1.3877787807814457e-17,0.0,-0.00020141137499999945,-0.17557921698378476
full_288,lite,0.05,Context cells,equal_call_budget,0.1,-1.3877787807814457e-17,-0.006540000000000268,0.0021458333333329166,-0.0021458333333333117,-1.703615624999927e-05,-0.013382104547323193
full_288,luna,0.05,Context cells,equal_call_budget,0.1,-1.3877787807814457e-17,-0.006540000000000268,0.0022083333333329236,-0.0022083333333333113,8.01954375000034e-06,0.07821146361030995
full_288,qwen_local,0.05,Context cells,equal_call_budget,0.1,-1.3877787807814457e-17,-0.006540000000000268,0.0029791666666665745,-0.0029791666666666564,0.0,-1.0809970186102582
full_288,baseline,0.05,Context cells,equal_call_budget,0.2,0.0,-0.008815000000000933,0.0026597222222228267,-0.0026597222222219247,-1.7279888888891023e-06,-0.013971958579946153
full_288,opus,0.05,Context cells,equal_call_budget,0.2,0.0,-0.008815000000000933,0.0,0.0,-0.00020449458333333557,-0.09103677974392799
full_288,pro,0.05,Context cells,equal_call_budget,0.2,0.0,-0.008815000000000933,0.0,0.0,-0.0005345332500000105,-0.30072133962642855
full_288,astra,0.05,Context cells,equal_call_budget,0.2,0.0,-0.008815000000000933,0.0,0.0,-0.00019027701388890086,-0.10292484274661029
full_288,sonnet,0.05,Context cells,equal_call_budget,0.2,0.0,-0.008815000000000933,0.0,0.0,-0.00021207804166665373,-0.18412432045361626
full_288,lite,0.05,Context cells,equal_call_budget,0.2,0.0,-0.008815000000000933,0.001576388888889696,-0.001576388888888879,-1.1422381944446313e-05,-0.0074467548721962595
full_288,luna,0.05,Context cells,equal_call_budget,0.2,0.0,-0.008815000000000933,0.0020833333333342974,-0.0020833333333333225,9.112672222223175e-06,0.09512030658019888
full_288,qwen_local,0.05,Context cells,equal_call_budget,0.2,0.0,-0.008815000000000933,0.0029513888888887396,-0.002951388888888874,0.0,-1.1738227788244053
full_288,baseline,0.05,Context cells,equal_call_budget,0.3,0.0,-0.004262499999999808,0.0019409722222214765,-0.0019409722222218095,-1.6551611111107639e-06,-0.01004322561411175
full_288,opus,0.05,Context cells,equal_call_budget,0.3,0.0,-0.004262499999999808,0.0,0.0,-4.594624999998756e-05,-0.003796978845591159
full_288,pro,0.05,Context cells,equal_call_budget,0.3,0.0,-0.004262499999999808,0.0,0.0,-0.0002340974861111001,-0.10728109921609263
full_288,astra,0.05,Context cells,equal_call_budget,0.3,0.0,-0.004262499999999808,0.0,0.0,-0.0001406090104166648,-0.0748025552097058
full_288,sonnet,0.05,Context cells,equal_call_budget,0.3,0.0,-0.004262499999999808,-1.3888888888813344e-05,1.3888888888888839e-05,9.585076388902904e-06,0.009547382208880961
full_288,lite,0.05,Context cells,equal_call_budget,0.3,0.0,-0.004262499999999808,-0.0022256944444445925,0.0022256944444444407,1.8086211805559693e-05,0.016129545579516513
full_288,luna,0.05,Context cells,equal_call_budget,0.3,0.0,-0.004262499999999808,-0.0006875000000003406,0.0006874999999999971,2.3075663194441697e-06,0.036790957876272845
full_288,qwen_local,0.05,Context cells,equal_call_budget,0.3,0.0,-0.004262499999999808,-0.0012187499999995466,0.0012187499999999976,0.0,-0.5001444298119821
full_288,baseline,0.05,Context cells,equal_call_budget,0.4,0.0,-0.006439999999999557,-0.004854166666665549,0.004854166666666049,-4.279233333333169e-06,-0.019015033535999204
full_288,opus,0.05,Context cells,equal_call_budget,0.4,0.0,-0.006439999999999557,5.551115123125783e-17,-2.942091015256665e-17,3.374861111136822e-06,0.023806104458830912
full_288,pro,0.05,Context cells,equal_call_budget,0.4,0.0,-0.006439999999999557,5.551115123125783e-17,-2.942091015256665e-17,-3.606736111110183e-05,0.008009791177429726
full_288,astra,0.05,Context cells,equal_call_budget,0.4,0.0,-0.006439999999999557,5.551115123125783e-17,-2.942091015256665e-17,-0.00010949067708330984,-0.062106478994857994
full_288,sonnet,0.05,Context cells,equal_call_budget,0.4,0.0,-0.006439999999999557,0.0009513888888882938,-0.0009513888888889261,-8.081651388890457e-05,-0.046362146381285996
full_288,lite,0.05,Context cells,equal_call_budget,0.4,0.0,-0.006439999999999557,-0.007569444444444795,0.007569444444444429,8.15645416666331e-06,0.0036840178253012557
full_288,luna,0.05,Context cells,equal_call_budget,0.4,0.0,-0.006439999999999557,-0.0036944444444460545,0.0036944444444444308,1.0168114583343968e-06,0.04032369401631275
full_288,qwen_local,0.05,Context cells,equal_call_budget,0.4,0.0,-0.006439999999999557,-0.006708333333331817,0.006708333333333316,0.0,0.026177188544231456
full_288,baseline,0.05,Context cells,equal_call_budget,0.5,0.0,-0.009504999999999889,-0.011187500000000017,0.011187499999999684,-6.156544444443739e-06,-0.02420896014706897
full_288,opus,0.05,Context cells,equal_call_budget,0.5,0.0,-0.009504999999999889,0.0,-5.440092820663267e-17,-4.546368055556235e-05,-0.010529351327170033
full_288,pro,0.05,Context cells,equal_call_budget,0.5,0.0,-0.009504999999999889,0.0,-5.440092820663267e-17,8.67081944443994e-05,0.06188727677938832
full_288,astra,0.05,Context cells,equal_call_budget,0.5,0.0,-0.009504999999999889,0.0,-5.440092820663267e-17,-1.1284409722237335e-05,-0.01458863733913729
full_288,sonnet,0.05,Context cells,equal_call_budget,0.5,0.0,-0.009504999999999889,0.002201388888890321,-0.0022013888888889345,-0.0003375160972222497,-0.2497857473644718
full_288,lite,0.05,Context cells,equal_call_budget,0.5,0.0,-0.009504999999999889,-0.009423611111109842,0.009423611111111087,-3.425721111110667e-05,-0.03704029339853854
full_288,luna,0.05,Context cells,equal_call_budget,0.5,0.0,-0.009504999999999889,-0.004756944444442857,0.004756944444444428,3.859453472220974e-06,0.06856264868035167
full_288,qwen_local,0.05,Context cells,equal_call_budget,0.5,0.0,-0.009504999999999889,-0.009562500000000418,0.009562500000000015,0.0,0.0693486211368537
full_288,baseline,0.05,Context cells,equal_call_budget,0.6,0.0,-0.007499999999999896,-0.006055555555553704,0.006055555555556286,-2.8296722222214733e-06,-0.009960832165486488
full_288,opus,0.05,Context cells,equal_call_budget,0.6,0.0,-0.007499999999999896,0.0,1.6653345369377347e-18,2.5355138888920672e-05,0.021840764489180486
full_288,pro,0.05,Context cells,equal_call_budget,0.6,0.0,-0.007499999999999896,0.0,1.6653345369377347e-18,0.00010047838888881805,0.05039975845059175
full_288,astra,0.05,Context cells,equal_call_budget,0.6,0.0,-0.007499999999999896,0.0,1.6653345369377347e-18,9.364272569447121e-05,0.034324268339386066
full_288,sonnet,0.05,Context cells,equal_call_budget,0.6,0.0,-0.007499999999999896,0.0016805555555516882,-0.001680555555555548,-0.0001236582222221951,-0.07857737118787966
full_288,lite,0.05,Context cells,equal_call_budget,0.6,0.0,-0.007499999999999896,-0.00436111111111126,0.004361111111111158,-1.7638241666674027e-05,-0.016604262741275022
full_288,luna,0.05,Context cells,equal_call_budget,0.6,0.0,-0.007499999999999896,-0.0023749999999969074,0.0023749999999999744,6.415089236111026e-06,0.06570319814489611
full_288,qwen_local,0.05,Context cells,equal_call_budget,0.6,0.0,-0.007499999999999896,-0.004215277777779192,0.004215277777777854,0.0,0.026482948138578877
full_288,baseline,0.05,Context cells,equal_call_budget,0.7,0.0,-0.003909999999999955,-0.002708333333331925,0.00270833333333384,-6.783638888905328e-07,0.0011296437389549663
full_288,opus,0.05,Context cells,equal_call_budget,0.7,0.0,-0.003909999999999955,0.0,2.7755575615628915e-18,0.0001243810763888204,0.07190980640191302
full_288,pro,0.05,Context cells,equal_call_budget,0.7,0.0,-0.003909999999999955,0.0,2.7755575615628915e-18,0.0001959580000000169,0.09336865079977663
full_288,astra,0.05,Context cells,equal_call_budget,0.7,0.0,-0.003909999999999955,0.0,2.7755575615628915e-18,0.00033466374999994823,0.14260679025780387
full_288,sonnet,0.05,Context cells,equal_call_budget,0.7,0.0,-0.003909999999999955,-0.0007534722222207746,0.000753472222222178,0.00010821291666672679,0.10795402713759561
full_288,lite,0.05,Context cells,equal_call_budget,0.7,0.0,-0.003909999999999955,6.25000000016307e-05,-6.250000000015618e-05,-2.020124895832972e-05,-0.014510472116951778
full_288,luna,0.05,Context cells,equal_call_budget,0.7,0.0,-0.003909999999999955,0.00029861111110995875,-0.0002986111111111002,1.4312774305556895e-05,0.12581105161249173
full_288,qwen_local,0.05,Context cells,equal_call_budget,0.7,0.0,-0.003909999999999955,-0.0014409722222210597,0.0014409722222222358,0.0,-0.17239424130548286
full_288,baseline,0.05,Context cells,equal_call_budget,0.8,-1.1102230246251565e-16,-0.009914999999999959,0.0001250000000003748,-0.00012499999999998623,5.678888888890183e-07,0.008765973717504094
full_288,opus,0.05,Context cells,equal_call_budget,0.8,-1.1102230246251565e-16,-0.009914999999999959,-1.1102230246251565e-16,-3.885780586188048e-18,0.0001940455902777003,0.11382185237770948
full_288,pro,0.05,Context cells,equal_call_budget,0.8,-1.1102230246251565e-16,-0.009914999999999959,-1.1102230246251565e-16,-3.885780586188048e-18,0.0004086789999999778,0.20131801961716356
full_288,astra,0.05,Context cells,equal_call_budget,0.8,-1.1102230246251565e-16,-0.009914999999999959,-1.1102230246251565e-16,-3.885780586188048e-18,0.0004944526388889481,0.20869182726626434
full_288,sonnet,0.05,Context cells,equal_call_budget,0.8,-1.1102230246251565e-16,-0.009914999999999959,-0.0027500000000028058,0.002749999999999919,0.0001829846944444071,0.16365407415030653
full_288,lite,0.05,Context cells,equal_call_budget,0.8,-1.1102230246251565e-16,-0.009914999999999959,0.004069444444446568,-0.004069444444444598,-3.810333958334305e-05,-0.030968984308645364
full_288,luna,0.05,Context cells,equal_call_budget,0.8,-1.1102230246251565e-16,-0.009914999999999959,0.005180555555553634,-0.005180555555555751,1.610387638888936e-05,0.15322398377449975
full_288,qwen_local,0.05,Context cells,equal_call_budget,0.8,-1.1102230246251565e-16,-0.009914999999999959,-0.0023958333333319315,0.002395833333333295,0.0,-0.2542811165882739
full_288,baseline,0.05,Context cells,equal_call_budget,0.9,0.0,-0.011714999999999892,-0.0008750000000019575,0.0008749999999992375,2.889888888870447e-07,0.005436662396318903
full_288,opus,0.05,Context cells,equal_call_budget,0.9,0.0,-0.011714999999999892,0.0,3.386180225106728e-17,0.00021371559027777258,0.11197963466999017
full_288,pro,0.05,Context cells,equal_call_budget,0.9,0.0,-0.011714999999999892,0.0,3.386180225106728e-17,0.00039513066666670496,0.20597658979495215
full_288,astra,0.05,Context cells,equal_call_budget,0.9,0.0,-0.011714999999999892,0.0,3.386180225106728e-17,0.0004160596527777935,0.16917980987175074
full_288,sonnet,0.05,Context cells,equal_call_budget,0.9,0.0,-0.011714999999999892,-0.0007916666666661909,0.0007916666666666706,0.000251532972222265,0.22808627719879127
full_288,lite,0.05,Context cells,equal_call_budget,0.9,0.0,-0.011714999999999892,0.0007638888888880091,-0.0007638888888888001,-3.0286682638888153e-05,-0.026576878182054564
full_288,luna,0.05,Context cells,equal_call_budget,0.9,0.0,-0.011714999999999892,0.002680555555555464,-0.002680555555555516,1.6438658333333507e-05,0.1542696763810305
full_288,qwen_local,0.05,Context cells,equal_call_budget,0.9,0.0,-0.011714999999999892,-0.0009374999999982592,0.0009375000000000529,0.0,-0.07923665875512143
full_288,baseline,0.05,Context cells,equal_call_budget,1.0,0.0,0.0,0.0,0.0,0.0,0.0
full_288,opus,0.05,Context cells,equal_call_budget,1.0,0.0,0.0,0.0,0.0,0.0,0.0
full_288,pro,0.05,Context cells,equal_call_budget,1.0,0.0,0.0,0.0,0.0,0.0,0.0
full_288,astra,0.05,Context cells,equal_call_budget,1.0,0.0,0.0,0.0,0.0,0.0,0.0
full_288,sonnet,0.05,Context cells,equal_call_budget,1.0,0.0,0.0,0.0,0.0,0.0,0.0
full_288,lite,0.05,Context cells,equal_call_budget,1.0,0.0,0.0,0.0,0.0,0.0,0.0
full_288,luna,0.05,Context cells,equal_call_budget,1.0,0.0,0.0,0.0,0.0,0.0,0.0
full_288,qwen_local,0.05,Context cells,equal_call_budget,1.0,0.0,0.0,0.0,0.0,0.0,0.0
full_288,baseline,0.05,Global,threshold,0.4,0.0,0.0,0.0,0.0,0.0,0.0
full_288,opus,0.05,Global,threshold,0.4,0.0,0.0,0.0,0.0,0.0,0.0
full_288,pro,0.05,Global,threshold,0.4,0.0,0.0,0.0,0.0,0.0,0.0
full_288,astra,0.05,Global,threshold,0.4,0.0,0.0,0.0,0.0,0.0,0.0
full_288,sonnet,0.05,Global,threshold,0.4,0.0,0.0,0.0,0.0,0.0,0.0
full_288,lite,0.05,Global,threshold,0.4,0.0,0.0,0.0,0.0,0.0,0.0
full_288,luna,0.05,Global,threshold,0.4,0.0,0.0,0.0,0.0,0.0,0.0
full_288,qwen_local,0.05,Global,threshold,0.4,0.0,0.0,0.0,0.0,0.0,0.0
full_288,baseline,0.05,Global,threshold,0.6,-0.0016666666666666219,0.0008099999999999774,-0.0010555555555555457,-0.0006111111111111178,-6.70866666666674e-07,-0.002931075539844119
full_288,opus,0.05,Global,threshold,0.6,-0.0016666666666666219,0.0008099999999999774,-0.0016666666666666219,0.0,-2.9196319444444417e-05,-0.011658934741947125
full_288,pro,0.05,Global,threshold,0.6,-0.0016666666666666219,0.0008099999999999774,-0.0016666666666666219,0.0,-4.395966666666685e-05,-0.02628660790330839
full_288,astra,0.05,Global,threshold,0.6,-0.0016666666666666219,0.0008099999999999774,-0.0016666666666666219,0.0,-3.4266840277777724e-05,-0.013830486547415255
full_288,sonnet,0.05,Global,threshold,0.6,-0.0016666666666666219,0.0008099999999999774,-0.0016666666666666219,0.0,-1.9677694444444286e-05,-0.01623669699599173
full_288,lite,0.05,Global,threshold,0.6,-0.0016666666666666219,0.0008099999999999774,-0.001611111111111091,-5.555555555555522e-05,-7.371820833333427e-06,-0.008226450263910556
full_288,luna,0.05,Global,threshold,0.6,-0.0016666666666666219,0.0008099999999999774,-0.001611111111111091,-5.555555555555522e-05,-1.1418173611111074e-06,-0.011006963438538797
full_288,qwen_local,0.05,Global,threshold,0.6,-0.0016666666666666219,0.0008099999999999774,-0.0015972222222221943,-6.944444444444402e-05,0.0,-0.22019695141123563
full_288,baseline,0.05,Global,threshold,0.7,-0.16666666666666602,0.05600000000000013,-0.12083333333333476,-0.04583333333333349,-6.918999999999979e-05,-0.29102295091595964
full_288,opus,0.05,Global,threshold,0.7,-0.16666666666666602,0.05600000000000013,-0.16666666666666602,0.0,-0.003017027777777719,-1.2748518249889829
full_288,pro,0.05,Global,threshold,0.7,-0.16666666666666602,0.05600000000000013,-0.16666666666666602,0.0,-0.004695105555555594,-2.7503609866421694
full_288,astra,0.05,Global,threshold,0.7,-0.16666666666666602,0.05600000000000013,-0.16666666666666602,0.0,-0.0032780659722222343,-1.2515278740113307
full_288,sonnet,0.05,Global,threshold,0.7,-0.16666666666666602,0.05600000000000013,-0.16388888888888697,-0.002777777777777768,-0.0026361166666666845,-2.1775114945660166
full_288,lite,0.05,Global,threshold,0.7,-0.16666666666666602,0.05600000000000013,-0.16666666666666635,0.0,-0.0008263823611111033,-0.895430765626642
full_288,luna,0.05,Global,threshold,0.7,-0.16666666666666602,0.05600000000000013,-0.16666666666666635,0.0,-0.00012749881944444538,-1.15910699213855
full_288,qwen_local,0.05,Global,threshold,0.7,-0.16666666666666602,0.05600000000000013,-0.1666666666666694,0.0,0.0,-20.150728670204522
full_288,baseline,0.05,Global,threshold,0.8,-0.16666666666666796,0.06200000000000008,-0.10138888888888703,-0.06527777777777732,-6.081888888888966e-05,-0.25806608010186016
full_288,opus,0.05,Global,threshold,0.8,-0.16666666666666796,0.06200000000000008,-0.16666666666666796,0.0,-0.002874361111111213,-1.1905213590963917
full_288,pro,0.05,Global,threshold,0.8,-0.16666666666666796,0.06200000000000008,-0.16666666666666796,0.0,-0.004955438888888839,-2.887863053177691
full_288,astra,0.05,Global,threshold,0.8,-0.16666666666666796,0.06200000000000008,-0.16666666666666796,0.0,-0.0032752152777777554,-1.2517513435136554
full_288,sonnet,0.05,Global,threshold,0.8,-0.16666666666666796,0.06200000000000008,-0.1666666666666698,0.0,-0.0019339944444444115,-1.6255970639884838
full_288,lite,0.05,Global,threshold,0.8,-0.16666666666666796,0.06200000000000008,-0.1555555555555589,-0.011111111111111106,-0.0007398554166666736,-0.8062256942208692
full_288,luna,0.05,Global,threshold,0.8,-0.16666666666666796,0.06200000000000008,-0.16111111111111087,-0.005555555555555536,-0.00012986236111110913,-1.2235397218797748
full_288,qwen_local,0.05,Global,threshold,0.8,-0.16666666666666796,0.06200000000000008,-0.15416666666666773,-0.012499999999999983,0.0,-20.781259097952436
full_288,baseline,0.05,Global,threshold,0.9,-0.15249999999999964,0.028364999999999856,-0.09277083333333452,-0.05972916666666739,-5.784528333333395e-05,-0.24213131531042054
full_288,opus,0.05,Global,threshold,0.9,-0.15249999999999964,0.028364999999999856,-0.15249999999999964,0.0,-0.0026420434374999965,-1.0609454632752078
full_288,pro,0.05,Global,threshold,0.9,-0.15249999999999964,0.028364999999999856,-0.15249999999999964,0.0,-0.0042050655000000735,-2.463914342475965
full_288,astra,0.05,Global,threshold,0.9,-0.15249999999999964,0.028364999999999856,-0.15249999999999964,0.0,-0.0030536981250000473,-1.1892631814151535
full_288,sonnet,0.05,Global,threshold,0.9,-0.15249999999999964,0.028364999999999856,-0.1512291666666672,-0.0012708333333333287,-0.002075403000000026,-1.7342740673493813
full_288,lite,0.05,Global,threshold,0.9,-0.15249999999999964,0.028364999999999856,-0.14233333333332943,-0.010166666666666619,-0.0007079696854166715,-0.7732382087652288
full_288,luna,0.05,Global,threshold,0.9,-0.15249999999999964,0.028364999999999856,-0.1410625000000023,-0.011437500000000086,-0.0001259197583333327,-1.1358968304631878
full_288,qwen_local,0.05,Global,threshold,0.9,-0.15249999999999964,0.028364999999999856,-0.15122916666666475,-0.0012708333333334605,0.0,-19.09833619563993
full_288,baseline,0.05,Global,equal_call_budget,0.0,0.0,0.0,0.0,0.0,0.0,0.0
full_288,opus,0.05,Global,equal_call_budget,0.0,0.0,0.0,0.0,0.0,0.0,0.0
full_288,pro,0.05,Global,equal_call_budget,0.0,0.0,0.0,0.0,0.0,0.0,0.0
full_288,astra,0.05,Global,equal_call_budget,0.0,0.0,0.0,0.0,0.0,0.0,0.0
full_288,sonnet,0.05,Global,equal_call_budget,0.0,0.0,0.0,0.0,0.0,0.0,0.0
full_288,lite,0.05,Global,equal_call_budget,0.0,0.0,0.0,0.0,0.0,0.0,0.0
full_288,luna,0.05,Global,equal_call_budget,0.0,0.0,0.0,0.0,0.0,0.0,0.0
full_288,qwen_local,0.05,Global,equal_call_budget,0.0,0.0,0.0,0.0,0.0,0.0,0.0
full_288,baseline,0.05,Global,equal_call_budget,0.1,0.0,0.0,0.0,0.0,0.0,0.0
full_288,opus,0.05,Global,equal_call_budget,0.1,0.0,0.0,0.0,0.0,0.0,0.0
full_288,pro,0.05,Global,equal_call_budget,0.1,0.0,0.0,0.0,0.0,0.0,0.0
full_288,astra,0.05,Global,equal_call_budget,0.1,0.0,0.0,0.0,0.0,0.0,0.0
full_288,sonnet,0.05,Global,equal_call_budget,0.1,0.0,0.0,0.0,0.0,0.0,0.0
full_288,lite,0.05,Global,equal_call_budget,0.1,0.0,0.0,0.0,0.0,0.0,0.0
full_288,luna,0.05,Global,equal_call_budget,0.1,0.0,0.0,0.0,0.0,0.0,0.0
full_288,qwen_local,0.05,Global,equal_call_budget,0.1,0.0,0.0,0.0,0.0,0.0,0.0
full_288,baseline,0.05,Global,equal_call_budget,0.2,0.0,0.0,0.0,0.0,0.0,0.0
full_288,opus,0.05,Global,equal_call_budget,0.2,0.0,0.0,0.0,0.0,0.0,0.0
full_288,pro,0.05,Global,equal_call_budget,0.2,0.0,0.0,0.0,0.0,0.0,0.0
full_288,astra,0.05,Global,equal_call_budget,0.2,0.0,0.0,0.0,0.0,0.0,0.0
full_288,sonnet,0.05,Global,equal_call_budget,0.2,0.0,0.0,0.0,0.0,0.0,0.0
full_288,lite,0.05,Global,equal_call_budget,0.2,0.0,0.0,0.0,0.0,0.0,0.0
full_288,luna,0.05,Global,equal_call_budget,0.2,0.0,0.0,0.0,0.0,0.0,0.0
full_288,qwen_local,0.05,Global,equal_call_budget,0.2,0.0,0.0,0.0,0.0,0.0,0.0
full_288,baseline,0.05,Global,equal_call_budget,0.3,0.0,0.0,0.0,0.0,0.0,0.0
full_288,opus,0.05,Global,equal_call_budget,0.3,0.0,0.0,0.0,0.0,0.0,0.0
full_288,pro,0.05,Global,equal_call_budget,0.3,0.0,0.0,0.0,0.0,0.0,0.0
full_288,astra,0.05,Global,equal_call_budget,0.3,0.0,0.0,0.0,0.0,0.0,0.0
full_288,sonnet,0.05,Global,equal_call_budget,0.3,0.0,0.0,0.0,0.0,0.0,0.0
full_288,lite,0.05,Global,equal_call_budget,0.3,0.0,0.0,0.0,0.0,0.0,0.0
full_288,luna,0.05,Global,equal_call_budget,0.3,0.0,0.0,0.0,0.0,0.0,0.0
full_288,qwen_local,0.05,Global,equal_call_budget,0.3,0.0,0.0,0.0,0.0,0.0,0.0
full_288,baseline,0.05,Global,equal_call_budget,0.4,0.0,0.0,0.0,0.0,0.0,0.0
full_288,opus,0.05,Global,equal_call_budget,0.4,0.0,0.0,0.0,0.0,0.0,0.0
full_288,pro,0.05,Global,equal_call_budget,0.4,0.0,0.0,0.0,0.0,0.0,0.0
full_288,astra,0.05,Global,equal_call_budget,0.4,0.0,0.0,0.0,0.0,0.0,0.0
full_288,sonnet,0.05,Global,equal_call_budget,0.4,0.0,0.0,0.0,0.0,0.0,0.0
full_288,lite,0.05,Global,equal_call_budget,0.4,0.0,0.0,0.0,0.0,0.0,0.0
full_288,luna,0.05,Global,equal_call_budget,0.4,0.0,0.0,0.0,0.0,0.0,0.0
full_288,qwen_local,0.05,Global,equal_call_budget,0.4,0.0,0.0,0.0,0.0,0.0,0.0
full_288,baseline,0.05,Global,equal_call_budget,0.5,0.0,0.0,0.0,0.0,0.0,0.0
full_288,opus,0.05,Global,equal_call_budget,0.5,0.0,0.0,0.0,0.0,0.0,0.0
full_288,pro,0.05,Global,equal_call_budget,0.5,0.0,0.0,0.0,0.0,0.0,0.0
full_288,astra,0.05,Global,equal_call_budget,0.5,0.0,0.0,0.0,0.0,0.0,0.0
full_288,sonnet,0.05,Global,equal_call_budget,0.5,0.0,0.0,0.0,0.0,0.0,0.0
full_288,lite,0.05,Global,equal_call_budget,0.5,0.0,0.0,0.0,0.0,0.0,0.0
full_288,luna,0.05,Global,equal_call_budget,0.5,0.0,0.0,0.0,0.0,0.0,0.0
full_288,qwen_local,0.05,Global,equal_call_budget,0.5,0.0,0.0,0.0,0.0,0.0,0.0
full_288,baseline,0.05,Global,equal_call_budget,0.6,0.0,0.0,0.0,0.0,0.0,0.0
full_288,opus,0.05,Global,equal_call_budget,0.6,0.0,0.0,0.0,0.0,0.0,0.0
full_288,pro,0.05,Global,equal_call_budget,0.6,0.0,0.0,0.0,0.0,0.0,0.0
full_288,astra,0.05,Global,equal_call_budget,0.6,0.0,0.0,0.0,0.0,0.0,0.0
full_288,sonnet,0.05,Global,equal_call_budget,0.6,0.0,0.0,0.0,0.0,0.0,0.0
full_288,lite,0.05,Global,equal_call_budget,0.6,0.0,0.0,0.0,0.0,0.0,0.0
full_288,luna,0.05,Global,equal_call_budget,0.6,0.0,0.0,0.0,0.0,0.0,0.0
full_288,qwen_local,0.05,Global,equal_call_budget,0.6,0.0,0.0,0.0,0.0,0.0,0.0
full_288,baseline,0.05,Global,equal_call_budget,0.7,0.0,0.0,0.0,0.0,0.0,0.0
full_288,opus,0.05,Global,equal_call_budget,0.7,0.0,0.0,0.0,0.0,0.0,0.0
full_288,pro,0.05,Global,equal_call_budget,0.7,0.0,0.0,0.0,0.0,0.0,0.0
full_288,astra,0.05,Global,equal_call_budget,0.7,0.0,0.0,0.0,0.0,0.0,0.0
full_288,sonnet,0.05,Global,equal_call_budget,0.7,0.0,0.0,0.0,0.0,0.0,0.0
full_288,lite,0.05,Global,equal_call_budget,0.7,0.0,0.0,0.0,0.0,0.0,0.0
full_288,luna,0.05,Global,equal_call_budget,0.7,0.0,0.0,0.0,0.0,0.0,0.0
full_288,qwen_local,0.05,Global,equal_call_budget,0.7,0.0,0.0,0.0,0.0,0.0,0.0
full_288,baseline,0.05,Global,equal_call_budget,0.8,0.0,0.0,0.0,0.0,0.0,0.0
full_288,opus,0.05,Global,equal_call_budget,0.8,0.0,0.0,0.0,0.0,0.0,0.0
full_288,pro,0.05,Global,equal_call_budget,0.8,0.0,0.0,0.0,0.0,0.0,0.0
full_288,astra,0.05,Global,equal_call_budget,0.8,0.0,0.0,0.0,0.0,0.0,0.0
full_288,sonnet,0.05,Global,equal_call_budget,0.8,0.0,0.0,0.0,0.0,0.0,0.0
full_288,lite,0.05,Global,equal_call_budget,0.8,0.0,0.0,0.0,0.0,0.0,0.0
full_288,luna,0.05,Global,equal_call_budget,0.8,0.0,0.0,0.0,0.0,0.0,0.0
full_288,qwen_local,0.05,Global,equal_call_budget,0.8,0.0,0.0,0.0,0.0,0.0,0.0
full_288,baseline,0.05,Global,equal_call_budget,0.9,0.0,0.0,0.0,0.0,0.0,0.0
full_288,opus,0.05,Global,equal_call_budget,0.9,0.0,0.0,0.0,0.0,0.0,0.0
full_288,pro,0.05,Global,equal_call_budget,0.9,0.0,0.0,0.0,0.0,0.0,0.0
full_288,astra,0.05,Global,equal_call_budget,0.9,0.0,0.0,0.0,0.0,0.0,0.0
full_288,sonnet,0.05,Global,equal_call_budget,0.9,0.0,0.0,0.0,0.0,0.0,0.0
full_288,lite,0.05,Global,equal_call_budget,0.9,0.0,0.0,0.0,0.0,0.0,0.0
full_288,luna,0.05,Global,equal_call_budget,0.9,0.0,0.0,0.0,0.0,0.0,0.0
full_288,qwen_local,0.05,Global,equal_call_budget,0.9,0.0,0.0,0.0,0.0,0.0,0.0
full_288,baseline,0.05,Global,equal_call_budget,1.0,0.0,0.0,0.0,0.0,0.0,0.0
full_288,opus,0.05,Global,equal_call_budget,1.0,0.0,0.0,0.0,0.0,0.0,0.0
full_288,pro,0.05,Global,equal_call_budget,1.0,0.0,0.0,0.0,0.0,0.0,0.0
full_288,astra,0.05,Global,equal_call_budget,1.0,0.0,0.0,0.0,0.0,0.0,0.0
full_288,sonnet,0.05,Global,equal_call_budget,1.0,0.0,0.0,0.0,0.0,0.0,0.0
full_288,lite,0.05,Global,equal_call_budget,1.0,0.0,0.0,0.0,0.0,0.0,0.0
full_288,luna,0.05,Global,equal_call_budget,1.0,0.0,0.0,0.0,0.0,0.0,0.0
full_288,qwen_local,0.05,Global,equal_call_budget,1.0,0.0,0.0,0.0,0.0,0.0,0.0
full_288,baseline,0.05,Oracle,threshold,0.4,0.0,0.0,0.0,0.0,0.0,0.0
full_288,opus,0.05,Oracle,threshold,0.4,0.0,0.0,0.0,0.0,0.0,0.0
full_288,pro,0.05,Oracle,threshold,0.4,0.0,0.0,0.0,0.0,0.0,0.0
full_288,astra,0.05,Oracle,threshold,0.4,0.0,0.0,0.0,0.0,0.0,0.0
full_288,sonnet,0.05,Oracle,threshold,0.4,0.0,0.0,0.0,0.0,0.0,0.0
full_288,lite,0.05,Oracle,threshold,0.4,0.0,0.0,0.0,0.0,0.0,0.0
full_288,luna,0.05,Oracle,threshold,0.4,0.0,0.0,0.0,0.0,0.0,0.0
full_288,qwen_local,0.05,Oracle,threshold,0.4,0.0,0.0,0.0,0.0,0.0,0.0
full_288,baseline,0.05,Oracle,threshold,0.6,0.2333333333333333,-0.11900000000000124,0.14444444444444463,0.08888888888888823,8.61799999999993e-05,0.3615993800518107
full_288,opus,0.05,Oracle,threshold,0.6,0.2333333333333333,-0.11900000000000124,0.2333333333333333,0.0,0.003811368055555578,1.5466188915726955
full_288,pro,0.05,Oracle,threshold,0.6,0.2333333333333333,-0.11900000000000124,0.2333333333333333,0.0,0.005736788888888878,3.394587883044424
full_288,astra,0.05,Oracle,threshold,0.6,0.2333333333333333,-0.11900000000000124,0.2333333333333333,0.0,0.004431857638888919,1.6915372799855661
full_288,sonnet,0.05,Oracle,threshold,0.6,0.2333333333333333,-0.11900000000000124,0.2333333333333333,0.0,0.0024327972222222246,2.031206807347676
full_288,lite,0.05,Oracle,threshold,0.6,0.2333333333333333,-0.11900000000000124,0.22222222222222274,0.0111111111111111,0.001016046250000004,1.1305850944611198
full_288,luna,0.05,Oracle,threshold,0.6,0.2333333333333333,-0.11900000000000124,0.22777777777777583,0.005555555555555543,0.00018420020833333423,1.7764399619213656
full_288,qwen_local,0.05,Oracle,threshold,0.6,0.2333333333333333,-0.11900000000000124,0.22361111111111243,0.009722222222222217,0.0,28.55762185281189
full_288,baseline,0.05,Oracle,threshold,0.7,0.09999999999999787,-0.0479999999999995,0.05694444444444419,0.04305555555555601,3.415222222222228e-05,0.14558089260308793
full_288,opus,0.05,Oracle,threshold,0.7,0.09999999999999787,-0.0479999999999995,0.09999999999999787,0.0,0.0017351666666667077,0.732640762514269
full_288,pro,0.05,Oracle,threshold,0.7,0.09999999999999787,-0.0479999999999995,0.09999999999999787,0.0,0.003021383333333268,1.7566905050331005
full_288,astra,0.05,Oracle,threshold,0.7,0.09999999999999787,-0.0479999999999995,0.09999999999999787,0.0,0.0019396423611111099,0.7297422421902127
full_288,sonnet,0.05,Oracle,threshold,0.7,0.09999999999999787,-0.0479999999999995,0.10277777777777691,-0.002777777777777768,0.0010399833333333058,0.8987259082036738
full_288,lite,0.05,Oracle,threshold,0.7,0.09999999999999787,-0.0479999999999995,0.08888888888888813,0.011111111111111106,0.0004425504166666811,0.48126908184139205
full_288,luna,0.05,Oracle,threshold,0.7,0.09999999999999787,-0.0479999999999995,0.09444444444444511,0.005555555555555536,7.978534722222284e-05,0.7571701134296487
full_288,qwen_local,0.05,Oracle,threshold,0.7,0.09999999999999787,-0.0479999999999995,0.08888888888888852,0.011111111111111262,0.0,12.526305262421367
full_288,baseline,0.05,Oracle,threshold,0.8,0.23333333333333528,-0.057999999999999746,0.1430555555555586,0.09027777777777837,8.956333333333313e-05,0.38270853032979546
full_288,opus,0.05,Oracle,threshold,0.8,0.23333333333333528,-0.057999999999999746,0.23333333333333528,0.0,0.004335861111111082,1.7882554177705359
full_288,pro,0.05,Oracle,threshold,0.8,0.23333333333333528,-0.057999999999999746,0.23333333333333528,0.0,0.007018605555555706,4.0643669725375755
full_288,astra,0.05,Oracle,threshold,0.8,0.23333333333333528,-0.057999999999999746,0.23333333333333528,0.0,0.005336729166666722,2.0950922377268917
full_288,sonnet,0.05,Oracle,threshold,0.8,0.23333333333333528,-0.057999999999999746,0.22777777777777908,0.005555555555555536,0.003501483333333359,2.9428688609768914
full_288,lite,0.05,Oracle,threshold,0.8,0.23333333333333528,-0.057999999999999746,0.22222222222222177,0.011111111111111058,0.001032463472222224,1.139845472704549
full_288,luna,0.05,Oracle,threshold,0.8,0.23333333333333528,-0.057999999999999746,0.2222222222222211,0.011111111111111072,0.0002135265277777821,1.939909670278797
full_288,qwen_local,0.05,Oracle,threshold,0.8,0.23333333333333528,-0.057999999999999746,0.22916666666666452,0.004166666666666818,0.0,28.988449111512594
full_288,baseline,0.05,Oracle,threshold,0.9,0.10000000000000109,-0.03299999999999994,0.06527777777777932,0.03472222222222243,3.9327777777777647e-05,0.17245789965187508
full_288,opus,0.05,Oracle,threshold,0.9,0.10000000000000109,-0.03299999999999994,0.10000000000000109,0.0,0.001968187499999885,0.8311063350608316
full_288,pro,0.05,Oracle,threshold,0.9,0.10000000000000109,-0.03299999999999994,0.10000000000000109,0.0,0.003451455555555479,1.971163542257612
full_288,astra,0.05,Oracle,threshold,0.9,0.10000000000000109,-0.03299999999999994,0.10000000000000109,0.0,0.0026341805555554626,1.0488902984422932
full_288,sonnet,0.05,Oracle,threshold,0.9,0.10000000000000109,-0.03299999999999994,0.09583333333333321,0.004166666666666652,0.0015799555555555313,1.323473730146537
full_288,lite,0.05,Oracle,threshold,0.9,0.10000000000000109,-0.03299999999999994,0.10000000000000353,0.0,0.00040462541666664567,0.4529585754169112
full_288,luna,0.05,Oracle,threshold,0.9,0.10000000000000109,-0.03299999999999994,0.10138888888888364,-0.0013888888888890123,0.00010268388888889381,0.940298017954226
full_288,qwen_local,0.05,Oracle,threshold,0.9,0.10000000000000109,-0.03299999999999994,0.09583333333333188,0.004166666666666586,0.0,12.221235232470022
full_288,baseline,0.05,Oracle,equal_call_budget,0.0,0.0,0.0,0.0,0.0,0.0,0.0
full_288,opus,0.05,Oracle,equal_call_budget,0.0,0.0,0.0,0.0,0.0,0.0,0.0
full_288,pro,0.05,Oracle,equal_call_budget,0.0,0.0,0.0,0.0,0.0,0.0,0.0
full_288,astra,0.05,Oracle,equal_call_budget,0.0,0.0,0.0,0.0,0.0,0.0,0.0
full_288,sonnet,0.05,Oracle,equal_call_budget,0.0,0.0,0.0,0.0,0.0,0.0,0.0
full_288,lite,0.05,Oracle,equal_call_budget,0.0,0.0,0.0,0.0,0.0,0.0,0.0
full_288,luna,0.05,Oracle,equal_call_budget,0.0,0.0,0.0,0.0,0.0,0.0,0.0
full_288,qwen_local,0.05,Oracle,equal_call_budget,0.0,0.0,0.0,0.0,0.0,0.0,0.0
full_288,baseline,0.05,Oracle,equal_call_budget,0.1,-1.3877787807814457e-17,-0.008400000000000296,0.0033333333333333964,-0.003333333333333563,-1.5620000000000369e-06,-0.013216868321954595
full_288,opus,0.05,Oracle,equal_call_budget,0.1,-1.3877787807814457e-17,-0.008400000000000296,-1.3877787807814457e-17,0.0,-0.00027152916666667217,-0.1264499878134383
full_288,pro,0.05,Oracle,equal_call_budget,0.1,-1.3877787807814457e-17,-0.008400000000000296,-1.3877787807814457e-17,0.0,-0.0005713633333333163,-0.3315243997153221
full_288,astra,0.05,Oracle,equal_call_budget,0.1,-1.3877787807814457e-17,-0.008400000000000296,-1.3877787807814457e-17,0.0,-0.00017214583333332125,-0.09828863432766533
full_288,sonnet,0.05,Oracle,equal_call_budget,0.1,-1.3877787807814457e-17,-0.008400000000000296,-1.3877787807814457e-17,0.0,-0.00029656166666666716,-0.2591325713146918
full_288,lite,0.05,Oracle,equal_call_budget,0.1,-1.3877787807814457e-17,-0.008400000000000296,0.003333333333332883,-0.0033333333333333097,-2.8800499999999732e-05,-0.024299736318641074
full_288,luna,0.05,Oracle,equal_call_budget,0.1,-1.3877787807814457e-17,-0.008400000000000296,0.003333333333332883,-0.0033333333333333097,1.1550750000000279e-05,0.10891101972782413
full_288,qwen_local,0.05,Oracle,equal_call_budget,0.1,-1.3877787807814457e-17,-0.008400000000000296,0.004166666666666541,-0.0041666666666666545,0.0,-1.7233498289495053
full_288,baseline,0.05,Oracle,equal_call_budget,0.2,0.0,-0.011600000000000915,0.003611111111112064,-0.003611111111110843,-1.553555555555732e-06,-0.013762022617222036
full_288,opus,0.05,Oracle,equal_call_budget,0.2,0.0,-0.011600000000000915,0.0,0.0,-0.0002635069444444568,-0.12398904480182038
full_288,pro,0.05,Oracle,equal_call_budget,0.2,0.0,-0.011600000000000915,0.0,0.0,-0.0006908033333333499,-0.38585994138167923
full_288,astra,0.05,Oracle,equal_call_budget,0.2,0.0,-0.011600000000000915,0.0,0.0,-0.00021097152777779142,-0.10980130467673388
full_288,sonnet,0.05,Oracle,equal_call_budget,0.2,0.0,-0.011600000000000915,0.0,0.0,-0.00028559444444443104,-0.2514544483490204
full_288,lite,0.05,Oracle,equal_call_budget,0.2,0.0,-0.011600000000000915,0.002777777777779128,-0.002777777777777768,-1.9916194444446903e-05,-0.01348190530992377
full_288,luna,0.05,Oracle,equal_call_budget,0.2,0.0,-0.011600000000000915,0.002777777777779128,-0.002777777777777768,1.012862500000098e-05,0.10671493241168606
full_288,qwen_local,0.05,Oracle,equal_call_budget,0.2,0.0,-0.011600000000000915,0.004166666666667068,-0.004166666666666652,0.0,-1.4193882061964551
full_288,baseline,0.05,Oracle,equal_call_budget,0.3,0.0,-0.00739999999999974,0.0005555555555551983,-0.0005555555555551706,-1.599777777777631e-06,-0.009544063657070612
full_288,opus,0.05,Oracle,equal_call_budget,0.3,0.0,-0.00739999999999974,0.0,0.0,-3.027083333331272e-05,-0.0038087095321615028
full_288,pro,0.05,Oracle,equal_call_budget,0.3,0.0,-0.00739999999999974,0.0,0.0,-0.0003093688888888835,-0.1421683623128791
full_288,astra,0.05,Oracle,equal_call_budget,0.3,0.0,-0.00739999999999974,0.0,0.0,-0.0001455284722222212,-0.06765488576745593
full_288,sonnet,0.05,Oracle,equal_call_budget,0.3,0.0,-0.00739999999999974,0.0,0.0,-1.3083333333319385e-05,-0.009523155171634379
full_288,lite,0.05,Oracle,equal_call_budget,0.3,0.0,-0.00739999999999974,-0.0027777777777784896,0.002777777777777768,1.8408277777785505e-05,0.01939898031887166
full_288,luna,0.05,Oracle,equal_call_budget,0.3,0.0,-0.00739999999999974,-0.0013888888888896611,0.001388888888888884,4.4708333333680393e-08,0.0274365107657637
full_288,qwen_local,0.05,Oracle,equal_call_budget,0.3,0.0,-0.00739999999999974,-0.0013888888888888284,0.001388888888888884,0.0,0.013270925873676731
full_288,baseline,0.05,Oracle,equal_call_budget,0.4,0.0,-0.009599999999999692,-0.010833333333332529,0.010833333333332446,-6.37488888888889e-06,-0.027777552642182624
full_288,opus,0.05,Oracle,equal_call_budget,0.4,0.0,-0.009599999999999692,5.551115123125783e-17,-5.551115123125783e-17,9.904166666698487e-06,0.02505041324662116
full_288,pro,0.05,Oracle,equal_call_budget,0.4,0.0,-0.009599999999999692,5.551115123125783e-17,-5.551115123125783e-17,-1.749222222221722e-05,0.018745609854725842
full_288,astra,0.05,Oracle,equal_call_budget,0.4,0.0,-0.009599999999999692,5.551115123125783e-17,-5.551115123125783e-17,-0.000125736805555509,-0.07224023219423481
full_288,sonnet,0.05,Oracle,equal_call_budget,0.4,0.0,-0.009599999999999692,0.0011111111111105632,-0.0011111111111111738,-0.00019088555555557205,-0.12545021195793105
full_288,lite,0.05,Oracle,equal_call_budget,0.4,0.0,-0.009599999999999692,-0.011111111111111294,0.011111111111111082,-4.7203055555564925e-06,-0.009029063007194083
full_288,luna,0.05,Oracle,equal_call_budget,0.4,0.0,-0.009599999999999692,-0.005555555555558256,0.005555555555555536,-3.4890277777625866e-07,0.0469185447011955
full_288,qwen_local,0.05,Oracle,equal_call_budget,0.4,0.0,-0.009599999999999692,-0.009722222222220245,0.009722222222222198,0.0,0.45061772842604597
full_288,baseline,0.05,Oracle,equal_call_budget,0.5,0.0,-0.012999999999999262,-0.011111111111111294,0.011111111111110322,-6.8933333333324564e-06,-0.02697906816126483
full_288,opus,0.05,Oracle,equal_call_budget,0.5,0.0,-0.012999999999999262,1.1102230246251565e-16,-1.1102230246251565e-16,-8.463888888891012e-05,-0.02453488233633916
full_288,pro,0.05,Oracle,equal_call_budget,0.5,0.0,-0.012999999999999262,1.1102230246251565e-16,-1.1102230246251565e-16,5.299999999935565e-06,0.03249494166093747
full_288,astra,0.05,Oracle,equal_call_budget,0.5,0.0,-0.012999999999999262,1.1102230246251565e-16,-1.1102230246251565e-16,-8.356597222224614e-05,-0.049565716667636206
full_288,sonnet,0.05,Oracle,equal_call_budget,0.5,0.0,-0.012999999999999262,0.0027777777777791557,-0.002777777777777879,-0.00039484166666670355,-0.29681419984330315
full_288,lite,0.05,Oracle,equal_call_budget,0.5,0.0,-0.012999999999999262,-0.011111111111109573,0.011111111111111082,-3.380652777777932e-05,-0.038784564976879654
full_288,luna,0.05,Oracle,equal_call_budget,0.5,0.0,-0.012999999999999262,-0.0055555555555536484,0.005555555555555536,8.839583333322036e-07,0.04979174491017968
full_288,qwen_local,0.05,Oracle,equal_call_budget,0.5,0.0,-0.012999999999999262,-0.011111111111110128,0.01111111111111118,0.0,-0.20298081796678247
full_288,baseline,0.05,Oracle,equal_call_budget,0.6,0.0,-0.010799999999999796,-0.0038888888888867212,0.0038888888888898854,-2.339111111110539e-06,-0.009258755458028123
full_288,opus,0.05,Oracle,equal_call_budget,0.6,0.0,-0.010799999999999796,0.0,0.0,1.0550000000032755e-05,0.018327947056435256
full_288,pro,0.05,Oracle,equal_call_budget,0.6,0.0,-0.010799999999999796,0.0,0.0,4.8119999999905044e-05,0.023972673126529287
full_288,astra,0.05,Oracle,equal_call_budget,0.6,0.0,-0.010799999999999796,0.0,0.0,-2.548680555552324e-05,-0.021308563917979306
full_288,sonnet,0.05,Oracle,equal_call_budget,0.6,0.0,-0.010799999999999796,0.002777777777773105,-0.002777777777777768,-0.00012041333333331038,-0.07663233018939852
full_288,lite,0.05,Oracle,equal_call_budget,0.6,0.0,-0.010799999999999796,-0.004444444444444917,0.004444444444444433,-1.362833333337643e-06,-0.0024663346911326656
full_288,luna,0.05,Oracle,equal_call_budget,0.6,0.0,-0.010799999999999796,-0.002222222222219239,0.002222222222222188,1.8679305555560199e-06,0.023046280301766586
full_288,qwen_local,0.05,Oracle,equal_call_budget,0.6,0.0,-0.010799999999999796,-0.0036111111111118976,0.0036111111111111465,0.0,0.05754980365004769
full_288,baseline,0.05,Oracle,equal_call_budget,0.7,0.0,-0.006800000000000042,-0.0022222222222198496,0.0022222222222224586,-4.1711111111348035e-07,0.003851416259550433
full_288,opus,0.05,Oracle,equal_call_budget,0.7,0.0,-0.006800000000000042,0.0,0.0,0.00014066388888882807,0.08808289667809444
full_288,pro,0.05,Oracle,equal_call_budget,0.7,0.0,-0.006800000000000042,0.0,0.0,0.0002715211111111726,0.1250552099895561
full_288,astra,0.05,Oracle,equal_call_budget,0.7,0.0,-0.006800000000000042,0.0,0.0,0.0004117645833332916,0.17737516907449713
full_288,sonnet,0.05,Oracle,equal_call_budget,0.7,0.0,-0.006800000000000042,-0.0011111111111087313,0.0011111111111110628,8.799888888898037e-05,0.09011771703839688
full_288,lite,0.05,Oracle,equal_call_budget,0.7,0.0,-0.006800000000000042,0.002222222222224568,-0.002222222222222448,-2.5323722222225873e-05,-0.01724246981299471
full_288,luna,0.05,Oracle,equal_call_budget,0.7,0.0,-0.006800000000000042,0.0024999999999983924,-0.0024999999999999883,1.6831625000001543e-05,0.14765649159466054
full_288,qwen_local,0.05,Oracle,equal_call_budget,0.7,0.0,-0.006800000000000042,-0.0024999999999985034,0.002499999999999919,0.0,-0.27708713896420534
full_288,baseline,0.05,Oracle,equal_call_budget,0.8,-1.1102230246251565e-16,-0.012199999999999996,-0.0005555555555539771,0.0005555555555556979,9.715555555554452e-07,0.012458785120729177
full_288,opus,0.05,Oracle,equal_call_budget,0.8,-1.1102230246251565e-16,-0.012199999999999996,-1.1102230246251565e-16,0.0,0.0002414819444443595,0.1455597876897663
full_288,pro,0.05,Oracle,equal_call_budget,0.8,-1.1102230246251565e-16,-0.012199999999999996,-1.1102230246251565e-16,0.0,0.00043139555555558526,0.20693861786641676
full_288,astra,0.05,Oracle,equal_call_budget,0.8,-1.1102230246251565e-16,-0.012199999999999996,-1.1102230246251565e-16,0.0,0.0006029750000000368,0.2531581887625656
full_288,sonnet,0.05,Oracle,equal_call_budget,0.8,-1.1102230246251565e-16,-0.012199999999999996,-0.004444444444447471,0.004444444444444362,0.00023645666666665018,0.20848741878949362
full_288,lite,0.05,Oracle,equal_call_budget,0.8,-1.1102230246251565e-16,-0.012199999999999996,0.006111111111114509,-0.006111111111111272,-4.3569750000001586e-05,-0.03300257512555316
full_288,luna,0.05,Oracle,equal_call_budget,0.8,-1.1102230246251565e-16,-0.012199999999999996,0.007222222222219243,-0.0072222222222224144,1.7638999999999958e-05,0.172798900436951
full_288,qwen_local,0.05,Oracle,equal_call_budget,0.8,-1.1102230246251565e-16,-0.012199999999999996,-0.003055555555554257,0.003055555555555603,0.0,-0.37748369180664554
full_288,baseline,0.05,Oracle,equal_call_budget,0.9,0.0,-0.012199999999999874,-0.0016666666666673713,0.0016666666666663166,2.115555555535077e-07,0.005142980995982649
full_288,opus,0.05,Oracle,equal_call_budget,0.9,0.0,-0.012199999999999874,0.0,0.0,0.0002395347222222382,0.12465529769315165
full_288,pro,0.05,Oracle,equal_call_budget,0.9,0.0,-0.012199999999999874,0.0,0.0,0.000386014444444506,0.2006996547874209
full_288,astra,0.05,Oracle,equal_call_budget,0.9,0.0,-0.012199999999999874,0.0,0.0,0.0004401597222222324,0.1767644229338794
full_288,sonnet,0.05,Oracle,equal_call_budget,0.9,0.0,-0.012199999999999874,-0.0008333333333326864,0.0008333333333333222,0.00029600000000003755,0.2700762484848571
full_288,lite,0.05,Oracle,equal_call_budget,0.9,0.0,-0.012199999999999874,0.0,0.0,-2.9065111111115094e-05,-0.024991213703831505
full_288,luna,0.05,Oracle,equal_call_budget,0.9,0.0,-0.012199999999999874,0.001944444444442861,-0.0019444444444444327,1.724619444444628e-05,0.16164970343381224
full_288,qwen_local,0.05,Oracle,equal_call_budget,0.9,0.0,-0.012199999999999874,-0.000555555555553755,0.0005555555555556424,0.0,-0.047220172149209816
full_288,baseline,0.05,Oracle,equal_call_budget,1.0,0.0,0.0,0.0,0.0,0.0,0.0
full_288,opus,0.05,Oracle,equal_call_budget,1.0,0.0,0.0,0.0,0.0,0.0,0.0
full_288,pro,0.05,Oracle,equal_call_budget,1.0,0.0,0.0,0.0,0.0,0.0,0.0
full_288,astra,0.05,Oracle,equal_call_budget,1.0,0.0,0.0,0.0,0.0,0.0,0.0
full_288,sonnet,0.05,Oracle,equal_call_budget,1.0,0.0,0.0,0.0,0.0,0.0,0.0
full_288,lite,0.05,Oracle,equal_call_budget,1.0,0.0,0.0,0.0,0.0,0.0,0.0
full_288,luna,0.05,Oracle,equal_call_budget,1.0,0.0,0.0,0.0,0.0,0.0,0.0
full_288,qwen_local,0.05,Oracle,equal_call_budget,1.0,0.0,0.0,0.0,0.0,0.0,0.0
full_288,baseline,0.05,Raw,threshold,0.4,0.0,0.0,0.0,0.0,0.0,0.0
full_288,opus,0.05,Raw,threshold,0.4,0.0,0.0,0.0,0.0,0.0,0.0
full_288,pro,0.05,Raw,threshold,0.4,0.0,0.0,0.0,0.0,0.0,0.0
full_288,astra,0.05,Raw,threshold,0.4,0.0,0.0,0.0,0.0,0.0,0.0
full_288,sonnet,0.05,Raw,threshold,0.4,0.0,0.0,0.0,0.0,0.0,0.0
full_288,lite,0.05,Raw,threshold,0.4,0.0,0.0,0.0,0.0,0.0,0.0
full_288,luna,0.05,Raw,threshold,0.4,0.0,0.0,0.0,0.0,0.0,0.0
full_288,qwen_local,0.05,Raw,threshold,0.4,0.0,0.0,0.0,0.0,0.0,0.0
full_288,baseline,0.05,Raw,threshold,0.6,0.0,0.0,0.0,0.0,0.0,0.0
full_288,opus,0.05,Raw,threshold,0.6,0.0,0.0,0.0,0.0,0.0,0.0
full_288,pro,0.05,Raw,threshold,0.6,0.0,0.0,0.0,0.0,0.0,0.0
full_288,astra,0.05,Raw,threshold,0.6,0.0,0.0,0.0,0.0,0.0,0.0
full_288,sonnet,0.05,Raw,threshold,0.6,0.0,0.0,0.0,0.0,0.0,0.0
full_288,lite,0.05,Raw,threshold,0.6,0.0,0.0,0.0,0.0,0.0,0.0
full_288,luna,0.05,Raw,threshold,0.6,0.0,0.0,0.0,0.0,0.0,0.0
full_288,qwen_local,0.05,Raw,threshold,0.6,0.0,0.0,0.0,0.0,0.0,0.0
full_288,baseline,0.05,Raw,threshold,0.7,0.0,0.0,0.0,0.0,0.0,0.0
full_288,opus,0.05,Raw,threshold,0.7,0.0,0.0,0.0,0.0,0.0,0.0
full_288,pro,0.05,Raw,threshold,0.7,0.0,0.0,0.0,0.0,0.0,0.0
full_288,astra,0.05,Raw,threshold,0.7,0.0,0.0,0.0,0.0,0.0,0.0
full_288,sonnet,0.05,Raw,threshold,0.7,0.0,0.0,0.0,0.0,0.0,0.0
full_288,lite,0.05,Raw,threshold,0.7,0.0,0.0,0.0,0.0,0.0,0.0
full_288,luna,0.05,Raw,threshold,0.7,0.0,0.0,0.0,0.0,0.0,0.0
full_288,qwen_local,0.05,Raw,threshold,0.7,0.0,0.0,0.0,0.0,0.0,0.0
full_288,baseline,0.05,Raw,threshold,0.8,0.0,0.0,0.0,0.0,0.0,0.0
full_288,opus,0.05,Raw,threshold,0.8,0.0,0.0,0.0,0.0,0.0,0.0
full_288,pro,0.05,Raw,threshold,0.8,0.0,0.0,0.0,0.0,0.0,0.0
full_288,astra,0.05,Raw,threshold,0.8,0.0,0.0,0.0,0.0,0.0,0.0
full_288,sonnet,0.05,Raw,threshold,0.8,0.0,0.0,0.0,0.0,0.0,0.0
full_288,lite,0.05,Raw,threshold,0.8,0.0,0.0,0.0,0.0,0.0,0.0
full_288,luna,0.05,Raw,threshold,0.8,0.0,0.0,0.0,0.0,0.0,0.0
full_288,qwen_local,0.05,Raw,threshold,0.8,0.0,0.0,0.0,0.0,0.0,0.0
full_288,baseline,0.05,Raw,threshold,0.9,0.0,0.0,0.0,0.0,0.0,0.0
full_288,opus,0.05,Raw,threshold,0.9,0.0,0.0,0.0,0.0,0.0,0.0
full_288,pro,0.05,Raw,threshold,0.9,0.0,0.0,0.0,0.0,0.0,0.0
full_288,astra,0.05,Raw,threshold,0.9,0.0,0.0,0.0,0.0,0.0,0.0
full_288,sonnet,0.05,Raw,threshold,0.9,0.0,0.0,0.0,0.0,0.0,0.0
full_288,lite,0.05,Raw,threshold,0.9,0.0,0.0,0.0,0.0,0.0,0.0
full_288,luna,0.05,Raw,threshold,0.9,0.0,0.0,0.0,0.0,0.0,0.0
full_288,qwen_local,0.05,Raw,threshold,0.9,0.0,0.0,0.0,0.0,0.0,0.0
full_288,baseline,0.05,Raw,equal_call_budget,0.0,0.0,0.0,0.0,0.0,0.0,0.0
full_288,opus,0.05,Raw,equal_call_budget,0.0,0.0,0.0,0.0,0.0,0.0,0.0
full_288,pro,0.05,Raw,equal_call_budget,0.0,0.0,0.0,0.0,0.0,0.0,0.0
full_288,astra,0.05,Raw,equal_call_budget,0.0,0.0,0.0,0.0,0.0,0.0,0.0
full_288,sonnet,0.05,Raw,equal_call_budget,0.0,0.0,0.0,0.0,0.0,0.0,0.0
full_288,lite,0.05,Raw,equal_call_budget,0.0,0.0,0.0,0.0,0.0,0.0,0.0
full_288,luna,0.05,Raw,equal_call_budget,0.0,0.0,0.0,0.0,0.0,0.0,0.0
full_288,qwen_local,0.05,Raw,equal_call_budget,0.0,0.0,0.0,0.0,0.0,0.0,0.0
full_288,baseline,0.05,Raw,equal_call_budget,0.1,0.0,0.0,0.0,0.0,0.0,0.0
full_288,opus,0.05,Raw,equal_call_budget,0.1,0.0,0.0,0.0,0.0,0.0,0.0
full_288,pro,0.05,Raw,equal_call_budget,0.1,0.0,0.0,0.0,0.0,0.0,0.0
full_288,astra,0.05,Raw,equal_call_budget,0.1,0.0,0.0,0.0,0.0,0.0,0.0
full_288,sonnet,0.05,Raw,equal_call_budget,0.1,0.0,0.0,0.0,0.0,0.0,0.0
full_288,lite,0.05,Raw,equal_call_budget,0.1,0.0,0.0,0.0,0.0,0.0,0.0
full_288,luna,0.05,Raw,equal_call_budget,0.1,0.0,0.0,0.0,0.0,0.0,0.0
full_288,qwen_local,0.05,Raw,equal_call_budget,0.1,0.0,0.0,0.0,0.0,0.0,0.0
full_288,baseline,0.05,Raw,equal_call_budget,0.2,0.0,0.0,0.0,0.0,0.0,0.0
full_288,opus,0.05,Raw,equal_call_budget,0.2,0.0,0.0,0.0,0.0,0.0,0.0
full_288,pro,0.05,Raw,equal_call_budget,0.2,0.0,0.0,0.0,0.0,0.0,0.0
full_288,astra,0.05,Raw,equal_call_budget,0.2,0.0,0.0,0.0,0.0,0.0,0.0
full_288,sonnet,0.05,Raw,equal_call_budget,0.2,0.0,0.0,0.0,0.0,0.0,0.0
full_288,lite,0.05,Raw,equal_call_budget,0.2,0.0,0.0,0.0,0.0,0.0,0.0
full_288,luna,0.05,Raw,equal_call_budget,0.2,0.0,0.0,0.0,0.0,0.0,0.0
full_288,qwen_local,0.05,Raw,equal_call_budget,0.2,0.0,0.0,0.0,0.0,0.0,0.0
full_288,baseline,0.05,Raw,equal_call_budget,0.3,0.0,0.0,0.0,0.0,0.0,0.0
full_288,opus,0.05,Raw,equal_call_budget,0.3,0.0,0.0,0.0,0.0,0.0,0.0
full_288,pro,0.05,Raw,equal_call_budget,0.3,0.0,0.0,0.0,0.0,0.0,0.0
full_288,astra,0.05,Raw,equal_call_budget,0.3,0.0,0.0,0.0,0.0,0.0,0.0
full_288,sonnet,0.05,Raw,equal_call_budget,0.3,0.0,0.0,0.0,0.0,0.0,0.0
full_288,lite,0.05,Raw,equal_call_budget,0.3,0.0,0.0,0.0,0.0,0.0,0.0
full_288,luna,0.05,Raw,equal_call_budget,0.3,0.0,0.0,0.0,0.0,0.0,0.0
full_288,qwen_local,0.05,Raw,equal_call_budget,0.3,0.0,0.0,0.0,0.0,0.0,0.0
full_288,baseline,0.05,Raw,equal_call_budget,0.4,0.0,0.0,0.0,0.0,0.0,0.0
full_288,opus,0.05,Raw,equal_call_budget,0.4,0.0,0.0,0.0,0.0,0.0,0.0
full_288,pro,0.05,Raw,equal_call_budget,0.4,0.0,0.0,0.0,0.0,0.0,0.0
full_288,astra,0.05,Raw,equal_call_budget,0.4,0.0,0.0,0.0,0.0,0.0,0.0
full_288,sonnet,0.05,Raw,equal_call_budget,0.4,0.0,0.0,0.0,0.0,0.0,0.0
full_288,lite,0.05,Raw,equal_call_budget,0.4,0.0,0.0,0.0,0.0,0.0,0.0
full_288,luna,0.05,Raw,equal_call_budget,0.4,0.0,0.0,0.0,0.0,0.0,0.0
full_288,qwen_local,0.05,Raw,equal_call_budget,0.4,0.0,0.0,0.0,0.0,0.0,0.0
full_288,baseline,0.05,Raw,equal_call_budget,0.5,0.0,0.0,0.0,0.0,0.0,0.0
full_288,opus,0.05,Raw,equal_call_budget,0.5,0.0,0.0,0.0,0.0,0.0,0.0
full_288,pro,0.05,Raw,equal_call_budget,0.5,0.0,0.0,0.0,0.0,0.0,0.0
full_288,astra,0.05,Raw,equal_call_budget,0.5,0.0,0.0,0.0,0.0,0.0,0.0
full_288,sonnet,0.05,Raw,equal_call_budget,0.5,0.0,0.0,0.0,0.0,0.0,0.0
full_288,lite,0.05,Raw,equal_call_budget,0.5,0.0,0.0,0.0,0.0,0.0,0.0
full_288,luna,0.05,Raw,equal_call_budget,0.5,0.0,0.0,0.0,0.0,0.0,0.0
full_288,qwen_local,0.05,Raw,equal_call_budget,0.5,0.0,0.0,0.0,0.0,0.0,0.0
full_288,baseline,0.05,Raw,equal_call_budget,0.6,0.0,0.0,0.0,0.0,0.0,0.0
full_288,opus,0.05,Raw,equal_call_budget,0.6,0.0,0.0,0.0,0.0,0.0,0.0
full_288,pro,0.05,Raw,equal_call_budget,0.6,0.0,0.0,0.0,0.0,0.0,0.0
full_288,astra,0.05,Raw,equal_call_budget,0.6,0.0,0.0,0.0,0.0,0.0,0.0
full_288,sonnet,0.05,Raw,equal_call_budget,0.6,0.0,0.0,0.0,0.0,0.0,0.0
full_288,lite,0.05,Raw,equal_call_budget,0.6,0.0,0.0,0.0,0.0,0.0,0.0
full_288,luna,0.05,Raw,equal_call_budget,0.6,0.0,0.0,0.0,0.0,0.0,0.0
full_288,qwen_local,0.05,Raw,equal_call_budget,0.6,0.0,0.0,0.0,0.0,0.0,0.0
full_288,baseline,0.05,Raw,equal_call_budget,0.7,0.0,0.0,0.0,0.0,0.0,0.0
full_288,opus,0.05,Raw,equal_call_budget,0.7,0.0,0.0,0.0,0.0,0.0,0.0
full_288,pro,0.05,Raw,equal_call_budget,0.7,0.0,0.0,0.0,0.0,0.0,0.0
full_288,astra,0.05,Raw,equal_call_budget,0.7,0.0,0.0,0.0,0.0,0.0,0.0
full_288,sonnet,0.05,Raw,equal_call_budget,0.7,0.0,0.0,0.0,0.0,0.0,0.0
full_288,lite,0.05,Raw,equal_call_budget,0.7,0.0,0.0,0.0,0.0,0.0,0.0
full_288,luna,0.05,Raw,equal_call_budget,0.7,0.0,0.0,0.0,0.0,0.0,0.0
full_288,qwen_local,0.05,Raw,equal_call_budget,0.7,0.0,0.0,0.0,0.0,0.0,0.0
full_288,baseline,0.05,Raw,equal_call_budget,0.8,0.0,0.0,0.0,0.0,0.0,0.0
full_288,opus,0.05,Raw,equal_call_budget,0.8,0.0,0.0,0.0,0.0,0.0,0.0
full_288,pro,0.05,Raw,equal_call_budget,0.8,0.0,0.0,0.0,0.0,0.0,0.0
full_288,astra,0.05,Raw,equal_call_budget,0.8,0.0,0.0,0.0,0.0,0.0,0.0
full_288,sonnet,0.05,Raw,equal_call_budget,0.8,0.0,0.0,0.0,0.0,0.0,0.0
full_288,lite,0.05,Raw,equal_call_budget,0.8,0.0,0.0,0.0,0.0,0.0,0.0
full_288,luna,0.05,Raw,equal_call_budget,0.8,0.0,0.0,0.0,0.0,0.0,0.0
full_288,qwen_local,0.05,Raw,equal_call_budget,0.8,0.0,0.0,0.0,0.0,0.0,0.0
full_288,baseline,0.05,Raw,equal_call_budget,0.9,0.0,0.0,0.0,0.0,0.0,0.0
full_288,opus,0.05,Raw,equal_call_budget,0.9,0.0,0.0,0.0,0.0,0.0,0.0
full_288,pro,0.05,Raw,equal_call_budget,0.9,0.0,0.0,0.0,0.0,0.0,0.0
full_288,astra,0.05,Raw,equal_call_budget,0.9,0.0,0.0,0.0,0.0,0.0,0.0
full_288,sonnet,0.05,Raw,equal_call_budget,0.9,0.0,0.0,0.0,0.0,0.0,0.0
full_288,lite,0.05,Raw,equal_call_budget,0.9,0.0,0.0,0.0,0.0,0.0,0.0
full_288,luna,0.05,Raw,equal_call_budget,0.9,0.0,0.0,0.0,0.0,0.0,0.0
full_288,qwen_local,0.05,Raw,equal_call_budget,0.9,0.0,0.0,0.0,0.0,0.0,0.0
full_288,baseline,0.05,Raw,equal_call_budget,1.0,0.0,0.0,0.0,0.0,0.0,0.0
full_288,opus,0.05,Raw,equal_call_budget,1.0,0.0,0.0,0.0,0.0,0.0,0.0
full_288,pro,0.05,Raw,equal_call_budget,1.0,0.0,0.0,0.0,0.0,0.0,0.0
full_288,astra,0.05,Raw,equal_call_budget,1.0,0.0,0.0,0.0,0.0,0.0,0.0
full_288,sonnet,0.05,Raw,equal_call_budget,1.0,0.0,0.0,0.0,0.0,0.0,0.0
full_288,lite,0.05,Raw,equal_call_budget,1.0,0.0,0.0,0.0,0.0,0.0,0.0
full_288,luna,0.05,Raw,equal_call_budget,1.0,0.0,0.0,0.0,0.0,0.0,0.0
full_288,qwen_local,0.05,Raw,equal_call_budget,1.0,0.0,0.0,0.0,0.0,0.0,0.0
full_288,baseline,0.05,Regime,threshold,0.4,0.0,0.0,0.0,0.0,0.0,0.0
full_288,opus,0.05,Regime,threshold,0.4,0.0,0.0,0.0,0.0,0.0,0.0
full_288,pro,0.05,Regime,threshold,0.4,0.0,0.0,0.0,0.0,0.0,0.0
full_288,astra,0.05,Regime,threshold,0.4,0.0,0.0,0.0,0.0,0.0,0.0
full_288,sonnet,0.05,Regime,threshold,0.4,0.0,0.0,0.0,0.0,0.0,0.0
full_288,lite,0.05,Regime,threshold,0.4,0.0,0.0,0.0,0.0,0.0,0.0
full_288,luna,0.05,Regime,threshold,0.4,0.0,0.0,0.0,0.0,0.0,0.0
full_288,qwen_local,0.05,Regime,threshold,0.4,0.0,0.0,0.0,0.0,0.0,0.0
full_288,baseline,0.05,Regime,threshold,0.6,-0.07833333333333373,0.03806999999999933,-0.04961111111111092,-0.028722222222222434,-3.153073333333356e-05,-0.13776055037267412
full_288,opus,0.05,Regime,threshold,0.6,-0.07833333333333373,0.03806999999999933,-0.07833333333333373,0.0,-0.0013722270138888891,-0.5479699328715174
full_288,pro,0.05,Regime,threshold,0.6,-0.07833333333333373,0.03806999999999933,-0.07833333333333373,0.0,-0.0020661043333333206,-1.2354705714555019
full_288,astra,0.05,Regime,threshold,0.6,-0.07833333333333373,0.03806999999999933,-0.07833333333333373,0.0,-0.0016105414930555626,-0.6500328677285234
full_288,sonnet,0.05,Regime,threshold,0.6,-0.07833333333333373,0.03806999999999933,-0.07833333333333373,0.0,-0.0009248516388888838,-0.7631247588116196
full_288,lite,0.05,Regime,threshold,0.6,-0.07833333333333373,0.03806999999999933,-0.07572222222222234,-0.0026111111111111027,-0.00034647557916666683,-0.38664316240379726
full_288,luna,0.05,Regime,threshold,0.6,-0.07833333333333373,0.03806999999999933,-0.07572222222222234,-0.0026111111111111027,-5.3665415972222144e-05,-0.5173272816113244
full_288,qwen_local,0.05,Regime,threshold,0.6,-0.07833333333333373,0.03806999999999933,-0.07506944444444406,-0.0032638888888888774,0.0,-10.349256716328057
full_288,baseline,0.05,Regime,threshold,0.7,-0.16666666666666602,0.05600000000000013,-0.12083333333333476,-0.04583333333333349,-6.918999999999979e-05,-0.29102295091595964
full_288,opus,0.05,Regime,threshold,0.7,-0.16666666666666602,0.05600000000000013,-0.16666666666666602,0.0,-0.003017027777777719,-1.2748518249889829
full_288,pro,0.05,Regime,threshold,0.7,-0.16666666666666602,0.05600000000000013,-0.16666666666666602,0.0,-0.004695105555555594,-2.7503609866421694
full_288,astra,0.05,Regime,threshold,0.7,-0.16666666666666602,0.05600000000000013,-0.16666666666666602,0.0,-0.0032780659722222343,-1.2515278740113307
full_288,sonnet,0.05,Regime,threshold,0.7,-0.16666666666666602,0.05600000000000013,-0.16388888888888697,-0.002777777777777768,-0.0026361166666666845,-2.1775114945660166
full_288,lite,0.05,Regime,threshold,0.7,-0.16666666666666602,0.05600000000000013,-0.16666666666666635,0.0,-0.0008263823611111033,-0.895430765626642
full_288,luna,0.05,Regime,threshold,0.7,-0.16666666666666602,0.05600000000000013,-0.16666666666666635,0.0,-0.00012749881944444538,-1.15910699213855
full_288,qwen_local,0.05,Regime,threshold,0.7,-0.16666666666666602,0.05600000000000013,-0.1666666666666694,0.0,0.0,-20.150728670204522
full_288,baseline,0.05,Regime,threshold,0.8,-0.16666666666666796,0.06200000000000008,-0.10138888888888703,-0.06527777777777732,-6.081888888888966e-05,-0.25806608010186016
full_288,opus,0.05,Regime,threshold,0.8,-0.16666666666666796,0.06200000000000008,-0.16666666666666796,0.0,-0.002874361111111213,-1.1905213590963917
full_288,pro,0.05,Regime,threshold,0.8,-0.16666666666666796,0.06200000000000008,-0.16666666666666796,0.0,-0.004955438888888839,-2.887863053177691
full_288,astra,0.05,Regime,threshold,0.8,-0.16666666666666796,0.06200000000000008,-0.16666666666666796,0.0,-0.0032752152777777554,-1.2517513435136554
full_288,sonnet,0.05,Regime,threshold,0.8,-0.16666666666666796,0.06200000000000008,-0.1666666666666698,0.0,-0.0019339944444444115,-1.6255970639884838
full_288,lite,0.05,Regime,threshold,0.8,-0.16666666666666796,0.06200000000000008,-0.1555555555555589,-0.011111111111111106,-0.0007398554166666736,-0.8062256942208692
full_288,luna,0.05,Regime,threshold,0.8,-0.16666666666666796,0.06200000000000008,-0.16111111111111087,-0.005555555555555536,-0.00012986236111110913,-1.2235397218797748
full_288,qwen_local,0.05,Regime,threshold,0.8,-0.16666666666666796,0.06200000000000008,-0.15416666666666773,-0.012499999999999983,0.0,-20.781259097952436
full_288,baseline,0.05,Regime,threshold,0.9,-0.09250000000000125,0.017205000000000033,-0.05627083333333405,-0.036229166666667145,-3.508648333333368e-05,-0.1468665355161567
full_288,opus,0.05,Regime,threshold,0.9,-0.09250000000000125,0.017205000000000033,-0.09250000000000125,0.0,-0.0016025509374999972,-0.6435242973964375
full_288,pro,0.05,Regime,threshold,0.9,-0.09250000000000125,0.017205000000000033,-0.09250000000000125,0.0,-0.002550613500000024,-1.494505420846087
full_288,astra,0.05,Regime,threshold,0.9,-0.09250000000000125,0.017205000000000033,-0.09250000000000125,0.0,-0.0018522431250000276,-0.7213563559403351
full_288,sonnet,0.05,Regime,threshold,0.9,-0.09250000000000125,0.017205000000000033,-0.09172916666666742,-0.0007708333333333304,-0.001258851000000014,-1.0519367293758544
full_288,lite,0.05,Regime,threshold,0.9,-0.09250000000000125,0.017205000000000033,-0.0863333333333306,-0.00616666666666664,-0.00042942423541666823,-0.4690133397428453
full_288,luna,0.05,Regime,threshold,0.9,-0.09250000000000125,0.017205000000000033,-0.08556250000000121,-0.006937500000000062,-7.6377558333333e-05,-0.6889866020842215
full_288,qwen_local,0.05,Regime,threshold,0.9,-0.09250000000000125,0.017205000000000033,-0.09172916666666597,-0.0007708333333334046,0.0,-11.584236708830758
full_288,baseline,0.05,Regime,equal_call_budget,0.0,0.0,0.0,0.0,0.0,0.0,0.0
full_288,opus,0.05,Regime,equal_call_budget,0.0,0.0,0.0,0.0,0.0,0.0,0.0
full_288,pro,0.05,Regime,equal_call_budget,0.0,0.0,0.0,0.0,0.0,0.0,0.0
full_288,astra,0.05,Regime,equal_call_budget,0.0,0.0,0.0,0.0,0.0,0.0,0.0
full_288,sonnet,0.05,Regime,equal_call_budget,0.0,0.0,0.0,0.0,0.0,0.0,0.0
full_288,lite,0.05,Regime,equal_call_budget,0.0,0.0,0.0,0.0,0.0,0.0,0.0
full_288,luna,0.05,Regime,equal_call_budget,0.0,0.0,0.0,0.0,0.0,0.0,0.0
full_288,qwen_local,0.05,Regime,equal_call_budget,0.0,0.0,0.0,0.0,0.0,0.0,0.0
full_288,baseline,0.05,Regime,equal_call_budget,0.1,0.0,-3.599999999998049e-05,8.333333333332416e-06,-8.333333333332416e-06,-1.3246666666667252e-08,-0.00012083880994082086
full_288,opus,0.05,Regime,equal_call_budget,0.1,0.0,-3.599999999998049e-05,0.0,0.0,-1.9498749999999777e-06,-0.0009255943551853552
full_288,pro,0.05,Regime,equal_call_budget,0.1,0.0,-3.599999999998049e-05,0.0,0.0,-3.118366666666518e-06,-0.002117777470788118
full_288,astra,0.05,Regime,equal_call_budget,0.1,0.0,-3.599999999998049e-05,0.0,0.0,-1.0818958333332941e-06,-0.0007192937529976184
full_288,sonnet,0.05,Regime,equal_call_budget,0.1,0.0,-3.599999999998049e-05,0.0,0.0,-2.3912000000000933e-06,-0.0020281036687199716
full_288,lite,0.05,Regime,equal_call_budget,0.1,0.0,-3.599999999998049e-05,3.333333333334354e-05,-3.33333333333327e-05,-2.8181083333334326e-07,-0.00024721905104041486
full_288,luna,0.05,Regime,equal_call_budget,0.1,0.0,-3.599999999998049e-05,3.333333333334354e-05,-3.33333333333327e-05,1.1620708333333395e-07,0.0009910936590652453
full_288,qwen_local,0.05,Regime,equal_call_budget,0.1,0.0,-3.599999999998049e-05,4.166666666666208e-05,-4.166666666666728e-05,0.0,-0.011837894908916624
full_288,baseline,0.05,Regime,equal_call_budget,0.2,0.0,-4.799999999999249e-05,1.1111111111128391e-05,-1.1111111111114513e-05,-1.7662222222232038e-08,-0.0001611184132544463
full_288,opus,0.05,Regime,equal_call_budget,0.2,0.0,-4.799999999999249e-05,0.0,0.0,-2.599833333333159e-06,-0.0012341258069135108
full_288,pro,0.05,Regime,equal_call_budget,0.2,0.0,-4.799999999999249e-05,0.0,0.0,-4.157822222222891e-06,-0.0028237032943843055
full_288,astra,0.05,Regime,equal_call_budget,0.2,0.0,-4.799999999999249e-05,0.0,0.0,-1.4425277777780146e-06,-0.0009590583373297878
full_288,sonnet,0.05,Regime,equal_call_budget,0.2,0.0,-4.799999999999249e-05,0.0,0.0,-3.188266666666502e-06,-0.002704138224960184
full_288,lite,0.05,Regime,equal_call_budget,0.2,0.0,-4.799999999999249e-05,4.44444444444303e-05,-4.444444444444504e-05,-3.7574777777789944e-07,-0.0003296254013872568
full_288,luna,0.05,Regime,equal_call_budget,0.2,0.0,-4.799999999999249e-05,4.44444444444303e-05,-4.444444444444504e-05,1.5494277777778763e-07,0.0013214582120870677
full_288,qwen_local,0.05,Regime,equal_call_budget,0.2,0.0,-4.799999999999249e-05,5.555555555553093e-05,-5.555555555555522e-05,0.0,-0.01578385987855313
full_288,baseline,0.05,Regime,equal_call_budget,0.3,0.0,-1.199999999995649e-05,2.7777777777959756e-06,-2.77777777776822e-06,-4.415555555551233e-09,-4.027960331354219e-05
full_288,opus,0.05,Regime,equal_call_budget,0.3,0.0,-1.199999999995649e-05,0.0,0.0,-6.499583333329645e-07,-0.0003085314517288218
full_288,pro,0.05,Regime,equal_call_budget,0.3,0.0,-1.199999999995649e-05,0.0,0.0,-1.039455555555506e-06,-0.0007059258235955213
full_288,astra,0.05,Regime,equal_call_budget,0.3,0.0,-1.199999999995649e-05,0.0,0.0,-3.6063194444515417e-07,-0.00023976458433239145
full_288,sonnet,0.05,Regime,equal_call_budget,0.3,0.0,-1.199999999995649e-05,0.0,0.0,-7.970666666668423e-07,-0.0006760345562399905
full_288,lite,0.05,Regime,equal_call_budget,0.3,0.0,-1.199999999995649e-05,1.111111111107288e-05,-1.1111111111111044e-05,-9.393694444439354e-08,-8.240635034661992e-05
full_288,luna,0.05,Regime,equal_call_budget,0.3,0.0,-1.199999999995649e-05,1.111111111107288e-05,-1.1111111111111044e-05,3.8735694444467237e-08,0.00033036455302193346
full_288,qwen_local,0.05,Regime,equal_call_budget,0.3,0.0,-1.199999999995649e-05,1.3888888888924367e-05,-1.3888888888888805e-05,0.0,-0.003945964969638283
full_288,baseline,0.05,Regime,equal_call_budget,0.4,0.0,0.0,0.0,0.0,0.0,0.0
full_288,opus,0.05,Regime,equal_call_budget,0.4,0.0,0.0,0.0,0.0,0.0,0.0
full_288,pro,0.05,Regime,equal_call_budget,0.4,0.0,0.0,0.0,0.0,0.0,0.0
full_288,astra,0.05,Regime,equal_call_budget,0.4,0.0,0.0,0.0,0.0,0.0,0.0
full_288,sonnet,0.05,Regime,equal_call_budget,0.4,0.0,0.0,0.0,0.0,0.0,0.0
full_288,lite,0.05,Regime,equal_call_budget,0.4,0.0,0.0,0.0,0.0,0.0,0.0
full_288,luna,0.05,Regime,equal_call_budget,0.4,0.0,0.0,0.0,0.0,0.0,0.0
full_288,qwen_local,0.05,Regime,equal_call_budget,0.4,0.0,0.0,0.0,0.0,0.0,0.0
full_288,baseline,0.05,Regime,equal_call_budget,0.5,0.0,0.0,0.0,0.0,0.0,0.0
full_288,opus,0.05,Regime,equal_call_budget,0.5,0.0,0.0,0.0,0.0,0.0,0.0
full_288,pro,0.05,Regime,equal_call_budget,0.5,0.0,0.0,0.0,0.0,0.0,0.0
full_288,astra,0.05,Regime,equal_call_budget,0.5,0.0,0.0,0.0,0.0,0.0,0.0
full_288,sonnet,0.05,Regime,equal_call_budget,0.5,0.0,0.0,0.0,0.0,0.0,0.0
full_288,lite,0.05,Regime,equal_call_budget,0.5,0.0,0.0,0.0,0.0,0.0,0.0
full_288,luna,0.05,Regime,equal_call_budget,0.5,0.0,0.0,0.0,0.0,0.0,0.0
full_288,qwen_local,0.05,Regime,equal_call_budget,0.5,0.0,0.0,0.0,0.0,0.0,0.0
full_288,baseline,0.05,Regime,equal_call_budget,0.6,0.0,0.0,0.0,0.0,0.0,0.0
full_288,opus,0.05,Regime,equal_call_budget,0.6,0.0,0.0,0.0,0.0,0.0,0.0
full_288,pro,0.05,Regime,equal_call_budget,0.6,0.0,0.0,0.0,0.0,0.0,0.0
full_288,astra,0.05,Regime,equal_call_budget,0.6,0.0,0.0,0.0,0.0,0.0,0.0
full_288,sonnet,0.05,Regime,equal_call_budget,0.6,0.0,0.0,0.0,0.0,0.0,0.0
full_288,lite,0.05,Regime,equal_call_budget,0.6,0.0,0.0,0.0,0.0,0.0,0.0
full_288,luna,0.05,Regime,equal_call_budget,0.6,0.0,0.0,0.0,0.0,0.0,0.0
full_288,qwen_local,0.05,Regime,equal_call_budget,0.6,0.0,0.0,0.0,0.0,0.0,0.0
full_288,baseline,0.05,Regime,equal_call_budget,0.7,0.0,0.0,0.0,0.0,0.0,0.0
full_288,opus,0.05,Regime,equal_call_budget,0.7,0.0,0.0,0.0,0.0,0.0,0.0
full_288,pro,0.05,Regime,equal_call_budget,0.7,0.0,0.0,0.0,0.0,0.0,0.0
full_288,astra,0.05,Regime,equal_call_budget,0.7,0.0,0.0,0.0,0.0,0.0,0.0
full_288,sonnet,0.05,Regime,equal_call_budget,0.7,0.0,0.0,0.0,0.0,0.0,0.0
full_288,lite,0.05,Regime,equal_call_budget,0.7,0.0,0.0,0.0,0.0,0.0,0.0
full_288,luna,0.05,Regime,equal_call_budget,0.7,0.0,0.0,0.0,0.0,0.0,0.0
full_288,qwen_local,0.05,Regime,equal_call_budget,0.7,0.0,0.0,0.0,0.0,0.0,0.0
full_288,baseline,0.05,Regime,equal_call_budget,0.8,0.0,0.0,0.0,0.0,0.0,0.0
full_288,opus,0.05,Regime,equal_call_budget,0.8,0.0,0.0,0.0,0.0,0.0,0.0
full_288,pro,0.05,Regime,equal_call_budget,0.8,0.0,0.0,0.0,0.0,0.0,0.0
full_288,astra,0.05,Regime,equal_call_budget,0.8,0.0,0.0,0.0,0.0,0.0,0.0
full_288,sonnet,0.05,Regime,equal_call_budget,0.8,0.0,0.0,0.0,0.0,0.0,0.0
full_288,lite,0.05,Regime,equal_call_budget,0.8,0.0,0.0,0.0,0.0,0.0,0.0
full_288,luna,0.05,Regime,equal_call_budget,0.8,0.0,0.0,0.0,0.0,0.0,0.0
full_288,qwen_local,0.05,Regime,equal_call_budget,0.8,0.0,0.0,0.0,0.0,0.0,0.0
full_288,baseline,0.05,Regime,equal_call_budget,0.9,0.0,0.0,0.0,0.0,0.0,0.0
full_288,opus,0.05,Regime,equal_call_budget,0.9,0.0,0.0,0.0,0.0,0.0,0.0
full_288,pro,0.05,Regime,equal_call_budget,0.9,0.0,0.0,0.0,0.0,0.0,0.0
full_288,astra,0.05,Regime,equal_call_budget,0.9,0.0,0.0,0.0,0.0,0.0,0.0
full_288,sonnet,0.05,Regime,equal_call_budget,0.9,0.0,0.0,0.0,0.0,0.0,0.0
full_288,lite,0.05,Regime,equal_call_budget,0.9,0.0,0.0,0.0,0.0,0.0,0.0
full_288,luna,0.05,Regime,equal_call_budget,0.9,0.0,0.0,0.0,0.0,0.0,0.0
full_288,qwen_local,0.05,Regime,equal_call_budget,0.9,0.0,0.0,0.0,0.0,0.0,0.0
full_288,baseline,0.05,Regime,equal_call_budget,1.0,0.0,0.0,0.0,0.0,0.0,0.0
full_288,opus,0.05,Regime,equal_call_budget,1.0,0.0,0.0,0.0,0.0,0.0,0.0
full_288,pro,0.05,Regime,equal_call_budget,1.0,0.0,0.0,0.0,0.0,0.0,0.0
full_288,astra,0.05,Regime,equal_call_budget,1.0,0.0,0.0,0.0,0.0,0.0,0.0
full_288,sonnet,0.05,Regime,equal_call_budget,1.0,0.0,0.0,0.0,0.0,0.0,0.0
full_288,lite,0.05,Regime,equal_call_budget,1.0,0.0,0.0,0.0,0.0,0.0,0.0
full_288,luna,0.05,Regime,equal_call_budget,1.0,0.0,0.0,0.0,0.0,0.0,0.0
full_288,qwen_local,0.05,Regime,equal_call_budget,1.0,0.0,0.0,0.0,0.0,0.0,0.0
full_288,baseline,0.05,Weighted global,threshold,0.4,0.004166666666666667,-0.0020249999999999435,0.0026388888888888885,0.0015277777777777779,1.6771666666666672e-06,0.007327688849610341
full_288,opus,0.05,Weighted global,threshold,0.4,0.004166666666666667,-0.0020249999999999435,0.004166666666666667,0.0,7.29907986111111e-05,0.029147336854867815
full_288,pro,0.05,Weighted global,threshold,0.4,0.004166666666666667,-0.0020249999999999435,0.004166666666666667,0.0,0.00010989916666666665,0.06571651975827182
full_288,astra,0.05,Weighted global,threshold,0.4,0.004166666666666667,-0.0020249999999999435,0.004166666666666667,0.0,8.566710069444445e-05,0.03457621636853825
full_288,sonnet,0.05,Weighted global,threshold,0.4,0.004166666666666667,-0.0020249999999999435,0.004166666666666667,0.0,4.9194236111111094e-05,0.04059174248998008
full_288,lite,0.05,Weighted global,threshold,0.4,0.004166666666666667,-0.0020249999999999435,0.004027777777777778,0.00013888888888888908,1.8429552083333337e-05,0.02056612565977654
full_288,luna,0.05,Weighted global,threshold,0.4,0.004166666666666667,-0.0020249999999999435,0.004027777777777778,0.00013888888888888908,2.854543402777777e-06,0.027517408596346896
full_288,qwen_local,0.05,Weighted global,threshold,0.4,0.004166666666666667,-0.0020249999999999435,0.003993055555555555,0.0001736111111111112,0.0,0.550492378528086
full_288,baseline,0.05,Weighted global,threshold,0.6,0.2149999999999996,-0.10153500000000129,0.14274999999999982,0.07225000000000005,8.518109999999941e-05,0.35835744401560077
full_288,opus,0.05,Weighted global,threshold,0.6,0.2149999999999996,-0.10153500000000129,0.2149999999999996,0.0,0.0034928214583333345,1.3958121017934995
full_288,pro,0.05,Weighted global,threshold,0.6,0.2149999999999996,-0.10153500000000129,0.2149999999999996,0.0,0.005282857166666668,3.099409035605049
full_288,astra,0.05,Weighted global,threshold,0.6,0.2149999999999996,-0.10153500000000129,0.2149999999999996,0.0,0.004198750572916675,1.6254693291675375
full_288,sonnet,0.05,Weighted global,threshold,0.6,0.2149999999999996,-0.10153500000000129,0.21404166666666594,0.0009583333333333299,0.002392388375000008,1.9661830039231214
full_288,lite,0.05,Weighted global,threshold,0.6,0.2149999999999996,-0.10153500000000129,0.21500000000000022,-6.938893903907228e-18,0.000937353777083331,1.0473861635418809
full_288,luna,0.05,Weighted global,threshold,0.6,0.2149999999999996,-0.10153500000000129,0.21500000000000022,-6.938893903907228e-18,0.0001701914489583335,1.5961472085324893
full_288,qwen_local,0.05,Weighted global,threshold,0.6,0.2149999999999996,-0.10153500000000129,0.21500000000000008,-5.204170427930421e-18,0.0,25.896144851428076
full_288,baseline,0.05,Weighted global,threshold,0.7,0.15166666666666817,-0.05583000000000002,0.09229861111110949,0.05936805555555505,5.5403755555556255e-05,0.23505994162812183
full_288,opus,0.05,Weighted global,threshold,0.7,0.15166666666666817,-0.05583000000000002,0.15166666666666817,0.0,0.002616604166666746,1.0832577691931342
full_288,pro,0.05,Weighted global,threshold,0.7,0.15166666666666817,-0.05583000000000002,0.15166666666666817,0.0,0.004504737249999958,2.6252259652002383
full_288,astra,0.05,Weighted global,threshold,0.7,0.15166666666666817,-0.05583000000000002,0.15166666666666817,0.0,0.0029844921527777592,1.1412871463667509
full_288,sonnet,0.05,Weighted global,threshold,0.7,0.15166666666666817,-0.05583000000000002,0.15160416666666926,6.249999999999962e-05,0.0017669940972221965,1.484929748341827
full_288,lite,0.05,Weighted global,threshold,0.7,0.15166666666666817,-0.05583000000000002,0.1416111111111138,0.010055555555555554,0.0006736747715277843,0.7342139991382233
full_288,luna,0.05,Weighted global,threshold,0.7,0.15166666666666817,-0.05583000000000002,0.14652777777777715,0.00513888888888887,0.00011837504861110938,1.114282145311193
full_288,qwen_local,0.05,Weighted global,threshold,0.7,0.15166666666666817,-0.05583000000000002,0.14049305555555663,0.011173611111111106,0.0,18.91044770965963
full_288,baseline,0.05,Weighted global,threshold,0.8,0.2249999999999991,-0.044369999999999785,0.1397916666666683,0.08520833333333341,8.623309999999999e-05,0.3646889002024214
full_288,opus,0.05,Weighted global,threshold,0.8,0.2249999999999991,-0.044369999999999785,0.2249999999999991,0.0,0.003954645208333328,1.6076397374550222
full_288,pro,0.05,Weighted global,threshold,0.8,0.2249999999999991,-0.044369999999999785,0.2249999999999991,0.0,0.006412736666666703,3.733714376427745
full_288,astra,0.05,Weighted global,threshold,0.8,0.2249999999999991,-0.044369999999999785,0.2249999999999991,0.0,0.004740912916666654,1.8582752637077258
full_288,sonnet,0.05,Weighted global,threshold,0.8,0.2249999999999991,-0.044369999999999785,0.22020833333333378,0.00479166666666665,0.003093573500000002,2.578986463792183
full_288,lite,0.05,Weighted global,threshold,0.8,0.2249999999999991,-0.044369999999999785,0.2146666666666649,0.010333333333333285,0.0010217565291666631,1.121670231054678
full_288,luna,0.05,Weighted global,threshold,0.8,0.2249999999999991,-0.044369999999999785,0.2127916666666675,0.012208333333333342,0.0001895802833333332,1.7182028890609313
full_288,qwen_local,0.05,Weighted global,threshold,0.8,0.2249999999999991,-0.044369999999999785,0.221374999999996,0.00362500000000009,0.0,27.982752918908275
full_288,baseline,0.05,Weighted global,threshold,0.9,0.16666666666666574,-0.03699999999999994,0.10833333333333406,0.058333333333331794,6.533222222221999e-05,0.2823529025410474
full_288,opus,0.05,Weighted global,threshold,0.9,0.16666666666666574,-0.03699999999999994,0.16666666666666574,0.0,0.0030221180555555505,1.2602422038131555
full_288,pro,0.05,Weighted global,threshold,0.9,0.16666666666666574,-0.03699999999999994,0.16666666666666574,0.0,0.005092227777777746,2.9271618941679556
full_288,astra,0.05,Weighted global,threshold,0.9,0.16666666666666574,-0.03699999999999994,0.16666666666666574,0.0,0.0038979861111109494,1.5464665822963308
full_288,sonnet,0.05,Weighted global,threshold,0.9,0.16666666666666574,-0.03699999999999994,0.15833333333333377,0.008333333333333349,0.0023432083333332805,1.9435277953029502
full_288,lite,0.05,Weighted global,threshold,0.9,0.16666666666666574,-0.03699999999999994,0.1666666666666723,0.0,0.000719478055555531,0.7994190144766309
full_288,luna,0.05,Weighted global,threshold,0.9,0.16666666666666574,-0.03699999999999994,0.16527777777777297,0.0013888888888888458,0.0001466577777777786,1.3421066644808457
full_288,qwen_local,0.05,Weighted global,threshold,0.9,0.16666666666666574,-0.03699999999999994,0.16111111111110654,0.0055555555555554526,0.0,20.40792677297935
full_288,baseline,0.05,Weighted global,equal_call_budget,0.0,0.0,0.0,0.0,0.0,0.0,0.0
full_288,opus,0.05,Weighted global,equal_call_budget,0.0,0.0,0.0,0.0,0.0,0.0,0.0
full_288,pro,0.05,Weighted global,equal_call_budget,0.0,0.0,0.0,0.0,0.0,0.0,0.0
full_288,astra,0.05,Weighted global,equal_call_budget,0.0,0.0,0.0,0.0,0.0,0.0,0.0
full_288,sonnet,0.05,Weighted global,equal_call_budget,0.0,0.0,0.0,0.0,0.0,0.0,0.0
full_288,lite,0.05,Weighted global,equal_call_budget,0.0,0.0,0.0,0.0,0.0,0.0,0.0
full_288,luna,0.05,Weighted global,equal_call_budget,0.0,0.0,0.0,0.0,0.0,0.0,0.0
full_288,qwen_local,0.05,Weighted global,equal_call_budget,0.0,0.0,0.0,0.0,0.0,0.0,0.0
full_288,baseline,0.05,Weighted global,equal_call_budget,0.1,0.0,0.0,0.0,0.0,0.0,0.0
full_288,opus,0.05,Weighted global,equal_call_budget,0.1,0.0,0.0,0.0,0.0,0.0,0.0
full_288,pro,0.05,Weighted global,equal_call_budget,0.1,0.0,0.0,0.0,0.0,0.0,0.0
full_288,astra,0.05,Weighted global,equal_call_budget,0.1,0.0,0.0,0.0,0.0,0.0,0.0
full_288,sonnet,0.05,Weighted global,equal_call_budget,0.1,0.0,0.0,0.0,0.0,0.0,0.0
full_288,lite,0.05,Weighted global,equal_call_budget,0.1,0.0,0.0,0.0,0.0,0.0,0.0
full_288,luna,0.05,Weighted global,equal_call_budget,0.1,0.0,0.0,0.0,0.0,0.0,0.0
full_288,qwen_local,0.05,Weighted global,equal_call_budget,0.1,0.0,0.0,0.0,0.0,0.0,0.0
full_288,baseline,0.05,Weighted global,equal_call_budget,0.2,0.0,0.0,0.0,0.0,0.0,0.0
full_288,opus,0.05,Weighted global,equal_call_budget,0.2,0.0,0.0,0.0,0.0,0.0,0.0
full_288,pro,0.05,Weighted global,equal_call_budget,0.2,0.0,0.0,0.0,0.0,0.0,0.0
full_288,astra,0.05,Weighted global,equal_call_budget,0.2,0.0,0.0,0.0,0.0,0.0,0.0
full_288,sonnet,0.05,Weighted global,equal_call_budget,0.2,0.0,0.0,0.0,0.0,0.0,0.0
full_288,lite,0.05,Weighted global,equal_call_budget,0.2,0.0,0.0,0.0,0.0,0.0,0.0
full_288,luna,0.05,Weighted global,equal_call_budget,0.2,0.0,0.0,0.0,0.0,0.0,0.0
full_288,qwen_local,0.05,Weighted global,equal_call_budget,0.2,0.0,0.0,0.0,0.0,0.0,0.0
full_288,baseline,0.05,Weighted global,equal_call_budget,0.3,0.0,0.0,0.0,0.0,0.0,0.0
full_288,opus,0.05,Weighted global,equal_call_budget,0.3,0.0,0.0,0.0,0.0,0.0,0.0
full_288,pro,0.05,Weighted global,equal_call_budget,0.3,0.0,0.0,0.0,0.0,0.0,0.0
full_288,astra,0.05,Weighted global,equal_call_budget,0.3,0.0,0.0,0.0,0.0,0.0,0.0
full_288,sonnet,0.05,Weighted global,equal_call_budget,0.3,0.0,0.0,0.0,0.0,0.0,0.0
full_288,lite,0.05,Weighted global,equal_call_budget,0.3,0.0,0.0,0.0,0.0,0.0,0.0
full_288,luna,0.05,Weighted global,equal_call_budget,0.3,0.0,0.0,0.0,0.0,0.0,0.0
full_288,qwen_local,0.05,Weighted global,equal_call_budget,0.3,0.0,0.0,0.0,0.0,0.0,0.0
full_288,baseline,0.05,Weighted global,equal_call_budget,0.4,0.0,0.0,0.0,0.0,0.0,0.0
full_288,opus,0.05,Weighted global,equal_call_budget,0.4,0.0,0.0,0.0,0.0,0.0,0.0
full_288,pro,0.05,Weighted global,equal_call_budget,0.4,0.0,0.0,0.0,0.0,0.0,0.0
full_288,astra,0.05,Weighted global,equal_call_budget,0.4,0.0,0.0,0.0,0.0,0.0,0.0
full_288,sonnet,0.05,Weighted global,equal_call_budget,0.4,0.0,0.0,0.0,0.0,0.0,0.0
full_288,lite,0.05,Weighted global,equal_call_budget,0.4,0.0,0.0,0.0,0.0,0.0,0.0
full_288,luna,0.05,Weighted global,equal_call_budget,0.4,0.0,0.0,0.0,0.0,0.0,0.0
full_288,qwen_local,0.05,Weighted global,equal_call_budget,0.4,0.0,0.0,0.0,0.0,0.0,0.0
full_288,baseline,0.05,Weighted global,equal_call_budget,0.5,0.0,0.0,0.0,0.0,0.0,0.0
full_288,opus,0.05,Weighted global,equal_call_budget,0.5,0.0,0.0,0.0,0.0,0.0,0.0
full_288,pro,0.05,Weighted global,equal_call_budget,0.5,0.0,0.0,0.0,0.0,0.0,0.0
full_288,astra,0.05,Weighted global,equal_call_budget,0.5,0.0,0.0,0.0,0.0,0.0,0.0
full_288,sonnet,0.05,Weighted global,equal_call_budget,0.5,0.0,0.0,0.0,0.0,0.0,0.0
full_288,lite,0.05,Weighted global,equal_call_budget,0.5,0.0,0.0,0.0,0.0,0.0,0.0
full_288,luna,0.05,Weighted global,equal_call_budget,0.5,0.0,0.0,0.0,0.0,0.0,0.0
full_288,qwen_local,0.05,Weighted global,equal_call_budget,0.5,0.0,0.0,0.0,0.0,0.0,0.0
full_288,baseline,0.05,Weighted global,equal_call_budget,0.6,0.0,0.0,0.0,0.0,0.0,0.0
full_288,opus,0.05,Weighted global,equal_call_budget,0.6,0.0,0.0,0.0,0.0,0.0,0.0
full_288,pro,0.05,Weighted global,equal_call_budget,0.6,0.0,0.0,0.0,0.0,0.0,0.0
full_288,astra,0.05,Weighted global,equal_call_budget,0.6,0.0,0.0,0.0,0.0,0.0,0.0
full_288,sonnet,0.05,Weighted global,equal_call_budget,0.6,0.0,0.0,0.0,0.0,0.0,0.0
full_288,lite,0.05,Weighted global,equal_call_budget,0.6,0.0,0.0,0.0,0.0,0.0,0.0
full_288,luna,0.05,Weighted global,equal_call_budget,0.6,0.0,0.0,0.0,0.0,0.0,0.0
full_288,qwen_local,0.05,Weighted global,equal_call_budget,0.6,0.0,0.0,0.0,0.0,0.0,0.0
full_288,baseline,0.05,Weighted global,equal_call_budget,0.7,0.0,0.0,0.0,0.0,0.0,0.0
full_288,opus,0.05,Weighted global,equal_call_budget,0.7,0.0,0.0,0.0,0.0,0.0,0.0
full_288,pro,0.05,Weighted global,equal_call_budget,0.7,0.0,0.0,0.0,0.0,0.0,0.0
full_288,astra,0.05,Weighted global,equal_call_budget,0.7,0.0,0.0,0.0,0.0,0.0,0.0
full_288,sonnet,0.05,Weighted global,equal_call_budget,0.7,0.0,0.0,0.0,0.0,0.0,0.0
full_288,lite,0.05,Weighted global,equal_call_budget,0.7,0.0,0.0,0.0,0.0,0.0,0.0
full_288,luna,0.05,Weighted global,equal_call_budget,0.7,0.0,0.0,0.0,0.0,0.0,0.0
full_288,qwen_local,0.05,Weighted global,equal_call_budget,0.7,0.0,0.0,0.0,0.0,0.0,0.0
full_288,baseline,0.05,Weighted global,equal_call_budget,0.8,0.0,0.0,0.0,0.0,0.0,0.0
full_288,opus,0.05,Weighted global,equal_call_budget,0.8,0.0,0.0,0.0,0.0,0.0,0.0
full_288,pro,0.05,Weighted global,equal_call_budget,0.8,0.0,0.0,0.0,0.0,0.0,0.0
full_288,astra,0.05,Weighted global,equal_call_budget,0.8,0.0,0.0,0.0,0.0,0.0,0.0
full_288,sonnet,0.05,Weighted global,equal_call_budget,0.8,0.0,0.0,0.0,0.0,0.0,0.0
full_288,lite,0.05,Weighted global,equal_call_budget,0.8,0.0,0.0,0.0,0.0,0.0,0.0
full_288,luna,0.05,Weighted global,equal_call_budget,0.8,0.0,0.0,0.0,0.0,0.0,0.0
full_288,qwen_local,0.05,Weighted global,equal_call_budget,0.8,0.0,0.0,0.0,0.0,0.0,0.0
full_288,baseline,0.05,Weighted global,equal_call_budget,0.9,0.0,0.0,0.0,0.0,0.0,0.0
full_288,opus,0.05,Weighted global,equal_call_budget,0.9,0.0,0.0,0.0,0.0,0.0,0.0
full_288,pro,0.05,Weighted global,equal_call_budget,0.9,0.0,0.0,0.0,0.0,0.0,0.0
full_288,astra,0.05,Weighted global,equal_call_budget,0.9,0.0,0.0,0.0,0.0,0.0,0.0
full_288,sonnet,0.05,Weighted global,equal_call_budget,0.9,0.0,0.0,0.0,0.0,0.0,0.0
full_288,lite,0.05,Weighted global,equal_call_budget,0.9,0.0,0.0,0.0,0.0,0.0,0.0
full_288,luna,0.05,Weighted global,equal_call_budget,0.9,0.0,0.0,0.0,0.0,0.0,0.0
full_288,qwen_local,0.05,Weighted global,equal_call_budget,0.9,0.0,0.0,0.0,0.0,0.0,0.0
full_288,baseline,0.05,Weighted global,equal_call_budget,1.0,0.0,0.0,0.0,0.0,0.0,0.0
full_288,opus,0.05,Weighted global,equal_call_budget,1.0,0.0,0.0,0.0,0.0,0.0,0.0
full_288,pro,0.05,Weighted global,equal_call_budget,1.0,0.0,0.0,0.0,0.0,0.0,0.0
full_288,astra,0.05,Weighted global,equal_call_budget,1.0,0.0,0.0,0.0,0.0,0.0,0.0
full_288,sonnet,0.05,Weighted global,equal_call_budget,1.0,0.0,0.0,0.0,0.0,0.0,0.0
full_288,lite,0.05,Weighted global,equal_call_budget,1.0,0.0,0.0,0.0,0.0,0.0,0.0
full_288,luna,0.05,Weighted global,equal_call_budget,1.0,0.0,0.0,0.0,0.0,0.0,0.0
full_288,qwen_local,0.05,Weighted global,equal_call_budget,1.0,0.0,0.0,0.0,0.0,0.0,0.0
full_288,baseline,0.05,Weighted regime,threshold,0.4,0.008333333333333333,-0.0043199999999998795,0.005340277777777776,0.002993055555555556,3.254983333333334e-06,0.013749086624664614
full_288,opus,0.05,Weighted regime,threshold,0.4,0.008333333333333333,-0.0043199999999998795,0.008333333333333333,0.0,0.00013135753472222223,0.05135271604584544
full_288,pro,0.05,Weighted regime,threshold,0.4,0.008333333333333333,-0.0043199999999998795,0.008333333333333333,0.0,0.00019641058333333335,0.11554970848563081
full_288,astra,0.05,Weighted regime,threshold,0.4,0.008333333333333333,-0.0043199999999998795,0.008333333333333333,0.0,0.00016321998263888892,0.06375772958959472
full_288,sonnet,0.05,Weighted regime,threshold,0.4,0.008333333333333333,-0.0043199999999998795,0.008333333333333333,0.0,8.045447222222222e-05,0.0659727074645602
full_288,lite,0.05,Weighted regime,threshold,0.4,0.008333333333333333,-0.0043199999999998795,0.008305555555555556,2.7777777777777816e-05,3.474552291666666e-05,0.03927810843675009
full_288,luna,0.05,Weighted regime,threshold,0.4,0.008333333333333333,-0.0043199999999998795,0.008305555555555556,2.7777777777777816e-05,6.580639930555556e-06,0.06246801963568336
full_288,qwen_local,0.05,Weighted regime,threshold,0.4,0.008333333333333333,-0.0043199999999998795,0.00829861111111111,3.4722222222222236e-05,0.0,1.012200545239309
full_288,baseline,0.05,Weighted regime,threshold,0.6,0.19583333333333316,-0.09684500000000124,0.12488194444444409,0.07095138888888887,7.541860555555499e-05,0.3173122864452922
full_288,opus,0.05,Weighted regime,threshold,0.6,0.19583333333333316,-0.09684500000000124,0.19583333333333316,0.0,0.0031001070138889047,1.2235351789400848
full_288,pro,0.05,Weighted regime,threshold,0.6,0.19583333333333316,-0.09684500000000124,0.19583333333333316,0.0,0.004766008916666666,2.7917527878953
full_288,astra,0.05,Weighted regime,threshold,0.6,0.19583333333333316,-0.09684500000000124,0.19583333333333316,0.0,0.0038136732291666683,1.47690941075569
full_288,sonnet,0.05,Weighted regime,threshold,0.6,0.19583333333333316,-0.09684500000000124,0.19577777777777758,5.5555555555555355e-05,0.0019222003750000091,1.5829470140768556
full_288,lite,0.05,Weighted regime,threshold,0.6,0.19583333333333316,-0.09684500000000124,0.1938333333333331,0.0020000000000000018,0.0008217739902777763,0.9237825950626418
full_288,luna,0.05,Weighted regime,threshold,0.6,0.19583333333333316,-0.09684500000000124,0.19494444444444406,0.0008888888888888792,0.00015683701458333346,1.483411457727493
full_288,qwen_local,0.05,Weighted regime,threshold,0.6,0.19583333333333316,-0.09684500000000124,0.19361111111111023,0.0022222222222222313,0.0,23.624957680372468
full_288,baseline,0.05,Weighted regime,threshold,0.7,0.15750000000000108,-0.05778500000000002,0.09421527777777605,0.06328472222222162,5.6874405555556475e-05,0.24182389127788584
full_288,opus,0.05,Weighted regime,threshold,0.7,0.15750000000000108,-0.05778500000000002,0.15750000000000108,0.0,0.002709458020833406,1.1199405893899486
full_288,pro,0.05,Weighted regime,threshold,0.7,0.15750000000000108,-0.05778500000000002,0.15750000000000108,0.0,0.004713963833333291,2.743770431490514
full_288,astra,0.05,Weighted regime,threshold,0.7,0.15750000000000108,-0.05778500000000002,0.15750000000000108,0.0,0.00312624270833331,1.1979030777015724
full_288,sonnet,0.05,Weighted regime,threshold,0.7,0.15750000000000108,-0.05778500000000002,0.1573541666666694,0.00014583333333333288,0.0017795442499999713,1.498243241128999
full_288,lite,0.05,Weighted regime,threshold,0.7,0.15750000000000108,-0.05778500000000002,0.14644444444444726,0.011055555555555551,0.0006896612159722286,0.7528166568429198
full_288,luna,0.05,Weighted regime,threshold,0.7,0.15750000000000108,-0.05778500000000002,0.15186805555555583,0.005631944444444424,0.00012383483055555388,1.1687060451764295
full_288,qwen_local,0.05,Weighted regime,threshold,0.7,0.15750000000000108,-0.05778500000000002,0.14484027777777836,0.012659722222222208,0.0,19.683132471473833
full_288,baseline,0.05,Weighted regime,threshold,0.8,0.16999999999999937,-0.03545999999999983,0.10786111111111185,0.06213888888888816,6.583579999999971e-05,0.2812631251868809
full_288,opus,0.05,Weighted regime,threshold,0.8,0.16999999999999937,-0.03545999999999983,0.16999999999999937,0.0,0.0030313976388888723,1.2471662410902464
full_288,pro,0.05,Weighted regime,threshold,0.8,0.16999999999999937,-0.03545999999999983,0.16999999999999937,0.0,0.005005391777777781,2.8966485850989994
full_288,astra,0.05,Weighted regime,threshold,0.8,0.16999999999999937,-0.03545999999999983,0.16999999999999937,0.0,0.0037629136111111145,1.4836402617819395
full_288,sonnet,0.05,Weighted regime,threshold,0.8,0.16999999999999937,-0.03545999999999983,0.16413888888888817,0.0058611111111110895,0.002361569333333353,1.9641027568548344
full_288,lite,0.05,Weighted regime,threshold,0.8,0.16999999999999937,-0.03545999999999983,0.16577777777777591,0.0042222222222222,0.0007544861527777713,0.8327544198997976
full_288,luna,0.05,Weighted regime,threshold,0.8,0.16999999999999937,-0.03545999999999983,0.16436111111111174,0.005638888888888895,0.00014615552222222328,1.3306868396677585
full_288,qwen_local,0.05,Weighted regime,threshold,0.8,0.16999999999999937,-0.03545999999999983,0.1659166666666645,0.0040833333333334075,0.0,20.992622593005265
full_288,baseline,0.05,Weighted regime,threshold,0.9,0.16333333333333255,-0.03637999999999994,0.10630555555555632,0.057027777777776234,6.406784444444228e-05,0.2770604147746989
full_288,opus,0.05,Weighted regime,threshold,0.9,0.16333333333333255,-0.03637999999999994,0.16333333333333255,0.0,0.002964368472222218,1.2370521390421132
full_288,pro,0.05,Weighted regime,threshold,0.9,0.16333333333333255,-0.03637999999999994,0.16333333333333255,0.0,0.005000313777777737,2.873305842966296
full_288,astra,0.05,Weighted regime,threshold,0.9,0.16333333333333255,-0.03637999999999994,0.16333333333333255,0.0,0.003831238611110954,1.5204717586588403
full_288,sonnet,0.05,Weighted regime,threshold,0.9,0.16333333333333255,-0.03637999999999994,0.1550277777777781,0.008305555555555566,0.002297844333333283,1.905620165415531
full_288,lite,0.05,Weighted regime,threshold,0.9,0.16333333333333255,-0.03637999999999994,0.1635555555555609,-0.00022222222222222088,0.0007040033083333089,0.7825176328642778
full_288,luna,0.05,Weighted regime,threshold,0.9,0.16333333333333255,-0.03637999999999994,0.16219444444443964,0.0011388888888888317,0.00014390543333333422,1.3172783184597927
full_288,qwen_local,0.05,Weighted regime,threshold,0.9,0.16333333333333255,-0.03637999999999994,0.1578055555555512,0.00552777777777768,0.0,19.990476801489947
full_288,baseline,0.05,Weighted regime,equal_call_budget,0.0,0.0,0.0,0.0,0.0,0.0,0.0
full_288,opus,0.05,Weighted regime,equal_call_budget,0.0,0.0,0.0,0.0,0.0,0.0,0.0
full_288,pro,0.05,Weighted regime,equal_call_budget,0.0,0.0,0.0,0.0,0.0,0.0,0.0
full_288,astra,0.05,Weighted regime,equal_call_budget,0.0,0.0,0.0,0.0,0.0,0.0,0.0
full_288,sonnet,0.05,Weighted regime,equal_call_budget,0.0,0.0,0.0,0.0,0.0,0.0,0.0
full_288,lite,0.05,Weighted regime,equal_call_budget,0.0,0.0,0.0,0.0,0.0,0.0,0.0
full_288,luna,0.05,Weighted regime,equal_call_budget,0.0,0.0,0.0,0.0,0.0,0.0,0.0
full_288,qwen_local,0.05,Weighted regime,equal_call_budget,0.0,0.0,0.0,0.0,0.0,0.0,0.0
full_288,baseline,0.05,Weighted regime,equal_call_budget,0.1,0.0,-0.002537999999999374,0.0005875000000002545,-0.0005875000000000533,-9.338900000000345e-07,-0.008519136100826635
full_288,opus,0.05,Weighted regime,equal_call_budget,0.1,0.0,-0.002537999999999374,0.0,0.0,-0.00013746618750000222,-0.06525440204056521
full_288,pro,0.05,Weighted regime,equal_call_budget,0.1,0.0,-0.002537999999999374,0.0,0.0,-0.00021984484999998735,-0.14930331169058353
full_288,astra,0.05,Weighted regime,equal_call_budget,0.1,0.0,-0.002537999999999374,0.0,0.0,-7.627365624999268e-05,-0.05071020958632688
full_288,sonnet,0.05,Weighted regime,equal_call_budget,0.1,0.0,-0.002537999999999374,0.0,0.0,-0.00016857960000000094,-0.14298130864475922
full_288,lite,0.05,Weighted regime,equal_call_budget,0.1,0.0,-0.002537999999999374,0.002349999999999672,-0.002349999999999978,-1.986766374999975e-05,-0.017428943098345473
full_288,luna,0.05,Weighted regime,equal_call_budget,0.1,0.0,-0.002537999999999374,0.002349999999999672,-0.002349999999999978,8.192599375000172e-06,0.06987210296410351
full_288,qwen_local,0.05,Weighted regime,equal_call_budget,0.1,0.0,-0.002537999999999374,0.0029374999999998985,-0.00293749999999999,0.0,-0.834571591078566
full_288,baseline,0.05,Weighted regime,equal_call_budget,0.2,0.0,-0.0031820000000005733,0.0007597222222222866,-0.0007597222222222588,-1.2972855555559379e-06,-0.01165616620079224
full_288,opus,0.05,Weighted regime,equal_call_budget,0.2,0.0,-0.0031820000000005733,0.0,0.0,-0.00018327331250000837,-0.08652099434664562
full_288,pro,0.05,Weighted regime,equal_call_budget,0.2,0.0,-0.0031820000000005733,0.0,0.0,-0.0002872723500000158,-0.1962635987803827
full_288,astra,0.05,Weighted regime,equal_call_budget,0.2,0.0,-0.0031820000000005733,0.0,0.0,-0.00010302972916666382,-0.06880692707138136
full_288,sonnet,0.05,Weighted regime,equal_call_budget,0.2,0.0,-0.0031820000000005733,-2.77777777776822e-06,2.7777777777777957e-06,-0.00022400989444443936,-0.18973253950708724
full_288,lite,0.05,Weighted regime,equal_call_budget,0.2,0.0,-0.0031820000000005733,0.003083333333333743,-0.003083333333333342,-2.6329989583334288e-05,-0.02327237587291975
full_288,luna,0.05,Weighted regime,equal_call_budget,0.2,0.0,-0.0031820000000005733,0.00313333333333371,-0.0031333333333333434,1.1058540694444826e-05,0.09416162272614126
full_288,qwen_local,0.05,Weighted regime,equal_call_budget,0.2,0.0,-0.0031820000000005733,0.00386666666666724,-0.003866666666666653,0.0,-1.123804029812625
full_288,baseline,0.05,Weighted regime,equal_call_budget,0.3,0.0,-3.7999999999899226e-05,0.00010138888888794328,-0.00010138888888880371,-5.196922222216137e-07,-0.004028984299027094
full_288,opus,0.05,Weighted regime,equal_call_budget,0.3,0.0,-3.7999999999899226e-05,0.0,0.0,-4.5762312499992436e-05,-0.019811967183766876
full_288,pro,0.05,Weighted regime,equal_call_budget,0.3,0.0,-3.7999999999899226e-05,0.0,0.0,-4.986514999996694e-05,-0.03853783666860178
full_288,astra,0.05,Weighted regime,equal_call_budget,0.3,0.0,-3.7999999999899226e-05,0.0,0.0,-3.075063541665892e-05,-0.021676660353902033
full_288,sonnet,0.05,Weighted regime,equal_call_budget,0.3,0.0,-3.7999999999899226e-05,-1.1111111111128391e-05,1.1111111111111183e-05,-5.3141577777769244e-05,-0.044023614804558964
full_288,lite,0.05,Weighted regime,equal_call_budget,0.3,0.0,-3.7999999999899226e-05,0.000583333333332936,-0.0005833333333333177,-5.981639583331347e-06,-0.0059447879999348086
full_288,luna,0.05,Weighted regime,equal_call_budget,0.3,0.0,-3.7999999999899226e-05,0.0007833333333328585,-0.0007833333333333199,3.2711659027778468e-06,0.027285976084063357
full_288,qwen_local,0.05,Weighted regime,equal_call_budget,0.3,0.0,-3.7999999999899226e-05,0.0007791666666671637,-0.0007791666666666615,0.0,-0.3223581638582047
full_288,baseline,0.05,Weighted regime,equal_call_budget,0.4,0.0,-0.0013379999999992842,-0.0063708333333329925,0.0063708333333328815,-2.8685366666660224e-06,-0.011569980342827302
full_288,opus,0.05,Weighted regime,equal_call_budget,0.4,0.0,-0.0013379999999992842,5.551115123125783e-17,-4.274358644806853e-17,-4.61791875000072e-05,-0.02586844582689185
full_288,pro,0.05,Weighted regime,equal_call_budget,0.4,0.0,-0.0013379999999992842,5.551115123125783e-17,-4.274358644806853e-17,0.00010191035000002395,0.05297311997869869
full_288,astra,0.05,Weighted regime,equal_call_budget,0.4,0.0,-0.0013379999999992842,5.551115123125783e-17,-4.274358644806853e-17,-4.918187500011634e-06,-0.0035075387500915767
full_288,sonnet,0.05,Weighted regime,equal_call_budget,0.4,0.0,-0.0013379999999992842,0.0008916666666662909,-0.0008916666666667153,-0.00022519888333334594,-0.1760926594493295
full_288,lite,0.05,Weighted regime,equal_call_budget,0.4,0.0,-0.0013379999999992842,-0.003750000000000364,0.003750000000000005,-2.7554043750002265e-05,-0.029003798360824895
full_288,luna,0.05,Weighted regime,equal_call_budget,0.4,0.0,-0.0013379999999992842,-0.0018000000000013006,0.0017999999999999813,1.171012083333743e-06,0.023872660758177844
full_288,qwen_local,0.05,Weighted regime,equal_call_budget,0.4,0.0,-0.0013379999999992842,-0.0041999999999999815,0.004200000000000044,0.0,0.17116613346662746
full_288,baseline,0.05,Weighted regime,equal_call_budget,0.5,0.0,-0.004860000000000114,-0.015749999999999875,0.015749999999999265,-6.780599999998971e-06,-0.026695065359415016
full_288,opus,0.05,Weighted regime,equal_call_budget,0.5,0.0,-0.004860000000000114,0.0,-8.881784197001253e-17,-0.00011556000000000066,-0.06830767737300691
full_288,pro,0.05,Weighted regime,equal_call_budget,0.5,0.0,-0.004860000000000114,0.0,-8.881784197001253e-17,0.00021086999999998454,0.11137667389380645
full_288,astra,0.05,Weighted regime,equal_call_budget,0.5,0.0,-0.004860000000000114,0.0,-8.881784197001253e-17,-2.309062500035347e-06,0.00018101029688200043
full_288,sonnet,0.05,Weighted regime,equal_call_budget,0.5,0.0,-0.004860000000000114,0.0022500000000010845,-0.002250000000000081,-0.0005687190000000109,-0.44705068876780096
full_288,lite,0.05,Weighted regime,equal_call_budget,0.5,0.0,-0.004860000000000114,-0.008999999999998565,0.008999999999999968,-7.008682499999889e-05,-0.07225610783866543
full_288,luna,0.05,Weighted regime,equal_call_budget,0.5,0.0,-0.004860000000000114,-0.004499999999997895,0.004499999999999973,1.914468749999315e-06,0.05219051109039663
full_288,qwen_local,0.05,Weighted regime,equal_call_budget,0.5,0.0,-0.004860000000000114,-0.010125000000001882,0.01012499999999997,0.0,0.5107296464761504
full_288,baseline,0.05,Weighted regime,equal_call_budget,0.6,0.0,-0.0018299999999999983,-0.006374999999999076,0.006375000000000325,-2.735386666665124e-06,-0.01073004643401676
full_288,opus,0.05,Weighted regime,equal_call_budget,0.6,0.0,-0.0018299999999999983,0.0,0.0,-4.6193458333301796e-05,-0.027410728676261265
full_288,pro,0.05,Weighted regime,equal_call_budget,0.6,0.0,-0.0018299999999999983,0.0,0.0,8.673073333323109e-05,0.0456114750027421
full_288,astra,0.05,Weighted regime,equal_call_budget,0.6,0.0,-0.0018299999999999983,0.0,0.0,2.7958958333726414e-06,0.0018420363684636953
full_288,sonnet,0.05,Weighted regime,equal_call_budget,0.6,0.0,-0.0018299999999999983,0.0008666666666636846,-0.0008666666666666267,-0.00022924504999998103,-0.18022417770268007
full_288,lite,0.05,Weighted regime,equal_call_budget,0.6,0.0,-0.0018299999999999983,-0.0036000000000002697,0.0036000000000000285,-2.8676155833352347e-05,-0.02947851364235765
full_288,luna,0.05,Weighted regime,equal_call_budget,0.6,0.0,-0.0018299999999999983,-0.0018083333333307472,0.0018083333333333076,8.807412499995098e-07,0.021974202470192772
full_288,qwen_local,0.05,Weighted regime,equal_call_budget,0.6,0.0,-0.0018299999999999983,-0.0040833333333372135,0.004083333333333305,0.0,0.205835047207529
full_288,baseline,0.05,Weighted regime,equal_call_budget,0.7,0.0,-0.0006579999999998254,0.0008375000000021005,-0.0008374999999987143,2.54437777777504e-07,0.002323989033190088
full_288,opus,0.05,Weighted regime,equal_call_budget,0.7,0.0,-0.0006579999999998254,0.0,-7.382983113757291e-17,1.821697222217228e-05,0.013482883340811824
full_288,pro,0.05,Weighted regime,equal_call_budget,0.7,0.0,-0.0006579999999998254,0.0,-7.382983113757291e-17,7.020822777779184e-05,0.03305291736165117
full_288,astra,0.05,Weighted regime,equal_call_budget,0.7,0.0,-0.0006579999999998254,0.0,-7.382983113757291e-17,8.064186111111926e-05,0.03566743872321343
full_288,sonnet,0.05,Weighted regime,equal_call_budget,0.7,0.0,-0.0006579999999998254,-0.0009819444444431058,0.000981944444444366,7.782858333341483e-06,0.00462788103170908
full_288,lite,0.05,Weighted regime,equal_call_budget,0.7,0.0,-0.0006579999999998254,0.0015000000000017222,-0.0015000000000001575,-8.180240694447873e-06,-0.006930852938241916
full_288,luna,0.05,Weighted regime,equal_call_budget,0.7,0.0,-0.0006579999999998254,0.001488888888889428,-0.0014888888888888816,1.3737466666673397e-06,0.01505706144153951
full_288,qwen_local,0.05,Weighted regime,equal_call_budget,0.7,0.0,-0.0006579999999998254,-0.0006069444444440908,0.0006069444444443371,0.0,-0.0606596083787565
full_288,baseline,0.05,Weighted regime,equal_call_budget,0.8,0.0,-0.00320199999999992,0.0037250000000006445,-0.0037249999999994232,1.1334844444441453e-06,0.009556057584023447
full_288,opus,0.05,Weighted regime,equal_call_budget,0.8,0.0,-0.00320199999999992,0.0,0.0,7.271518055553504e-05,0.054369821998625945
full_288,pro,0.05,Weighted regime,equal_call_budget,0.8,0.0,-0.00320199999999992,0.0,0.0,0.0002689192444444953,0.12690764222083928
full_288,astra,0.05,Weighted regime,equal_call_budget,0.8,0.0,-0.00320199999999992,0.0,0.0,0.0003039698402777999,0.13382159364436674
full_288,sonnet,0.05,Weighted regime,equal_call_budget,0.8,0.0,-0.00320199999999992,-0.003761111111112325,0.003761111111111135,3.991868333328569e-05,0.02553103510475907
full_288,lite,0.05,Weighted regime,equal_call_budget,0.8,0.0,-0.00320199999999992,0.0060000000000010045,-0.00600000000000013,-2.9513833611112972e-05,-0.024843059218491614
full_288,luna,0.05,Weighted regime,equal_call_budget,0.8,0.0,-0.00320199999999992,0.0059972222222228755,-0.005997222222222251,4.920217916668055e-06,0.0547382555959004
full_288,qwen_local,0.05,Weighted regime,equal_call_budget,0.8,0.0,-0.00320199999999992,-0.0022611111111133786,0.0022611111111111547,0.0,-0.2503543765992191
full_288,baseline,0.05,Weighted regime,equal_call_budget,0.9,0.0,-0.0024299999999998663,0.002812499999998108,-0.0028125000000011058,8.558999999993492e-07,0.007180048260573946
full_288,opus,0.05,Weighted regime,equal_call_budget,0.9,0.0,-0.0024299999999998663,0.0,7.494005416219807e-17,5.452875000002376e-05,0.040799280930743365
full_288,pro,0.05,Weighted regime,equal_call_budget,0.9,0.0,-0.0024299999999998663,0.0,7.494005416219807e-17,0.00020109374999994697,0.0949155303043856
full_288,astra,0.05,Weighted regime,equal_call_budget,0.9,0.0,-0.0024299999999998663,0.0,7.494005416219807e-17,0.00022704750000000773,0.09992378717085248
full_288,sonnet,0.05,Weighted regime,equal_call_budget,0.9,0.0,-0.0024299999999998663,-0.0028125000000037703,0.0028125000000000814,3.0378375000018193e-05,0.019499251877469703
full_288,lite,0.05,Weighted regime,equal_call_budget,0.9,0.0,-0.0024299999999998663,0.004500000000000615,-0.004499999999999865,-2.197501875000809e-05,-0.018488276787127944
full_288,luna,0.05,Weighted regime,equal_call_budget,0.9,0.0,-0.0024299999999998663,0.004499999999997617,-0.004499999999999893,3.661424999997398e-06,0.04077919218841597
full_288,qwen_local,0.05,Weighted regime,equal_call_budget,0.9,0.0,-0.0024299999999998663,-0.0016874999999995088,0.0016875000000000015,0.0,-0.18815157960349893
full_288,baseline,0.05,Weighted regime,equal_call_budget,1.0,0.0,0.0,0.0,0.0,0.0,0.0
full_288,opus,0.05,Weighted regime,equal_call_budget,1.0,0.0,0.0,0.0,0.0,0.0,0.0
full_288,pro,0.05,Weighted regime,equal_call_budget,1.0,0.0,0.0,0.0,0.0,0.0,0.0
full_288,astra,0.05,Weighted regime,equal_call_budget,1.0,0.0,0.0,0.0,0.0,0.0,0.0
full_288,sonnet,0.05,Weighted regime,equal_call_budget,1.0,0.0,0.0,0.0,0.0,0.0,0.0
full_288,lite,0.05,Weighted regime,equal_call_budget,1.0,0.0,0.0,0.0,0.0,0.0,0.0
full_288,luna,0.05,Weighted regime,equal_call_budget,1.0,0.0,0.0,0.0,0.0,0.0,0.0
full_288,qwen_local,0.05,Weighted regime,equal_call_budget,1.0,0.0,0.0,0.0,0.0,0.0,0.0
full_288,baseline,0.2,Context cells,threshold,0.4,0.032666666666666705,-0.018620000000000025,0.02177777777777778,0.010888888888888898,1.2638733333333326e-05,0.05313157026243992
full_288,opus,0.2,Context cells,threshold,0.4,0.032666666666666705,-0.018620000000000025,0.032666666666666705,0.0,0.00048354833333333304,0.18720812492310576
full_288,pro,0.2,Context cells,threshold,0.4,0.032666666666666705,-0.018620000000000025,0.032666666666666705,0.0,0.0006749641111111104,0.40691954433117966
full_288,astra,0.2,Context cells,threshold,0.4,0.032666666666666705,-0.018620000000000025,0.032666666666666705,0.0,0.0006153957638888882,0.2389699157823021
full_288,sonnet,0.2,Context cells,threshold,0.4,0.032666666666666705,-0.018620000000000025,0.032666666666666705,0.0,0.0002888060000000001,0.23358928782531063
full_288,lite,0.2,Context cells,threshold,0.4,0.032666666666666705,-0.018620000000000025,0.032666666666666705,0.0,0.00013507952500000018,0.15330051130855749
full_288,luna,0.2,Context cells,threshold,0.4,0.032666666666666705,-0.018620000000000025,0.032666666666666705,0.0,2.615286527777777e-05,0.2513140831731145
full_288,qwen_local,0.2,Context cells,threshold,0.4,0.032666666666666705,-0.018620000000000025,0.032666666666666705,0.0,0.0,3.752899303536712
full_288,baseline,0.2,Context cells,threshold,0.6,0.23433333333333298,-0.11773000000000111,0.14972222222222267,0.08461111111111082,8.826635555555497e-05,0.37074536281387394
full_288,opus,0.2,Context cells,threshold,0.6,0.23433333333333298,-0.11773000000000111,0.23433333333333298,0.0,0.003812662430555573,1.5456720675021647
full_288,pro,0.2,Context cells,threshold,0.6,0.23433333333333298,-0.11773000000000111,0.23433333333333298,0.0,0.005730801444444457,3.3941659145103182
full_288,astra,0.2,Context cells,threshold,0.6,0.23433333333333298,-0.11773000000000111,0.23433333333333298,0.0,0.004460822395833342,1.7071757145136632
full_288,sonnet,0.2,Context cells,threshold,0.6,0.23433333333333298,-0.11773000000000111,0.23433333333333298,0.0,0.0025089927500000072,2.0837824791714428
full_288,lite,0.2,Context cells,threshold,0.6,0.23433333333333298,-0.11773000000000111,0.2259444444444446,0.008388888888888883,0.0010279271402777797,1.1429336919198279
full_288,luna,0.2,Context cells,threshold,0.6,0.23433333333333298,-0.11773000000000111,0.23013888888888814,0.004194444444444433,0.00018511629513888927,1.7710391696736725
full_288,qwen_local,0.2,Context cells,threshold,0.6,0.23433333333333298,-0.11773000000000111,0.22687500000000071,0.007458333333333371,0.0,28.326170178234456
full_288,baseline,0.2,Context cells,threshold,0.7,0.11633333333333151,-0.051949999999999635,0.06679166666666642,0.04954166666666707,4.037894444444478e-05,0.17302586287238486
full_288,opus,0.2,Context cells,threshold,0.7,0.11633333333333151,-0.051949999999999635,0.11633333333333151,0.0,0.0020408061111111438,0.8608154643640353
full_288,pro,0.2,Context cells,threshold,0.7,0.11633333333333151,-0.051949999999999635,0.11633333333333151,0.0,0.003539068833333275,2.05424020845615
full_288,astra,0.2,Context cells,threshold,0.7,0.11633333333333151,-0.051949999999999635,0.11633333333333151,0.0,0.002356854097222215,0.8969147056609668
full_288,sonnet,0.2,Context cells,threshold,0.7,0.11633333333333151,-0.051949999999999635,0.11819444444444355,-0.0018611111111111046,0.0012736411944444213,1.0934501070631475
full_288,lite,0.2,Context cells,threshold,0.7,0.11633333333333151,-0.051949999999999635,0.10522222222222188,0.011111111111111106,0.0005092380111111241,0.5565032687293963
full_288,luna,0.2,Context cells,threshold,0.7,0.11633333333333151,-0.051949999999999635,0.11077777777777875,0.005555555555555536,9.609435416666693e-05,0.906836583097776
full_288,qwen_local,0.2,Context cells,threshold,0.7,0.11633333333333151,-0.051949999999999635,0.10430555555555537,0.012027777777777929,0.0,14.483356271272818
full_288,baseline,0.2,Context cells,threshold,0.8,0.18616666666666792,-0.04792999999999985,0.11375694444444628,0.07240972222222317,7.16204499999995e-05,0.30777666520411473
full_288,opus,0.2,Context cells,threshold,0.8,0.18616666666666792,-0.04792999999999985,0.18616666666666792,0.0,0.00348788194444441,1.4474490152994024
full_288,pro,0.2,Context cells,threshold,0.8,0.18616666666666792,-0.04792999999999985,0.18616666666666792,0.0,0.005647980638888946,3.262604085546359
full_288,astra,0.2,Context cells,threshold,0.8,0.18616666666666792,-0.04792999999999985,0.18616666666666792,0.0,0.004354889479166716,1.7137316689236144
full_288,sonnet,0.2,Context cells,threshold,0.8,0.18616666666666792,-0.04792999999999985,0.18072222222222245,0.005444444444444425,0.0028073740277777936,2.359286653039237
full_288,lite,0.2,Context cells,threshold,0.8,0.18616666666666792,-0.04792999999999985,0.17899999999999872,0.00716666666666663,0.0008168952520833284,0.9052868691451441
full_288,luna,0.2,Context cells,threshold,0.8,0.18616666666666792,-0.04792999999999985,0.1790000000000006,0.007166666666666641,0.00017293269097222517,1.5732892177217321
full_288,qwen_local,0.2,Context cells,threshold,0.8,0.18616666666666792,-0.04792999999999985,0.18196527777777516,0.004201388888889029,0.0,23.014112281721992
full_288,baseline,0.2,Context cells,threshold,0.9,0.10583333333333422,-0.03352499999999994,0.06843750000000093,0.037395833333333295,4.1520527777777233e-05,0.18177211287788442
full_288,opus,0.2,Context cells,threshold,0.9,0.10583333333333422,-0.03352499999999994,0.10583333333333422,0.0,0.0020571373263887707,0.8671643593183331
full_288,pro,0.2,Context cells,threshold,0.9,0.10583333333333422,-0.03352499999999994,0.10583333333333422,0.0,0.0035765513888888108,2.0449938520643514
full_288,astra,0.2,Context cells,threshold,0.9,0.10583333333333422,-0.03352499999999994,0.10583333333333422,0.0,0.0027366552083332545,1.0891787477952244
full_288,sonnet,0.2,Context cells,threshold,0.9,0.10583333333333422,-0.03352499999999994,0.10142361111111087,0.004409722222222207,0.0016384483333333165,1.3709477007669495
full_288,lite,0.2,Context cells,threshold,0.9,0.10583333333333422,-0.03352499999999994,0.10583333333333667,0.0,0.00043338601041664976,0.48492734841328655
full_288,luna,0.2,Context cells,threshold,0.9,0.10583333333333422,-0.03352499999999994,0.1069791666666624,-0.0011458333333334361,0.00010674836111111577,0.9769514288718195
full_288,qwen_local,0.2,Context cells,threshold,0.9,0.10583333333333422,-0.03352499999999994,0.10142361111110942,0.004409722222222138,0.0,12.918071229462
full_288,baseline,0.2,Context cells,equal_call_budget,0.0,0.0,0.0,0.0,0.0,0.0,0.0
full_288,opus,0.2,Context cells,equal_call_budget,0.0,0.0,0.0,0.0,0.0,0.0,0.0
full_288,pro,0.2,Context cells,equal_call_budget,0.0,0.0,0.0,0.0,0.0,0.0,0.0
full_288,astra,0.2,Context cells,equal_call_budget,0.0,0.0,0.0,0.0,0.0,0.0,0.0
full_288,sonnet,0.2,Context cells,equal_call_budget,0.0,0.0,0.0,0.0,0.0,0.0,0.0
full_288,lite,0.2,Context cells,equal_call_budget,0.0,0.0,0.0,0.0,0.0,0.0,0.0
full_288,luna,0.2,Context cells,equal_call_budget,0.0,0.0,0.0,0.0,0.0,0.0,0.0
full_288,qwen_local,0.2,Context cells,equal_call_budget,0.0,0.0,0.0,0.0,0.0,0.0,0.0
full_288,baseline,0.2,Context cells,equal_call_budget,0.1,-1.3877787807814457e-17,-0.007800000000000307,0.002916666666666748,-0.0029166666666668936,-1.3926666666666914e-06,-0.011920305267655334
full_288,opus,0.2,Context cells,equal_call_budget,0.1,-1.3877787807814457e-17,-0.007800000000000307,-1.3877787807814457e-17,0.0,-0.0002393458333333372,-0.1117413199656061
full_288,pro,0.2,Context cells,equal_call_budget,0.1,-1.3877787807814457e-17,-0.007800000000000307,-1.3877787807814457e-17,0.0,-0.0005191666666666509,-0.3005349583619217
full_288,astra,0.2,Context cells,equal_call_budget,0.1,-1.3877787807814457e-17,-0.007800000000000307,-1.3877787807814457e-17,0.0,-0.00015755729166665546,-0.08886870849586392
full_288,sonnet,0.2,Context cells,equal_call_budget,0.1,-1.3877787807814457e-17,-0.007800000000000307,-1.3877787807814457e-17,0.0,-0.0002623883333333337,-0.2292514855162382
full_288,lite,0.2,Context cells,equal_call_budget,0.1,-1.3877787807814457e-17,-0.007800000000000307,0.0029166666666662344,-0.002916666666666643,-2.4556833333333017e-05,-0.02026819647473843
full_288,luna,0.2,Context cells,equal_call_budget,0.1,-1.3877787807814457e-17,-0.007800000000000307,0.0029166666666662344,-0.002916666666666643,1.0185854166666974e-05,0.09720042196655754
full_288,qwen_local,0.2,Context cells,equal_call_budget,0.1,-1.3877787807814457e-17,-0.007800000000000307,0.0037499999999998923,-0.0037499999999999877,0.0,-1.4784425857387422
full_288,baseline,0.2,Context cells,equal_call_budget,0.2,0.0,-0.01111000000000087,0.0032916666666675254,-0.0032916666666663874,-1.4857333333335282e-06,-0.013126087775338413
full_288,opus,0.2,Context cells,equal_call_budget,0.2,0.0,-0.01111000000000087,0.0,0.0,-0.00024241305555556484,-0.11397373996401061
full_288,pro,0.2,Context cells,equal_call_budget,0.2,0.0,-0.01111000000000087,0.0,0.0,-0.0006524357222222384,-0.36359399926760805
full_288,astra,0.2,Context cells,equal_call_budget,0.2,0.0,-0.01111000000000087,0.0,0.0,-0.00020174041666668092,-0.10429216153362453
full_288,sonnet,0.2,Context cells,equal_call_budget,0.2,0.0,-0.01111000000000087,0.0,0.0,-0.00026316563888887463,-0.23155044529431845
full_288,lite,0.2,Context cells,equal_call_budget,0.2,0.0,-0.01111000000000087,0.002458333333334506,-0.0024583333333333237,-1.7191866666668612e-05,-0.011029912528524588
full_288,luna,0.2,Context cells,equal_call_budget,0.2,0.0,-0.01111000000000087,0.002500000000001168,-0.00249999999999999,9.32774444444538e-06,0.09974864430187158
full_288,qwen_local,0.2,Context cells,equal_call_budget,0.2,0.0,-0.01111000000000087,0.003847222222222446,-0.0038472222222222076,0.0,-1.2704222995819947
full_288,baseline,0.2,Context cells,equal_call_budget,0.3,0.0,-0.006904999999999772,0.0014930555555550395,-0.001493055555555206,-1.263777777777504e-06,-0.007783277980589198
full_288,opus,0.2,Context cells,equal_call_budget,0.3,0.0,-0.006904999999999772,0.0,0.0,-4.276520833331517e-05,-0.010241525885875458
full_288,pro,0.2,Context cells,equal_call_budget,0.3,0.0,-0.006904999999999772,0.0,0.0,-0.0003137031388888781,-0.14447099990077739
full_288,astra,0.2,Context cells,equal_call_budget,0.3,0.0,-0.006904999999999772,0.0,0.0,-0.00013684378472221797,-0.06330040654018365
full_288,sonnet,0.2,Context cells,equal_call_budget,0.3,0.0,-0.006904999999999772,0.0,0.0,-1.3761708333318804e-05,-0.012868537481228959
full_288,lite,0.2,Context cells,equal_call_budget,0.3,0.0,-0.006904999999999772,-0.0020902777777783155,0.0020902777777777708,1.661191527778383e-05,0.01746872227611118
full_288,luna,0.2,Context cells,equal_call_budget,0.3,0.0,-0.006904999999999772,-0.0010138888888894804,0.0010138888888888854,2.08389583333335e-07,0.02504970292503872
full_288,qwen_local,0.2,Context cells,equal_call_budget,0.3,0.0,-0.006904999999999772,-0.0009513888888887378,0.0009513888888888853,0.0,-0.15525628983618844
full_288,baseline,0.2,Context cells,equal_call_budget,0.4,0.0,-0.00845999999999969,-0.007666666666665656,0.007666666666665822,-5.223355555555566e-06,-0.02282523431128647
full_288,opus,0.2,Context cells,equal_call_budget,0.4,0.0,-0.00845999999999969,5.551115123125783e-17,-3.2474023470285827e-17,2.152916666698333e-06,0.021341230131073807
full_288,pro,0.2,Context cells,equal_call_budget,0.4,0.0,-0.00845999999999969,5.551115123125783e-17,-3.2474023470285827e-17,-4.05668888888832e-05,0.00725955582938731
full_288,astra,0.2,Context cells,equal_call_budget,0.4,0.0,-0.00845999999999969,5.551115123125783e-17,-3.2474023470285827e-17,-0.00012245951388885692,-0.06820706520030484
full_288,sonnet,0.2,Context cells,equal_call_budget,0.4,0.0,-0.00845999999999969,0.0011111111111105632,-0.0011111111111111508,-0.00014214188888890446,-0.09201145286842483
full_288,lite,0.2,Context cells,equal_call_budget,0.4,0.0,-0.00845999999999969,-0.00927777777777794,0.00927777777777776,1.5400111111083057e-06,-0.0027460198737321306
full_288,luna,0.2,Context cells,equal_call_budget,0.4,0.0,-0.00845999999999969,-0.0046388888888910795,0.004638888888888875,-2.407069444432903e-07,0.03866944479223511
full_288,qwen_local,0.2,Context cells,equal_call_budget,0.4,0.0,-0.00845999999999969,-0.008138888888886864,0.008138888888888873,0.0,0.2377446959436753
full_288,baseline,0.2,Context cells,equal_call_budget,0.5,0.0,-0.01211499999999971,-0.010881944444444458,0.010881944444444014,-6.503516666665955e-06,-0.026202583249677946
full_288,opus,0.2,Context cells,equal_call_budget,0.5,0.0,-0.01211499999999971,0.0,-7.605027718682323e-17,-5.789857638889909e-05,-0.012685555793159775
full_288,pro,0.2,Context cells,equal_call_budget,0.5,0.0,-0.01211499999999971,0.0,-7.605027718682323e-17,3.70979166666105e-05,0.042413424205654415
full_288,astra,0.2,Context cells,equal_call_budget,0.5,0.0,-0.01211499999999971,0.0,-7.605027718682323e-17,-8.353055555557036e-05,-0.049082704246419695
full_288,sonnet,0.2,Context cells,equal_call_budget,0.5,0.0,-0.01211499999999971,0.0027569444444457414,-0.0027569444444445106,-0.00035339095833336175,-0.2614509686600872
full_288,lite,0.2,Context cells,equal_call_budget,0.5,0.0,-0.01211499999999971,-0.010569444444442688,0.010569444444444416,-2.705072777777623e-05,-0.031398187566078484
full_288,luna,0.2,Context cells,equal_call_budget,0.5,0.0,-0.01211499999999971,-0.005284722222220761,0.0052847222222222046,1.2774208333320982e-06,0.050273893804398284
full_288,qwen_local,0.2,Context cells,equal_call_budget,0.5,0.0,-0.01211499999999971,-0.010256944444444027,0.010256944444444478,0.0,0.053207579755408574
full_288,baseline,0.2,Context cells,equal_call_budget,0.6,0.0,-0.01057999999999984,-0.004083333333331274,0.004083333333334271,-2.4003999999993816e-06,-0.00936087277401687
full_288,opus,0.2,Context cells,equal_call_budget,0.6,0.0,-0.01057999999999984,0.0,0.0,1.1695138888920265e-05,0.018830850997395565
full_288,pro,0.2,Context cells,equal_call_budget,0.6,0.0,-0.01057999999999984,0.0,0.0,5.217611111101722e-05,0.026255844554935237
full_288,astra,0.2,Context cells,equal_call_budget,0.6,0.0,-0.01057999999999984,0.0,0.0,-1.444256944441516e-05,-0.016227812990916135
full_288,sonnet,0.2,Context cells,equal_call_budget,0.6,0.0,-0.01057999999999984,0.002666666666662154,-0.002666666666666657,-0.00012126972222219808,-0.07728119461668381
full_288,lite,0.2,Context cells,equal_call_budget,0.6,0.0,-0.01057999999999984,-0.004444444444444917,0.004444444444444461,-2.885422222227447e-06,-0.0037979437453175002
full_288,luna,0.2,Context cells,equal_call_budget,0.6,0.0,-0.01057999999999984,-0.002222222222219239,0.002222222222222188,2.287109722222641e-06,0.027220919376105712
full_288,qwen_local,0.2,Context cells,equal_call_budget,0.6,0.0,-0.01057999999999984,-0.0037222222222231816,0.0037222222222222674,0.0,0.04702188869741519
full_288,baseline,0.2,Context cells,equal_call_budget,0.7,0.0,-0.006190000000000015,-0.0022291666666643395,0.0022291666666669485,-3.7998333333544385e-07,0.0034321995320754084
full_288,opus,0.2,Context cells,equal_call_budget,0.7,0.0,-0.006190000000000015,0.0,1.2212453270876722e-17,0.00013646503472216145,0.08393131550169297
full_288,pro,0.2,Context cells,equal_call_budget,0.7,0.0,-0.006190000000000015,0.0,1.2212453270876722e-17,0.000237048361111155,0.10939228230889242
full_288,astra,0.2,Context cells,equal_call_budget,0.7,0.0,-0.006190000000000015,0.0,1.2212453270876722e-17,0.0003777894444443996,0.16147918045494158
full_288,sonnet,0.2,Context cells,equal_call_budget,0.7,0.0,-0.006190000000000015,-0.0011180555555538874,0.0011180555555555197,0.0001006824722223007,0.10040021732152571
full_288,lite,0.2,Context cells,equal_call_budget,0.7,0.0,-0.006190000000000015,0.0017083333333353101,-0.0017083333333335372,-2.2364124999999478e-05,-0.015071191637530568
full_288,luna,0.2,Context cells,equal_call_budget,0.7,0.0,-0.006190000000000015,0.0019861111111099117,-0.0019861111111110965,1.520672083333511e-05,0.13421767059616485
full_288,qwen_local,0.2,Context cells,equal_call_budget,0.7,0.0,-0.006190000000000015,-0.002076388888887837,0.0020763888888888533,0.0,-0.24276884709358626
full_288,baseline,0.2,Context cells,equal_call_budget,0.8,-1.1102230246251565e-16,-0.011519999999999975,-0.0001944444444432758,0.00019444444444449704,8.01888888888908e-07,0.011153577574225748
full_288,opus,0.2,Context cells,equal_call_budget,0.8,-1.1102230246251565e-16,-0.011519999999999975,-1.1102230246251565e-16,-7.771561172376097e-18,0.00022318041666659003,0.13411940865115746
full_288,pro,0.2,Context cells,equal_call_budget,0.8,-1.1102230246251565e-16,-0.011519999999999975,-1.1102230246251565e-16,-7.771561172376097e-18,0.0004344144444444406,0.21039826979720644
full_288,astra,0.2,Context cells,equal_call_budget,0.8,-1.1102230246251565e-16,-0.011519999999999975,-1.1102230246251565e-16,-7.771561172376097e-18,0.0005707522569444907,0.2407159919584556
full_288,sonnet,0.2,Context cells,equal_call_budget,0.8,-1.1102230246251565e-16,-0.011519999999999975,-0.0037500000000026956,0.0037499999999999123,0.0002100807777777533,0.18632084052395648
full_288,lite,0.2,Context cells,equal_call_budget,0.8,-1.1102230246251565e-16,-0.011519999999999975,0.005500000000002392,-0.0055000000000001055,-4.22457666666709e-05,-0.03280544878476688
full_288,luna,0.2,Context cells,equal_call_budget,0.8,-1.1102230246251565e-16,-0.011519999999999975,0.00661111111110857,-0.006611111111111297,1.7620400694444514e-05,0.1698200449228935
full_288,qwen_local,0.2,Context cells,equal_call_budget,0.8,-1.1102230246251565e-16,-0.011519999999999975,-0.002958333333332064,0.00295833333333333,0.0,-0.3474229906397568
full_288,baseline,0.2,Context cells,equal_call_budget,0.9,0.0,-0.012069999999999885,-0.001305555555556892,0.0013055555555550047,2.519999999980047e-07,0.005341059325059794
full_288,opus,0.2,Context cells,equal_call_budget,0.9,0.0,-0.012069999999999885,0.0,1.4432899320127036e-17,0.0002297856250000046,0.11997397291897016
full_288,pro,0.2,Context cells,equal_call_budget,0.9,0.0,-0.012069999999999885,0.0,1.4432899320127036e-17,0.0003935977777778307,0.20484280170895097
full_288,astra,0.2,Context cells,equal_call_budget,0.9,0.0,-0.012069999999999885,0.0,1.4432899320127036e-17,0.00043325347222223504,0.17496507665376182
full_288,sonnet,0.2,Context cells,equal_call_budget,0.9,0.0,-0.012069999999999885,-0.0008333333333326864,0.0008333333333333309,0.0002782138333333739,0.253171171721867
full_288,lite,0.2,Context cells,equal_call_budget,0.9,0.0,-0.012069999999999885,0.00036111111111070127,-0.00036111111111105515,-2.9903412500000698e-05,-0.02595521714881066
full_288,luna,0.2,Context cells,equal_call_budget,0.9,0.0,-0.012069999999999885,0.0023055555555546725,-0.0023055555555555295,1.7009161111112094e-05,0.15954543751180505
full_288,qwen_local,0.2,Context cells,equal_call_budget,0.9,0.0,-0.012069999999999885,-0.0007361111111091612,0.0007361111111111873,0.0,-0.062476965972535936
full_288,baseline,0.2,Context cells,equal_call_budget,1.0,0.0,0.0,0.0,0.0,0.0,0.0
full_288,opus,0.2,Context cells,equal_call_budget,1.0,0.0,0.0,0.0,0.0,0.0,0.0
full_288,pro,0.2,Context cells,equal_call_budget,1.0,0.0,0.0,0.0,0.0,0.0,0.0
full_288,astra,0.2,Context cells,equal_call_budget,1.0,0.0,0.0,0.0,0.0,0.0,0.0
full_288,sonnet,0.2,Context cells,equal_call_budget,1.0,0.0,0.0,0.0,0.0,0.0,0.0
full_288,lite,0.2,Context cells,equal_call_budget,1.0,0.0,0.0,0.0,0.0,0.0,0.0
full_288,luna,0.2,Context cells,equal_call_budget,1.0,0.0,0.0,0.0,0.0,0.0,0.0
full_288,qwen_local,0.2,Context cells,equal_call_budget,1.0,0.0,0.0,0.0,0.0,0.0,0.0
full_288,baseline,0.2,Global,threshold,0.4,0.0,0.0,0.0,0.0,0.0,0.0
full_288,opus,0.2,Global,threshold,0.4,0.0,0.0,0.0,0.0,0.0,0.0
full_288,pro,0.2,Global,threshold,0.4,0.0,0.0,0.0,0.0,0.0,0.0
full_288,astra,0.2,Global,threshold,0.4,0.0,0.0,0.0,0.0,0.0,0.0
full_288,sonnet,0.2,Global,threshold,0.4,0.0,0.0,0.0,0.0,0.0,0.0
full_288,lite,0.2,Global,threshold,0.4,0.0,0.0,0.0,0.0,0.0,0.0
full_288,luna,0.2,Global,threshold,0.4,0.0,0.0,0.0,0.0,0.0,0.0
full_288,qwen_local,0.2,Global,threshold,0.4,0.0,0.0,0.0,0.0,0.0,0.0
full_288,baseline,0.2,Global,threshold,0.6,0.0,0.0,0.0,0.0,0.0,0.0
full_288,opus,0.2,Global,threshold,0.6,0.0,0.0,0.0,0.0,0.0,0.0
full_288,pro,0.2,Global,threshold,0.6,0.0,0.0,0.0,0.0,0.0,0.0
full_288,astra,0.2,Global,threshold,0.6,0.0,0.0,0.0,0.0,0.0,0.0
full_288,sonnet,0.2,Global,threshold,0.6,0.0,0.0,0.0,0.0,0.0,0.0
full_288,lite,0.2,Global,threshold,0.6,0.0,0.0,0.0,0.0,0.0,0.0
full_288,luna,0.2,Global,threshold,0.6,0.0,0.0,0.0,0.0,0.0,0.0
full_288,qwen_local,0.2,Global,threshold,0.6,0.0,0.0,0.0,0.0,0.0,0.0
full_288,baseline,0.2,Global,threshold,0.7,-0.16666666666666602,0.05600000000000013,-0.12083333333333476,-0.04583333333333349,-6.918999999999979e-05,-0.29102295091595964
full_288,opus,0.2,Global,threshold,0.7,-0.16666666666666602,0.05600000000000013,-0.16666666666666602,0.0,-0.003017027777777719,-1.2748518249889829
full_288,pro,0.2,Global,threshold,0.7,-0.16666666666666602,0.05600000000000013,-0.16666666666666602,0.0,-0.004695105555555594,-2.7503609866421694
full_288,astra,0.2,Global,threshold,0.7,-0.16666666666666602,0.05600000000000013,-0.16666666666666602,0.0,-0.0032780659722222343,-1.2515278740113307
full_288,sonnet,0.2,Global,threshold,0.7,-0.16666666666666602,0.05600000000000013,-0.16388888888888697,-0.002777777777777768,-0.0026361166666666845,-2.1775114945660166
full_288,lite,0.2,Global,threshold,0.7,-0.16666666666666602,0.05600000000000013,-0.16666666666666635,0.0,-0.0008263823611111033,-0.895430765626642
full_288,luna,0.2,Global,threshold,0.7,-0.16666666666666602,0.05600000000000013,-0.16666666666666635,0.0,-0.00012749881944444538,-1.15910699213855
full_288,qwen_local,0.2,Global,threshold,0.7,-0.16666666666666602,0.05600000000000013,-0.1666666666666694,0.0,0.0,-20.150728670204522
full_288,baseline,0.2,Global,threshold,0.8,-0.04166666666666674,0.015500000000000194,-0.02534722222222191,-0.016319444444444525,-1.5204722222222401e-05,-0.06451652002546515
full_288,opus,0.2,Global,threshold,0.8,-0.04166666666666674,0.015500000000000194,-0.04166666666666674,0.0,-0.0007185902777778266,-0.2976303397741038
full_288,pro,0.2,Global,threshold,0.8,-0.04166666666666674,0.015500000000000194,-0.04166666666666674,0.0,-0.0012388597222221867,-0.7219657632944116
full_288,astra,0.2,Global,threshold,0.8,-0.04166666666666674,0.015500000000000194,-0.04166666666666674,0.0,-0.0008188038194444393,-0.3129378358784143
full_288,sonnet,0.2,Global,threshold,0.8,-0.04166666666666674,0.015500000000000194,-0.04166666666666763,0.0,-0.0004834986111110955,-0.40639926599712783
full_288,lite,0.2,Global,threshold,0.8,-0.04166666666666674,0.015500000000000194,-0.038888888888890416,-0.0027777777777777714,-0.00018496385416666818,-0.2015564235552163
full_288,luna,0.2,Global,threshold,0.8,-0.04166666666666674,0.015500000000000194,-0.04027777777777808,-0.001388888888888884,-3.2465590277777254e-05,-0.3058849304699436
full_288,qwen_local,0.2,Global,threshold,0.8,-0.04166666666666674,0.015500000000000194,-0.03854166666666681,-0.003124999999999996,0.0,-5.195314774488068
full_288,baseline,0.2,Global,threshold,0.9,0.0,0.0,0.0,0.0,0.0,0.0
full_288,opus,0.2,Global,threshold,0.9,0.0,0.0,0.0,0.0,0.0,0.0
full_288,pro,0.2,Global,threshold,0.9,0.0,0.0,0.0,0.0,0.0,0.0
full_288,astra,0.2,Global,threshold,0.9,0.0,0.0,0.0,0.0,0.0,0.0
full_288,sonnet,0.2,Global,threshold,0.9,0.0,0.0,0.0,0.0,0.0,0.0
full_288,lite,0.2,Global,threshold,0.9,0.0,0.0,0.0,0.0,0.0,0.0
full_288,luna,0.2,Global,threshold,0.9,0.0,0.0,0.0,0.0,0.0,0.0
full_288,qwen_local,0.2,Global,threshold,0.9,0.0,0.0,0.0,0.0,0.0,0.0
full_288,baseline,0.2,Global,equal_call_budget,0.0,0.0,0.0,0.0,0.0,0.0,0.0
full_288,opus,0.2,Global,equal_call_budget,0.0,0.0,0.0,0.0,0.0,0.0,0.0
full_288,pro,0.2,Global,equal_call_budget,0.0,0.0,0.0,0.0,0.0,0.0,0.0
full_288,astra,0.2,Global,equal_call_budget,0.0,0.0,0.0,0.0,0.0,0.0,0.0
full_288,sonnet,0.2,Global,equal_call_budget,0.0,0.0,0.0,0.0,0.0,0.0,0.0
full_288,lite,0.2,Global,equal_call_budget,0.0,0.0,0.0,0.0,0.0,0.0,0.0
full_288,luna,0.2,Global,equal_call_budget,0.0,0.0,0.0,0.0,0.0,0.0,0.0
full_288,qwen_local,0.2,Global,equal_call_budget,0.0,0.0,0.0,0.0,0.0,0.0,0.0
full_288,baseline,0.2,Global,equal_call_budget,0.1,0.0,0.0,0.0,0.0,0.0,0.0
full_288,opus,0.2,Global,equal_call_budget,0.1,0.0,0.0,0.0,0.0,0.0,0.0
full_288,pro,0.2,Global,equal_call_budget,0.1,0.0,0.0,0.0,0.0,0.0,0.0
full_288,astra,0.2,Global,equal_call_budget,0.1,0.0,0.0,0.0,0.0,0.0,0.0
full_288,sonnet,0.2,Global,equal_call_budget,0.1,0.0,0.0,0.0,0.0,0.0,0.0
full_288,lite,0.2,Global,equal_call_budget,0.1,0.0,0.0,0.0,0.0,0.0,0.0
full_288,luna,0.2,Global,equal_call_budget,0.1,0.0,0.0,0.0,0.0,0.0,0.0
full_288,qwen_local,0.2,Global,equal_call_budget,0.1,0.0,0.0,0.0,0.0,0.0,0.0
full_288,baseline,0.2,Global,equal_call_budget,0.2,0.0,0.0,0.0,0.0,0.0,0.0
full_288,opus,0.2,Global,equal_call_budget,0.2,0.0,0.0,0.0,0.0,0.0,0.0
full_288,pro,0.2,Global,equal_call_budget,0.2,0.0,0.0,0.0,0.0,0.0,0.0
full_288,astra,0.2,Global,equal_call_budget,0.2,0.0,0.0,0.0,0.0,0.0,0.0
full_288,sonnet,0.2,Global,equal_call_budget,0.2,0.0,0.0,0.0,0.0,0.0,0.0
full_288,lite,0.2,Global,equal_call_budget,0.2,0.0,0.0,0.0,0.0,0.0,0.0
full_288,luna,0.2,Global,equal_call_budget,0.2,0.0,0.0,0.0,0.0,0.0,0.0
full_288,qwen_local,0.2,Global,equal_call_budget,0.2,0.0,0.0,0.0,0.0,0.0,0.0
full_288,baseline,0.2,Global,equal_call_budget,0.3,0.0,0.0,0.0,0.0,0.0,0.0
full_288,opus,0.2,Global,equal_call_budget,0.3,0.0,0.0,0.0,0.0,0.0,0.0
full_288,pro,0.2,Global,equal_call_budget,0.3,0.0,0.0,0.0,0.0,0.0,0.0
full_288,astra,0.2,Global,equal_call_budget,0.3,0.0,0.0,0.0,0.0,0.0,0.0
full_288,sonnet,0.2,Global,equal_call_budget,0.3,0.0,0.0,0.0,0.0,0.0,0.0
full_288,lite,0.2,Global,equal_call_budget,0.3,0.0,0.0,0.0,0.0,0.0,0.0
full_288,luna,0.2,Global,equal_call_budget,0.3,0.0,0.0,0.0,0.0,0.0,0.0
full_288,qwen_local,0.2,Global,equal_call_budget,0.3,0.0,0.0,0.0,0.0,0.0,0.0
full_288,baseline,0.2,Global,equal_call_budget,0.4,0.0,0.0,0.0,0.0,0.0,0.0
full_288,opus,0.2,Global,equal_call_budget,0.4,0.0,0.0,0.0,0.0,0.0,0.0
full_288,pro,0.2,Global,equal_call_budget,0.4,0.0,0.0,0.0,0.0,0.0,0.0
full_288,astra,0.2,Global,equal_call_budget,0.4,0.0,0.0,0.0,0.0,0.0,0.0
full_288,sonnet,0.2,Global,equal_call_budget,0.4,0.0,0.0,0.0,0.0,0.0,0.0
full_288,lite,0.2,Global,equal_call_budget,0.4,0.0,0.0,0.0,0.0,0.0,0.0
full_288,luna,0.2,Global,equal_call_budget,0.4,0.0,0.0,0.0,0.0,0.0,0.0
full_288,qwen_local,0.2,Global,equal_call_budget,0.4,0.0,0.0,0.0,0.0,0.0,0.0
full_288,baseline,0.2,Global,equal_call_budget,0.5,0.0,0.0,0.0,0.0,0.0,0.0
full_288,opus,0.2,Global,equal_call_budget,0.5,0.0,0.0,0.0,0.0,0.0,0.0
full_288,pro,0.2,Global,equal_call_budget,0.5,0.0,0.0,0.0,0.0,0.0,0.0
full_288,astra,0.2,Global,equal_call_budget,0.5,0.0,0.0,0.0,0.0,0.0,0.0
full_288,sonnet,0.2,Global,equal_call_budget,0.5,0.0,0.0,0.0,0.0,0.0,0.0
full_288,lite,0.2,Global,equal_call_budget,0.5,0.0,0.0,0.0,0.0,0.0,0.0
full_288,luna,0.2,Global,equal_call_budget,0.5,0.0,0.0,0.0,0.0,0.0,0.0
full_288,qwen_local,0.2,Global,equal_call_budget,0.5,0.0,0.0,0.0,0.0,0.0,0.0
full_288,baseline,0.2,Global,equal_call_budget,0.6,0.0,0.0,0.0,0.0,0.0,0.0
full_288,opus,0.2,Global,equal_call_budget,0.6,0.0,0.0,0.0,0.0,0.0,0.0
full_288,pro,0.2,Global,equal_call_budget,0.6,0.0,0.0,0.0,0.0,0.0,0.0
full_288,astra,0.2,Global,equal_call_budget,0.6,0.0,0.0,0.0,0.0,0.0,0.0
full_288,sonnet,0.2,Global,equal_call_budget,0.6,0.0,0.0,0.0,0.0,0.0,0.0
full_288,lite,0.2,Global,equal_call_budget,0.6,0.0,0.0,0.0,0.0,0.0,0.0
full_288,luna,0.2,Global,equal_call_budget,0.6,0.0,0.0,0.0,0.0,0.0,0.0
full_288,qwen_local,0.2,Global,equal_call_budget,0.6,0.0,0.0,0.0,0.0,0.0,0.0
full_288,baseline,0.2,Global,equal_call_budget,0.7,0.0,0.0,0.0,0.0,0.0,0.0
full_288,opus,0.2,Global,equal_call_budget,0.7,0.0,0.0,0.0,0.0,0.0,0.0
full_288,pro,0.2,Global,equal_call_budget,0.7,0.0,0.0,0.0,0.0,0.0,0.0
full_288,astra,0.2,Global,equal_call_budget,0.7,0.0,0.0,0.0,0.0,0.0,0.0
full_288,sonnet,0.2,Global,equal_call_budget,0.7,0.0,0.0,0.0,0.0,0.0,0.0
full_288,lite,0.2,Global,equal_call_budget,0.7,0.0,0.0,0.0,0.0,0.0,0.0
full_288,luna,0.2,Global,equal_call_budget,0.7,0.0,0.0,0.0,0.0,0.0,0.0
full_288,qwen_local,0.2,Global,equal_call_budget,0.7,0.0,0.0,0.0,0.0,0.0,0.0
full_288,baseline,0.2,Global,equal_call_budget,0.8,0.0,0.0,0.0,0.0,0.0,0.0
full_288,opus,0.2,Global,equal_call_budget,0.8,0.0,0.0,0.0,0.0,0.0,0.0
full_288,pro,0.2,Global,equal_call_budget,0.8,0.0,0.0,0.0,0.0,0.0,0.0
full_288,astra,0.2,Global,equal_call_budget,0.8,0.0,0.0,0.0,0.0,0.0,0.0
full_288,sonnet,0.2,Global,equal_call_budget,0.8,0.0,0.0,0.0,0.0,0.0,0.0
full_288,lite,0.2,Global,equal_call_budget,0.8,0.0,0.0,0.0,0.0,0.0,0.0
full_288,luna,0.2,Global,equal_call_budget,0.8,0.0,0.0,0.0,0.0,0.0,0.0
full_288,qwen_local,0.2,Global,equal_call_budget,0.8,0.0,0.0,0.0,0.0,0.0,0.0
full_288,baseline,0.2,Global,equal_call_budget,0.9,0.0,0.0,0.0,0.0,0.0,0.0
full_288,opus,0.2,Global,equal_call_budget,0.9,0.0,0.0,0.0,0.0,0.0,0.0
full_288,pro,0.2,Global,equal_call_budget,0.9,0.0,0.0,0.0,0.0,0.0,0.0
full_288,astra,0.2,Global,equal_call_budget,0.9,0.0,0.0,0.0,0.0,0.0,0.0
full_288,sonnet,0.2,Global,equal_call_budget,0.9,0.0,0.0,0.0,0.0,0.0,0.0
full_288,lite,0.2,Global,equal_call_budget,0.9,0.0,0.0,0.0,0.0,0.0,0.0
full_288,luna,0.2,Global,equal_call_budget,0.9,0.0,0.0,0.0,0.0,0.0,0.0
full_288,qwen_local,0.2,Global,equal_call_budget,0.9,0.0,0.0,0.0,0.0,0.0,0.0
full_288,baseline,0.2,Global,equal_call_budget,1.0,0.0,0.0,0.0,0.0,0.0,0.0
full_288,opus,0.2,Global,equal_call_budget,1.0,0.0,0.0,0.0,0.0,0.0,0.0
full_288,pro,0.2,Global,equal_call_budget,1.0,0.0,0.0,0.0,0.0,0.0,0.0
full_288,astra,0.2,Global,equal_call_budget,1.0,0.0,0.0,0.0,0.0,0.0,0.0
full_288,sonnet,0.2,Global,equal_call_budget,1.0,0.0,0.0,0.0,0.0,0.0,0.0
full_288,lite,0.2,Global,equal_call_budget,1.0,0.0,0.0,0.0,0.0,0.0,0.0
full_288,luna,0.2,Global,equal_call_budget,1.0,0.0,0.0,0.0,0.0,0.0,0.0
full_288,qwen_local,0.2,Global,equal_call_budget,1.0,0.0,0.0,0.0,0.0,0.0,0.0
full_288,baseline,0.2,Oracle,threshold,0.4,0.0,0.0,0.0,0.0,0.0,0.0
full_288,opus,0.2,Oracle,threshold,0.4,0.0,0.0,0.0,0.0,0.0,0.0
full_288,pro,0.2,Oracle,threshold,0.4,0.0,0.0,0.0,0.0,0.0,0.0
full_288,astra,0.2,Oracle,threshold,0.4,0.0,0.0,0.0,0.0,0.0,0.0
full_288,sonnet,0.2,Oracle,threshold,0.4,0.0,0.0,0.0,0.0,0.0,0.0
full_288,lite,0.2,Oracle,threshold,0.4,0.0,0.0,0.0,0.0,0.0,0.0
full_288,luna,0.2,Oracle,threshold,0.4,0.0,0.0,0.0,0.0,0.0,0.0
full_288,qwen_local,0.2,Oracle,threshold,0.4,0.0,0.0,0.0,0.0,0.0,0.0
full_288,baseline,0.2,Oracle,threshold,0.6,0.2333333333333333,-0.11900000000000124,0.14444444444444463,0.08888888888888823,8.61799999999993e-05,0.3615993800518107
full_288,opus,0.2,Oracle,threshold,0.6,0.2333333333333333,-0.11900000000000124,0.2333333333333333,0.0,0.003811368055555578,1.5466188915726955
full_288,pro,0.2,Oracle,threshold,0.6,0.2333333333333333,-0.11900000000000124,0.2333333333333333,0.0,0.005736788888888878,3.394587883044424
full_288,astra,0.2,Oracle,threshold,0.6,0.2333333333333333,-0.11900000000000124,0.2333333333333333,0.0,0.004431857638888919,1.6915372799855661
full_288,sonnet,0.2,Oracle,threshold,0.6,0.2333333333333333,-0.11900000000000124,0.2333333333333333,0.0,0.0024327972222222246,2.031206807347676
full_288,lite,0.2,Oracle,threshold,0.6,0.2333333333333333,-0.11900000000000124,0.22222222222222274,0.0111111111111111,0.001016046250000004,1.1305850944611198
full_288,luna,0.2,Oracle,threshold,0.6,0.2333333333333333,-0.11900000000000124,0.22777777777777583,0.005555555555555543,0.00018420020833333423,1.7764399619213656
full_288,qwen_local,0.2,Oracle,threshold,0.6,0.2333333333333333,-0.11900000000000124,0.22361111111111243,0.009722222222222217,0.0,28.55762185281189
full_288,baseline,0.2,Oracle,threshold,0.7,0.09999999999999787,-0.0479999999999995,0.05694444444444419,0.04305555555555601,3.415222222222228e-05,0.14558089260308793
full_288,opus,0.2,Oracle,threshold,0.7,0.09999999999999787,-0.0479999999999995,0.09999999999999787,0.0,0.0017351666666667077,0.732640762514269
full_288,pro,0.2,Oracle,threshold,0.7,0.09999999999999787,-0.0479999999999995,0.09999999999999787,0.0,0.003021383333333268,1.7566905050331005
full_288,astra,0.2,Oracle,threshold,0.7,0.09999999999999787,-0.0479999999999995,0.09999999999999787,0.0,0.0019396423611111099,0.7297422421902127
full_288,sonnet,0.2,Oracle,threshold,0.7,0.09999999999999787,-0.0479999999999995,0.10277777777777691,-0.002777777777777768,0.0010399833333333058,0.8987259082036738
full_288,lite,0.2,Oracle,threshold,0.7,0.09999999999999787,-0.0479999999999995,0.08888888888888813,0.011111111111111106,0.0004425504166666811,0.48126908184139205
full_288,luna,0.2,Oracle,threshold,0.7,0.09999999999999787,-0.0479999999999995,0.09444444444444511,0.005555555555555536,7.978534722222284e-05,0.7571701134296487
full_288,qwen_local,0.2,Oracle,threshold,0.7,0.09999999999999787,-0.0479999999999995,0.08888888888888852,0.011111111111111262,0.0,12.526305262421367
full_288,baseline,0.2,Oracle,threshold,0.8,0.23333333333333528,-0.057999999999999746,0.1430555555555586,0.09027777777777837,8.956333333333313e-05,0.38270853032979546
full_288,opus,0.2,Oracle,threshold,0.8,0.23333333333333528,-0.057999999999999746,0.23333333333333528,0.0,0.004335861111111082,1.7882554177705359
full_288,pro,0.2,Oracle,threshold,0.8,0.23333333333333528,-0.057999999999999746,0.23333333333333528,0.0,0.007018605555555706,4.0643669725375755
full_288,astra,0.2,Oracle,threshold,0.8,0.23333333333333528,-0.057999999999999746,0.23333333333333528,0.0,0.005336729166666722,2.0950922377268917
full_288,sonnet,0.2,Oracle,threshold,0.8,0.23333333333333528,-0.057999999999999746,0.22777777777777908,0.005555555555555536,0.003501483333333359,2.9428688609768914
full_288,lite,0.2,Oracle,threshold,0.8,0.23333333333333528,-0.057999999999999746,0.22222222222222177,0.011111111111111058,0.001032463472222224,1.139845472704549
full_288,luna,0.2,Oracle,threshold,0.8,0.23333333333333528,-0.057999999999999746,0.2222222222222211,0.011111111111111072,0.0002135265277777821,1.939909670278797
full_288,qwen_local,0.2,Oracle,threshold,0.8,0.23333333333333528,-0.057999999999999746,0.22916666666666452,0.004166666666666818,0.0,28.988449111512594
full_288,baseline,0.2,Oracle,threshold,0.9,0.10000000000000109,-0.03299999999999994,0.06527777777777932,0.03472222222222243,3.9327777777777647e-05,0.17245789965187508
full_288,opus,0.2,Oracle,threshold,0.9,0.10000000000000109,-0.03299999999999994,0.10000000000000109,0.0,0.001968187499999885,0.8311063350608316
full_288,pro,0.2,Oracle,threshold,0.9,0.10000000000000109,-0.03299999999999994,0.10000000000000109,0.0,0.003451455555555479,1.971163542257612
full_288,astra,0.2,Oracle,threshold,0.9,0.10000000000000109,-0.03299999999999994,0.10000000000000109,0.0,0.0026341805555554626,1.0488902984422932
full_288,sonnet,0.2,Oracle,threshold,0.9,0.10000000000000109,-0.03299999999999994,0.09583333333333321,0.004166666666666652,0.0015799555555555313,1.323473730146537
full_288,lite,0.2,Oracle,threshold,0.9,0.10000000000000109,-0.03299999999999994,0.10000000000000353,0.0,0.00040462541666664567,0.4529585754169112
full_288,luna,0.2,Oracle,threshold,0.9,0.10000000000000109,-0.03299999999999994,0.10138888888888364,-0.0013888888888890123,0.00010268388888889381,0.940298017954226
full_288,qwen_local,0.2,Oracle,threshold,0.9,0.10000000000000109,-0.03299999999999994,0.09583333333333188,0.004166666666666586,0.0,12.221235232470022
full_288,baseline,0.2,Oracle,equal_call_budget,0.0,0.0,0.0,0.0,0.0,0.0,0.0
full_288,opus,0.2,Oracle,equal_call_budget,0.0,0.0,0.0,0.0,0.0,0.0,0.0
full_288,pro,0.2,Oracle,equal_call_budget,0.0,0.0,0.0,0.0,0.0,0.0,0.0
full_288,astra,0.2,Oracle,equal_call_budget,0.0,0.0,0.0,0.0,0.0,0.0,0.0
full_288,sonnet,0.2,Oracle,equal_call_budget,0.0,0.0,0.0,0.0,0.0,0.0,0.0
full_288,lite,0.2,Oracle,equal_call_budget,0.0,0.0,0.0,0.0,0.0,0.0,0.0
full_288,luna,0.2,Oracle,equal_call_budget,0.0,0.0,0.0,0.0,0.0,0.0,0.0
full_288,qwen_local,0.2,Oracle,equal_call_budget,0.0,0.0,0.0,0.0,0.0,0.0,0.0
full_288,baseline,0.2,Oracle,equal_call_budget,0.1,-1.3877787807814457e-17,-0.008400000000000296,0.0033333333333333964,-0.003333333333333563,-1.5620000000000369e-06,-0.013216868321954595
full_288,opus,0.2,Oracle,equal_call_budget,0.1,-1.3877787807814457e-17,-0.008400000000000296,-1.3877787807814457e-17,0.0,-0.00027152916666667217,-0.1264499878134383
full_288,pro,0.2,Oracle,equal_call_budget,0.1,-1.3877787807814457e-17,-0.008400000000000296,-1.3877787807814457e-17,0.0,-0.0005713633333333163,-0.3315243997153221
full_288,astra,0.2,Oracle,equal_call_budget,0.1,-1.3877787807814457e-17,-0.008400000000000296,-1.3877787807814457e-17,0.0,-0.00017214583333332125,-0.09828863432766533
full_288,sonnet,0.2,Oracle,equal_call_budget,0.1,-1.3877787807814457e-17,-0.008400000000000296,-1.3877787807814457e-17,0.0,-0.00029656166666666716,-0.2591325713146918
full_288,lite,0.2,Oracle,equal_call_budget,0.1,-1.3877787807814457e-17,-0.008400000000000296,0.003333333333332883,-0.0033333333333333097,-2.8800499999999732e-05,-0.024299736318641074
full_288,luna,0.2,Oracle,equal_call_budget,0.1,-1.3877787807814457e-17,-0.008400000000000296,0.003333333333332883,-0.0033333333333333097,1.1550750000000279e-05,0.10891101972782413
full_288,qwen_local,0.2,Oracle,equal_call_budget,0.1,-1.3877787807814457e-17,-0.008400000000000296,0.004166666666666541,-0.0041666666666666545,0.0,-1.7233498289495053
full_288,baseline,0.2,Oracle,equal_call_budget,0.2,0.0,-0.011600000000000915,0.003611111111112064,-0.003611111111110843,-1.553555555555732e-06,-0.013762022617222036
full_288,opus,0.2,Oracle,equal_call_budget,0.2,0.0,-0.011600000000000915,0.0,0.0,-0.0002635069444444568,-0.12398904480182038
full_288,pro,0.2,Oracle,equal_call_budget,0.2,0.0,-0.011600000000000915,0.0,0.0,-0.0006908033333333499,-0.38585994138167923
full_288,astra,0.2,Oracle,equal_call_budget,0.2,0.0,-0.011600000000000915,0.0,0.0,-0.00021097152777779142,-0.10980130467673388
full_288,sonnet,0.2,Oracle,equal_call_budget,0.2,0.0,-0.011600000000000915,0.0,0.0,-0.00028559444444443104,-0.2514544483490204
full_288,lite,0.2,Oracle,equal_call_budget,0.2,0.0,-0.011600000000000915,0.002777777777779128,-0.002777777777777768,-1.9916194444446903e-05,-0.01348190530992377
full_288,luna,0.2,Oracle,equal_call_budget,0.2,0.0,-0.011600000000000915,0.002777777777779128,-0.002777777777777768,1.012862500000098e-05,0.10671493241168606
full_288,qwen_local,0.2,Oracle,equal_call_budget,0.2,0.0,-0.011600000000000915,0.004166666666667068,-0.004166666666666652,0.0,-1.4193882061964551
full_288,baseline,0.2,Oracle,equal_call_budget,0.3,0.0,-0.00739999999999974,0.0005555555555551983,-0.0005555555555551706,-1.599777777777631e-06,-0.009544063657070612
full_288,opus,0.2,Oracle,equal_call_budget,0.3,0.0,-0.00739999999999974,0.0,0.0,-3.027083333331272e-05,-0.0038087095321615028
full_288,pro,0.2,Oracle,equal_call_budget,0.3,0.0,-0.00739999999999974,0.0,0.0,-0.0003093688888888835,-0.1421683623128791
full_288,astra,0.2,Oracle,equal_call_budget,0.3,0.0,-0.00739999999999974,0.0,0.0,-0.0001455284722222212,-0.06765488576745593
full_288,sonnet,0.2,Oracle,equal_call_budget,0.3,0.0,-0.00739999999999974,0.0,0.0,-1.3083333333319385e-05,-0.009523155171634379
full_288,lite,0.2,Oracle,equal_call_budget,0.3,0.0,-0.00739999999999974,-0.0027777777777784896,0.002777777777777768,1.8408277777785505e-05,0.01939898031887166
full_288,luna,0.2,Oracle,equal_call_budget,0.3,0.0,-0.00739999999999974,-0.0013888888888896611,0.001388888888888884,4.4708333333680393e-08,0.0274365107657637
full_288,qwen_local,0.2,Oracle,equal_call_budget,0.3,0.0,-0.00739999999999974,-0.0013888888888888284,0.001388888888888884,0.0,0.013270925873676731
full_288,baseline,0.2,Oracle,equal_call_budget,0.4,0.0,-0.009599999999999692,-0.010833333333332529,0.010833333333332446,-6.37488888888889e-06,-0.027777552642182624
full_288,opus,0.2,Oracle,equal_call_budget,0.4,0.0,-0.009599999999999692,5.551115123125783e-17,-5.551115123125783e-17,9.904166666698487e-06,0.02505041324662116
full_288,pro,0.2,Oracle,equal_call_budget,0.4,0.0,-0.009599999999999692,5.551115123125783e-17,-5.551115123125783e-17,-1.749222222221722e-05,0.018745609854725842
full_288,astra,0.2,Oracle,equal_call_budget,0.4,0.0,-0.009599999999999692,5.551115123125783e-17,-5.551115123125783e-17,-0.000125736805555509,-0.07224023219423481
full_288,sonnet,0.2,Oracle,equal_call_budget,0.4,0.0,-0.009599999999999692,0.0011111111111105632,-0.0011111111111111738,-0.00019088555555557205,-0.12545021195793105
full_288,lite,0.2,Oracle,equal_call_budget,0.4,0.0,-0.009599999999999692,-0.011111111111111294,0.011111111111111082,-4.7203055555564925e-06,-0.009029063007194083
full_288,luna,0.2,Oracle,equal_call_budget,0.4,0.0,-0.009599999999999692,-0.005555555555558256,0.005555555555555536,-3.4890277777625866e-07,0.0469185447011955
full_288,qwen_local,0.2,Oracle,equal_call_budget,0.4,0.0,-0.009599999999999692,-0.009722222222220245,0.009722222222222198,0.0,0.45061772842604597
full_288,baseline,0.2,Oracle,equal_call_budget,0.5,0.0,-0.012999999999999262,-0.011111111111111294,0.011111111111110322,-6.8933333333324564e-06,-0.02697906816126483
full_288,opus,0.2,Oracle,equal_call_budget,0.5,0.0,-0.012999999999999262,1.1102230246251565e-16,-1.1102230246251565e-16,-8.463888888891012e-05,-0.02453488233633916
full_288,pro,0.2,Oracle,equal_call_budget,0.5,0.0,-0.012999999999999262,1.1102230246251565e-16,-1.1102230246251565e-16,5.299999999935565e-06,0.03249494166093747
full_288,astra,0.2,Oracle,equal_call_budget,0.5,0.0,-0.012999999999999262,1.1102230246251565e-16,-1.1102230246251565e-16,-8.356597222224614e-05,-0.049565716667636206
full_288,sonnet,0.2,Oracle,equal_call_budget,0.5,0.0,-0.012999999999999262,0.0027777777777791557,-0.002777777777777879,-0.00039484166666670355,-0.29681419984330315
full_288,lite,0.2,Oracle,equal_call_budget,0.5,0.0,-0.012999999999999262,-0.011111111111109573,0.011111111111111082,-3.380652777777932e-05,-0.038784564976879654
full_288,luna,0.2,Oracle,equal_call_budget,0.5,0.0,-0.012999999999999262,-0.0055555555555536484,0.005555555555555536,8.839583333322036e-07,0.04979174491017968
full_288,qwen_local,0.2,Oracle,equal_call_budget,0.5,0.0,-0.012999999999999262,-0.011111111111110128,0.01111111111111118,0.0,-0.20298081796678247
full_288,baseline,0.2,Oracle,equal_call_budget,0.6,0.0,-0.010799999999999796,-0.0038888888888867212,0.0038888888888898854,-2.339111111110539e-06,-0.009258755458028123
full_288,opus,0.2,Oracle,equal_call_budget,0.6,0.0,-0.010799999999999796,0.0,0.0,1.0550000000032755e-05,0.018327947056435256
full_288,pro,0.2,Oracle,equal_call_budget,0.6,0.0,-0.010799999999999796,0.0,0.0,4.8119999999905044e-05,0.023972673126529287
full_288,astra,0.2,Oracle,equal_call_budget,0.6,0.0,-0.010799999999999796,0.0,0.0,-2.548680555552324e-05,-0.021308563917979306
full_288,sonnet,0.2,Oracle,equal_call_budget,0.6,0.0,-0.010799999999999796,0.002777777777773105,-0.002777777777777768,-0.00012041333333331038,-0.07663233018939852
full_288,lite,0.2,Oracle,equal_call_budget,0.6,0.0,-0.010799999999999796,-0.004444444444444917,0.004444444444444433,-1.362833333337643e-06,-0.0024663346911326656
full_288,luna,0.2,Oracle,equal_call_budget,0.6,0.0,-0.010799999999999796,-0.002222222222219239,0.002222222222222188,1.8679305555560199e-06,0.023046280301766586
full_288,qwen_local,0.2,Oracle,equal_call_budget,0.6,0.0,-0.010799999999999796,-0.0036111111111118976,0.0036111111111111465,0.0,0.05754980365004769
full_288,baseline,0.2,Oracle,equal_call_budget,0.7,0.0,-0.006800000000000042,-0.0022222222222198496,0.0022222222222224586,-4.1711111111348035e-07,0.003851416259550433
full_288,opus,0.2,Oracle,equal_call_budget,0.7,0.0,-0.006800000000000042,0.0,0.0,0.00014066388888882807,0.08808289667809444
full_288,pro,0.2,Oracle,equal_call_budget,0.7,0.0,-0.006800000000000042,0.0,0.0,0.0002715211111111726,0.1250552099895561
full_288,astra,0.2,Oracle,equal_call_budget,0.7,0.0,-0.006800000000000042,0.0,0.0,0.0004117645833332916,0.17737516907449713
full_288,sonnet,0.2,Oracle,equal_call_budget,0.7,0.0,-0.006800000000000042,-0.0011111111111087313,0.0011111111111110628,8.799888888898037e-05,0.09011771703839688
full_288,lite,0.2,Oracle,equal_call_budget,0.7,0.0,-0.006800000000000042,0.002222222222224568,-0.002222222222222448,-2.5323722222225873e-05,-0.01724246981299471
full_288,luna,0.2,Oracle,equal_call_budget,0.7,0.0,-0.006800000000000042,0.0024999999999983924,-0.0024999999999999883,1.6831625000001543e-05,0.14765649159466054
full_288,qwen_local,0.2,Oracle,equal_call_budget,0.7,0.0,-0.006800000000000042,-0.0024999999999985034,0.002499999999999919,0.0,-0.27708713896420534
full_288,baseline,0.2,Oracle,equal_call_budget,0.8,-1.1102230246251565e-16,-0.012199999999999996,-0.0005555555555539771,0.0005555555555556979,9.715555555554452e-07,0.012458785120729177
full_288,opus,0.2,Oracle,equal_call_budget,0.8,-1.1102230246251565e-16,-0.012199999999999996,-1.1102230246251565e-16,0.0,0.0002414819444443595,0.1455597876897663
full_288,pro,0.2,Oracle,equal_call_budget,0.8,-1.1102230246251565e-16,-0.012199999999999996,-1.1102230246251565e-16,0.0,0.00043139555555558526,0.20693861786641676
full_288,astra,0.2,Oracle,equal_call_budget,0.8,-1.1102230246251565e-16,-0.012199999999999996,-1.1102230246251565e-16,0.0,0.0006029750000000368,0.2531581887625656
full_288,sonnet,0.2,Oracle,equal_call_budget,0.8,-1.1102230246251565e-16,-0.012199999999999996,-0.004444444444447471,0.004444444444444362,0.00023645666666665018,0.20848741878949362
full_288,lite,0.2,Oracle,equal_call_budget,0.8,-1.1102230246251565e-16,-0.012199999999999996,0.006111111111114509,-0.006111111111111272,-4.3569750000001586e-05,-0.03300257512555316
full_288,luna,0.2,Oracle,equal_call_budget,0.8,-1.1102230246251565e-16,-0.012199999999999996,0.007222222222219243,-0.0072222222222224144,1.7638999999999958e-05,0.172798900436951
full_288,qwen_local,0.2,Oracle,equal_call_budget,0.8,-1.1102230246251565e-16,-0.012199999999999996,-0.003055555555554257,0.003055555555555603,0.0,-0.37748369180664554
full_288,baseline,0.2,Oracle,equal_call_budget,0.9,0.0,-0.012199999999999874,-0.0016666666666673713,0.0016666666666663166,2.115555555535077e-07,0.005142980995982649
full_288,opus,0.2,Oracle,equal_call_budget,0.9,0.0,-0.012199999999999874,0.0,0.0,0.0002395347222222382,0.12465529769315165
full_288,pro,0.2,Oracle,equal_call_budget,0.9,0.0,-0.012199999999999874,0.0,0.0,0.000386014444444506,0.2006996547874209
full_288,astra,0.2,Oracle,equal_call_budget,0.9,0.0,-0.012199999999999874,0.0,0.0,0.0004401597222222324,0.1767644229338794
full_288,sonnet,0.2,Oracle,equal_call_budget,0.9,0.0,-0.012199999999999874,-0.0008333333333326864,0.0008333333333333222,0.00029600000000003755,0.2700762484848571
full_288,lite,0.2,Oracle,equal_call_budget,0.9,0.0,-0.012199999999999874,0.0,0.0,-2.9065111111115094e-05,-0.024991213703831505
full_288,luna,0.2,Oracle,equal_call_budget,0.9,0.0,-0.012199999999999874,0.001944444444442861,-0.0019444444444444327,1.724619444444628e-05,0.16164970343381224
full_288,qwen_local,0.2,Oracle,equal_call_budget,0.9,0.0,-0.012199999999999874,-0.000555555555553755,0.0005555555555556424,0.0,-0.047220172149209816
full_288,baseline,0.2,Oracle,equal_call_budget,1.0,0.0,0.0,0.0,0.0,0.0,0.0
full_288,opus,0.2,Oracle,equal_call_budget,1.0,0.0,0.0,0.0,0.0,0.0,0.0
full_288,pro,0.2,Oracle,equal_call_budget,1.0,0.0,0.0,0.0,0.0,0.0,0.0
full_288,astra,0.2,Oracle,equal_call_budget,1.0,0.0,0.0,0.0,0.0,0.0,0.0
full_288,sonnet,0.2,Oracle,equal_call_budget,1.0,0.0,0.0,0.0,0.0,0.0,0.0
full_288,lite,0.2,Oracle,equal_call_budget,1.0,0.0,0.0,0.0,0.0,0.0,0.0
full_288,luna,0.2,Oracle,equal_call_budget,1.0,0.0,0.0,0.0,0.0,0.0,0.0
full_288,qwen_local,0.2,Oracle,equal_call_budget,1.0,0.0,0.0,0.0,0.0,0.0,0.0
full_288,baseline,0.2,Raw,threshold,0.4,0.0,0.0,0.0,0.0,0.0,0.0
full_288,opus,0.2,Raw,threshold,0.4,0.0,0.0,0.0,0.0,0.0,0.0
full_288,pro,0.2,Raw,threshold,0.4,0.0,0.0,0.0,0.0,0.0,0.0
full_288,astra,0.2,Raw,threshold,0.4,0.0,0.0,0.0,0.0,0.0,0.0
full_288,sonnet,0.2,Raw,threshold,0.4,0.0,0.0,0.0,0.0,0.0,0.0
full_288,lite,0.2,Raw,threshold,0.4,0.0,0.0,0.0,0.0,0.0,0.0
full_288,luna,0.2,Raw,threshold,0.4,0.0,0.0,0.0,0.0,0.0,0.0
full_288,qwen_local,0.2,Raw,threshold,0.4,0.0,0.0,0.0,0.0,0.0,0.0
full_288,baseline,0.2,Raw,threshold,0.6,0.0,0.0,0.0,0.0,0.0,0.0
full_288,opus,0.2,Raw,threshold,0.6,0.0,0.0,0.0,0.0,0.0,0.0
full_288,pro,0.2,Raw,threshold,0.6,0.0,0.0,0.0,0.0,0.0,0.0
full_288,astra,0.2,Raw,threshold,0.6,0.0,0.0,0.0,0.0,0.0,0.0
full_288,sonnet,0.2,Raw,threshold,0.6,0.0,0.0,0.0,0.0,0.0,0.0
full_288,lite,0.2,Raw,threshold,0.6,0.0,0.0,0.0,0.0,0.0,0.0
full_288,luna,0.2,Raw,threshold,0.6,0.0,0.0,0.0,0.0,0.0,0.0
full_288,qwen_local,0.2,Raw,threshold,0.6,0.0,0.0,0.0,0.0,0.0,0.0
full_288,baseline,0.2,Raw,threshold,0.7,0.0,0.0,0.0,0.0,0.0,0.0
full_288,opus,0.2,Raw,threshold,0.7,0.0,0.0,0.0,0.0,0.0,0.0
full_288,pro,0.2,Raw,threshold,0.7,0.0,0.0,0.0,0.0,0.0,0.0
full_288,astra,0.2,Raw,threshold,0.7,0.0,0.0,0.0,0.0,0.0,0.0
full_288,sonnet,0.2,Raw,threshold,0.7,0.0,0.0,0.0,0.0,0.0,0.0
full_288,lite,0.2,Raw,threshold,0.7,0.0,0.0,0.0,0.0,0.0,0.0
full_288,luna,0.2,Raw,threshold,0.7,0.0,0.0,0.0,0.0,0.0,0.0
full_288,qwen_local,0.2,Raw,threshold,0.7,0.0,0.0,0.0,0.0,0.0,0.0
full_288,baseline,0.2,Raw,threshold,0.8,0.0,0.0,0.0,0.0,0.0,0.0
full_288,opus,0.2,Raw,threshold,0.8,0.0,0.0,0.0,0.0,0.0,0.0
full_288,pro,0.2,Raw,threshold,0.8,0.0,0.0,0.0,0.0,0.0,0.0
full_288,astra,0.2,Raw,threshold,0.8,0.0,0.0,0.0,0.0,0.0,0.0
full_288,sonnet,0.2,Raw,threshold,0.8,0.0,0.0,0.0,0.0,0.0,0.0
full_288,lite,0.2,Raw,threshold,0.8,0.0,0.0,0.0,0.0,0.0,0.0
full_288,luna,0.2,Raw,threshold,0.8,0.0,0.0,0.0,0.0,0.0,0.0
full_288,qwen_local,0.2,Raw,threshold,0.8,0.0,0.0,0.0,0.0,0.0,0.0
full_288,baseline,0.2,Raw,threshold,0.9,0.0,0.0,0.0,0.0,0.0,0.0
full_288,opus,0.2,Raw,threshold,0.9,0.0,0.0,0.0,0.0,0.0,0.0
full_288,pro,0.2,Raw,threshold,0.9,0.0,0.0,0.0,0.0,0.0,0.0
full_288,astra,0.2,Raw,threshold,0.9,0.0,0.0,0.0,0.0,0.0,0.0
full_288,sonnet,0.2,Raw,threshold,0.9,0.0,0.0,0.0,0.0,0.0,0.0
full_288,lite,0.2,Raw,threshold,0.9,0.0,0.0,0.0,0.0,0.0,0.0
full_288,luna,0.2,Raw,threshold,0.9,0.0,0.0,0.0,0.0,0.0,0.0
full_288,qwen_local,0.2,Raw,threshold,0.9,0.0,0.0,0.0,0.0,0.0,0.0
full_288,baseline,0.2,Raw,equal_call_budget,0.0,0.0,0.0,0.0,0.0,0.0,0.0
full_288,opus,0.2,Raw,equal_call_budget,0.0,0.0,0.0,0.0,0.0,0.0,0.0
full_288,pro,0.2,Raw,equal_call_budget,0.0,0.0,0.0,0.0,0.0,0.0,0.0
full_288,astra,0.2,Raw,equal_call_budget,0.0,0.0,0.0,0.0,0.0,0.0,0.0
full_288,sonnet,0.2,Raw,equal_call_budget,0.0,0.0,0.0,0.0,0.0,0.0,0.0
full_288,lite,0.2,Raw,equal_call_budget,0.0,0.0,0.0,0.0,0.0,0.0,0.0
full_288,luna,0.2,Raw,equal_call_budget,0.0,0.0,0.0,0.0,0.0,0.0,0.0
full_288,qwen_local,0.2,Raw,equal_call_budget,0.0,0.0,0.0,0.0,0.0,0.0,0.0
full_288,baseline,0.2,Raw,equal_call_budget,0.1,0.0,0.0,0.0,0.0,0.0,0.0
full_288,opus,0.2,Raw,equal_call_budget,0.1,0.0,0.0,0.0,0.0,0.0,0.0
full_288,pro,0.2,Raw,equal_call_budget,0.1,0.0,0.0,0.0,0.0,0.0,0.0
full_288,astra,0.2,Raw,equal_call_budget,0.1,0.0,0.0,0.0,0.0,0.0,0.0
full_288,sonnet,0.2,Raw,equal_call_budget,0.1,0.0,0.0,0.0,0.0,0.0,0.0
full_288,lite,0.2,Raw,equal_call_budget,0.1,0.0,0.0,0.0,0.0,0.0,0.0
full_288,luna,0.2,Raw,equal_call_budget,0.1,0.0,0.0,0.0,0.0,0.0,0.0
full_288,qwen_local,0.2,Raw,equal_call_budget,0.1,0.0,0.0,0.0,0.0,0.0,0.0
full_288,baseline,0.2,Raw,equal_call_budget,0.2,0.0,0.0,0.0,0.0,0.0,0.0
full_288,opus,0.2,Raw,equal_call_budget,0.2,0.0,0.0,0.0,0.0,0.0,0.0
full_288,pro,0.2,Raw,equal_call_budget,0.2,0.0,0.0,0.0,0.0,0.0,0.0
full_288,astra,0.2,Raw,equal_call_budget,0.2,0.0,0.0,0.0,0.0,0.0,0.0
full_288,sonnet,0.2,Raw,equal_call_budget,0.2,0.0,0.0,0.0,0.0,0.0,0.0
full_288,lite,0.2,Raw,equal_call_budget,0.2,0.0,0.0,0.0,0.0,0.0,0.0
full_288,luna,0.2,Raw,equal_call_budget,0.2,0.0,0.0,0.0,0.0,0.0,0.0
full_288,qwen_local,0.2,Raw,equal_call_budget,0.2,0.0,0.0,0.0,0.0,0.0,0.0
full_288,baseline,0.2,Raw,equal_call_budget,0.3,0.0,0.0,0.0,0.0,0.0,0.0
full_288,opus,0.2,Raw,equal_call_budget,0.3,0.0,0.0,0.0,0.0,0.0,0.0
full_288,pro,0.2,Raw,equal_call_budget,0.3,0.0,0.0,0.0,0.0,0.0,0.0
full_288,astra,0.2,Raw,equal_call_budget,0.3,0.0,0.0,0.0,0.0,0.0,0.0
full_288,sonnet,0.2,Raw,equal_call_budget,0.3,0.0,0.0,0.0,0.0,0.0,0.0
full_288,lite,0.2,Raw,equal_call_budget,0.3,0.0,0.0,0.0,0.0,0.0,0.0
full_288,luna,0.2,Raw,equal_call_budget,0.3,0.0,0.0,0.0,0.0,0.0,0.0
full_288,qwen_local,0.2,Raw,equal_call_budget,0.3,0.0,0.0,0.0,0.0,0.0,0.0
full_288,baseline,0.2,Raw,equal_call_budget,0.4,0.0,0.0,0.0,0.0,0.0,0.0
full_288,opus,0.2,Raw,equal_call_budget,0.4,0.0,0.0,0.0,0.0,0.0,0.0
full_288,pro,0.2,Raw,equal_call_budget,0.4,0.0,0.0,0.0,0.0,0.0,0.0
full_288,astra,0.2,Raw,equal_call_budget,0.4,0.0,0.0,0.0,0.0,0.0,0.0
full_288,sonnet,0.2,Raw,equal_call_budget,0.4,0.0,0.0,0.0,0.0,0.0,0.0
full_288,lite,0.2,Raw,equal_call_budget,0.4,0.0,0.0,0.0,0.0,0.0,0.0
full_288,luna,0.2,Raw,equal_call_budget,0.4,0.0,0.0,0.0,0.0,0.0,0.0
full_288,qwen_local,0.2,Raw,equal_call_budget,0.4,0.0,0.0,0.0,0.0,0.0,0.0
full_288,baseline,0.2,Raw,equal_call_budget,0.5,0.0,0.0,0.0,0.0,0.0,0.0
full_288,opus,0.2,Raw,equal_call_budget,0.5,0.0,0.0,0.0,0.0,0.0,0.0
full_288,pro,0.2,Raw,equal_call_budget,0.5,0.0,0.0,0.0,0.0,0.0,0.0
full_288,astra,0.2,Raw,equal_call_budget,0.5,0.0,0.0,0.0,0.0,0.0,0.0
full_288,sonnet,0.2,Raw,equal_call_budget,0.5,0.0,0.0,0.0,0.0,0.0,0.0
full_288,lite,0.2,Raw,equal_call_budget,0.5,0.0,0.0,0.0,0.0,0.0,0.0
full_288,luna,0.2,Raw,equal_call_budget,0.5,0.0,0.0,0.0,0.0,0.0,0.0
full_288,qwen_local,0.2,Raw,equal_call_budget,0.5,0.0,0.0,0.0,0.0,0.0,0.0
full_288,baseline,0.2,Raw,equal_call_budget,0.6,0.0,0.0,0.0,0.0,0.0,0.0
full_288,opus,0.2,Raw,equal_call_budget,0.6,0.0,0.0,0.0,0.0,0.0,0.0
full_288,pro,0.2,Raw,equal_call_budget,0.6,0.0,0.0,0.0,0.0,0.0,0.0
full_288,astra,0.2,Raw,equal_call_budget,0.6,0.0,0.0,0.0,0.0,0.0,0.0
full_288,sonnet,0.2,Raw,equal_call_budget,0.6,0.0,0.0,0.0,0.0,0.0,0.0
full_288,lite,0.2,Raw,equal_call_budget,0.6,0.0,0.0,0.0,0.0,0.0,0.0
full_288,luna,0.2,Raw,equal_call_budget,0.6,0.0,0.0,0.0,0.0,0.0,0.0
full_288,qwen_local,0.2,Raw,equal_call_budget,0.6,0.0,0.0,0.0,0.0,0.0,0.0
full_288,baseline,0.2,Raw,equal_call_budget,0.7,0.0,0.0,0.0,0.0,0.0,0.0
full_288,opus,0.2,Raw,equal_call_budget,0.7,0.0,0.0,0.0,0.0,0.0,0.0
full_288,pro,0.2,Raw,equal_call_budget,0.7,0.0,0.0,0.0,0.0,0.0,0.0
full_288,astra,0.2,Raw,equal_call_budget,0.7,0.0,0.0,0.0,0.0,0.0,0.0
full_288,sonnet,0.2,Raw,equal_call_budget,0.7,0.0,0.0,0.0,0.0,0.0,0.0
full_288,lite,0.2,Raw,equal_call_budget,0.7,0.0,0.0,0.0,0.0,0.0,0.0
full_288,luna,0.2,Raw,equal_call_budget,0.7,0.0,0.0,0.0,0.0,0.0,0.0
full_288,qwen_local,0.2,Raw,equal_call_budget,0.7,0.0,0.0,0.0,0.0,0.0,0.0
full_288,baseline,0.2,Raw,equal_call_budget,0.8,0.0,0.0,0.0,0.0,0.0,0.0
full_288,opus,0.2,Raw,equal_call_budget,0.8,0.0,0.0,0.0,0.0,0.0,0.0
full_288,pro,0.2,Raw,equal_call_budget,0.8,0.0,0.0,0.0,0.0,0.0,0.0
full_288,astra,0.2,Raw,equal_call_budget,0.8,0.0,0.0,0.0,0.0,0.0,0.0
full_288,sonnet,0.2,Raw,equal_call_budget,0.8,0.0,0.0,0.0,0.0,0.0,0.0
full_288,lite,0.2,Raw,equal_call_budget,0.8,0.0,0.0,0.0,0.0,0.0,0.0
full_288,luna,0.2,Raw,equal_call_budget,0.8,0.0,0.0,0.0,0.0,0.0,0.0
full_288,qwen_local,0.2,Raw,equal_call_budget,0.8,0.0,0.0,0.0,0.0,0.0,0.0
full_288,baseline,0.2,Raw,equal_call_budget,0.9,0.0,0.0,0.0,0.0,0.0,0.0
full_288,opus,0.2,Raw,equal_call_budget,0.9,0.0,0.0,0.0,0.0,0.0,0.0
full_288,pro,0.2,Raw,equal_call_budget,0.9,0.0,0.0,0.0,0.0,0.0,0.0
full_288,astra,0.2,Raw,equal_call_budget,0.9,0.0,0.0,0.0,0.0,0.0,0.0
full_288,sonnet,0.2,Raw,equal_call_budget,0.9,0.0,0.0,0.0,0.0,0.0,0.0
full_288,lite,0.2,Raw,equal_call_budget,0.9,0.0,0.0,0.0,0.0,0.0,0.0
full_288,luna,0.2,Raw,equal_call_budget,0.9,0.0,0.0,0.0,0.0,0.0,0.0
full_288,qwen_local,0.2,Raw,equal_call_budget,0.9,0.0,0.0,0.0,0.0,0.0,0.0
full_288,baseline,0.2,Raw,equal_call_budget,1.0,0.0,0.0,0.0,0.0,0.0,0.0
full_288,opus,0.2,Raw,equal_call_budget,1.0,0.0,0.0,0.0,0.0,0.0,0.0
full_288,pro,0.2,Raw,equal_call_budget,1.0,0.0,0.0,0.0,0.0,0.0,0.0
full_288,astra,0.2,Raw,equal_call_budget,1.0,0.0,0.0,0.0,0.0,0.0,0.0
full_288,sonnet,0.2,Raw,equal_call_budget,1.0,0.0,0.0,0.0,0.0,0.0,0.0
full_288,lite,0.2,Raw,equal_call_budget,1.0,0.0,0.0,0.0,0.0,0.0,0.0
full_288,luna,0.2,Raw,equal_call_budget,1.0,0.0,0.0,0.0,0.0,0.0,0.0
full_288,qwen_local,0.2,Raw,equal_call_budget,1.0,0.0,0.0,0.0,0.0,0.0,0.0
full_288,baseline,0.2,Regime,threshold,0.4,0.0,0.0,0.0,0.0,0.0,0.0
full_288,opus,0.2,Regime,threshold,0.4,0.0,0.0,0.0,0.0,0.0,0.0
full_288,pro,0.2,Regime,threshold,0.4,0.0,0.0,0.0,0.0,0.0,0.0
full_288,astra,0.2,Regime,threshold,0.4,0.0,0.0,0.0,0.0,0.0,0.0
full_288,sonnet,0.2,Regime,threshold,0.4,0.0,0.0,0.0,0.0,0.0,0.0
full_288,lite,0.2,Regime,threshold,0.4,0.0,0.0,0.0,0.0,0.0,0.0
full_288,luna,0.2,Regime,threshold,0.4,0.0,0.0,0.0,0.0,0.0,0.0
full_288,qwen_local,0.2,Regime,threshold,0.4,0.0,0.0,0.0,0.0,0.0,0.0
full_288,baseline,0.2,Regime,threshold,0.6,0.010833333333333112,-0.006405000000000438,0.007124999999999965,0.003708333333333355,3.9411555555555734e-06,0.01522542869419452
full_288,opus,0.2,Regime,threshold,0.6,0.010833333333333112,-0.006405000000000438,0.010833333333333112,0.0,0.00012803003472222282,0.046472587908452434
full_288,pro,0.2,Regime,threshold,0.6,0.010833333333333112,-0.006405000000000438,0.010833333333333112,0.0,0.00018698955555555927,0.10379999812987473
full_288,astra,0.2,Regime,threshold,0.6,0.010833333333333112,-0.006405000000000438,0.010833333333333112,0.0,0.00018847442708333408,0.06712052704660687
full_288,sonnet,0.2,Regime,threshold,0.6,0.010833333333333112,-0.006405000000000438,0.010833333333333112,0.0,5.218368055555584e-05,0.04131524763115024
full_288,lite,0.2,Regime,threshold,0.6,0.010833333333333112,-0.006405000000000438,0.011527777777777803,-0.0006944444444444437,3.899282569444463e-05,0.045643323432473126
full_288,luna,0.2,Regime,threshold,0.6,0.010833333333333112,-0.006405000000000438,0.011527777777777803,-0.0006944444444444437,1.1101703819444458e-05,0.10292989488756987
full_288,qwen_local,0.2,Regime,threshold,0.6,0.010833333333333112,-0.006405000000000438,0.011701388888889053,-0.0008680555555555533,0.0,1.0564135120573823
full_288,baseline,0.2,Regime,threshold,0.7,-0.16666666666666602,0.05600000000000013,-0.12083333333333476,-0.04583333333333349,-6.918999999999979e-05,-0.29102295091595964
full_288,opus,0.2,Regime,threshold,0.7,-0.16666666666666602,0.05600000000000013,-0.16666666666666602,0.0,-0.003017027777777719,-1.2748518249889829
full_288,pro,0.2,Regime,threshold,0.7,-0.16666666666666602,0.05600000000000013,-0.16666666666666602,0.0,-0.004695105555555594,-2.7503609866421694
full_288,astra,0.2,Regime,threshold,0.7,-0.16666666666666602,0.05600000000000013,-0.16666666666666602,0.0,-0.0032780659722222343,-1.2515278740113307
full_288,sonnet,0.2,Regime,threshold,0.7,-0.16666666666666602,0.05600000000000013,-0.16388888888888697,-0.002777777777777768,-0.0026361166666666845,-2.1775114945660166
full_288,lite,0.2,Regime,threshold,0.7,-0.16666666666666602,0.05600000000000013,-0.16666666666666635,0.0,-0.0008263823611111033,-0.895430765626642
full_288,luna,0.2,Regime,threshold,0.7,-0.16666666666666602,0.05600000000000013,-0.16666666666666635,0.0,-0.00012749881944444538,-1.15910699213855
full_288,qwen_local,0.2,Regime,threshold,0.7,-0.16666666666666602,0.05600000000000013,-0.1666666666666694,0.0,0.0,-20.150728670204522
full_288,baseline,0.2,Regime,threshold,0.8,-0.0033333333333332993,0.001240000000000005,-0.0020277777777777395,-0.0013055555555555876,-1.216377777777766e-06,-0.005161321602037416
full_288,opus,0.2,Regime,threshold,0.8,-0.0033333333333332993,0.001240000000000005,-0.0033333333333332993,0.0,-5.7487222222223425e-05,-0.023810427181928162
full_288,pro,0.2,Regime,threshold,0.8,-0.0033333333333332993,0.001240000000000005,-0.0033333333333332993,0.0,-9.910877777777327e-05,-0.0577572610635535
full_288,astra,0.2,Regime,threshold,0.8,-0.0033333333333332993,0.001240000000000005,-0.0033333333333332993,0.0,-6.550430555555577e-05,-0.025035026870273924
full_288,sonnet,0.2,Regime,threshold,0.8,-0.0033333333333332993,0.001240000000000005,-0.0033333333333335213,0.0,-3.867988888888764e-05,-0.03251194127977097
full_288,lite,0.2,Regime,threshold,0.8,-0.0033333333333332993,0.001240000000000005,-0.0031111111111113976,-0.00022222222222222435,-1.4797108333333177e-05,-0.016124513884416825
full_288,luna,0.2,Regime,threshold,0.8,-0.0033333333333332993,0.001240000000000005,-0.0032222222222222374,-0.00011111111111111044,-2.597247222222202e-06,-0.0244707944375957
full_288,qwen_local,0.2,Regime,threshold,0.8,-0.0033333333333332993,0.001240000000000005,-0.003083333333333216,-0.0002500000000000002,0.0,-0.41562518195904374
full_288,baseline,0.2,Regime,threshold,0.9,-0.0033333333333334103,0.0005899999999999933,-0.001993055555555512,-0.001340277777777843,-1.2538111111111611e-06,-0.0052038451952296505
full_288,opus,0.2,Regime,threshold,0.9,-0.0033333333333334103,0.0005899999999999933,-0.0033333333333334103,0.0,-5.707638888888776e-05,-0.022686369944737272
full_288,pro,0.2,Regime,threshold,0.9,-0.0033333333333334103,0.0005899999999999933,-0.0033333333333334103,0.0,-8.943136111110722e-05,-0.05268425453123626
full_288,astra,0.2,Regime,threshold,0.9,-0.0033333333333334103,0.0005899999999999933,-0.0033333333333334103,0.0,-6.394444444444286e-05,-0.0247611966353789
full_288,sonnet,0.2,Regime,threshold,0.9,-0.0033333333333334103,0.0005899999999999933,-0.003340277777777678,6.944444444444836e-06,-4.498895833333211e-05,-0.03766689838275816
full_288,lite,0.2,Regime,threshold,0.9,-0.0033333333333334103,0.0005899999999999933,-0.003055555555555478,-0.0002777777777777761,-1.5746043750000226e-05,-0.017129631943061163
full_288,luna,0.2,Regime,threshold,0.9,-0.0033333333333334103,0.0005899999999999933,-0.0030277777777777404,-0.0003055555555555589,-2.707141666666692e-06,-0.024324899203910455
full_288,qwen_local,0.2,Regime,threshold,0.9,-0.0033333333333334103,0.0005899999999999933,-0.0033263888888888093,-6.944444444444836e-06,0.0,-0.41977283049683933
full_288,baseline,0.2,Regime,equal_call_budget,0.0,0.0,0.0,0.0,0.0,0.0,0.0
full_288,opus,0.2,Regime,equal_call_budget,0.0,0.0,0.0,0.0,0.0,0.0,0.0
full_288,pro,0.2,Regime,equal_call_budget,0.0,0.0,0.0,0.0,0.0,0.0,0.0
full_288,astra,0.2,Regime,equal_call_budget,0.0,0.0,0.0,0.0,0.0,0.0,0.0
full_288,sonnet,0.2,Regime,equal_call_budget,0.0,0.0,0.0,0.0,0.0,0.0,0.0
full_288,lite,0.2,Regime,equal_call_budget,0.0,0.0,0.0,0.0,0.0,0.0,0.0
full_288,luna,0.2,Regime,equal_call_budget,0.0,0.0,0.0,0.0,0.0,0.0,0.0
full_288,qwen_local,0.2,Regime,equal_call_budget,0.0,0.0,0.0,0.0,0.0,0.0,0.0
full_288,baseline,0.2,Regime,equal_call_budget,0.1,0.0,-0.00023399999999995647,5.416666666668846e-05,-5.416666666666764e-05,-8.610333333334392e-08,-0.0007854522646152662
full_288,opus,0.2,Regime,equal_call_budget,0.1,0.0,-0.00023399999999995647,0.0,0.0,-1.267418750000018e-05,-0.0060163633087045865
full_288,pro,0.2,Regime,equal_call_budget,0.1,0.0,-0.00023399999999995647,0.0,0.0,-2.0269383333332367e-05,-0.013765553560124433
full_288,astra,0.2,Regime,equal_call_budget,0.1,0.0,-0.00023399999999995647,0.0,0.0,-7.032322916665761e-06,-0.004675409394484187
full_288,sonnet,0.2,Regime,equal_call_budget,0.1,0.0,-0.00023399999999995647,0.0,0.0,-1.554280000000039e-05,-0.013182673846679926
full_288,lite,0.2,Regime,equal_call_budget,0.1,0.0,-0.00023399999999995647,0.0002166666666666428,-0.0002166666666666645,-1.8317704166665957e-06,-0.0016069238317623635
full_288,luna,0.2,Regime,equal_call_budget,0.1,0.0,-0.00023399999999995647,0.0002166666666666428,-0.0002166666666666645,7.553460416666774e-07,0.006442108783924261
full_288,qwen_local,0.2,Regime,equal_call_budget,0.1,0.0,-0.00023399999999995647,0.0002708333333333174,-0.00027083333333333256,0.0,-0.07694631690796072
full_288,baseline,0.2,Regime,equal_call_budget,0.2,0.0,-0.00031200000000009,7.222222222222352e-05,-7.222222222222352e-05,-1.148044444444947e-07,-0.0010472696861538178
full_288,opus,0.2,Regime,equal_call_budget,0.2,0.0,-0.00031200000000009,0.0,0.0,-1.689891666666705e-05,-0.008021817744939597
full_288,pro,0.2,Regime,equal_call_budget,0.2,0.0,-0.00031200000000009,0.0,0.0,-2.7025844444446626e-05,-0.01835407141349954
full_288,astra,0.2,Regime,equal_call_budget,0.2,0.0,-0.00031200000000009,0.0,0.0,-9.376430555554927e-06,-0.006233879192645286
full_288,sonnet,0.2,Regime,equal_call_budget,0.2,0.0,-0.00031200000000009,0.0,0.0,-2.072373333333313e-05,-0.017576898462239754
full_288,lite,0.2,Regime,equal_call_budget,0.2,0.0,-0.00031200000000009,0.00028888888888892184,-0.00028888888888888974,-2.442360555555533e-06,-0.002142565109016892
full_288,luna,0.2,Regime,equal_call_budget,0.2,0.0,-0.00031200000000009,0.00028888888888892184,-0.00028888888888888974,1.007128055555606e-06,0.008589478378565607
full_288,qwen_local,0.2,Regime,equal_call_budget,0.2,0.0,-0.00031200000000009,0.0003611111111111731,-0.0003611111111111098,0.0,-0.1025950892105989
full_288,baseline,0.2,Regime,equal_call_budget,0.3,0.0,-7.80000000000225e-05,1.8055555555479552e-05,-1.805555555554894e-05,-2.870111111104236e-08,-0.0002618174215384128
full_288,opus,0.2,Regime,equal_call_budget,0.3,0.0,-7.80000000000225e-05,0.0,0.0,-4.2247291666651365e-06,-0.0020054544362353433
full_288,pro,0.2,Regime,equal_call_budget,0.3,0.0,-7.80000000000225e-05,0.0,0.0,-6.756461111106886e-06,-0.004588517853374441
full_288,astra,0.2,Regime,equal_call_budget,0.3,0.0,-7.80000000000225e-05,0.0,0.0,-2.344107638886997e-06,-0.0015584697981614326
full_288,sonnet,0.2,Regime,equal_call_budget,0.3,0.0,-7.80000000000225e-05,0.0,0.0,-5.180933333332957e-06,-0.004394224615560383
full_288,lite,0.2,Regime,equal_call_budget,0.3,0.0,-7.80000000000225e-05,7.222222222225128e-05,-7.222222222222005e-05,-6.10590138888558e-07,-0.0005356412772536956
full_288,luna,0.2,Regime,equal_call_budget,0.3,0.0,-7.80000000000225e-05,7.222222222225128e-05,-7.222222222222005e-05,2.5178201388888796e-07,0.0021473695946419014
full_288,qwen_local,0.2,Regime,equal_call_budget,0.3,0.0,-7.80000000000225e-05,9.02777777778141e-05,-9.027777777777767e-05,0.0,-0.0256487723026666
full_288,baseline,0.2,Regime,equal_call_budget,0.4,0.0,0.0,0.0,0.0,0.0,0.0
full_288,opus,0.2,Regime,equal_call_budget,0.4,0.0,0.0,0.0,0.0,0.0,0.0
full_288,pro,0.2,Regime,equal_call_budget,0.4,0.0,0.0,0.0,0.0,0.0,0.0
full_288,astra,0.2,Regime,equal_call_budget,0.4,0.0,0.0,0.0,0.0,0.0,0.0
full_288,sonnet,0.2,Regime,equal_call_budget,0.4,0.0,0.0,0.0,0.0,0.0,0.0
full_288,lite,0.2,Regime,equal_call_budget,0.4,0.0,0.0,0.0,0.0,0.0,0.0
full_288,luna,0.2,Regime,equal_call_budget,0.4,0.0,0.0,0.0,0.0,0.0,0.0
full_288,qwen_local,0.2,Regime,equal_call_budget,0.4,0.0,0.0,0.0,0.0,0.0,0.0
full_288,baseline,0.2,Regime,equal_call_budget,0.5,0.0,0.0,0.0,0.0,0.0,0.0
full_288,opus,0.2,Regime,equal_call_budget,0.5,0.0,0.0,0.0,0.0,0.0,0.0
full_288,pro,0.2,Regime,equal_call_budget,0.5,0.0,0.0,0.0,0.0,0.0,0.0
full_288,astra,0.2,Regime,equal_call_budget,0.5,0.0,0.0,0.0,0.0,0.0,0.0
full_288,sonnet,0.2,Regime,equal_call_budget,0.5,0.0,0.0,0.0,0.0,0.0,0.0
full_288,lite,0.2,Regime,equal_call_budget,0.5,0.0,0.0,0.0,0.0,0.0,0.0
full_288,luna,0.2,Regime,equal_call_budget,0.5,0.0,0.0,0.0,0.0,0.0,0.0
full_288,qwen_local,0.2,Regime,equal_call_budget,0.5,0.0,0.0,0.0,0.0,0.0,0.0
full_288,baseline,0.2,Regime,equal_call_budget,0.6,0.0,0.0,0.0,0.0,0.0,0.0
full_288,opus,0.2,Regime,equal_call_budget,0.6,0.0,0.0,0.0,0.0,0.0,0.0
full_288,pro,0.2,Regime,equal_call_budget,0.6,0.0,0.0,0.0,0.0,0.0,0.0
full_288,astra,0.2,Regime,equal_call_budget,0.6,0.0,0.0,0.0,0.0,0.0,0.0
full_288,sonnet,0.2,Regime,equal_call_budget,0.6,0.0,0.0,0.0,0.0,0.0,0.0
full_288,lite,0.2,Regime,equal_call_budget,0.6,0.0,0.0,0.0,0.0,0.0,0.0
full_288,luna,0.2,Regime,equal_call_budget,0.6,0.0,0.0,0.0,0.0,0.0,0.0
full_288,qwen_local,0.2,Regime,equal_call_budget,0.6,0.0,0.0,0.0,0.0,0.0,0.0
full_288,baseline,0.2,Regime,equal_call_budget,0.7,0.0,0.0,0.0,0.0,0.0,0.0
full_288,opus,0.2,Regime,equal_call_budget,0.7,0.0,0.0,0.0,0.0,0.0,0.0
full_288,pro,0.2,Regime,equal_call_budget,0.7,0.0,0.0,0.0,0.0,0.0,0.0
full_288,astra,0.2,Regime,equal_call_budget,0.7,0.0,0.0,0.0,0.0,0.0,0.0
full_288,sonnet,0.2,Regime,equal_call_budget,0.7,0.0,0.0,0.0,0.0,0.0,0.0
full_288,lite,0.2,Regime,equal_call_budget,0.7,0.0,0.0,0.0,0.0,0.0,0.0
full_288,luna,0.2,Regime,equal_call_budget,0.7,0.0,0.0,0.0,0.0,0.0,0.0
full_288,qwen_local,0.2,Regime,equal_call_budget,0.7,0.0,0.0,0.0,0.0,0.0,0.0
full_288,baseline,0.2,Regime,equal_call_budget,0.8,0.0,0.0,0.0,0.0,0.0,0.0
full_288,opus,0.2,Regime,equal_call_budget,0.8,0.0,0.0,0.0,0.0,0.0,0.0
full_288,pro,0.2,Regime,equal_call_budget,0.8,0.0,0.0,0.0,0.0,0.0,0.0
full_288,astra,0.2,Regime,equal_call_budget,0.8,0.0,0.0,0.0,0.0,0.0,0.0
full_288,sonnet,0.2,Regime,equal_call_budget,0.8,0.0,0.0,0.0,0.0,0.0,0.0
full_288,lite,0.2,Regime,equal_call_budget,0.8,0.0,0.0,0.0,0.0,0.0,0.0
full_288,luna,0.2,Regime,equal_call_budget,0.8,0.0,0.0,0.0,0.0,0.0,0.0
full_288,qwen_local,0.2,Regime,equal_call_budget,0.8,0.0,0.0,0.0,0.0,0.0,0.0
full_288,baseline,0.2,Regime,equal_call_budget,0.9,0.0,0.0,0.0,0.0,0.0,0.0
full_288,opus,0.2,Regime,equal_call_budget,0.9,0.0,0.0,0.0,0.0,0.0,0.0
full_288,pro,0.2,Regime,equal_call_budget,0.9,0.0,0.0,0.0,0.0,0.0,0.0
full_288,astra,0.2,Regime,equal_call_budget,0.9,0.0,0.0,0.0,0.0,0.0,0.0
full_288,sonnet,0.2,Regime,equal_call_budget,0.9,0.0,0.0,0.0,0.0,0.0,0.0
full_288,lite,0.2,Regime,equal_call_budget,0.9,0.0,0.0,0.0,0.0,0.0,0.0
full_288,luna,0.2,Regime,equal_call_budget,0.9,0.0,0.0,0.0,0.0,0.0,0.0
full_288,qwen_local,0.2,Regime,equal_call_budget,0.9,0.0,0.0,0.0,0.0,0.0,0.0
full_288,baseline,0.2,Regime,equal_call_budget,1.0,0.0,0.0,0.0,0.0,0.0,0.0
full_288,opus,0.2,Regime,equal_call_budget,1.0,0.0,0.0,0.0,0.0,0.0,0.0
full_288,pro,0.2,Regime,equal_call_budget,1.0,0.0,0.0,0.0,0.0,0.0,0.0
full_288,astra,0.2,Regime,equal_call_budget,1.0,0.0,0.0,0.0,0.0,0.0,0.0
full_288,sonnet,0.2,Regime,equal_call_budget,1.0,0.0,0.0,0.0,0.0,0.0,0.0
full_288,lite,0.2,Regime,equal_call_budget,1.0,0.0,0.0,0.0,0.0,0.0,0.0
full_288,luna,0.2,Regime,equal_call_budget,1.0,0.0,0.0,0.0,0.0,0.0,0.0
full_288,qwen_local,0.2,Regime,equal_call_budget,1.0,0.0,0.0,0.0,0.0,0.0,0.0
full_288,baseline,0.2,Weighted global,threshold,0.4,0.0,0.0,0.0,0.0,0.0,0.0
full_288,opus,0.2,Weighted global,threshold,0.4,0.0,0.0,0.0,0.0,0.0,0.0
full_288,pro,0.2,Weighted global,threshold,0.4,0.0,0.0,0.0,0.0,0.0,0.0
full_288,astra,0.2,Weighted global,threshold,0.4,0.0,0.0,0.0,0.0,0.0,0.0
full_288,sonnet,0.2,Weighted global,threshold,0.4,0.0,0.0,0.0,0.0,0.0,0.0
full_288,lite,0.2,Weighted global,threshold,0.4,0.0,0.0,0.0,0.0,0.0,0.0
full_288,luna,0.2,Weighted global,threshold,0.4,0.0,0.0,0.0,0.0,0.0,0.0
full_288,qwen_local,0.2,Weighted global,threshold,0.4,0.0,0.0,0.0,0.0,0.0,0.0
full_288,baseline,0.2,Weighted global,threshold,0.6,0.21499999999999966,-0.10324000000000119,0.14198611111111073,0.07301388888888895,8.494398888888819e-05,0.35736440809324177
full_288,opus,0.2,Weighted global,threshold,0.6,0.21499999999999966,-0.10324000000000119,0.21499999999999966,0.0,0.003469590833333341,1.3813347775772786
full_288,pro,0.2,Weighted global,threshold,0.6,0.21499999999999966,-0.10324000000000119,0.21499999999999966,0.0,0.0052378195,3.0733025646590333
full_288,astra,0.2,Weighted global,threshold,0.6,0.21499999999999966,-0.10324000000000119,0.21499999999999966,0.0,0.00419700718750001,1.626109446038555
full_288,sonnet,0.2,Weighted global,threshold,0.6,0.21499999999999966,-0.10324000000000119,0.21419444444444388,0.0008055555555555527,0.0023337099444444547,1.917130754903345
full_288,lite,0.2,Weighted global,threshold,0.6,0.21499999999999966,-0.10324000000000119,0.21499999999999994,-6.938893903907228e-18,0.0009298644958333315,1.041116773249387
full_288,luna,0.2,Weighted global,threshold,0.6,0.21499999999999966,-0.10324000000000119,0.21499999999999994,-6.938893903907228e-18,0.00017052424097222218,1.6020196480849282
full_288,qwen_local,0.2,Weighted global,threshold,0.6,0.21499999999999966,-0.10324000000000119,0.21499999999999964,-5.204170427930421e-18,0.0,25.890423970663583
full_288,baseline,0.2,Weighted global,threshold,0.7,0.16666666666666796,-0.06200000000000008,0.10138888888888703,0.06527777777777732,6.081888888888966e-05,0.25806608010186016
full_288,opus,0.2,Weighted global,threshold,0.7,0.16666666666666796,-0.06200000000000008,0.16666666666666796,0.0,0.002874361111111213,1.1905213590963917
full_288,pro,0.2,Weighted global,threshold,0.7,0.16666666666666796,-0.06200000000000008,0.16666666666666796,0.0,0.004955438888888839,2.887863053177691
full_288,astra,0.2,Weighted global,threshold,0.7,0.16666666666666796,-0.06200000000000008,0.16666666666666796,0.0,0.0032752152777777554,1.2517513435136554
full_288,sonnet,0.2,Weighted global,threshold,0.7,0.16666666666666796,-0.06200000000000008,0.1666666666666698,0.0,0.0019339944444444115,1.6255970639884838
full_288,lite,0.2,Weighted global,threshold,0.7,0.16666666666666796,-0.06200000000000008,0.1555555555555589,0.011111111111111106,0.0007398554166666736,0.8062256942208692
full_288,luna,0.2,Weighted global,threshold,0.7,0.16666666666666796,-0.06200000000000008,0.16111111111111087,0.005555555555555536,0.00012986236111110913,1.2235397218797748
full_288,qwen_local,0.2,Weighted global,threshold,0.7,0.16666666666666796,-0.06200000000000008,0.15416666666666773,0.012499999999999983,0.0,20.781259097952436
full_288,baseline,0.2,Weighted global,threshold,0.8,0.22666666666666635,-0.04431999999999979,0.14038888888889056,0.08627777777777815,8.673848888888911e-05,0.3662714332321759
full_288,opus,0.2,Weighted global,threshold,0.8,0.22666666666666635,-0.04431999999999979,0.22666666666666635,0.0,0.003975441666666654,1.6131904319248829
full_288,pro,0.2,Weighted global,threshold,0.8,0.22666666666666635,-0.04431999999999979,0.22666666666666635,0.0,0.006428902000000035,3.746580841983482
full_288,astra,0.2,Weighted global,threshold,0.8,0.22666666666666635,-0.04431999999999979,0.22666666666666635,0.0,0.004740650000000015,1.8564691515011553
full_288,sonnet,0.2,Weighted global,threshold,0.8,0.22666666666666635,-0.04431999999999979,0.22227777777777868,0.004388888888888874,0.0031117550000000042,2.595051500679964
full_288,lite,0.2,Weighted global,threshold,0.8,0.22666666666666635,-0.04431999999999979,0.2155555555555525,0.011111111111111058,0.0010327494611111114,1.1328599258293264
full_288,luna,0.2,Weighted global,threshold,0.8,0.22666666666666635,-0.04431999999999979,0.21366666666666834,0.013000000000000008,0.00019041402222222175,1.7245757002657642
full_288,qwen_local,0.2,Weighted global,threshold,0.8,0.22666666666666635,-0.04431999999999979,0.22327777777777424,0.00338888888888899,0.0,28.219352212742407
full_288,baseline,0.2,Weighted global,threshold,0.9,0.16666666666666574,-0.03699999999999994,0.10833333333333406,0.058333333333331794,6.533222222221999e-05,0.2823529025410474
full_288,opus,0.2,Weighted global,threshold,0.9,0.16666666666666574,-0.03699999999999994,0.16666666666666574,0.0,0.0030221180555555505,1.2602422038131555
full_288,pro,0.2,Weighted global,threshold,0.9,0.16666666666666574,-0.03699999999999994,0.16666666666666574,0.0,0.005092227777777746,2.9271618941679556
full_288,astra,0.2,Weighted global,threshold,0.9,0.16666666666666574,-0.03699999999999994,0.16666666666666574,0.0,0.0038979861111109494,1.5464665822963308
full_288,sonnet,0.2,Weighted global,threshold,0.9,0.16666666666666574,-0.03699999999999994,0.15833333333333377,0.008333333333333349,0.0023432083333332805,1.9435277953029502
full_288,lite,0.2,Weighted global,threshold,0.9,0.16666666666666574,-0.03699999999999994,0.1666666666666723,0.0,0.000719478055555531,0.7994190144766309
full_288,luna,0.2,Weighted global,threshold,0.9,0.16666666666666574,-0.03699999999999994,0.16527777777777297,0.0013888888888888458,0.0001466577777777786,1.3421066644808457
full_288,qwen_local,0.2,Weighted global,threshold,0.9,0.16666666666666574,-0.03699999999999994,0.16111111111110654,0.0055555555555554526,0.0,20.40792677297935
full_288,baseline,0.2,Weighted global,equal_call_budget,0.0,0.0,0.0,0.0,0.0,0.0,0.0
full_288,opus,0.2,Weighted global,equal_call_budget,0.0,0.0,0.0,0.0,0.0,0.0,0.0
full_288,pro,0.2,Weighted global,equal_call_budget,0.0,0.0,0.0,0.0,0.0,0.0,0.0
full_288,astra,0.2,Weighted global,equal_call_budget,0.0,0.0,0.0,0.0,0.0,0.0,0.0
full_288,sonnet,0.2,Weighted global,equal_call_budget,0.0,0.0,0.0,0.0,0.0,0.0,0.0
full_288,lite,0.2,Weighted global,equal_call_budget,0.0,0.0,0.0,0.0,0.0,0.0,0.0
full_288,luna,0.2,Weighted global,equal_call_budget,0.0,0.0,0.0,0.0,0.0,0.0,0.0
full_288,qwen_local,0.2,Weighted global,equal_call_budget,0.0,0.0,0.0,0.0,0.0,0.0,0.0
full_288,baseline,0.2,Weighted global,equal_call_budget,0.1,0.0,0.0,0.0,0.0,0.0,0.0
full_288,opus,0.2,Weighted global,equal_call_budget,0.1,0.0,0.0,0.0,0.0,0.0,0.0
full_288,pro,0.2,Weighted global,equal_call_budget,0.1,0.0,0.0,0.0,0.0,0.0,0.0
full_288,astra,0.2,Weighted global,equal_call_budget,0.1,0.0,0.0,0.0,0.0,0.0,0.0
full_288,sonnet,0.2,Weighted global,equal_call_budget,0.1,0.0,0.0,0.0,0.0,0.0,0.0
full_288,lite,0.2,Weighted global,equal_call_budget,0.1,0.0,0.0,0.0,0.0,0.0,0.0
full_288,luna,0.2,Weighted global,equal_call_budget,0.1,0.0,0.0,0.0,0.0,0.0,0.0
full_288,qwen_local,0.2,Weighted global,equal_call_budget,0.1,0.0,0.0,0.0,0.0,0.0,0.0
full_288,baseline,0.2,Weighted global,equal_call_budget,0.2,0.0,0.0,0.0,0.0,0.0,0.0
full_288,opus,0.2,Weighted global,equal_call_budget,0.2,0.0,0.0,0.0,0.0,0.0,0.0
full_288,pro,0.2,Weighted global,equal_call_budget,0.2,0.0,0.0,0.0,0.0,0.0,0.0
full_288,astra,0.2,Weighted global,equal_call_budget,0.2,0.0,0.0,0.0,0.0,0.0,0.0
full_288,sonnet,0.2,Weighted global,equal_call_budget,0.2,0.0,0.0,0.0,0.0,0.0,0.0
full_288,lite,0.2,Weighted global,equal_call_budget,0.2,0.0,0.0,0.0,0.0,0.0,0.0
full_288,luna,0.2,Weighted global,equal_call_budget,0.2,0.0,0.0,0.0,0.0,0.0,0.0
full_288,qwen_local,0.2,Weighted global,equal_call_budget,0.2,0.0,0.0,0.0,0.0,0.0,0.0
full_288,baseline,0.2,Weighted global,equal_call_budget,0.3,0.0,0.0,0.0,0.0,0.0,0.0
full_288,opus,0.2,Weighted global,equal_call_budget,0.3,0.0,0.0,0.0,0.0,0.0,0.0
full_288,pro,0.2,Weighted global,equal_call_budget,0.3,0.0,0.0,0.0,0.0,0.0,0.0
full_288,astra,0.2,Weighted global,equal_call_budget,0.3,0.0,0.0,0.0,0.0,0.0,0.0
full_288,sonnet,0.2,Weighted global,equal_call_budget,0.3,0.0,0.0,0.0,0.0,0.0,0.0
full_288,lite,0.2,Weighted global,equal_call_budget,0.3,0.0,0.0,0.0,0.0,0.0,0.0
full_288,luna,0.2,Weighted global,equal_call_budget,0.3,0.0,0.0,0.0,0.0,0.0,0.0
full_288,qwen_local,0.2,Weighted global,equal_call_budget,0.3,0.0,0.0,0.0,0.0,0.0,0.0
full_288,baseline,0.2,Weighted global,equal_call_budget,0.4,0.0,0.0,0.0,0.0,0.0,0.0
full_288,opus,0.2,Weighted global,equal_call_budget,0.4,0.0,0.0,0.0,0.0,0.0,0.0
full_288,pro,0.2,Weighted global,equal_call_budget,0.4,0.0,0.0,0.0,0.0,0.0,0.0
full_288,astra,0.2,Weighted global,equal_call_budget,0.4,0.0,0.0,0.0,0.0,0.0,0.0
full_288,sonnet,0.2,Weighted global,equal_call_budget,0.4,0.0,0.0,0.0,0.0,0.0,0.0
full_288,lite,0.2,Weighted global,equal_call_budget,0.4,0.0,0.0,0.0,0.0,0.0,0.0
full_288,luna,0.2,Weighted global,equal_call_budget,0.4,0.0,0.0,0.0,0.0,0.0,0.0
full_288,qwen_local,0.2,Weighted global,equal_call_budget,0.4,0.0,0.0,0.0,0.0,0.0,0.0
full_288,baseline,0.2,Weighted global,equal_call_budget,0.5,0.0,0.0,0.0,0.0,0.0,0.0
full_288,opus,0.2,Weighted global,equal_call_budget,0.5,0.0,0.0,0.0,0.0,0.0,0.0
full_288,pro,0.2,Weighted global,equal_call_budget,0.5,0.0,0.0,0.0,0.0,0.0,0.0
full_288,astra,0.2,Weighted global,equal_call_budget,0.5,0.0,0.0,0.0,0.0,0.0,0.0
full_288,sonnet,0.2,Weighted global,equal_call_budget,0.5,0.0,0.0,0.0,0.0,0.0,0.0
full_288,lite,0.2,Weighted global,equal_call_budget,0.5,0.0,0.0,0.0,0.0,0.0,0.0
full_288,luna,0.2,Weighted global,equal_call_budget,0.5,0.0,0.0,0.0,0.0,0.0,0.0
full_288,qwen_local,0.2,Weighted global,equal_call_budget,0.5,0.0,0.0,0.0,0.0,0.0,0.0
full_288,baseline,0.2,Weighted global,equal_call_budget,0.6,0.0,0.0,0.0,0.0,0.0,0.0
full_288,opus,0.2,Weighted global,equal_call_budget,0.6,0.0,0.0,0.0,0.0,0.0,0.0
full_288,pro,0.2,Weighted global,equal_call_budget,0.6,0.0,0.0,0.0,0.0,0.0,0.0
full_288,astra,0.2,Weighted global,equal_call_budget,0.6,0.0,0.0,0.0,0.0,0.0,0.0
full_288,sonnet,0.2,Weighted global,equal_call_budget,0.6,0.0,0.0,0.0,0.0,0.0,0.0
full_288,lite,0.2,Weighted global,equal_call_budget,0.6,0.0,0.0,0.0,0.0,0.0,0.0
full_288,luna,0.2,Weighted global,equal_call_budget,0.6,0.0,0.0,0.0,0.0,0.0,0.0
full_288,qwen_local,0.2,Weighted global,equal_call_budget,0.6,0.0,0.0,0.0,0.0,0.0,0.0
full_288,baseline,0.2,Weighted global,equal_call_budget,0.7,0.0,0.0,0.0,0.0,0.0,0.0
full_288,opus,0.2,Weighted global,equal_call_budget,0.7,0.0,0.0,0.0,0.0,0.0,0.0
full_288,pro,0.2,Weighted global,equal_call_budget,0.7,0.0,0.0,0.0,0.0,0.0,0.0
full_288,astra,0.2,Weighted global,equal_call_budget,0.7,0.0,0.0,0.0,0.0,0.0,0.0
full_288,sonnet,0.2,Weighted global,equal_call_budget,0.7,0.0,0.0,0.0,0.0,0.0,0.0
full_288,lite,0.2,Weighted global,equal_call_budget,0.7,0.0,0.0,0.0,0.0,0.0,0.0
full_288,luna,0.2,Weighted global,equal_call_budget,0.7,0.0,0.0,0.0,0.0,0.0,0.0
full_288,qwen_local,0.2,Weighted global,equal_call_budget,0.7,0.0,0.0,0.0,0.0,0.0,0.0
full_288,baseline,0.2,Weighted global,equal_call_budget,0.8,0.0,0.0,0.0,0.0,0.0,0.0
full_288,opus,0.2,Weighted global,equal_call_budget,0.8,0.0,0.0,0.0,0.0,0.0,0.0
full_288,pro,0.2,Weighted global,equal_call_budget,0.8,0.0,0.0,0.0,0.0,0.0,0.0
full_288,astra,0.2,Weighted global,equal_call_budget,0.8,0.0,0.0,0.0,0.0,0.0,0.0
full_288,sonnet,0.2,Weighted global,equal_call_budget,0.8,0.0,0.0,0.0,0.0,0.0,0.0
full_288,lite,0.2,Weighted global,equal_call_budget,0.8,0.0,0.0,0.0,0.0,0.0,0.0
full_288,luna,0.2,Weighted global,equal_call_budget,0.8,0.0,0.0,0.0,0.0,0.0,0.0
full_288,qwen_local,0.2,Weighted global,equal_call_budget,0.8,0.0,0.0,0.0,0.0,0.0,0.0
full_288,baseline,0.2,Weighted global,equal_call_budget,0.9,0.0,0.0,0.0,0.0,0.0,0.0
full_288,opus,0.2,Weighted global,equal_call_budget,0.9,0.0,0.0,0.0,0.0,0.0,0.0
full_288,pro,0.2,Weighted global,equal_call_budget,0.9,0.0,0.0,0.0,0.0,0.0,0.0
full_288,astra,0.2,Weighted global,equal_call_budget,0.9,0.0,0.0,0.0,0.0,0.0,0.0
full_288,sonnet,0.2,Weighted global,equal_call_budget,0.9,0.0,0.0,0.0,0.0,0.0,0.0
full_288,lite,0.2,Weighted global,equal_call_budget,0.9,0.0,0.0,0.0,0.0,0.0,0.0
full_288,luna,0.2,Weighted global,equal_call_budget,0.9,0.0,0.0,0.0,0.0,0.0,0.0
full_288,qwen_local,0.2,Weighted global,equal_call_budget,0.9,0.0,0.0,0.0,0.0,0.0,0.0
full_288,baseline,0.2,Weighted global,equal_call_budget,1.0,0.0,0.0,0.0,0.0,0.0,0.0
full_288,opus,0.2,Weighted global,equal_call_budget,1.0,0.0,0.0,0.0,0.0,0.0,0.0
full_288,pro,0.2,Weighted global,equal_call_budget,1.0,0.0,0.0,0.0,0.0,0.0,0.0
full_288,astra,0.2,Weighted global,equal_call_budget,1.0,0.0,0.0,0.0,0.0,0.0,0.0
full_288,sonnet,0.2,Weighted global,equal_call_budget,1.0,0.0,0.0,0.0,0.0,0.0,0.0
full_288,lite,0.2,Weighted global,equal_call_budget,1.0,0.0,0.0,0.0,0.0,0.0,0.0
full_288,luna,0.2,Weighted global,equal_call_budget,1.0,0.0,0.0,0.0,0.0,0.0,0.0
full_288,qwen_local,0.2,Weighted global,equal_call_budget,1.0,0.0,0.0,0.0,0.0,0.0,0.0
full_288,baseline,0.2,Weighted regime,threshold,0.4,0.0008333333333333333,-0.0004350000000000187,0.0005347222222222221,0.00029861111111111115,3.2439444444444447e-07,0.001364838761638061
full_288,opus,0.2,Weighted regime,threshold,0.4,0.0008333333333333333,-0.0004350000000000187,0.0008333333333333333,0.0,1.297326388888889e-05,0.005058138741652429
full_288,pro,0.2,Weighted regime,threshold,0.4,0.0008333333333333333,-0.0004350000000000187,0.0008333333333333333,0.0,1.9381194444444446e-05,0.011378489392664051
full_288,astra,0.2,Weighted regime,threshold,0.4,0.0008333333333333333,-0.0004350000000000187,0.0008333333333333333,0.0,1.6231840277777776e-05,0.006315831812876341
full_288,sonnet,0.2,Weighted regime,threshold,0.4,0.0008333333333333333,-0.0004350000000000187,0.0008333333333333333,0.0,7.846180555555557e-06,0.00642826210739602
full_288,lite,0.2,Weighted regime,threshold,0.4,0.0008333333333333333,-0.0004350000000000187,0.0008333333333333333,0.0,3.4510680555555555e-06,0.0039072092560883094
full_288,luna,0.2,Weighted regime,threshold,0.4,0.0008333333333333333,-0.0004350000000000187,0.0008333333333333333,0.0,6.677479166666666e-07,0.006329393101823775
full_288,qwen_local,0.2,Weighted regime,threshold,0.4,0.0008333333333333333,-0.0004350000000000187,0.0008333333333333333,0.0,0.0,0.10023356328152133
full_288,baseline,0.2,Weighted regime,threshold,0.6,0.19166666666666662,-0.09630000000000122,0.12215277777777733,0.06951388888888889,7.400172222222163e-05,0.3116776643428941
full_288,opus,0.2,Weighted regime,threshold,0.6,0.19166666666666662,-0.09630000000000122,0.19166666666666662,0.0,0.0030258069444444604,1.1902059521949269
full_288,pro,0.2,Weighted regime,threshold,0.6,0.19166666666666662,-0.09630000000000122,0.19166666666666662,0.0,0.00461955472222222,2.7088773365094685
full_288,astra,0.2,Weighted regime,threshold,0.6,0.19166666666666662,-0.09630000000000122,0.19166666666666662,0.0,0.0037376503472222253,1.4509290641023185
full_288,sonnet,0.2,Weighted regime,threshold,0.6,0.19166666666666662,-0.09630000000000122,0.19166666666666662,0.0,0.001859335277777787,1.529491981077475
full_288,lite,0.2,Weighted regime,threshold,0.6,0.19166666666666662,-0.09630000000000122,0.18999999999999959,0.001666666666666667,0.0008011919236111103,0.9023757053507958
full_288,luna,0.2,Weighted regime,threshold,0.6,0.19166666666666662,-0.09630000000000122,0.19083333333333288,0.0008333333333333231,0.0001530289375000001,1.449409578646713
full_288,qwen_local,0.2,Weighted regime,threshold,0.6,0.19166666666666662,-0.09630000000000122,0.1897916666666657,0.0018750000000000051,0.0,23.1639015209972
full_288,baseline,0.2,Weighted regime,threshold,0.7,0.16583333333333472,-0.06172000000000008,0.10078472222222035,0.06504861111111065,6.04729388888897e-05,0.25661096534728034
full_288,opus,0.2,Weighted regime,threshold,0.7,0.16583333333333472,-0.06172000000000008,0.16583333333333472,0.0,0.002859275972222325,1.184147099971447
full_288,pro,0.2,Weighted regime,threshold,0.7,0.16583333333333472,-0.06172000000000008,0.16583333333333472,0.0,0.0049319633611110605,2.87411124824448
full_288,astra,0.2,Weighted regime,threshold,0.7,0.16583333333333472,-0.06172000000000008,0.16583333333333472,0.0,0.003258824947916643,1.2454937041435983
full_288,sonnet,0.2,Weighted regime,threshold,0.7,0.16583333333333472,-0.06172000000000008,0.1658472222222253,-1.3888888888888805e-05,0.001920813861111077,1.6147095065156538
full_288,lite,0.2,Weighted regime,threshold,0.7,0.16583333333333472,-0.06172000000000008,0.15472222222222543,0.011111111111111106,0.000735723504861118,0.8017485403927367
full_288,luna,0.2,Weighted regime,threshold,0.7,0.16583333333333472,-0.06172000000000008,0.16027777777777752,0.005555555555555536,0.00012922486701388684,1.2177441869190821
full_288,qwen_local,0.2,Weighted regime,threshold,0.7,0.16583333333333472,-0.06172000000000008,0.15333333333333438,0.012499999999999983,0.0,20.68050545460141
full_288,baseline,0.2,Weighted regime,threshold,0.8,0.17499999999999927,-0.037379999999999816,0.11204861111111175,0.06295138888888799,6.808106666666611e-05,0.2921270616833038
full_288,opus,0.2,Weighted regime,threshold,0.8,0.17499999999999927,-0.037379999999999816,0.17499999999999927,0.0,0.0031402374305555328,1.2985732675148816
full_288,pro,0.2,Weighted regime,threshold,0.8,0.17499999999999927,-0.037379999999999816,0.17499999999999927,0.0,0.005225189861111097,3.0161019520254957
full_288,astra,0.2,Weighted regime,threshold,0.8,0.17499999999999927,-0.037379999999999816,0.17499999999999927,0.0,0.003955535694444458,1.5633421883077743
full_288,sonnet,0.2,Weighted regime,threshold,0.8,0.17499999999999927,-0.037379999999999816,0.16795138888888805,0.007048611111111085,0.0024419917083333617,2.0289083413397444
full_288,lite,0.2,Weighted regime,threshold,0.8,0.17499999999999927,-0.037379999999999816,0.1722777777777753,0.0027222222222222058,0.0007687454881944362,0.8505742314050564
full_288,luna,0.2,Weighted regime,threshold,0.8,0.17499999999999927,-0.037379999999999816,0.17081944444444563,0.004180555555555569,0.00015177573055555717,1.3845431036649911
full_288,qwen_local,0.2,Weighted regime,threshold,0.8,0.17499999999999927,-0.037379999999999816,0.17018749999999805,0.00481250000000006,0.0,21.54214320299343
full_288,baseline,0.2,Weighted regime,threshold,0.9,0.16666666666666574,-0.03699999999999994,0.10833333333333406,0.058333333333331794,6.533222222221999e-05,0.2823529025410474
full_288,opus,0.2,Weighted regime,threshold,0.9,0.16666666666666574,-0.03699999999999994,0.16666666666666574,0.0,0.0030221180555555505,1.2602422038131555
full_288,pro,0.2,Weighted regime,threshold,0.9,0.16666666666666574,-0.03699999999999994,0.16666666666666574,0.0,0.005092227777777746,2.9271618941679556
full_288,astra,0.2,Weighted regime,threshold,0.9,0.16666666666666574,-0.03699999999999994,0.16666666666666574,0.0,0.0038979861111109494,1.5464665822963308
full_288,sonnet,0.2,Weighted regime,threshold,0.9,0.16666666666666574,-0.03699999999999994,0.15833333333333377,0.008333333333333349,0.0023432083333332805,1.9435277953029502
full_288,lite,0.2,Weighted regime,threshold,0.9,0.16666666666666574,-0.03699999999999994,0.1666666666666723,0.0,0.000719478055555531,0.7994190144766309
full_288,luna,0.2,Weighted regime,threshold,0.9,0.16666666666666574,-0.03699999999999994,0.16527777777777297,0.0013888888888888458,0.0001466577777777786,1.3421066644808457
full_288,qwen_local,0.2,Weighted regime,threshold,0.9,0.16666666666666574,-0.03699999999999994,0.16111111111110654,0.0055555555555554526,0.0,20.40792677297935
full_288,baseline,0.2,Weighted regime,equal_call_budget,0.0,0.0,0.0,0.0,0.0,0.0,0.0
full_288,opus,0.2,Weighted regime,equal_call_budget,0.0,0.0,0.0,0.0,0.0,0.0,0.0
full_288,pro,0.2,Weighted regime,equal_call_budget,0.0,0.0,0.0,0.0,0.0,0.0,0.0
full_288,astra,0.2,Weighted regime,equal_call_budget,0.0,0.0,0.0,0.0,0.0,0.0,0.0
full_288,sonnet,0.2,Weighted regime,equal_call_budget,0.0,0.0,0.0,0.0,0.0,0.0,0.0
full_288,lite,0.2,Weighted regime,equal_call_budget,0.0,0.0,0.0,0.0,0.0,0.0,0.0
full_288,luna,0.2,Weighted regime,equal_call_budget,0.0,0.0,0.0,0.0,0.0,0.0,0.0
full_288,qwen_local,0.2,Weighted regime,equal_call_budget,0.0,0.0,0.0,0.0,0.0,0.0,0.0
full_288,baseline,0.2,Weighted regime,equal_call_budget,0.1,0.0,-0.00305999999999923,0.0007083333333336578,-0.000708333333333408,-1.1259666666667097e-06,-0.010271298844968302
full_288,opus,0.2,Weighted regime,equal_call_budget,0.1,0.0,-0.00305999999999923,0.0,0.0,-0.00016573937500000287,-0.07867552019075175
full_288,pro,0.2,Weighted regime,equal_call_budget,0.1,0.0,-0.00305999999999923,0.0,0.0,-0.00026506116666665013,-0.1800110850170158
full_288,astra,0.2,Weighted regime,equal_call_budget,0.1,0.0,-0.00305999999999923,0.0,0.0,-9.196114583332436e-05,-0.06113996900479113
full_288,sonnet,0.2,Weighted regime,equal_call_budget,0.1,0.0,-0.00305999999999923,0.0,0.0,-0.00020325200000000164,-0.17238881184119903
full_288,lite,0.2,Weighted regime,equal_call_budget,0.1,0.0,-0.00305999999999923,0.0028333333333329658,-0.0028333333333333106,-2.3953920833332876e-05,-0.0210136193384306
full_288,luna,0.2,Weighted regime,equal_call_budget,0.1,0.0,-0.00305999999999923,0.0028333333333329658,-0.0028333333333333106,9.877602083333521e-06,0.08424296102055073
full_288,qwen_local,0.2,Weighted regime,equal_call_budget,0.1,0.0,-0.00305999999999923,0.003541666666666554,-0.0035416666666666548,0.0,-1.0062210672578384
full_288,baseline,0.2,Weighted regime,equal_call_budget,0.2,0.0,-0.004080000000000861,0.00094444444444447,-0.0009444444444445255,-1.5012888888894115e-06,-0.013695065126627104
full_288,opus,0.2,Weighted regime,equal_call_budget,0.2,0.0,-0.004080000000000861,0.0,0.0,-0.00022098583333334367,-0.10490069358766796
full_288,pro,0.2,Weighted regime,equal_call_budget,0.2,0.0,-0.004080000000000861,0.0,0.0,-0.00035341488888890934,-0.24001478002269216
full_288,astra,0.2,Weighted regime,equal_call_budget,0.2,0.0,-0.004080000000000861,0.0,0.0,-0.00012261486111110349,-0.08151995867305173
full_288,sonnet,0.2,Weighted regime,equal_call_budget,0.2,0.0,-0.004080000000000861,0.0,0.0,-0.00027100266666666177,-0.22985174912159678
full_288,lite,0.2,Weighted regime,equal_call_budget,0.2,0.0,-0.004080000000000861,0.003777777777778213,-0.0037777777777777883,-3.1938561111111586e-05,-0.028018159117911723
full_288,luna,0.2,Weighted regime,equal_call_budget,0.2,0.0,-0.004080000000000861,0.003777777777778213,-0.0037777777777777883,1.3170136111111488e-05,0.11232394802739609
full_288,qwen_local,0.2,Weighted regime,equal_call_budget,0.2,0.0,-0.004080000000000861,0.004722222222223071,-0.004722222222222206,0.0,-1.3416280896770196
full_288,baseline,0.2,Weighted regime,equal_call_budget,0.3,0.0,-0.0010199999999999654,0.00023611111110996563,-0.00023611111111107586,-3.753222222213805e-07,-0.003423766281655749
full_288,opus,0.2,Weighted regime,equal_call_budget,0.3,0.0,-0.0010199999999999654,0.0,0.0,-5.5246458333323666e-05,-0.026225173396923207
full_288,pro,0.2,Weighted regime,equal_call_budget,0.3,0.0,-0.0010199999999999654,0.0,0.0,-8.835372222217638e-05,-0.060003695005668156
full_288,astra,0.2,Weighted regime,equal_call_budget,0.3,0.0,-0.0010199999999999654,0.0,0.0,-3.0653715277765246e-05,-0.020379989668265264
full_288,sonnet,0.2,Weighted regime,equal_call_budget,0.3,0.0,-0.0010199999999999654,0.0,0.0,-6.775066666665601e-05,-0.057462937280402304
full_288,lite,0.2,Weighted regime,equal_call_budget,0.3,0.0,-0.0010199999999999654,0.0009444444444433042,-0.0009444444444444275,-7.984640277775837e-06,-0.007004539779472019
full_288,luna,0.2,Weighted regime,equal_call_budget,0.3,0.0,-0.0010199999999999654,0.0009444444444433042,-0.0009444444444444275,3.2925340277777907e-06,0.028080987006851466
full_288,qwen_local,0.2,Weighted regime,equal_call_budget,0.3,0.0,-0.0010199999999999654,0.0011805555555562397,-0.001180555555555551,0.0,-0.3354070224194814
full_288,baseline,0.2,Weighted regime,equal_call_budget,0.4,0.0,-0.0022799999999990606,-0.007388888888888501,0.007388888888888306,-3.1810222222214543e-06,-0.012523610909352723
full_288,opus,0.2,Weighted regime,equal_call_budget,0.4,0.0,-0.0022799999999990606,5.551115123125783e-17,-5.2735593669694933e-17,-5.421333333334444e-05,-0.032045577039199635
full_288,pro,0.2,Weighted regime,equal_call_budget,0.4,0.0,-0.0022799999999990606,5.551115123125783e-17,-5.2735593669694933e-17,9.892666666669152e-05,0.0522507852834968
full_288,astra,0.2,Weighted regime,equal_call_budget,0.4,0.0,-0.0022799999999990606,5.551115123125783e-17,-5.2735593669694933e-17,-1.0832638889027302e-06,8.491841088265062e-05
full_288,sonnet,0.2,Weighted regime,equal_call_budget,0.4,0.0,-0.0022799999999990606,0.0010555555555549767,-0.001055555555555615,-0.0002668064444444583,-0.20972748361943916
full_288,lite,0.2,Weighted regime,equal_call_budget,0.4,0.0,-0.0022799999999990606,-0.004222222222222682,0.004222222222222235,-3.288023888889076e-05,-0.0338979271341775
full_288,luna,0.2,Weighted regime,equal_call_budget,0.4,0.0,-0.0022799999999990606,-0.0021111111111124514,0.0021111111111110905,8.981458333337891e-07,0.024484437301665274
full_288,qwen_local,0.2,Weighted regime,equal_call_budget,0.4,0.0,-0.0022799999999990606,-0.0047500000000000875,0.004750000000000063,0.0,0.23960156254446474
full_288,baseline,0.2,Weighted regime,equal_call_budget,0.5,0.0,-0.005700000000000122,-0.018472222222222112,0.01847222222222142,-7.952555555554395e-06,-0.03130902727338758
full_288,opus,0.2,Weighted regime,equal_call_budget,0.5,0.0,-0.005700000000000122,0.0,-1.0547118733938987e-16,-0.0001355333333333368,-0.08011394259797244
full_288,pro,0.2,Weighted regime,equal_call_budget,0.5,0.0,-0.005700000000000122,0.0,-1.0547118733938987e-16,0.00024731666666664986,0.13062696320878597
full_288,astra,0.2,Weighted regime,equal_call_budget,0.5,0.0,-0.005700000000000122,0.0,-1.0547118733938987e-16,-2.7081597222620296e-06,0.00021229602720707064
full_288,sonnet,0.2,Weighted regime,equal_call_budget,0.5,0.0,-0.005700000000000122,0.002638888888890134,-0.002638888888888985,-0.0006670161111111232,-0.5243187090486536
full_288,lite,0.2,Weighted regime,equal_call_budget,0.5,0.0,-0.005700000000000122,-0.01055555555555393,0.01055555555555552,-8.220059722222062e-05,-0.08474481783547105
full_288,luna,0.2,Weighted regime,equal_call_budget,0.5,0.0,-0.005700000000000122,-0.005277777777775439,0.005277777777777746,2.2453645833326566e-06,0.06121109325416896
full_288,qwen_local,0.2,Weighted regime,equal_call_budget,0.5,0.0,-0.005700000000000122,-0.011875000000002134,0.011874999999999959,0.0,0.5990039063609132
full_288,baseline,0.2,Weighted regime,equal_call_budget,0.6,0.0,-0.0022799999999999904,-0.007388888888887779,0.007388888888889222,-3.1810222222204785e-06,-0.012523610909356275
full_288,opus,0.2,Weighted regime,equal_call_budget,0.6,0.0,-0.0022799999999999904,0.0,0.0,-5.4213333333295866e-05,-0.03204557703919253
full_288,pro,0.2,Weighted regime,equal_call_budget,0.6,0.0,-0.0022799999999999904,0.0,0.0,9.892666666654754e-05,0.052250785283588286
full_288,astra,0.2,Weighted regime,equal_call_budget,0.6,0.0,-0.0022799999999999904,0.0,0.0,-1.0832638888437496e-06,8.491841088442698e-05
full_288,sonnet,0.2,Weighted regime,equal_call_budget,0.6,0.0,-0.0022799999999999904,0.0010555555555520346,-0.0010555555555555097,-0.0002668064444444236,-0.2097274836194396
full_288,lite,0.2,Weighted regime,equal_call_budget,0.6,0.0,-0.0022799999999999904,-0.004222222222222682,0.0042222222222222505,-3.288023888891071e-05,-0.03389792713417927
full_288,luna,0.2,Weighted regime,equal_call_budget,0.6,0.0,-0.0022799999999999904,-0.002111111111108288,0.0021111111111110793,8.981458333328675e-07,0.024484437301644846
full_288,qwen_local,0.2,Weighted regime,equal_call_budget,0.6,0.0,-0.0022799999999999904,-0.004750000000004473,0.004749999999999968,0.0,0.23960156254486265
full_288,baseline,0.2,Weighted regime,equal_call_budget,0.7,0.0,-0.0010799999999997686,0.0012500000000025269,-0.0012499999999985578,3.803999999996686e-07,0.0031911325602531626
full_288,opus,0.2,Weighted regime,equal_call_budget,0.7,0.0,-0.0010799999999997686,0.0,-9.992007221626409e-17,2.4234999999936738e-05,0.01813301374695797
full_288,pro,0.2,Weighted regime,equal_call_budget,0.7,0.0,-0.0010799999999997686,0.0,-9.992007221626409e-17,8.937500000001652e-05,0.042184680135266106
full_288,astra,0.2,Weighted regime,equal_call_budget,0.7,0.0,-0.0010799999999997686,0.0,-9.992007221626409e-17,0.0001009100000000096,0.04441057207591381
full_288,sonnet,0.2,Weighted regime,equal_call_budget,0.7,0.0,-0.0010799999999997686,-0.001249999999998641,0.0012499999999998953,1.3501500000010977e-05,0.008666334167758194
full_288,lite,0.2,Weighted regime,equal_call_budget,0.7,0.0,-0.0010799999999997686,0.002000000000001889,-0.0020000000000001995,-9.766675000005137e-06,-0.008217011905391924
full_288,luna,0.2,Weighted regime,equal_call_budget,0.7,0.0,-0.0010799999999997686,0.002000000000000113,-0.0019999999999999966,1.6273000000007832e-06,0.018124085417069224
full_288,qwen_local,0.2,Weighted regime,equal_call_budget,0.7,0.0,-0.0010799999999997686,-0.0007499999999994733,0.0007499999999998272,0.0,-0.08362292426795648
full_288,baseline,0.2,Weighted regime,equal_call_budget,0.8,0.0,-0.004319999999999907,0.005000000000000782,-0.004999999999999338,1.5215999999996501e-06,0.012764530241030636
full_288,opus,0.2,Weighted regime,equal_call_budget,0.8,0.0,-0.004319999999999907,0.0,0.0,9.693999999996553e-05,0.07253205498796955
full_288,pro,0.2,Weighted regime,equal_call_budget,0.8,0.0,-0.004319999999999907,0.0,0.0,0.00035750000000006263,0.1687387205410502
full_288,astra,0.2,Weighted regime,equal_call_budget,0.8,0.0,-0.004319999999999907,0.0,0.0,0.0004036400000000315,0.17764228830372808
full_288,sonnet,0.2,Weighted regime,equal_call_budget,0.8,0.0,-0.004319999999999907,-0.005000000000001559,0.0050000000000000305,5.400599999994156e-05,0.03466533667104876
full_288,lite,0.2,Weighted regime,equal_call_budget,0.8,0.0,-0.004319999999999907,0.008000000000001117,-0.008000000000000139,-3.90667000000045e-05,-0.03286804762158679
full_288,luna,0.2,Weighted regime,equal_call_budget,0.8,0.0,-0.004319999999999907,0.008000000000000895,-0.008000000000000047,6.5092000000018316e-06,0.07249634166828667
full_288,qwen_local,0.2,Weighted regime,equal_call_budget,0.8,0.0,-0.004319999999999907,-0.0030000000000027782,0.003000000000000079,0.0,-0.3344916970730196
full_288,baseline,0.2,Weighted regime,equal_call_budget,0.9,0.0,-0.0032399999999998437,0.0037499999999974776,-0.003750000000001308,1.1411999999991142e-06,0.009573397680765261
full_288,opus,0.2,Weighted regime,equal_call_budget,0.9,0.0,-0.0032399999999998437,0.0,9.992007221626409e-17,7.270500000002705e-05,0.05439904124099204
full_288,pro,0.2,Weighted regime,equal_call_budget,0.9,0.0,-0.0032399999999998437,0.0,9.992007221626409e-17,0.00026812499999992814,0.1265540404058516
full_288,astra,0.2,Weighted regime,equal_call_budget,0.9,0.0,-0.0032399999999998437,0.0,9.992007221626409e-17,0.00030273000000001146,0.13323171622779828
full_288,sonnet,0.2,Weighted regime,equal_call_budget,0.9,0.0,-0.0032399999999998437,-0.003750000000003695,0.0037500000000001152,4.050450000002599e-05,0.025999002503292346
full_288,lite,0.2,Weighted regime,equal_call_budget,0.9,0.0,-0.0032399999999998437,0.006000000000001338,-0.005999999999999797,-2.9300025000008473e-05,-0.024651035716170888
full_288,luna,0.2,Weighted regime,equal_call_budget,0.9,0.0,-0.0032399999999998437,0.005999999999996897,-0.005999999999999839,4.8818999999969285e-06,0.05437225625122366
full_288,qwen_local,0.2,Weighted regime,equal_call_budget,0.9,0.0,-0.0032399999999998437,-0.002249999999999197,0.0022500000000000332,0.0,-0.2508687728047221
full_288,baseline,0.2,Weighted regime,equal_call_budget,1.0,0.0,0.0,0.0,0.0,0.0,0.0
full_288,opus,0.2,Weighted regime,equal_call_budget,1.0,0.0,0.0,0.0,0.0,0.0,0.0
full_288,pro,0.2,Weighted regime,equal_call_budget,1.0,0.0,0.0,0.0,0.0,0.0,0.0
full_288,astra,0.2,Weighted regime,equal_call_budget,1.0,0.0,0.0,0.0,0.0,0.0,0.0
full_288,sonnet,0.2,Weighted regime,equal_call_budget,1.0,0.0,0.0,0.0,0.0,0.0,0.0
full_288,lite,0.2,Weighted regime,equal_call_budget,1.0,0.0,0.0,0.0,0.0,0.0,0.0
full_288,luna,0.2,Weighted regime,equal_call_budget,1.0,0.0,0.0,0.0,0.0,0.0,0.0
full_288,qwen_local,0.2,Weighted regime,equal_call_budget,1.0,0.0,0.0,0.0,0.0,0.0,0.0
first_repeat_144,baseline,0.01,Context cells,threshold,0.4,0.11466666666666656,-0.05833999999999967,0.07311111111111097,0.04155555555555548,4.5913666666666694e-05,0.1996412888491502
first_repeat_144,opus,0.01,Context cells,threshold,0.4,0.11466666666666656,-0.05833999999999967,0.11466666666666656,0.0,0.0019210394444444442,0.7793076018191243
first_repeat_144,pro,0.01,Context cells,threshold,0.4,0.11466666666666656,-0.05833999999999967,0.11466666666666656,0.0,0.002739365555555556,1.6098960531085291
first_repeat_144,astra,0.01,Context cells,threshold,0.4,0.11466666666666656,-0.05833999999999967,0.11466666666666656,0.0,0.0021942920833333355,0.8575591715472209
first_repeat_144,sonnet,0.01,Context cells,threshold,0.4,0.11466666666666656,-0.05833999999999967,0.11466666666666656,0.0,0.001211930777777779,0.9917259023829827
first_repeat_144,lite,0.01,Context cells,threshold,0.4,0.11466666666666656,-0.05833999999999967,0.1104444444444444,0.004222222222222222,0.0004814986166666658,0.548792872903868
first_repeat_144,luna,0.01,Context cells,threshold,0.4,0.11466666666666656,-0.05833999999999967,0.11455555555555545,0.0001111111111111112,8.758266388888896e-05,0.8252727914940986
first_repeat_144,qwen_local,0.01,Context cells,threshold,0.4,0.11466666666666656,-0.05833999999999967,0.11349999999999992,0.0011666666666666687,0.0,15.09021075501233
first_repeat_144,baseline,0.01,Context cells,threshold,0.6,0.2291666666666661,-0.09955500000000095,0.15836111111111056,0.0708055555555555,8.701365555555556e-05,0.3625074866845619
first_repeat_144,opus,0.01,Context cells,threshold,0.6,0.2291666666666661,-0.09955500000000095,0.2291666666666661,0.0,0.0038252222916666592,1.5724739434724544
first_repeat_144,pro,0.01,Context cells,threshold,0.6,0.2291666666666661,-0.09955500000000095,0.2291666666666661,0.0,0.005702305972222208,3.2329999849618134
first_repeat_144,astra,0.01,Context cells,threshold,0.6,0.2291666666666661,-0.09955500000000095,0.2291666666666661,0.0,0.004464150381944435,1.7160500971880914
first_repeat_144,sonnet,0.01,Context cells,threshold,0.6,0.2291666666666661,-0.09955500000000095,0.2291666666666661,0.0,0.0028004008611111136,2.320349451212599
first_repeat_144,lite,0.01,Context cells,threshold,0.6,0.2291666666666661,-0.09955500000000095,0.225944444444445,0.003222222222222232,0.0010142815277777795,1.1293351753205996
first_repeat_144,luna,0.01,Context cells,threshold,0.6,0.2291666666666661,-0.09955500000000095,0.22772222222222174,0.0014444444444444418,0.00018905424375000008,1.7468268142985204
first_repeat_144,qwen_local,0.01,Context cells,threshold,0.6,0.2291666666666661,-0.09955500000000095,0.2204999999999995,0.008666666666666677,0.0,29.314960148373295
first_repeat_144,baseline,0.01,Context cells,threshold,0.7,0.11949999999999927,-0.03871499999999978,0.07737499999999886,0.04212500000000005,4.1671605555555205e-05,0.1832002141232535
first_repeat_144,opus,0.01,Context cells,threshold,0.7,0.11949999999999927,-0.03871499999999978,0.11949999999999927,0.0,0.0022567083333333068,0.9522727992075204
first_repeat_144,pro,0.01,Context cells,threshold,0.7,0.11949999999999927,-0.03871499999999978,0.11949999999999927,0.0,0.003737206999999968,2.1187547608399333
first_repeat_144,astra,0.01,Context cells,threshold,0.7,0.11949999999999927,-0.03871499999999978,0.11949999999999927,0.0,0.0025654356249999767,1.027225096643897
first_repeat_144,sonnet,0.01,Context cells,threshold,0.7,0.11949999999999927,-0.03871499999999978,0.12227777777777832,-0.002777777777777768,0.0014667781944444503,1.2386704911986053
first_repeat_144,lite,0.01,Context cells,threshold,0.7,0.11949999999999927,-0.03871499999999978,0.11149999999999882,0.00799999999999995,0.00048530381666667555,0.5321444084773304
first_repeat_144,luna,0.01,Context cells,threshold,0.7,0.11949999999999927,-0.03871499999999978,0.11611111111111094,0.003388888888888878,0.00010297275694444604,0.9552912748621574
first_repeat_144,qwen_local,0.01,Context cells,threshold,0.7,0.11949999999999927,-0.03871499999999978,0.10527777777777758,0.014222222222222209,0.0,17.161095215137053
first_repeat_144,baseline,0.01,Context cells,threshold,0.8,0.12100000000000022,-0.026889999999999803,0.0744444444444447,0.04655555555555499,4.542432222222109e-05,0.19766242160872327
first_repeat_144,opus,0.01,Context cells,threshold,0.8,0.12100000000000022,-0.026889999999999803,0.12100000000000022,-2.7755575615628914e-19,0.0021437295833333717,0.8540716061686116
first_repeat_144,pro,0.01,Context cells,threshold,0.8,0.12100000000000022,-0.026889999999999803,0.12100000000000022,-2.7755575615628914e-19,0.0038001681666666627,2.164480304583808
first_repeat_144,astra,0.01,Context cells,threshold,0.8,0.12100000000000022,-0.026889999999999803,0.12100000000000022,-2.7755575615628914e-19,0.0027915606597222527,1.1348460993507903
first_repeat_144,sonnet,0.01,Context cells,threshold,0.8,0.12100000000000022,-0.026889999999999803,0.12101388888888598,-1.3888888888888805e-05,0.0023030350277777403,1.958477876382946
first_repeat_144,lite,0.01,Context cells,threshold,0.8,0.12100000000000022,-0.026889999999999803,0.12211111111110917,-0.0011111111111111079,0.0005167741736111045,0.5800162995173026
first_repeat_144,luna,0.01,Context cells,threshold,0.8,0.12100000000000022,-0.026889999999999803,0.11433333333333173,0.006666666666666643,9.482098263888835e-05,0.8673053982166516
first_repeat_144,qwen_local,0.01,Context cells,threshold,0.8,0.12100000000000022,-0.026889999999999803,0.11350000000000038,0.007499999999999953,0.0,15.895151821621184
first_repeat_144,baseline,0.01,Context cells,threshold,0.9,0.0728333333333342,-0.025474999999999942,0.04983333333333262,0.02300000000000174,2.772825000000044e-05,0.12574409038628676
first_repeat_144,opus,0.01,Context cells,threshold,0.9,0.0728333333333342,-0.025474999999999942,0.0728333333333342,0.0,0.0013774447916666249,0.5594512919440628
first_repeat_144,pro,0.01,Context cells,threshold,0.9,0.0728333333333342,-0.025474999999999942,0.0728333333333342,0.0,0.0026248261666665974,1.4486547204997784
first_repeat_144,astra,0.01,Context cells,threshold,0.9,0.0728333333333342,-0.025474999999999942,0.0728333333333342,0.0,0.002014022500000115,0.8613889515319899
first_repeat_144,sonnet,0.01,Context cells,threshold,0.9,0.0728333333333342,-0.025474999999999942,0.07283333333333564,0.0,0.0015566602777778125,1.3058589998190548
first_repeat_144,lite,0.01,Context cells,threshold,0.9,0.0728333333333342,-0.025474999999999942,0.07299999999999673,-0.00016666666666666566,0.0003086753319444411,0.3408374528572087
first_repeat_144,luna,0.01,Context cells,threshold,0.9,0.0728333333333342,-0.025474999999999942,0.07654166666666351,-0.0037083333333333204,5.6883927777781444e-05,0.4858513043230879
first_repeat_144,qwen_local,0.01,Context cells,threshold,0.9,0.0728333333333342,-0.025474999999999942,0.06299999999999706,0.009833333333333276,0.0,9.620156690183379
first_repeat_144,baseline,0.01,Context cells,equal_call_budget,0.0,0.0,0.0,0.0,0.0,0.0,0.0
first_repeat_144,opus,0.01,Context cells,equal_call_budget,0.0,0.0,0.0,0.0,0.0,0.0,0.0
first_repeat_144,pro,0.01,Context cells,equal_call_budget,0.0,0.0,0.0,0.0,0.0,0.0,0.0
first_repeat_144,astra,0.01,Context cells,equal_call_budget,0.0,0.0,0.0,0.0,0.0,0.0,0.0
first_repeat_144,sonnet,0.01,Context cells,equal_call_budget,0.0,0.0,0.0,0.0,0.0,0.0,0.0
first_repeat_144,lite,0.01,Context cells,equal_call_budget,0.0,0.0,0.0,0.0,0.0,0.0,0.0
first_repeat_144,luna,0.01,Context cells,equal_call_budget,0.0,0.0,0.0,0.0,0.0,0.0,0.0
first_repeat_144,qwen_local,0.01,Context cells,equal_call_budget,0.0,0.0,0.0,0.0,0.0,0.0,0.0
first_repeat_144,baseline,0.01,Context cells,equal_call_budget,0.1,-1.3877787807814457e-17,-0.0023150000000001225,0.007270833333333289,-0.0072708333333332265,-1.3752527777776858e-06,-0.017477217931168465
first_repeat_144,opus,0.01,Context cells,equal_call_budget,0.1,-1.3877787807814457e-17,-0.0023150000000001225,-1.3877787807814457e-17,0.0,-0.0001187933680555529,-0.048700574887722614
first_repeat_144,pro,0.01,Context cells,equal_call_budget,0.1,-1.3877787807814457e-17,-0.0023150000000001225,-1.3877787807814457e-17,0.0,-0.0002892455138888855,-0.189847364185606
first_repeat_144,astra,0.01,Context cells,equal_call_budget,0.1,-1.3877787807814457e-17,-0.0023150000000001225,-1.3877787807814457e-17,0.0,-6.56705034722115e-05,-0.04435954536401521
first_repeat_144,sonnet,0.01,Context cells,equal_call_budget,0.1,-1.3877787807814457e-17,-0.0023150000000001225,-1.3877787807814457e-17,0.0,-8.046095833332966e-05,-0.07340956752183636
first_repeat_144,lite,0.01,Context cells,equal_call_budget,0.1,-1.3877787807814457e-17,-0.0023150000000001225,0.003277777777777449,-0.0032777777777777805,2.3648086805555123e-05,0.02614372791372166
first_repeat_144,luna,0.01,Context cells,equal_call_budget,0.1,-1.3877787807814457e-17,-0.0023150000000001225,-0.00012500000000002787,0.00012499999999999998,7.1439565972220985e-06,0.061637248552113943
first_repeat_144,qwen_local,0.01,Context cells,equal_call_budget,0.1,-1.3877787807814457e-17,-0.0023150000000001225,-0.0010000000000000703,0.001,0.0,-0.686680009439673
first_repeat_144,baseline,0.01,Context cells,equal_call_budget,0.2,0.0,-8.500000000072339e-05,0.011546296296296485,-0.011546296296296638,-2.4578324074074685e-06,-0.027059154316971423
first_repeat_144,opus,0.01,Context cells,equal_call_budget,0.2,0.0,-8.500000000072339e-05,0.0,-1.3877787807814457e-19,-0.0001385639236110973,-0.05005588078221712
first_repeat_144,pro,0.01,Context cells,equal_call_budget,0.2,0.0,-8.500000000072339e-05,0.0,-1.3877787807814457e-19,-0.0003531643148148222,-0.2430808134560536
first_repeat_144,astra,0.01,Context cells,equal_call_budget,0.2,0.0,-8.500000000072339e-05,0.0,-1.3877787807814457e-19,-9.917266203704304e-05,-0.06874747410744275
first_repeat_144,sonnet,0.01,Context cells,equal_call_budget,0.2,0.0,-8.500000000072339e-05,0.0,-1.3877787807814457e-19,1.3944037037047583e-05,0.010851283825683566
first_repeat_144,lite,0.01,Context cells,equal_call_budget,0.2,0.0,-8.500000000072339e-05,0.00418287037036974,-0.004182870370370348,3.9431786805557375e-05,0.03774507934914273
first_repeat_144,luna,0.01,Context cells,equal_call_budget,0.2,0.0,-8.500000000072339e-05,-0.00037962962962961866,0.0003796296296296299,1.1490459722222868e-05,0.1009698258432683
first_repeat_144,qwen_local,0.01,Context cells,equal_call_budget,0.2,0.0,-8.500000000072339e-05,-0.0027083333333334236,0.0027083333333333347,0.0,-0.9131804426145465
first_repeat_144,baseline,0.01,Context cells,equal_call_budget,0.3,0.0,0.0075250000000001704,0.009761574074073992,-0.009761574074074658,-2.4837018518519285e-06,-0.019247937304977425
first_repeat_144,opus,0.01,Context cells,equal_call_budget,0.3,0.0,0.0075250000000001704,0.0,0.0,-4.295069444432489e-06,0.02043128118451909
first_repeat_144,pro,0.01,Context cells,equal_call_budget,0.3,0.0,0.0075250000000001704,0.0,0.0,-9.416599537037228e-05,-0.08160052547269192
first_repeat_144,astra,0.01,Context cells,equal_call_budget,0.3,0.0,0.0075250000000001704,0.0,0.0,-9.589672453702569e-05,-0.06224864337180058
first_repeat_144,sonnet,0.01,Context cells,equal_call_budget,0.3,0.0,0.0075250000000001704,0.0,0.0,0.0003726410231481474,0.3328055260327729
first_repeat_144,lite,0.01,Context cells,equal_call_budget,0.3,0.0,0.0075250000000001704,0.000585648148147655,-0.0005856481481481459,3.75838097222182e-05,0.0228890541529847
first_repeat_144,luna,0.01,Context cells,equal_call_budget,0.3,0.0,0.0075250000000001704,-0.0006782407407406321,0.000678240740740741,9.51131180555609e-06,0.09296073960076123
first_repeat_144,qwen_local,0.01,Context cells,equal_call_budget,0.3,0.0,0.0075250000000001704,-0.004993055555554404,0.004993055555555549,0.0,-0.3418327955705891
first_repeat_144,baseline,0.01,Context cells,equal_call_budget,0.4,0.0,0.006835000000000313,0.007907407407407363,-0.007907407407407696,-3.1476935185186297e-06,-0.01714982743558946
first_repeat_144,opus,0.01,Context cells,equal_call_budget,0.4,0.0,0.006835000000000313,5.551115123125783e-17,-1.9706458687096528e-17,9.634642361109995e-05,0.07192590441455593
first_repeat_144,pro,0.01,Context cells,equal_call_budget,0.4,0.0,0.006835000000000313,5.551115123125783e-17,-1.9706458687096528e-17,1.0687712962960047e-05,0.004143565374581826
first_repeat_144,astra,0.01,Context cells,equal_call_budget,0.4,0.0,0.006835000000000313,5.551115123125783e-17,-1.9706458687096528e-17,-6.113986689815394e-05,-0.0334359207446866
first_repeat_144,sonnet,0.01,Context cells,equal_call_budget,0.4,0.0,0.006835000000000313,0.0010694444444438456,-0.0010694444444444714,0.00028165268981478805,0.259490409333929
first_repeat_144,lite,0.01,Context cells,equal_call_budget,0.4,0.0,0.006835000000000313,-0.003351851851850496,0.003351851851851835,1.540708749999558e-05,7.263465091922328e-05
first_repeat_144,luna,0.01,Context cells,equal_call_budget,0.4,0.0,0.006835000000000313,-0.0011712962962963647,0.0011712962962962745,1.0960450347222584e-05,0.1191674897230377
first_repeat_144,qwen_local,0.01,Context cells,equal_call_budget,0.4,0.0,0.006835000000000313,-0.008437500000000986,0.008437499999999985,0.0,0.615964479537368
first_repeat_144,baseline,0.01,Context cells,equal_call_budget,0.5,0.0,0.0034505000000001895,0.0034879629629629982,-0.0034879629629627207,-4.476604629629786e-06,-0.019413918831425625
first_repeat_144,opus,0.01,Context cells,equal_call_budget,0.5,0.0,0.0034505000000001895,0.0,-2.6367796834847467e-17,0.00012518606944442526,0.08451590635936812
first_repeat_144,pro,0.01,Context cells,equal_call_budget,0.5,0.0,0.0034505000000001895,0.0,-2.6367796834847467e-17,0.00016513211296294815,0.11260382546914194
first_repeat_144,astra,0.01,Context cells,equal_call_budget,0.5,0.0,0.0034505000000001895,0.0,-2.6367796834847467e-17,2.4891386574046187e-05,0.021730303173840504
first_repeat_144,sonnet,0.01,Context cells,equal_call_budget,0.5,0.0,0.0034505000000001895,0.002652777777779003,-0.0026527777777777943,-0.00011146739629628102,-0.07859877857750952
first_repeat_144,lite,0.01,Context cells,equal_call_budget,0.5,0.0,0.0034505000000001895,-0.005739351851853369,0.005739351851851843,-2.2410856666659103e-05,-0.03170023758432272
first_repeat_144,luna,0.01,Context cells,equal_call_budget,0.5,0.0,0.0034505000000001895,-0.002101851851852077,0.0021018518518518266,1.1930925972222567e-05,0.13297427473051426
first_repeat_144,qwen_local,0.01,Context cells,equal_call_budget,0.5,0.0,0.0034505000000001895,-0.011019444444444415,0.01101944444444442,0.0,1.2668550217727699
first_repeat_144,baseline,0.01,Context cells,equal_call_budget,0.6,0.0,0.004375000000000004,-0.0006458333333335675,0.0006458333333335953,-3.225797222222113e-06,-0.013332111341722408
first_repeat_144,opus,0.01,Context cells,equal_call_budget,0.6,0.0,0.004375000000000004,0.0,-3.885780586188048e-18,4.363864583335937e-05,0.022652588757209102
first_repeat_144,pro,0.01,Context cells,equal_call_budget,0.6,0.0,0.004375000000000004,0.0,-3.885780586188048e-18,0.0002480446250000129,0.14409535645010507
first_repeat_144,astra,0.01,Context cells,equal_call_budget,0.6,0.0,0.004375000000000004,0.0,-3.885780586188048e-18,0.0001442082118055625,0.08471696105846149
first_repeat_144,sonnet,0.01,Context cells,equal_call_budget,0.6,0.0,0.004375000000000004,0.0026527777777732853,-0.002652777777777772,9.821344444447752e-05,0.10760487491802806
first_repeat_144,lite,0.01,Context cells,equal_call_budget,0.6,0.0,0.004375000000000004,-0.001006944444445601,0.001006944444444425,-2.0176634722212945e-05,-0.020230162609818247
first_repeat_144,luna,0.01,Context cells,equal_call_budget,0.6,0.0,0.004375000000000004,-0.003048611111110211,0.0030486111111111074,4.350387847221269e-06,0.045061391159793907
first_repeat_144,qwen_local,0.01,Context cells,equal_call_budget,0.6,0.0,0.004375000000000004,-0.006833333333333358,0.006833333333333398,0.0,0.42572714416699853
first_repeat_144,baseline,0.01,Context cells,equal_call_budget,0.7,0.0,0.004360000000000128,-0.0012291666666645606,0.001229166666666004,-1.9157138888896918e-06,-0.00615175734451312
first_repeat_144,opus,0.01,Context cells,equal_call_budget,0.7,0.0,0.004360000000000128,0.0,-1.609823385706477e-17,7.952256944479888e-06,-0.008041750546711413
first_repeat_144,pro,0.01,Context cells,equal_call_budget,0.7,0.0,0.004360000000000128,0.0,-1.609823385706477e-17,0.00030523943055551367,0.16984933976049987
first_repeat_144,astra,0.01,Context cells,equal_call_budget,0.7,0.0,0.004360000000000128,0.0,-1.609823385706477e-17,0.00028923572916664947,0.1616979641821441
first_repeat_144,sonnet,0.01,Context cells,equal_call_budget,0.7,0.0,0.004360000000000128,0.0019305555555558795,-0.0019305555555555647,0.0003942520833333466,0.35875107175147125
first_repeat_144,lite,0.01,Context cells,equal_call_budget,0.7,0.0,0.004360000000000128,0.0019236111111112786,-0.0019236111111111155,-1.3894612499996007e-05,-0.00885986789004889
first_repeat_144,luna,0.01,Context cells,equal_call_budget,0.7,0.0,0.004360000000000128,-0.002069444444444679,0.0020694444444444337,-1.5568402777555758e-07,-0.010224391501982844
first_repeat_144,qwen_local,0.01,Context cells,equal_call_budget,0.7,0.0,0.004360000000000128,-0.005520833333332087,0.005520833333333286,0.0,-0.13960253849998594
first_repeat_144,baseline,0.01,Context cells,equal_call_budget,0.8,0.0,-0.004734999999999948,0.002708333333334645,-0.0027083333333341453,-8.674555555560504e-07,0.0019655965545202214
first_repeat_144,opus,0.01,Context cells,equal_call_budget,0.8,0.0,-0.004734999999999948,0.0,-6.661338147750939e-18,0.00010158388888890056,0.043327612568627494
first_repeat_144,pro,0.01,Context cells,equal_call_budget,0.8,0.0,-0.004734999999999948,0.0,-6.661338147750939e-18,0.0004322634722222461,0.20606020735687558
first_repeat_144,astra,0.01,Context cells,equal_call_budget,0.8,0.0,-0.004734999999999948,0.0,-6.661338147750939e-18,0.0004891640451388721,0.2556225759363491
first_repeat_144,sonnet,0.01,Context cells,equal_call_budget,0.8,0.0,-0.004734999999999948,0.0005555555555564196,-0.0005555555555555604,0.0004784859861110963,0.4094354885819165
first_repeat_144,lite,0.01,Context cells,equal_call_budget,0.8,0.0,-0.004734999999999948,0.0009513888888894595,-0.0009513888888889009,-1.399866041667695e-05,-0.012997013301573546
first_repeat_144,luna,0.01,Context cells,equal_call_budget,0.8,0.0,-0.004734999999999948,0.004513888888887596,-0.004513888888888912,-2.625482638867697e-07,-0.037145271227207566
first_repeat_144,qwen_local,0.01,Context cells,equal_call_budget,0.8,0.0,-0.004734999999999948,-0.007729166666670451,0.007729166666666612,0.0,-0.1334545447984965
first_repeat_144,baseline,0.01,Context cells,equal_call_budget,0.9,0.0,-0.009829999999999919,4.166666666471919e-05,-4.166666666499674e-05,-1.059111111110199e-06,-0.00010975960636039339
first_repeat_144,opus,0.01,Context cells,equal_call_budget,0.9,0.0,-0.009829999999999919,0.0,8.049116928532385e-17,0.00012082611111114035,0.050268874887373194
first_repeat_144,pro,0.01,Context cells,equal_call_budget,0.9,0.0,-0.009829999999999919,0.0,8.049116928532385e-17,0.0004125055555555361,0.20457619284456285
first_repeat_144,astra,0.01,Context cells,equal_call_budget,0.9,0.0,-0.009829999999999919,0.0,8.049116928532385e-17,0.0003708209375000819,0.18509155111417375
first_repeat_144,sonnet,0.01,Context cells,equal_call_budget,0.9,0.0,-0.009829999999999919,0.0011111111111100636,-0.001111111111111091,0.000488292249999963,0.4255528249413256
first_repeat_144,lite,0.01,Context cells,equal_call_budget,0.9,0.0,-0.009829999999999919,0.00011111111111139493,-0.00011111111111109309,-2.4551643055548307e-05,-0.0222235588426285
first_repeat_144,luna,0.01,Context cells,equal_call_budget,0.9,0.0,-0.009829999999999919,0.0033749999999981295,-0.003374999999999951,1.092885416665722e-06,-0.014316351597129184
first_repeat_144,qwen_local,0.01,Context cells,equal_call_budget,0.9,0.0,-0.009829999999999919,-0.005930555555558992,0.005930555555555588,0.0,-0.2696090255588359
first_repeat_144,baseline,0.01,Context cells,equal_call_budget,1.0,0.0,0.0,0.0,0.0,0.0,0.0
first_repeat_144,opus,0.01,Context cells,equal_call_budget,1.0,0.0,0.0,0.0,0.0,0.0,0.0
first_repeat_144,pro,0.01,Context cells,equal_call_budget,1.0,0.0,0.0,0.0,0.0,0.0,0.0
first_repeat_144,astra,0.01,Context cells,equal_call_budget,1.0,0.0,0.0,0.0,0.0,0.0,0.0
first_repeat_144,sonnet,0.01,Context cells,equal_call_budget,1.0,0.0,0.0,0.0,0.0,0.0,0.0
first_repeat_144,lite,0.01,Context cells,equal_call_budget,1.0,0.0,0.0,0.0,0.0,0.0,0.0
first_repeat_144,luna,0.01,Context cells,equal_call_budget,1.0,0.0,0.0,0.0,0.0,0.0,0.0
first_repeat_144,qwen_local,0.01,Context cells,equal_call_budget,1.0,0.0,0.0,0.0,0.0,0.0,0.0
first_repeat_144,baseline,0.01,Global,threshold,0.4,0.0,0.0,0.0,0.0,0.0,0.0
first_repeat_144,opus,0.01,Global,threshold,0.4,0.0,0.0,0.0,0.0,0.0,0.0
first_repeat_144,pro,0.01,Global,threshold,0.4,0.0,0.0,0.0,0.0,0.0,0.0
first_repeat_144,astra,0.01,Global,threshold,0.4,0.0,0.0,0.0,0.0,0.0,0.0
first_repeat_144,sonnet,0.01,Global,threshold,0.4,0.0,0.0,0.0,0.0,0.0,0.0
first_repeat_144,lite,0.01,Global,threshold,0.4,0.0,0.0,0.0,0.0,0.0,0.0
first_repeat_144,luna,0.01,Global,threshold,0.4,0.0,0.0,0.0,0.0,0.0,0.0
first_repeat_144,qwen_local,0.01,Global,threshold,0.4,0.0,0.0,0.0,0.0,0.0,0.0
first_repeat_144,baseline,0.01,Global,threshold,0.6,-0.006666666666666571,0.003239999999999965,-0.0037777777777778104,-0.002888888888888913,-2.7559999999999987e-06,-0.012715864712553426
first_repeat_144,opus,0.01,Global,threshold,0.6,-0.006666666666666571,0.003239999999999965,-0.006666666666666571,0.0,-0.00011886166666666724,-0.04820010593515467
first_repeat_144,pro,0.01,Global,threshold,0.6,-0.006666666666666571,0.003239999999999965,-0.006666666666666571,0.0,-0.00017806600000000103,-0.10589923630988363
first_repeat_144,astra,0.01,Global,threshold,0.6,-0.006666666666666571,0.003239999999999965,-0.006666666666666571,0.0,-0.00013205027777777982,-0.05284793275462785
first_repeat_144,sonnet,0.01,Global,threshold,0.6,-0.006666666666666571,0.003239999999999965,-0.006666666666666571,0.0,-7.522688888888856e-05,-0.06200526970842257
first_repeat_144,lite,0.01,Global,threshold,0.6,-0.006666666666666571,0.003239999999999965,-0.006222222222222185,-0.0004444444444444435,-2.6462977777778006e-05,-0.030232451574127017
first_repeat_144,luna,0.01,Global,threshold,0.6,-0.006666666666666571,0.003239999999999965,-0.006666666666666571,0.0,-4.626494444444487e-06,-0.043921166303981574
first_repeat_144,qwen_local,0.01,Global,threshold,0.6,-0.006666666666666571,0.003239999999999965,-0.006666666666666571,0.0,0.0,-0.9184741959982041
first_repeat_144,baseline,0.01,Global,threshold,0.7,-0.17499999999999927,0.06035000000000021,-0.11652777777777848,-0.05847222222222115,-6.964272222222289e-05,-0.2988059735562737
first_repeat_144,opus,0.01,Global,threshold,0.7,-0.17499999999999927,0.06035000000000021,-0.17499999999999927,0.0,-0.003023152777777779,-1.2350699671575542
first_repeat_144,pro,0.01,Global,threshold,0.7,-0.17499999999999927,0.06035000000000021,-0.17499999999999927,0.0,-0.00479119666666669,-2.6710902469345426
first_repeat_144,astra,0.01,Global,threshold,0.7,-0.17499999999999927,0.06035000000000021,-0.17499999999999927,0.0,-0.0034680256944444503,-1.323137656342693
first_repeat_144,sonnet,0.01,Global,threshold,0.7,-0.17499999999999927,0.06035000000000021,-0.17222222222222022,-0.002777777777777768,-0.0029059763888888627,-2.4392443539874833
first_repeat_144,lite,0.01,Global,threshold,0.7,-0.17499999999999927,0.06035000000000021,-0.17500000000000043,-3.642919299551295e-17,-0.0008065794999999986,-0.8781668621844467
first_repeat_144,luna,0.01,Global,threshold,0.7,-0.17499999999999927,0.06035000000000021,-0.17499999999999927,0.0,-0.00013231606944444347,-1.1972671127278223
first_repeat_144,qwen_local,0.01,Global,threshold,0.7,-0.17499999999999927,0.06035000000000021,-0.17499999999999927,0.0,0.0,-21.817489504573672
first_repeat_144,baseline,0.01,Global,threshold,0.8,-0.16666666666666796,0.06200000000000008,-0.11111111111110877,-0.055555555555556385,-6.239444444444469e-05,-0.27205092454678426
first_repeat_144,opus,0.01,Global,threshold,0.8,-0.16666666666666796,0.06200000000000008,-0.16666666666666796,0.0,-0.003078180555555513,-1.3027671069501894
first_repeat_144,pro,0.01,Global,threshold,0.8,-0.16666666666666796,0.06200000000000008,-0.16666666666666796,0.0,-0.0047310388888888305,-2.689685209720799
first_repeat_144,astra,0.01,Global,threshold,0.8,-0.16666666666666796,0.06200000000000008,-0.16666666666666796,0.0,-0.003279347222222168,-1.2647270636297039
first_repeat_144,sonnet,0.01,Global,threshold,0.8,-0.16666666666666796,0.06200000000000008,-0.1666666666666698,0.0,-0.0018734944444444906,-1.545431838286147
first_repeat_144,lite,0.01,Global,threshold,0.8,-0.16666666666666796,0.06200000000000008,-0.15555555555555545,-0.011111111111111049,-0.0007096783333333397,-0.7717779714206872
first_repeat_144,luna,0.01,Global,threshold,0.8,-0.16666666666666796,0.06200000000000008,-0.16666666666666796,0.0,-0.00013980527777777936,-1.3007827692018412
first_repeat_144,qwen_local,0.01,Global,threshold,0.8,-0.16666666666666796,0.06200000000000008,-0.15555555555555445,-0.011111111111111122,0.0,-23.358059997438517
first_repeat_144,baseline,0.01,Global,threshold,0.9,-0.16666666666666619,0.030999999999999812,-0.10000000000000325,-0.06666666666666485,-6.396111111110937e-05,-0.2706298897049364
first_repeat_144,opus,0.01,Global,threshold,0.9,-0.16666666666666619,0.030999999999999812,-0.16666666666666619,0.0,-0.0027869583333333444,-1.1051365769778574
first_repeat_144,pro,0.01,Global,threshold,0.9,-0.16666666666666619,0.030999999999999812,-0.16666666666666619,0.0,-0.004715233333333402,-2.7338906265213048
first_repeat_144,astra,0.01,Global,threshold,0.9,-0.16666666666666619,0.030999999999999812,-0.16666666666666619,0.0,-0.0031619166666666445,-1.2199478167626374
first_repeat_144,sonnet,0.01,Global,threshold,0.9,-0.16666666666666619,0.030999999999999812,-0.16666666666666052,0.0,-0.0023286999999999215,-1.966827206801276
first_repeat_144,lite,0.01,Global,threshold,0.9,-0.16666666666666619,0.030999999999999812,-0.16666666666666607,0.0,-0.0007359630555555637,-0.8182433751075298
first_repeat_144,luna,0.01,Global,threshold,0.9,-0.16666666666666619,0.030999999999999812,-0.15277777777777812,-0.01388888888888884,-0.0001309005555555526,-1.2409371583418478
first_repeat_144,qwen_local,0.01,Global,threshold,0.9,-0.16666666666666619,0.030999999999999812,-0.1666666666666683,0.0,0.0,-22.300239531829007
first_repeat_144,baseline,0.01,Global,equal_call_budget,0.0,0.0,0.0,0.0,0.0,0.0,0.0
first_repeat_144,opus,0.01,Global,equal_call_budget,0.0,0.0,0.0,0.0,0.0,0.0,0.0
first_repeat_144,pro,0.01,Global,equal_call_budget,0.0,0.0,0.0,0.0,0.0,0.0,0.0
first_repeat_144,astra,0.01,Global,equal_call_budget,0.0,0.0,0.0,0.0,0.0,0.0,0.0
first_repeat_144,sonnet,0.01,Global,equal_call_budget,0.0,0.0,0.0,0.0,0.0,0.0,0.0
first_repeat_144,lite,0.01,Global,equal_call_budget,0.0,0.0,0.0,0.0,0.0,0.0,0.0
first_repeat_144,luna,0.01,Global,equal_call_budget,0.0,0.0,0.0,0.0,0.0,0.0,0.0
first_repeat_144,qwen_local,0.01,Global,equal_call_budget,0.0,0.0,0.0,0.0,0.0,0.0,0.0
first_repeat_144,baseline,0.01,Global,equal_call_budget,0.1,0.0,0.0,0.0,0.0,0.0,0.0
first_repeat_144,opus,0.01,Global,equal_call_budget,0.1,0.0,0.0,0.0,0.0,0.0,0.0
first_repeat_144,pro,0.01,Global,equal_call_budget,0.1,0.0,0.0,0.0,0.0,0.0,0.0
first_repeat_144,astra,0.01,Global,equal_call_budget,0.1,0.0,0.0,0.0,0.0,0.0,0.0
first_repeat_144,sonnet,0.01,Global,equal_call_budget,0.1,0.0,0.0,0.0,0.0,0.0,0.0
first_repeat_144,lite,0.01,Global,equal_call_budget,0.1,0.0,0.0,0.0,0.0,0.0,0.0
first_repeat_144,luna,0.01,Global,equal_call_budget,0.1,0.0,0.0,0.0,0.0,0.0,0.0
first_repeat_144,qwen_local,0.01,Global,equal_call_budget,0.1,0.0,0.0,0.0,0.0,0.0,0.0
first_repeat_144,baseline,0.01,Global,equal_call_budget,0.2,0.0,0.0,0.0,0.0,0.0,0.0
first_repeat_144,opus,0.01,Global,equal_call_budget,0.2,0.0,0.0,0.0,0.0,0.0,0.0
first_repeat_144,pro,0.01,Global,equal_call_budget,0.2,0.0,0.0,0.0,0.0,0.0,0.0
first_repeat_144,astra,0.01,Global,equal_call_budget,0.2,0.0,0.0,0.0,0.0,0.0,0.0
first_repeat_144,sonnet,0.01,Global,equal_call_budget,0.2,0.0,0.0,0.0,0.0,0.0,0.0
first_repeat_144,lite,0.01,Global,equal_call_budget,0.2,0.0,0.0,0.0,0.0,0.0,0.0
first_repeat_144,luna,0.01,Global,equal_call_budget,0.2,0.0,0.0,0.0,0.0,0.0,0.0
first_repeat_144,qwen_local,0.01,Global,equal_call_budget,0.2,0.0,0.0,0.0,0.0,0.0,0.0
first_repeat_144,baseline,0.01,Global,equal_call_budget,0.3,0.0,0.0,0.0,0.0,0.0,0.0
first_repeat_144,opus,0.01,Global,equal_call_budget,0.3,0.0,0.0,0.0,0.0,0.0,0.0
first_repeat_144,pro,0.01,Global,equal_call_budget,0.3,0.0,0.0,0.0,0.0,0.0,0.0
first_repeat_144,astra,0.01,Global,equal_call_budget,0.3,0.0,0.0,0.0,0.0,0.0,0.0
first_repeat_144,sonnet,0.01,Global,equal_call_budget,0.3,0.0,0.0,0.0,0.0,0.0,0.0
first_repeat_144,lite,0.01,Global,equal_call_budget,0.3,0.0,0.0,0.0,0.0,0.0,0.0
first_repeat_144,luna,0.01,Global,equal_call_budget,0.3,0.0,0.0,0.0,0.0,0.0,0.0
first_repeat_144,qwen_local,0.01,Global,equal_call_budget,0.3,0.0,0.0,0.0,0.0,0.0,0.0
first_repeat_144,baseline,0.01,Global,equal_call_budget,0.4,0.0,0.0,0.0,0.0,0.0,0.0
first_repeat_144,opus,0.01,Global,equal_call_budget,0.4,0.0,0.0,0.0,0.0,0.0,0.0
first_repeat_144,pro,0.01,Global,equal_call_budget,0.4,0.0,0.0,0.0,0.0,0.0,0.0
first_repeat_144,astra,0.01,Global,equal_call_budget,0.4,0.0,0.0,0.0,0.0,0.0,0.0
first_repeat_144,sonnet,0.01,Global,equal_call_budget,0.4,0.0,0.0,0.0,0.0,0.0,0.0
first_repeat_144,lite,0.01,Global,equal_call_budget,0.4,0.0,0.0,0.0,0.0,0.0,0.0
first_repeat_144,luna,0.01,Global,equal_call_budget,0.4,0.0,0.0,0.0,0.0,0.0,0.0
first_repeat_144,qwen_local,0.01,Global,equal_call_budget,0.4,0.0,0.0,0.0,0.0,0.0,0.0
first_repeat_144,baseline,0.01,Global,equal_call_budget,0.5,0.0,0.0,0.0,0.0,0.0,0.0
first_repeat_144,opus,0.01,Global,equal_call_budget,0.5,0.0,0.0,0.0,0.0,0.0,0.0
first_repeat_144,pro,0.01,Global,equal_call_budget,0.5,0.0,0.0,0.0,0.0,0.0,0.0
first_repeat_144,astra,0.01,Global,equal_call_budget,0.5,0.0,0.0,0.0,0.0,0.0,0.0
first_repeat_144,sonnet,0.01,Global,equal_call_budget,0.5,0.0,0.0,0.0,0.0,0.0,0.0
first_repeat_144,lite,0.01,Global,equal_call_budget,0.5,0.0,0.0,0.0,0.0,0.0,0.0
first_repeat_144,luna,0.01,Global,equal_call_budget,0.5,0.0,0.0,0.0,0.0,0.0,0.0
first_repeat_144,qwen_local,0.01,Global,equal_call_budget,0.5,0.0,0.0,0.0,0.0,0.0,0.0
first_repeat_144,baseline,0.01,Global,equal_call_budget,0.6,0.0,0.0,0.0,0.0,0.0,0.0
first_repeat_144,opus,0.01,Global,equal_call_budget,0.6,0.0,0.0,0.0,0.0,0.0,0.0
first_repeat_144,pro,0.01,Global,equal_call_budget,0.6,0.0,0.0,0.0,0.0,0.0,0.0
first_repeat_144,astra,0.01,Global,equal_call_budget,0.6,0.0,0.0,0.0,0.0,0.0,0.0
first_repeat_144,sonnet,0.01,Global,equal_call_budget,0.6,0.0,0.0,0.0,0.0,0.0,0.0
first_repeat_144,lite,0.01,Global,equal_call_budget,0.6,0.0,0.0,0.0,0.0,0.0,0.0
first_repeat_144,luna,0.01,Global,equal_call_budget,0.6,0.0,0.0,0.0,0.0,0.0,0.0
first_repeat_144,qwen_local,0.01,Global,equal_call_budget,0.6,0.0,0.0,0.0,0.0,0.0,0.0
first_repeat_144,baseline,0.01,Global,equal_call_budget,0.7,0.0,0.0,0.0,0.0,0.0,0.0
first_repeat_144,opus,0.01,Global,equal_call_budget,0.7,0.0,0.0,0.0,0.0,0.0,0.0
first_repeat_144,pro,0.01,Global,equal_call_budget,0.7,0.0,0.0,0.0,0.0,0.0,0.0
first_repeat_144,astra,0.01,Global,equal_call_budget,0.7,0.0,0.0,0.0,0.0,0.0,0.0
first_repeat_144,sonnet,0.01,Global,equal_call_budget,0.7,0.0,0.0,0.0,0.0,0.0,0.0
first_repeat_144,lite,0.01,Global,equal_call_budget,0.7,0.0,0.0,0.0,0.0,0.0,0.0
first_repeat_144,luna,0.01,Global,equal_call_budget,0.7,0.0,0.0,0.0,0.0,0.0,0.0
first_repeat_144,qwen_local,0.01,Global,equal_call_budget,0.7,0.0,0.0,0.0,0.0,0.0,0.0
first_repeat_144,baseline,0.01,Global,equal_call_budget,0.8,0.0,0.0,0.0,0.0,0.0,0.0
first_repeat_144,opus,0.01,Global,equal_call_budget,0.8,0.0,0.0,0.0,0.0,0.0,0.0
first_repeat_144,pro,0.01,Global,equal_call_budget,0.8,0.0,0.0,0.0,0.0,0.0,0.0
first_repeat_144,astra,0.01,Global,equal_call_budget,0.8,0.0,0.0,0.0,0.0,0.0,0.0
first_repeat_144,sonnet,0.01,Global,equal_call_budget,0.8,0.0,0.0,0.0,0.0,0.0,0.0
first_repeat_144,lite,0.01,Global,equal_call_budget,0.8,0.0,0.0,0.0,0.0,0.0,0.0
first_repeat_144,luna,0.01,Global,equal_call_budget,0.8,0.0,0.0,0.0,0.0,0.0,0.0
first_repeat_144,qwen_local,0.01,Global,equal_call_budget,0.8,0.0,0.0,0.0,0.0,0.0,0.0
first_repeat_144,baseline,0.01,Global,equal_call_budget,0.9,0.0,0.0,0.0,0.0,0.0,0.0
first_repeat_144,opus,0.01,Global,equal_call_budget,0.9,0.0,0.0,0.0,0.0,0.0,0.0
first_repeat_144,pro,0.01,Global,equal_call_budget,0.9,0.0,0.0,0.0,0.0,0.0,0.0
first_repeat_144,astra,0.01,Global,equal_call_budget,0.9,0.0,0.0,0.0,0.0,0.0,0.0
first_repeat_144,sonnet,0.01,Global,equal_call_budget,0.9,0.0,0.0,0.0,0.0,0.0,0.0
first_repeat_144,lite,0.01,Global,equal_call_budget,0.9,0.0,0.0,0.0,0.0,0.0,0.0
first_repeat_144,luna,0.01,Global,equal_call_budget,0.9,0.0,0.0,0.0,0.0,0.0,0.0
first_repeat_144,qwen_local,0.01,Global,equal_call_budget,0.9,0.0,0.0,0.0,0.0,0.0,0.0
first_repeat_144,baseline,0.01,Global,equal_call_budget,1.0,0.0,0.0,0.0,0.0,0.0,0.0
first_repeat_144,opus,0.01,Global,equal_call_budget,1.0,0.0,0.0,0.0,0.0,0.0,0.0
first_repeat_144,pro,0.01,Global,equal_call_budget,1.0,0.0,0.0,0.0,0.0,0.0,0.0
first_repeat_144,astra,0.01,Global,equal_call_budget,1.0,0.0,0.0,0.0,0.0,0.0,0.0
first_repeat_144,sonnet,0.01,Global,equal_call_budget,1.0,0.0,0.0,0.0,0.0,0.0,0.0
first_repeat_144,lite,0.01,Global,equal_call_budget,1.0,0.0,0.0,0.0,0.0,0.0,0.0
first_repeat_144,luna,0.01,Global,equal_call_budget,1.0,0.0,0.0,0.0,0.0,0.0,0.0
first_repeat_144,qwen_local,0.01,Global,equal_call_budget,1.0,0.0,0.0,0.0,0.0,0.0,0.0
first_repeat_144,baseline,0.01,Oracle,threshold,0.4,0.0,0.0,0.0,0.0,0.0,0.0
first_repeat_144,opus,0.01,Oracle,threshold,0.4,0.0,0.0,0.0,0.0,0.0,0.0
first_repeat_144,pro,0.01,Oracle,threshold,0.4,0.0,0.0,0.0,0.0,0.0,0.0
first_repeat_144,astra,0.01,Oracle,threshold,0.4,0.0,0.0,0.0,0.0,0.0,0.0
first_repeat_144,sonnet,0.01,Oracle,threshold,0.4,0.0,0.0,0.0,0.0,0.0,0.0
first_repeat_144,lite,0.01,Oracle,threshold,0.4,0.0,0.0,0.0,0.0,0.0,0.0
first_repeat_144,luna,0.01,Oracle,threshold,0.4,0.0,0.0,0.0,0.0,0.0,0.0
first_repeat_144,qwen_local,0.01,Oracle,threshold,0.4,0.0,0.0,0.0,0.0,0.0,0.0
first_repeat_144,baseline,0.01,Oracle,threshold,0.6,0.2333333333333333,-0.11900000000000124,0.16111111111111026,0.07222222222222245,8.89622222222215e-05,0.37457162573118585
first_repeat_144,opus,0.01,Oracle,threshold,0.6,0.2333333333333333,-0.11900000000000124,0.2333333333333333,0.0,0.004007236111111069,1.671682482644154
first_repeat_144,pro,0.01,Oracle,threshold,0.6,0.2333333333333333,-0.11900000000000124,0.2333333333333333,0.0,0.005363772222222201,3.1109253802200887
first_repeat_144,astra,0.01,Oracle,threshold,0.6,0.2333333333333333,-0.11900000000000124,0.2333333333333333,0.0,0.004390270833333347,1.6712860348369096
first_repeat_144,sonnet,0.01,Oracle,threshold,0.6,0.2333333333333333,-0.11900000000000124,0.2333333333333333,0.0,0.0023618388888888833,1.9314418239493112
first_repeat_144,lite,0.01,Oracle,threshold,0.6,0.2333333333333333,-0.11900000000000124,0.2222222222222237,0.011111111111111094,0.0009951955555555529,1.1207166453829842
first_repeat_144,luna,0.01,Oracle,threshold,0.6,0.2333333333333333,-0.11900000000000124,0.2333333333333333,0.0,0.00019694375000000062,1.8554772358775888
first_repeat_144,qwen_local,0.01,Oracle,threshold,0.6,0.2333333333333333,-0.11900000000000124,0.22222222222222018,0.011111111111111122,0.0,31.119678524973743
first_repeat_144,baseline,0.01,Oracle,threshold,0.7,0.09999999999999787,-0.0479999999999995,0.06666666666666571,0.03333333333333327,3.4703333333333344e-05,0.15320888774391694
first_repeat_144,opus,0.01,Oracle,threshold,0.7,0.09999999999999787,-0.0479999999999995,0.09999999999999787,0.0,0.001936486111111092,0.8436016162087858
first_repeat_144,pro,0.01,Oracle,threshold,0.7,0.09999999999999787,-0.0479999999999995,0.09999999999999787,0.0,0.0028069833333333113,1.587755784260346
first_repeat_144,astra,0.01,Oracle,threshold,0.7,0.09999999999999787,-0.0479999999999995,0.09999999999999787,0.0,0.0019088958333332885,0.7277164911831893
first_repeat_144,sonnet,0.01,Oracle,threshold,0.7,0.09999999999999787,-0.0479999999999995,0.10277777777777691,-0.002777777777777768,0.0009021222222222371,0.7600592952299143
first_repeat_144,lite,0.01,Oracle,threshold,0.7,0.09999999999999787,-0.0479999999999995,0.08888888888888968,0.011111111111111049,0.0003996997222222333,0.433607188092882
first_repeat_144,luna,0.01,Oracle,threshold,0.7,0.09999999999999787,-0.0479999999999995,0.09999999999999787,0.0,8.713013888889023e-05,0.8175743560099877
first_repeat_144,qwen_local,0.01,Oracle,threshold,0.7,0.09999999999999787,-0.0479999999999995,0.08888888888888868,0.011111111111111122,0.0,14.455246022203013
first_repeat_144,baseline,0.01,Oracle,threshold,0.8,0.23333333333333528,-0.057999999999999746,0.14444444444444476,0.08888888888888843,8.84766666666657e-05,0.3835566315133747
first_repeat_144,opus,0.01,Oracle,threshold,0.8,0.23333333333333528,-0.057999999999999746,0.23333333333333528,0.0,0.00411343055555561,1.6471744782549882
first_repeat_144,pro,0.01,Oracle,threshold,0.8,0.23333333333333528,-0.057999999999999746,0.23333333333333528,0.0,0.007153272222222205,4.080158726840619
first_repeat_144,astra,0.01,Oracle,threshold,0.8,0.23333333333333528,-0.057999999999999746,0.23333333333333528,0.0,0.005129208333333397,2.059167260891309
first_repeat_144,sonnet,0.01,Oracle,threshold,0.8,0.23333333333333528,-0.057999999999999746,0.23333333333333028,0.0,0.004072483333333304,3.4519403435956155
first_repeat_144,lite,0.01,Oracle,threshold,0.8,0.23333333333333528,-0.057999999999999746,0.23333333333333017,0.0,0.0010018905555555513,1.117942505903525
first_repeat_144,luna,0.01,Oracle,threshold,0.8,0.23333333333333528,-0.057999999999999746,0.22222222222221844,0.011111111111111072,0.0001831147222222211,1.6861847808170474
first_repeat_144,qwen_local,0.01,Oracle,threshold,0.8,0.23333333333333528,-0.057999999999999746,0.2222222222222211,0.011111111111111049,0.0,30.86264701134995
first_repeat_144,baseline,0.01,Oracle,threshold,0.9,0.10000000000000109,-0.03299999999999994,0.0666666666666661,0.033333333333335435,3.799888888888922e-05,0.16999405569900627
first_repeat_144,opus,0.01,Oracle,threshold,0.9,0.10000000000000109,-0.03299999999999994,0.10000000000000109,0.0,0.0018634305555555088,0.7543926855368284
first_repeat_144,pro,0.01,Oracle,threshold,0.9,0.10000000000000109,-0.03299999999999994,0.10000000000000109,0.0,0.003499188888888803,1.9469738017082445
first_repeat_144,astra,0.01,Oracle,threshold,0.9,0.10000000000000109,-0.03299999999999994,0.10000000000000109,0.0,0.0026094166666668084,1.0993474624145643
first_repeat_144,sonnet,0.01,Oracle,threshold,0.9,0.10000000000000109,-0.03299999999999994,0.10000000000000131,0.0,0.002022122222222259,1.6998316829726825
first_repeat_144,lite,0.01,Oracle,threshold,0.9,0.10000000000000109,-0.03299999999999994,0.09999999999999576,0.0,0.00042274694444444224,0.46748708136792816
first_repeat_144,luna,0.01,Oracle,threshold,0.9,0.10000000000000109,-0.03299999999999994,0.10277777777777308,-0.002777777777777768,7.875277777778203e-05,0.6881670606678538
first_repeat_144,qwen_local,0.01,Oracle,threshold,0.9,0.10000000000000109,-0.03299999999999994,0.08888888888888447,0.011111111111111049,0.0,13.256194381140233
first_repeat_144,baseline,0.01,Oracle,equal_call_budget,0.0,0.0,0.0,0.0,0.0,0.0,0.0
first_repeat_144,opus,0.01,Oracle,equal_call_budget,0.0,0.0,0.0,0.0,0.0,0.0,0.0
first_repeat_144,pro,0.01,Oracle,equal_call_budget,0.0,0.0,0.0,0.0,0.0,0.0,0.0
first_repeat_144,astra,0.01,Oracle,equal_call_budget,0.0,0.0,0.0,0.0,0.0,0.0,0.0
first_repeat_144,sonnet,0.01,Oracle,equal_call_budget,0.0,0.0,0.0,0.0,0.0,0.0,0.0
first_repeat_144,lite,0.01,Oracle,equal_call_budget,0.0,0.0,0.0,0.0,0.0,0.0,0.0
first_repeat_144,luna,0.01,Oracle,equal_call_budget,0.0,0.0,0.0,0.0,0.0,0.0,0.0
first_repeat_144,qwen_local,0.01,Oracle,equal_call_budget,0.0,0.0,0.0,0.0,0.0,0.0,0.0
first_repeat_144,baseline,0.01,Oracle,equal_call_budget,0.1,-1.3877787807814457e-17,-0.008400000000000296,0.009999999999999877,-0.009999999999999933,-1.9766666666664744e-06,-0.027573190112210627
first_repeat_144,opus,0.01,Oracle,equal_call_budget,0.1,-1.3877787807814457e-17,-0.008400000000000296,-1.3877787807814457e-17,0.0,-0.0002941333333333334,-0.13079908070193436
first_repeat_144,pro,0.01,Oracle,equal_call_budget,0.1,-1.3877787807814457e-17,-0.008400000000000296,-1.3877787807814457e-17,0.0,-0.000559873333333323,-0.3461007720658844
first_repeat_144,astra,0.01,Oracle,equal_call_budget,0.1,-1.3877787807814457e-17,-0.008400000000000296,-1.3877787807814457e-17,0.0,-0.00010460833333331967,-0.06536905206584698
first_repeat_144,sonnet,0.01,Oracle,equal_call_budget,0.1,-1.3877787807814457e-17,-0.008400000000000296,-1.3877787807814457e-17,0.0,-0.000331219999999996,-0.2995037674946591
first_repeat_144,lite,0.01,Oracle,equal_call_budget,0.1,-1.3877787807814457e-17,-0.008400000000000296,0.006666666666666446,-0.006666666666666662,2.9532833333332272e-05,0.04069333367748146
first_repeat_144,luna,0.01,Oracle,equal_call_budget,0.1,-1.3877787807814457e-17,-0.008400000000000296,-1.3877787807814457e-17,0.0,9.32383333333328e-06,0.07786740266989578
first_repeat_144,qwen_local,0.01,Oracle,equal_call_budget,0.1,-1.3877787807814457e-17,-0.008400000000000296,-1.3877787807814457e-17,0.0,0.0,-1.6339508177615087
first_repeat_144,baseline,0.01,Oracle,equal_call_budget,0.2,0.0,-0.011600000000000915,0.011666666666666617,-0.011666666666666714,-1.2642222222223877e-06,-0.025126013214726572
first_repeat_144,opus,0.01,Oracle,equal_call_budget,0.2,0.0,-0.011600000000000915,0.0,0.0,-0.00028945833333331866,-0.12846590171775496
first_repeat_144,pro,0.01,Oracle,equal_call_budget,0.2,0.0,-0.011600000000000915,0.0,0.0,-0.0007627700000000168,-0.43703984979889166
first_repeat_144,astra,0.01,Oracle,equal_call_budget,0.2,0.0,-0.011600000000000915,0.0,0.0,-0.00018269305555554958,-0.09894172685596225
first_repeat_144,sonnet,0.01,Oracle,equal_call_budget,0.2,0.0,-0.011600000000000915,0.0,0.0,-0.00030353333333332853,-0.2760824780468749
first_repeat_144,lite,0.01,Oracle,equal_call_budget,0.2,0.0,-0.011600000000000915,0.005555555555554148,-0.005555555555555534,3.348033333333458e-05,0.047244047358003693
first_repeat_144,luna,0.01,Oracle,equal_call_budget,0.2,0.0,-0.011600000000000915,0.0,0.0,1.0381138888889492e-05,0.10169651164712623
first_repeat_144,qwen_local,0.01,Oracle,equal_call_budget,0.2,0.0,-0.011600000000000915,0.0,0.0,0.0,-1.3482028091554064
first_repeat_144,baseline,0.01,Oracle,equal_call_budget,0.3,0.0,-0.00739999999999974,0.007777777777778022,-0.007777777777778605,-4.9111111111060685e-08,-0.005659011178391626
first_repeat_144,opus,0.01,Oracle,equal_call_budget,0.3,0.0,-0.00739999999999974,0.0,0.0,-1.556944444441443e-05,0.008267921738003725
first_repeat_144,pro,0.01,Oracle,equal_call_budget,0.3,0.0,-0.00739999999999974,0.0,0.0,-0.000553835555555552,-0.2659326387261718
first_repeat_144,astra,0.01,Oracle,equal_call_budget,0.3,0.0,-0.00739999999999974,0.0,0.0,-0.00022505694444442236,-0.10850733585914396
first_repeat_144,sonnet,0.01,Oracle,equal_call_budget,0.3,0.0,-0.00739999999999974,0.0,0.0,5.349444444444377e-05,0.046349289401233396
first_repeat_144,lite,0.01,Oracle,equal_call_budget,0.3,0.0,-0.00739999999999974,-0.002777777777778434,0.0027777777777777644,1.5674944444439348e-05,0.017056029377918502
first_repeat_144,luna,0.01,Oracle,equal_call_budget,0.3,0.0,-0.00739999999999974,0.0,0.0,7.565527777778552e-06,0.10520323039252366
first_repeat_144,qwen_local,0.01,Oracle,equal_call_budget,0.3,0.0,-0.00739999999999974,-0.0027777777777761026,0.002777777777777768,0.0,0.35979574885828924
first_repeat_144,baseline,0.01,Oracle,equal_call_budget,0.4,0.0,-0.009599999999999692,0.008333333333333193,-0.008333333333333443,-2.9966666666674912e-06,-0.013217101615155769
first_repeat_144,opus,0.01,Oracle,equal_call_budget,0.4,0.0,-0.009599999999999692,5.551115123125783e-17,-5.551115123125783e-17,0.00020478611111112398,0.14178798014297378
first_repeat_144,pro,0.01,Oracle,equal_call_budget,0.4,0.0,-0.009599999999999692,5.551115123125783e-17,-5.551115123125783e-17,-0.0004300655555555706,-0.1749118684828641
first_repeat_144,astra,0.01,Oracle,equal_call_budget,0.4,0.0,-0.009599999999999692,5.551115123125783e-17,-5.551115123125783e-17,-0.00022776805555553906,-0.11524053389324429
first_repeat_144,sonnet,0.01,Oracle,equal_call_budget,0.4,0.0,-0.009599999999999692,0.0011111111111105632,-0.0011111111111111738,-0.00016272444444447812,-0.13090143534304222
first_repeat_144,lite,0.01,Oracle,equal_call_budget,0.4,0.0,-0.009599999999999692,-0.011111111111108296,0.011111111111111068,-1.9409888888895178e-05,-0.027618522442262927
first_repeat_144,luna,0.01,Oracle,equal_call_budget,0.4,0.0,-0.009599999999999692,5.551115123125783e-17,-5.551115123125783e-17,1.609275000000063e-05,0.20439666943199564
first_repeat_144,qwen_local,0.01,Oracle,equal_call_budget,0.4,0.0,-0.009599999999999692,-0.011111111111113126,0.011111111111111086,0.0,1.859627229186998
first_repeat_144,baseline,0.01,Oracle,equal_call_budget,0.5,0.0,-0.012999999999999262,0.002777777777778545,-0.002777777777777518,-4.304444444445092e-06,-0.014651328928046659
first_repeat_144,opus,0.01,Oracle,equal_call_budget,0.5,0.0,-0.012999999999999262,1.1102230246251565e-16,-1.1102230246251565e-16,0.00013237499999997626,0.1084938479095845
first_repeat_144,pro,0.01,Oracle,equal_call_budget,0.5,0.0,-0.012999999999999262,1.1102230246251565e-16,-1.1102230246251565e-16,-0.0001999166666667128,-0.046748325817279834
first_repeat_144,astra,0.01,Oracle,equal_call_budget,0.5,0.0,-0.012999999999999262,1.1102230246251565e-16,-1.1102230246251565e-16,-0.00017377083333333307,-0.07646799655436398
first_repeat_144,sonnet,0.01,Oracle,equal_call_budget,0.5,0.0,-0.012999999999999262,0.0027777777777791557,-0.002777777777777879,-0.0004966611111111019,-0.4145702537291527
first_repeat_144,lite,0.01,Oracle,equal_call_budget,0.5,0.0,-0.012999999999999262,-0.011111111111114402,0.011111111111111082,-4.681694444443312e-05,-0.05437976422640123
first_repeat_144,luna,0.01,Oracle,equal_call_budget,0.5,0.0,-0.012999999999999262,1.1102230246251565e-16,-1.1102230246251565e-16,1.1730138888888235e-05,0.15513857360087968
first_repeat_144,qwen_local,0.01,Oracle,equal_call_budget,0.5,0.0,-0.012999999999999262,-0.011111111111110072,0.011111111111111086,0.0,1.413602629596852
first_repeat_144,baseline,0.01,Oracle,equal_call_budget,0.6,0.0,-0.010799999999999796,0.0,2.7755575615628914e-17,-2.7333333333327402e-06,-0.010021666984152189
first_repeat_144,opus,0.01,Oracle,equal_call_budget,0.6,0.0,-0.010799999999999796,0.0,0.0,8.95777777778009e-05,0.06194135203869511
first_repeat_144,pro,0.01,Oracle,equal_call_budget,0.6,0.0,-0.010799999999999796,0.0,0.0,-3.1639999999999446e-05,-0.026055341572135404
first_repeat_144,astra,0.01,Oracle,equal_call_budget,0.6,0.0,-0.010799999999999796,0.0,0.0,-5.871250000000043e-05,-0.03111974699464959
first_repeat_144,sonnet,0.01,Oracle,equal_call_budget,0.6,0.0,-0.010799999999999796,0.002777777777773105,-0.002777777777777768,-0.000221974444444409,-0.16719980774177756
first_repeat_144,lite,0.01,Oracle,equal_call_budget,0.6,0.0,-0.010799999999999796,-0.004444444444444695,0.004444444444444376,-2.6107277777766107e-05,-0.029459594759526198
first_repeat_144,luna,0.01,Oracle,equal_call_budget,0.6,0.0,-0.010799999999999796,0.0,0.0,3.246972222221609e-06,0.03710469448889331
first_repeat_144,qwen_local,0.01,Oracle,equal_call_budget,0.6,0.0,-0.010799999999999796,-0.004444444444444917,0.004444444444444473,0.0,0.44041002373961646
first_repeat_144,baseline,0.01,Oracle,equal_call_budget,0.7,0.0,-0.006800000000000042,0.002222222222224568,-0.002222222222222514,-1.9166666666685654e-06,-0.0014723692408753486
first_repeat_144,opus,0.01,Oracle,equal_call_budget,0.7,0.0,-0.006800000000000042,0.0,0.0,7.566388888896602e-05,0.03893283727438135
first_repeat_144,pro,0.01,Oracle,equal_call_budget,0.7,0.0,-0.006800000000000042,0.0,0.0,0.00024751444444431545,0.09220538637146092
first_repeat_144,astra,0.01,Oracle,equal_call_budget,0.7,0.0,-0.006800000000000042,0.0,0.0,0.00039137361111109097,0.21627704824709326
first_repeat_144,sonnet,0.01,Oracle,equal_call_budget,0.7,0.0,-0.006800000000000042,0.002777777777778101,-0.002777777777777768,0.00028945444444445495,0.2633968114045997
first_repeat_144,lite,0.01,Oracle,equal_call_budget,0.7,0.0,-0.006800000000000042,0.0,-2.7755575615628914e-17,-1.0348722222216361e-05,-0.008744302098625756
first_repeat_144,luna,0.01,Oracle,equal_call_budget,0.7,0.0,-0.006800000000000042,0.002777777777778101,-0.002777777777777768,-2.3410833333305757e-06,-0.056899801091844004
first_repeat_144,qwen_local,0.01,Oracle,equal_call_budget,0.7,0.0,-0.006800000000000042,-0.008333333333330861,0.008333333333333253,0.0,-0.11601425173411428
first_repeat_144,baseline,0.01,Oracle,equal_call_budget,0.8,-1.1102230246251565e-16,-0.012199999999999996,0.006111111111110956,-0.0061111111111114,-5.955555555571144e-07,0.008080406199440837
first_repeat_144,opus,0.01,Oracle,equal_call_budget,0.8,-1.1102230246251565e-16,-0.012199999999999996,-1.1102230246251565e-16,0.0,0.00017082222222227633,0.08754391319803556
first_repeat_144,pro,0.01,Oracle,equal_call_budget,0.8,-1.1102230246251565e-16,-0.012199999999999996,-1.1102230246251565e-16,0.0,0.000334885555555553,0.1233108415876707
first_repeat_144,astra,0.01,Oracle,equal_call_budget,0.8,-1.1102230246251565e-16,-0.012199999999999996,-1.1102230246251565e-16,0.0,0.0006653833333333178,0.3410147321444361
first_repeat_144,sonnet,0.01,Oracle,equal_call_budget,0.8,-1.1102230246251565e-16,-0.012199999999999996,0.0,0.0,0.000672973333333297,0.5706192066452171
first_repeat_144,lite,0.01,Oracle,equal_call_budget,0.8,-1.1102230246251565e-16,-0.012199999999999996,0.0,0.0,-9.089888888892499e-06,-0.007874880288457398
first_repeat_144,luna,0.01,Oracle,equal_call_budget,0.8,-1.1102230246251565e-16,-0.012199999999999996,0.008333333333328752,-0.008333333333333354,-2.3315555555544158e-06,-0.07889706634531102
first_repeat_144,qwen_local,0.01,Oracle,equal_call_budget,0.8,-1.1102230246251565e-16,-0.012199999999999996,-0.011111111111116512,0.011111111111111049,0.0,-0.3980224189727295
first_repeat_144,baseline,0.01,Oracle,equal_call_budget,0.9,0.0,-0.012199999999999874,-0.0011111111111137273,0.001111111111112617,-1.5844444444436541e-06,-0.0020448073672321154
first_repeat_144,opus,0.01,Oracle,equal_call_budget,0.9,0.0,-0.012199999999999874,0.0,0.0,0.00015936111111114655,0.0666660838667319
first_repeat_144,pro,0.01,Oracle,equal_call_budget,0.9,0.0,-0.012199999999999874,0.0,0.0,0.0004500011111110598,0.22907539546960365
first_repeat_144,astra,0.01,Oracle,equal_call_budget,0.9,0.0,-0.012199999999999874,0.0,0.0,0.000420725000000087,0.20174735175648895
first_repeat_144,sonnet,0.01,Oracle,equal_call_budget,0.9,0.0,-0.012199999999999874,0.0011111111111100636,-0.0011111111111111738,0.0006717944444444082,0.5941125461538004
first_repeat_144,lite,0.01,Oracle,equal_call_budget,0.9,0.0,-0.012199999999999874,0.0,0.0,-3.6808166666657625e-05,-0.032122406054956976
first_repeat_144,luna,0.01,Oracle,equal_call_budget,0.9,0.0,-0.012199999999999874,0.002777777777774215,-0.0027777777777777783,1.509055555553771e-06,-0.007676511146796017
first_repeat_144,qwen_local,0.01,Oracle,equal_call_budget,0.9,0.0,-0.012199999999999874,-0.006666666666670817,0.006666666666666678,0.0,-0.4007443446961503
first_repeat_144,baseline,0.01,Oracle,equal_call_budget,1.0,0.0,0.0,0.0,0.0,0.0,0.0
first_repeat_144,opus,0.01,Oracle,equal_call_budget,1.0,0.0,0.0,0.0,0.0,0.0,0.0
first_repeat_144,pro,0.01,Oracle,equal_call_budget,1.0,0.0,0.0,0.0,0.0,0.0,0.0
first_repeat_144,astra,0.01,Oracle,equal_call_budget,1.0,0.0,0.0,0.0,0.0,0.0,0.0
first_repeat_144,sonnet,0.01,Oracle,equal_call_budget,1.0,0.0,0.0,0.0,0.0,0.0,0.0
first_repeat_144,lite,0.01,Oracle,equal_call_budget,1.0,0.0,0.0,0.0,0.0,0.0,0.0
first_repeat_144,luna,0.01,Oracle,equal_call_budget,1.0,0.0,0.0,0.0,0.0,0.0,0.0
first_repeat_144,qwen_local,0.01,Oracle,equal_call_budget,1.0,0.0,0.0,0.0,0.0,0.0,0.0
first_repeat_144,baseline,0.01,Raw,threshold,0.4,0.0,0.0,0.0,0.0,0.0,0.0
first_repeat_144,opus,0.01,Raw,threshold,0.4,0.0,0.0,0.0,0.0,0.0,0.0
first_repeat_144,pro,0.01,Raw,threshold,0.4,0.0,0.0,0.0,0.0,0.0,0.0
first_repeat_144,astra,0.01,Raw,threshold,0.4,0.0,0.0,0.0,0.0,0.0,0.0
first_repeat_144,sonnet,0.01,Raw,threshold,0.4,0.0,0.0,0.0,0.0,0.0,0.0
first_repeat_144,lite,0.01,Raw,threshold,0.4,0.0,0.0,0.0,0.0,0.0,0.0
first_repeat_144,luna,0.01,Raw,threshold,0.4,0.0,0.0,0.0,0.0,0.0,0.0
first_repeat_144,qwen_local,0.01,Raw,threshold,0.4,0.0,0.0,0.0,0.0,0.0,0.0
first_repeat_144,baseline,0.01,Raw,threshold,0.6,0.0,0.0,0.0,0.0,0.0,0.0
first_repeat_144,opus,0.01,Raw,threshold,0.6,0.0,0.0,0.0,0.0,0.0,0.0
first_repeat_144,pro,0.01,Raw,threshold,0.6,0.0,0.0,0.0,0.0,0.0,0.0
first_repeat_144,astra,0.01,Raw,threshold,0.6,0.0,0.0,0.0,0.0,0.0,0.0
first_repeat_144,sonnet,0.01,Raw,threshold,0.6,0.0,0.0,0.0,0.0,0.0,0.0
first_repeat_144,lite,0.01,Raw,threshold,0.6,0.0,0.0,0.0,0.0,0.0,0.0
first_repeat_144,luna,0.01,Raw,threshold,0.6,0.0,0.0,0.0,0.0,0.0,0.0
first_repeat_144,qwen_local,0.01,Raw,threshold,0.6,0.0,0.0,0.0,0.0,0.0,0.0
first_repeat_144,baseline,0.01,Raw,threshold,0.7,0.0,0.0,0.0,0.0,0.0,0.0
first_repeat_144,opus,0.01,Raw,threshold,0.7,0.0,0.0,0.0,0.0,0.0,0.0
first_repeat_144,pro,0.01,Raw,threshold,0.7,0.0,0.0,0.0,0.0,0.0,0.0
first_repeat_144,astra,0.01,Raw,threshold,0.7,0.0,0.0,0.0,0.0,0.0,0.0
first_repeat_144,sonnet,0.01,Raw,threshold,0.7,0.0,0.0,0.0,0.0,0.0,0.0
first_repeat_144,lite,0.01,Raw,threshold,0.7,0.0,0.0,0.0,0.0,0.0,0.0
first_repeat_144,luna,0.01,Raw,threshold,0.7,0.0,0.0,0.0,0.0,0.0,0.0
first_repeat_144,qwen_local,0.01,Raw,threshold,0.7,0.0,0.0,0.0,0.0,0.0,0.0
first_repeat_144,baseline,0.01,Raw,threshold,0.8,0.0,0.0,0.0,0.0,0.0,0.0
first_repeat_144,opus,0.01,Raw,threshold,0.8,0.0,0.0,0.0,0.0,0.0,0.0
first_repeat_144,pro,0.01,Raw,threshold,0.8,0.0,0.0,0.0,0.0,0.0,0.0
first_repeat_144,astra,0.01,Raw,threshold,0.8,0.0,0.0,0.0,0.0,0.0,0.0
first_repeat_144,sonnet,0.01,Raw,threshold,0.8,0.0,0.0,0.0,0.0,0.0,0.0
first_repeat_144,lite,0.01,Raw,threshold,0.8,0.0,0.0,0.0,0.0,0.0,0.0
first_repeat_144,luna,0.01,Raw,threshold,0.8,0.0,0.0,0.0,0.0,0.0,0.0
first_repeat_144,qwen_local,0.01,Raw,threshold,0.8,0.0,0.0,0.0,0.0,0.0,0.0
first_repeat_144,baseline,0.01,Raw,threshold,0.9,0.0,0.0,0.0,0.0,0.0,0.0
first_repeat_144,opus,0.01,Raw,threshold,0.9,0.0,0.0,0.0,0.0,0.0,0.0
first_repeat_144,pro,0.01,Raw,threshold,0.9,0.0,0.0,0.0,0.0,0.0,0.0
first_repeat_144,astra,0.01,Raw,threshold,0.9,0.0,0.0,0.0,0.0,0.0,0.0
first_repeat_144,sonnet,0.01,Raw,threshold,0.9,0.0,0.0,0.0,0.0,0.0,0.0
first_repeat_144,lite,0.01,Raw,threshold,0.9,0.0,0.0,0.0,0.0,0.0,0.0
first_repeat_144,luna,0.01,Raw,threshold,0.9,0.0,0.0,0.0,0.0,0.0,0.0
first_repeat_144,qwen_local,0.01,Raw,threshold,0.9,0.0,0.0,0.0,0.0,0.0,0.0
first_repeat_144,baseline,0.01,Raw,equal_call_budget,0.0,0.0,0.0,0.0,0.0,0.0,0.0
first_repeat_144,opus,0.01,Raw,equal_call_budget,0.0,0.0,0.0,0.0,0.0,0.0,0.0
first_repeat_144,pro,0.01,Raw,equal_call_budget,0.0,0.0,0.0,0.0,0.0,0.0,0.0
first_repeat_144,astra,0.01,Raw,equal_call_budget,0.0,0.0,0.0,0.0,0.0,0.0,0.0
first_repeat_144,sonnet,0.01,Raw,equal_call_budget,0.0,0.0,0.0,0.0,0.0,0.0,0.0
first_repeat_144,lite,0.01,Raw,equal_call_budget,0.0,0.0,0.0,0.0,0.0,0.0,0.0
first_repeat_144,luna,0.01,Raw,equal_call_budget,0.0,0.0,0.0,0.0,0.0,0.0,0.0
first_repeat_144,qwen_local,0.01,Raw,equal_call_budget,0.0,0.0,0.0,0.0,0.0,0.0,0.0
first_repeat_144,baseline,0.01,Raw,equal_call_budget,0.1,0.0,0.0,0.0,0.0,0.0,0.0
first_repeat_144,opus,0.01,Raw,equal_call_budget,0.1,0.0,0.0,0.0,0.0,0.0,0.0
first_repeat_144,pro,0.01,Raw,equal_call_budget,0.1,0.0,0.0,0.0,0.0,0.0,0.0
first_repeat_144,astra,0.01,Raw,equal_call_budget,0.1,0.0,0.0,0.0,0.0,0.0,0.0
first_repeat_144,sonnet,0.01,Raw,equal_call_budget,0.1,0.0,0.0,0.0,0.0,0.0,0.0
first_repeat_144,lite,0.01,Raw,equal_call_budget,0.1,0.0,0.0,0.0,0.0,0.0,0.0
first_repeat_144,luna,0.01,Raw,equal_call_budget,0.1,0.0,0.0,0.0,0.0,0.0,0.0
first_repeat_144,qwen_local,0.01,Raw,equal_call_budget,0.1,0.0,0.0,0.0,0.0,0.0,0.0
first_repeat_144,baseline,0.01,Raw,equal_call_budget,0.2,0.0,0.0,0.0,0.0,0.0,0.0
first_repeat_144,opus,0.01,Raw,equal_call_budget,0.2,0.0,0.0,0.0,0.0,0.0,0.0
first_repeat_144,pro,0.01,Raw,equal_call_budget,0.2,0.0,0.0,0.0,0.0,0.0,0.0
first_repeat_144,astra,0.01,Raw,equal_call_budget,0.2,0.0,0.0,0.0,0.0,0.0,0.0
first_repeat_144,sonnet,0.01,Raw,equal_call_budget,0.2,0.0,0.0,0.0,0.0,0.0,0.0
first_repeat_144,lite,0.01,Raw,equal_call_budget,0.2,0.0,0.0,0.0,0.0,0.0,0.0
first_repeat_144,luna,0.01,Raw,equal_call_budget,0.2,0.0,0.0,0.0,0.0,0.0,0.0
first_repeat_144,qwen_local,0.01,Raw,equal_call_budget,0.2,0.0,0.0,0.0,0.0,0.0,0.0
first_repeat_144,baseline,0.01,Raw,equal_call_budget,0.3,0.0,0.0,0.0,0.0,0.0,0.0
first_repeat_144,opus,0.01,Raw,equal_call_budget,0.3,0.0,0.0,0.0,0.0,0.0,0.0
first_repeat_144,pro,0.01,Raw,equal_call_budget,0.3,0.0,0.0,0.0,0.0,0.0,0.0
first_repeat_144,astra,0.01,Raw,equal_call_budget,0.3,0.0,0.0,0.0,0.0,0.0,0.0
first_repeat_144,sonnet,0.01,Raw,equal_call_budget,0.3,0.0,0.0,0.0,0.0,0.0,0.0
first_repeat_144,lite,0.01,Raw,equal_call_budget,0.3,0.0,0.0,0.0,0.0,0.0,0.0
first_repeat_144,luna,0.01,Raw,equal_call_budget,0.3,0.0,0.0,0.0,0.0,0.0,0.0
first_repeat_144,qwen_local,0.01,Raw,equal_call_budget,0.3,0.0,0.0,0.0,0.0,0.0,0.0
first_repeat_144,baseline,0.01,Raw,equal_call_budget,0.4,0.0,0.0,0.0,0.0,0.0,0.0
first_repeat_144,opus,0.01,Raw,equal_call_budget,0.4,0.0,0.0,0.0,0.0,0.0,0.0
first_repeat_144,pro,0.01,Raw,equal_call_budget,0.4,0.0,0.0,0.0,0.0,0.0,0.0
first_repeat_144,astra,0.01,Raw,equal_call_budget,0.4,0.0,0.0,0.0,0.0,0.0,0.0
first_repeat_144,sonnet,0.01,Raw,equal_call_budget,0.4,0.0,0.0,0.0,0.0,0.0,0.0
first_repeat_144,lite,0.01,Raw,equal_call_budget,0.4,0.0,0.0,0.0,0.0,0.0,0.0
first_repeat_144,luna,0.01,Raw,equal_call_budget,0.4,0.0,0.0,0.0,0.0,0.0,0.0
first_repeat_144,qwen_local,0.01,Raw,equal_call_budget,0.4,0.0,0.0,0.0,0.0,0.0,0.0
first_repeat_144,baseline,0.01,Raw,equal_call_budget,0.5,0.0,0.0,0.0,0.0,0.0,0.0
first_repeat_144,opus,0.01,Raw,equal_call_budget,0.5,0.0,0.0,0.0,0.0,0.0,0.0
first_repeat_144,pro,0.01,Raw,equal_call_budget,0.5,0.0,0.0,0.0,0.0,0.0,0.0
first_repeat_144,astra,0.01,Raw,equal_call_budget,0.5,0.0,0.0,0.0,0.0,0.0,0.0
first_repeat_144,sonnet,0.01,Raw,equal_call_budget,0.5,0.0,0.0,0.0,0.0,0.0,0.0
first_repeat_144,lite,0.01,Raw,equal_call_budget,0.5,0.0,0.0,0.0,0.0,0.0,0.0
first_repeat_144,luna,0.01,Raw,equal_call_budget,0.5,0.0,0.0,0.0,0.0,0.0,0.0
first_repeat_144,qwen_local,0.01,Raw,equal_call_budget,0.5,0.0,0.0,0.0,0.0,0.0,0.0
first_repeat_144,baseline,0.01,Raw,equal_call_budget,0.6,0.0,0.0,0.0,0.0,0.0,0.0
first_repeat_144,opus,0.01,Raw,equal_call_budget,0.6,0.0,0.0,0.0,0.0,0.0,0.0
first_repeat_144,pro,0.01,Raw,equal_call_budget,0.6,0.0,0.0,0.0,0.0,0.0,0.0
first_repeat_144,astra,0.01,Raw,equal_call_budget,0.6,0.0,0.0,0.0,0.0,0.0,0.0
first_repeat_144,sonnet,0.01,Raw,equal_call_budget,0.6,0.0,0.0,0.0,0.0,0.0,0.0
first_repeat_144,lite,0.01,Raw,equal_call_budget,0.6,0.0,0.0,0.0,0.0,0.0,0.0
first_repeat_144,luna,0.01,Raw,equal_call_budget,0.6,0.0,0.0,0.0,0.0,0.0,0.0
first_repeat_144,qwen_local,0.01,Raw,equal_call_budget,0.6,0.0,0.0,0.0,0.0,0.0,0.0
first_repeat_144,baseline,0.01,Raw,equal_call_budget,0.7,0.0,0.0,0.0,0.0,0.0,0.0
first_repeat_144,opus,0.01,Raw,equal_call_budget,0.7,0.0,0.0,0.0,0.0,0.0,0.0
first_repeat_144,pro,0.01,Raw,equal_call_budget,0.7,0.0,0.0,0.0,0.0,0.0,0.0
first_repeat_144,astra,0.01,Raw,equal_call_budget,0.7,0.0,0.0,0.0,0.0,0.0,0.0
first_repeat_144,sonnet,0.01,Raw,equal_call_budget,0.7,0.0,0.0,0.0,0.0,0.0,0.0
first_repeat_144,lite,0.01,Raw,equal_call_budget,0.7,0.0,0.0,0.0,0.0,0.0,0.0
first_repeat_144,luna,0.01,Raw,equal_call_budget,0.7,0.0,0.0,0.0,0.0,0.0,0.0
first_repeat_144,qwen_local,0.01,Raw,equal_call_budget,0.7,0.0,0.0,0.0,0.0,0.0,0.0
first_repeat_144,baseline,0.01,Raw,equal_call_budget,0.8,0.0,0.0,0.0,0.0,0.0,0.0
first_repeat_144,opus,0.01,Raw,equal_call_budget,0.8,0.0,0.0,0.0,0.0,0.0,0.0
first_repeat_144,pro,0.01,Raw,equal_call_budget,0.8,0.0,0.0,0.0,0.0,0.0,0.0
first_repeat_144,astra,0.01,Raw,equal_call_budget,0.8,0.0,0.0,0.0,0.0,0.0,0.0
first_repeat_144,sonnet,0.01,Raw,equal_call_budget,0.8,0.0,0.0,0.0,0.0,0.0,0.0
first_repeat_144,lite,0.01,Raw,equal_call_budget,0.8,0.0,0.0,0.0,0.0,0.0,0.0
first_repeat_144,luna,0.01,Raw,equal_call_budget,0.8,0.0,0.0,0.0,0.0,0.0,0.0
first_repeat_144,qwen_local,0.01,Raw,equal_call_budget,0.8,0.0,0.0,0.0,0.0,0.0,0.0
first_repeat_144,baseline,0.01,Raw,equal_call_budget,0.9,0.0,0.0,0.0,0.0,0.0,0.0
first_repeat_144,opus,0.01,Raw,equal_call_budget,0.9,0.0,0.0,0.0,0.0,0.0,0.0
first_repeat_144,pro,0.01,Raw,equal_call_budget,0.9,0.0,0.0,0.0,0.0,0.0,0.0
first_repeat_144,astra,0.01,Raw,equal_call_budget,0.9,0.0,0.0,0.0,0.0,0.0,0.0
first_repeat_144,sonnet,0.01,Raw,equal_call_budget,0.9,0.0,0.0,0.0,0.0,0.0,0.0
first_repeat_144,lite,0.01,Raw,equal_call_budget,0.9,0.0,0.0,0.0,0.0,0.0,0.0
first_repeat_144,luna,0.01,Raw,equal_call_budget,0.9,0.0,0.0,0.0,0.0,0.0,0.0
first_repeat_144,qwen_local,0.01,Raw,equal_call_budget,0.9,0.0,0.0,0.0,0.0,0.0,0.0
first_repeat_144,baseline,0.01,Raw,equal_call_budget,1.0,0.0,0.0,0.0,0.0,0.0,0.0
first_repeat_144,opus,0.01,Raw,equal_call_budget,1.0,0.0,0.0,0.0,0.0,0.0,0.0
first_repeat_144,pro,0.01,Raw,equal_call_budget,1.0,0.0,0.0,0.0,0.0,0.0,0.0
first_repeat_144,astra,0.01,Raw,equal_call_budget,1.0,0.0,0.0,0.0,0.0,0.0,0.0
first_repeat_144,sonnet,0.01,Raw,equal_call_budget,1.0,0.0,0.0,0.0,0.0,0.0,0.0
first_repeat_144,lite,0.01,Raw,equal_call_budget,1.0,0.0,0.0,0.0,0.0,0.0,0.0
first_repeat_144,luna,0.01,Raw,equal_call_budget,1.0,0.0,0.0,0.0,0.0,0.0,0.0
first_repeat_144,qwen_local,0.01,Raw,equal_call_budget,1.0,0.0,0.0,0.0,0.0,0.0,0.0
first_repeat_144,baseline,0.01,Regime,threshold,0.4,0.0,0.0,0.0,0.0,0.0,0.0
first_repeat_144,opus,0.01,Regime,threshold,0.4,0.0,0.0,0.0,0.0,0.0,0.0
first_repeat_144,pro,0.01,Regime,threshold,0.4,0.0,0.0,0.0,0.0,0.0,0.0
first_repeat_144,astra,0.01,Regime,threshold,0.4,0.0,0.0,0.0,0.0,0.0,0.0
first_repeat_144,sonnet,0.01,Regime,threshold,0.4,0.0,0.0,0.0,0.0,0.0,0.0
first_repeat_144,lite,0.01,Regime,threshold,0.4,0.0,0.0,0.0,0.0,0.0,0.0
first_repeat_144,luna,0.01,Regime,threshold,0.4,0.0,0.0,0.0,0.0,0.0,0.0
first_repeat_144,qwen_local,0.01,Regime,threshold,0.4,0.0,0.0,0.0,0.0,0.0,0.0
first_repeat_144,baseline,0.01,Regime,threshold,0.6,-0.09666666666666707,0.04697999999999908,-0.054777777777778106,-0.04188888888888913,-3.9962000000000116e-05,-0.1843800383320253
first_repeat_144,opus,0.01,Regime,threshold,0.6,-0.09666666666666707,0.04697999999999908,-0.09666666666666707,0.0,-0.0017234941666666788,-0.6989015360597404
first_repeat_144,pro,0.01,Regime,threshold,0.6,-0.09666666666666707,0.04697999999999908,-0.09666666666666707,0.0,-0.002581957000000009,-1.535538926493338
first_repeat_144,astra,0.01,Regime,threshold,0.6,-0.09666666666666707,0.04697999999999908,-0.09666666666666707,0.0,-0.0019147290277777898,-0.7662950249421043
first_repeat_144,sonnet,0.01,Regime,threshold,0.6,-0.09666666666666707,0.04697999999999908,-0.09666666666666707,0.0,-0.0010907898888888835,-0.8990764107721259
first_repeat_144,lite,0.01,Regime,threshold,0.6,-0.09666666666666707,0.04697999999999908,-0.09022222222222188,-0.006444444444444424,-0.00038371317777777497,-0.43837054782483587
first_repeat_144,luna,0.01,Regime,threshold,0.6,-0.09666666666666707,0.04697999999999908,-0.09666666666666707,0.0,-6.708416944444466e-05,-0.6368569114077336
first_repeat_144,qwen_local,0.01,Regime,threshold,0.6,-0.09666666666666707,0.04697999999999908,-0.09666666666666707,0.0,0.0,-13.317875841973988
first_repeat_144,baseline,0.01,Regime,threshold,0.7,-0.16666666666666602,0.05600000000000013,-0.1111111111111118,-0.05555555555555447,-6.637222222222294e-05,-0.28511891549893564
first_repeat_144,opus,0.01,Regime,threshold,0.7,-0.16666666666666602,0.05600000000000013,-0.16666666666666602,0.0,-0.0028908472222222226,-1.1822196347270362
first_repeat_144,pro,0.01,Regime,threshold,0.7,-0.16666666666666602,0.05600000000000013,-0.16666666666666602,0.0,-0.004593372222222251,-2.5579575352034603
first_repeat_144,astra,0.01,Regime,threshold,0.7,-0.16666666666666602,0.05600000000000013,-0.16666666666666602,0.0,-0.0033031875000000023,-1.258991150924679
first_repeat_144,sonnet,0.01,Regime,threshold,0.7,-0.16666666666666602,0.05600000000000013,-0.16388888888888697,-0.002777777777777768,-0.0028364777777777498,-2.383803256145782
first_repeat_144,lite,0.01,Regime,threshold,0.7,-0.16666666666666602,0.05600000000000013,-0.16666666666666724,-3.642919299551295e-17,-0.0007712747222222217,-0.837500105911412
first_repeat_144,luna,0.01,Regime,threshold,0.7,-0.16666666666666602,0.05600000000000013,-0.16666666666666602,0.0,-0.00012578930555555445,-1.1374623310260628
first_repeat_144,qwen_local,0.01,Regime,threshold,0.7,-0.16666666666666602,0.05600000000000013,-0.16666666666666602,0.0,0.0,-20.769884632432984
first_repeat_144,baseline,0.01,Regime,threshold,0.8,-0.16666666666666796,0.06200000000000008,-0.11111111111110877,-0.055555555555556385,-6.239444444444469e-05,-0.27205092454678426
first_repeat_144,opus,0.01,Regime,threshold,0.8,-0.16666666666666796,0.06200000000000008,-0.16666666666666796,0.0,-0.003078180555555513,-1.3027671069501894
first_repeat_144,pro,0.01,Regime,threshold,0.8,-0.16666666666666796,0.06200000000000008,-0.16666666666666796,0.0,-0.0047310388888888305,-2.689685209720799
first_repeat_144,astra,0.01,Regime,threshold,0.8,-0.16666666666666796,0.06200000000000008,-0.16666666666666796,0.0,-0.003279347222222168,-1.2647270636297039
first_repeat_144,sonnet,0.01,Regime,threshold,0.8,-0.16666666666666796,0.06200000000000008,-0.1666666666666698,0.0,-0.0018734944444444906,-1.545431838286147
first_repeat_144,lite,0.01,Regime,threshold,0.8,-0.16666666666666796,0.06200000000000008,-0.15555555555555545,-0.011111111111111049,-0.0007096783333333397,-0.7717779714206872
first_repeat_144,luna,0.01,Regime,threshold,0.8,-0.16666666666666796,0.06200000000000008,-0.16666666666666796,0.0,-0.00013980527777777936,-1.3007827692018412
first_repeat_144,qwen_local,0.01,Regime,threshold,0.8,-0.16666666666666796,0.06200000000000008,-0.15555555555555445,-0.011111111111111122,0.0,-23.358059997438517
first_repeat_144,baseline,0.01,Regime,threshold,0.9,-0.12666666666666682,0.02355999999999992,-0.07600000000000279,-0.05066666666666514,-4.861044444444304e-05,-0.2056787161757514
first_repeat_144,opus,0.01,Regime,threshold,0.9,-0.12666666666666682,0.02355999999999992,-0.12666666666666682,0.0,-0.0021180883333333494,-0.839903798503169
first_repeat_144,pro,0.01,Regime,threshold,0.9,-0.12666666666666682,0.02355999999999992,-0.12666666666666682,0.0,-0.0035835773333333827,-2.077756876156192
first_repeat_144,astra,0.01,Regime,threshold,0.9,-0.12666666666666682,0.02355999999999992,-0.12666666666666682,0.0,-0.002403056666666646,-0.9271603407396052
first_repeat_144,sonnet,0.01,Regime,threshold,0.9,-0.12666666666666682,0.02355999999999992,-0.12666666666666204,0.0,-0.0017698119999999384,-1.4947886771689722
first_repeat_144,lite,0.01,Regime,threshold,0.9,-0.12666666666666682,0.02355999999999992,-0.1266666666666657,0.0,-0.0005593319222222289,-0.6218649650817221
first_repeat_144,luna,0.01,Regime,threshold,0.9,-0.12666666666666682,0.02355999999999992,-0.11611111111111194,-0.010555555555555518,-9.94844222222198e-05,-0.9431122403398069
first_repeat_144,qwen_local,0.01,Regime,threshold,0.9,-0.12666666666666682,0.02355999999999992,-0.12666666666666748,0.0,0.0,-16.948182044190034
first_repeat_144,baseline,0.01,Regime,equal_call_budget,0.0,0.0,0.0,0.0,0.0,0.0,0.0
first_repeat_144,opus,0.01,Regime,equal_call_budget,0.0,0.0,0.0,0.0,0.0,0.0,0.0
first_repeat_144,pro,0.01,Regime,equal_call_budget,0.0,0.0,0.0,0.0,0.0,0.0,0.0
first_repeat_144,astra,0.01,Regime,equal_call_budget,0.0,0.0,0.0,0.0,0.0,0.0,0.0
first_repeat_144,sonnet,0.01,Regime,equal_call_budget,0.0,0.0,0.0,0.0,0.0,0.0,0.0
first_repeat_144,lite,0.01,Regime,equal_call_budget,0.0,0.0,0.0,0.0,0.0,0.0,0.0
first_repeat_144,luna,0.01,Regime,equal_call_budget,0.0,0.0,0.0,0.0,0.0,0.0,0.0
first_repeat_144,qwen_local,0.01,Regime,equal_call_budget,0.0,0.0,0.0,0.0,0.0,0.0,0.0
first_repeat_144,baseline,0.01,Regime,equal_call_budget,0.1,0.0,-3.6000000000036e-05,8.33333333333311e-05,-8.333333333333803e-05,-2.0940000000001192e-08,-0.00026493274000241596
first_repeat_144,opus,0.01,Regime,equal_call_budget,0.1,0.0,-3.6000000000036e-05,0.0,0.0,-1.9525833333334033e-06,-0.0008879759986107905
first_repeat_144,pro,0.01,Regime,equal_call_budget,0.1,0.0,-3.6000000000036e-05,0.0,0.0,-2.9709666666665607e-06,-0.0023089600387531384
first_repeat_144,astra,0.01,Regime,equal_call_budget,0.1,0.0,-3.6000000000036e-05,0.0,0.0,-2.6958333333455126e-08,-0.0002296092630326152
first_repeat_144,sonnet,0.01,Regime,equal_call_budget,0.1,0.0,-3.6000000000036e-05,0.0,0.0,-2.9442000000000183e-06,-0.002647858715259077
first_repeat_144,lite,0.01,Regime,equal_call_budget,0.1,0.0,-3.6000000000036e-05,6.666666666665932e-05,-6.666666666666626e-05,2.6712666666671436e-07,0.0003451430166450109
first_repeat_144,luna,0.01,Regime,equal_call_budget,0.1,0.0,-3.6000000000036e-05,0.0,0.0,8.923750000000509e-08,0.0005883988586137257
first_repeat_144,qwen_local,0.01,Regime,equal_call_budget,0.1,0.0,-3.6000000000036e-05,0.0,0.0,0.0,-0.012058544742851396
first_repeat_144,baseline,0.01,Regime,equal_call_budget,0.2,0.0,-4.799999999999249e-05,0.00011111111111111738,-0.00011111111111111738,-2.7919999999988037e-08,-0.0003532436533365546
first_repeat_144,opus,0.01,Regime,equal_call_budget,0.2,0.0,-4.799999999999249e-05,0.0,0.0,-2.6034444444442487e-06,-0.0011839679981480167
first_repeat_144,pro,0.01,Regime,equal_call_budget,0.2,0.0,-4.799999999999249e-05,0.0,0.0,-3.961288888888748e-06,-0.0030786133850040365
first_repeat_144,astra,0.01,Regime,equal_call_budget,0.2,0.0,-4.799999999999249e-05,0.0,0.0,-3.5944444444317714e-08,-0.00030614568404319087
first_repeat_144,sonnet,0.01,Regime,equal_call_budget,0.2,0.0,-4.799999999999249e-05,0.0,0.0,-3.925599999999446e-06,-0.003530478287012251
first_repeat_144,lite,0.01,Regime,equal_call_budget,0.2,0.0,-4.799999999999249e-05,8.88888888888606e-05,-8.888888888889009e-05,3.561688888889525e-07,0.0004601906888599405
first_repeat_144,luna,0.01,Regime,equal_call_budget,0.2,0.0,-4.799999999999249e-05,0.0,0.0,1.1898333333331301e-07,0.0007845318114847455
first_repeat_144,qwen_local,0.01,Regime,equal_call_budget,0.2,0.0,-4.799999999999249e-05,0.0,0.0,0.0,-0.01607805965713993
first_repeat_144,baseline,0.01,Regime,equal_call_budget,0.3,0.0,-1.199999999995649e-05,2.7777777777820978e-05,-2.7777777777779344e-05,-6.980000000000397e-09,-8.831091333405539e-05
first_repeat_144,opus,0.01,Regime,equal_call_budget,0.3,0.0,-1.199999999995649e-05,0.0,0.0,-6.508611111108453e-07,-0.0002959919995366711
first_repeat_144,pro,0.01,Regime,equal_call_budget,0.3,0.0,-1.199999999995649e-05,0.0,0.0,-9.903222222230543e-07,-0.0007696533462508981
first_repeat_144,astra,0.01,Regime,equal_call_budget,0.3,0.0,-1.199999999995649e-05,0.0,0.0,-8.986111110428907e-09,-7.65364210106867e-05
first_repeat_144,sonnet,0.01,Regime,equal_call_budget,0.3,0.0,-1.199999999995649e-05,0.0,0.0,-9.814000000002952e-07,-0.0008826195717528407
first_repeat_144,lite,0.01,Regime,equal_call_budget,0.3,0.0,-1.199999999995649e-05,2.2222222222256782e-05,-2.2222222222222088e-05,8.904222222223812e-08,0.00011504767221492962
first_repeat_144,luna,0.01,Regime,equal_call_budget,0.3,0.0,-1.199999999995649e-05,0.0,0.0,2.9745833333348582e-08,0.00019613295287168597
first_repeat_144,qwen_local,0.01,Regime,equal_call_budget,0.3,0.0,-1.199999999995649e-05,0.0,0.0,0.0,-0.0040195149142832065
first_repeat_144,baseline,0.01,Regime,equal_call_budget,0.4,0.0,0.0,0.0,0.0,0.0,0.0
first_repeat_144,opus,0.01,Regime,equal_call_budget,0.4,0.0,0.0,0.0,0.0,0.0,0.0
first_repeat_144,pro,0.01,Regime,equal_call_budget,0.4,0.0,0.0,0.0,0.0,0.0,0.0
first_repeat_144,astra,0.01,Regime,equal_call_budget,0.4,0.0,0.0,0.0,0.0,0.0,0.0
first_repeat_144,sonnet,0.01,Regime,equal_call_budget,0.4,0.0,0.0,0.0,0.0,0.0,0.0
first_repeat_144,lite,0.01,Regime,equal_call_budget,0.4,0.0,0.0,0.0,0.0,0.0,0.0
first_repeat_144,luna,0.01,Regime,equal_call_budget,0.4,0.0,0.0,0.0,0.0,0.0,0.0
first_repeat_144,qwen_local,0.01,Regime,equal_call_budget,0.4,0.0,0.0,0.0,0.0,0.0,0.0
first_repeat_144,baseline,0.01,Regime,equal_call_budget,0.5,0.0,0.0,0.0,0.0,0.0,0.0
first_repeat_144,opus,0.01,Regime,equal_call_budget,0.5,0.0,0.0,0.0,0.0,0.0,0.0
first_repeat_144,pro,0.01,Regime,equal_call_budget,0.5,0.0,0.0,0.0,0.0,0.0,0.0
first_repeat_144,astra,0.01,Regime,equal_call_budget,0.5,0.0,0.0,0.0,0.0,0.0,0.0
first_repeat_144,sonnet,0.01,Regime,equal_call_budget,0.5,0.0,0.0,0.0,0.0,0.0,0.0
first_repeat_144,lite,0.01,Regime,equal_call_budget,0.5,0.0,0.0,0.0,0.0,0.0,0.0
first_repeat_144,luna,0.01,Regime,equal_call_budget,0.5,0.0,0.0,0.0,0.0,0.0,0.0
first_repeat_144,qwen_local,0.01,Regime,equal_call_budget,0.5,0.0,0.0,0.0,0.0,0.0,0.0
first_repeat_144,baseline,0.01,Regime,equal_call_budget,0.6,0.0,0.0,0.0,0.0,0.0,0.0
first_repeat_144,opus,0.01,Regime,equal_call_budget,0.6,0.0,0.0,0.0,0.0,0.0,0.0
first_repeat_144,pro,0.01,Regime,equal_call_budget,0.6,0.0,0.0,0.0,0.0,0.0,0.0
first_repeat_144,astra,0.01,Regime,equal_call_budget,0.6,0.0,0.0,0.0,0.0,0.0,0.0
first_repeat_144,sonnet,0.01,Regime,equal_call_budget,0.6,0.0,0.0,0.0,0.0,0.0,0.0
first_repeat_144,lite,0.01,Regime,equal_call_budget,0.6,0.0,0.0,0.0,0.0,0.0,0.0
first_repeat_144,luna,0.01,Regime,equal_call_budget,0.6,0.0,0.0,0.0,0.0,0.0,0.0
first_repeat_144,qwen_local,0.01,Regime,equal_call_budget,0.6,0.0,0.0,0.0,0.0,0.0,0.0
first_repeat_144,baseline,0.01,Regime,equal_call_budget,0.7,0.0,0.0,0.0,0.0,0.0,0.0
first_repeat_144,opus,0.01,Regime,equal_call_budget,0.7,0.0,0.0,0.0,0.0,0.0,0.0
first_repeat_144,pro,0.01,Regime,equal_call_budget,0.7,0.0,0.0,0.0,0.0,0.0,0.0
first_repeat_144,astra,0.01,Regime,equal_call_budget,0.7,0.0,0.0,0.0,0.0,0.0,0.0
first_repeat_144,sonnet,0.01,Regime,equal_call_budget,0.7,0.0,0.0,0.0,0.0,0.0,0.0
first_repeat_144,lite,0.01,Regime,equal_call_budget,0.7,0.0,0.0,0.0,0.0,0.0,0.0
first_repeat_144,luna,0.01,Regime,equal_call_budget,0.7,0.0,0.0,0.0,0.0,0.0,0.0
first_repeat_144,qwen_local,0.01,Regime,equal_call_budget,0.7,0.0,0.0,0.0,0.0,0.0,0.0
first_repeat_144,baseline,0.01,Regime,equal_call_budget,0.8,0.0,0.0,0.0,0.0,0.0,0.0
first_repeat_144,opus,0.01,Regime,equal_call_budget,0.8,0.0,0.0,0.0,0.0,0.0,0.0
first_repeat_144,pro,0.01,Regime,equal_call_budget,0.8,0.0,0.0,0.0,0.0,0.0,0.0
first_repeat_144,astra,0.01,Regime,equal_call_budget,0.8,0.0,0.0,0.0,0.0,0.0,0.0
first_repeat_144,sonnet,0.01,Regime,equal_call_budget,0.8,0.0,0.0,0.0,0.0,0.0,0.0
first_repeat_144,lite,0.01,Regime,equal_call_budget,0.8,0.0,0.0,0.0,0.0,0.0,0.0
first_repeat_144,luna,0.01,Regime,equal_call_budget,0.8,0.0,0.0,0.0,0.0,0.0,0.0
first_repeat_144,qwen_local,0.01,Regime,equal_call_budget,0.8,0.0,0.0,0.0,0.0,0.0,0.0
first_repeat_144,baseline,0.01,Regime,equal_call_budget,0.9,0.0,0.0,0.0,0.0,0.0,0.0
first_repeat_144,opus,0.01,Regime,equal_call_budget,0.9,0.0,0.0,0.0,0.0,0.0,0.0
first_repeat_144,pro,0.01,Regime,equal_call_budget,0.9,0.0,0.0,0.0,0.0,0.0,0.0
first_repeat_144,astra,0.01,Regime,equal_call_budget,0.9,0.0,0.0,0.0,0.0,0.0,0.0
first_repeat_144,sonnet,0.01,Regime,equal_call_budget,0.9,0.0,0.0,0.0,0.0,0.0,0.0
first_repeat_144,lite,0.01,Regime,equal_call_budget,0.9,0.0,0.0,0.0,0.0,0.0,0.0
first_repeat_144,luna,0.01,Regime,equal_call_budget,0.9,0.0,0.0,0.0,0.0,0.0,0.0
first_repeat_144,qwen_local,0.01,Regime,equal_call_budget,0.9,0.0,0.0,0.0,0.0,0.0,0.0
first_repeat_144,baseline,0.01,Regime,equal_call_budget,1.0,0.0,0.0,0.0,0.0,0.0,0.0
first_repeat_144,opus,0.01,Regime,equal_call_budget,1.0,0.0,0.0,0.0,0.0,0.0,0.0
first_repeat_144,pro,0.01,Regime,equal_call_budget,1.0,0.0,0.0,0.0,0.0,0.0,0.0
first_repeat_144,astra,0.01,Regime,equal_call_budget,1.0,0.0,0.0,0.0,0.0,0.0,0.0
first_repeat_144,sonnet,0.01,Regime,equal_call_budget,1.0,0.0,0.0,0.0,0.0,0.0,0.0
first_repeat_144,lite,0.01,Regime,equal_call_budget,1.0,0.0,0.0,0.0,0.0,0.0,0.0
first_repeat_144,luna,0.01,Regime,equal_call_budget,1.0,0.0,0.0,0.0,0.0,0.0,0.0
first_repeat_144,qwen_local,0.01,Regime,equal_call_budget,1.0,0.0,0.0,0.0,0.0,0.0,0.0
first_repeat_144,baseline,0.01,Weighted global,threshold,0.4,0.03500000000000001,-0.0171299999999997,0.020111111111111125,0.014888888888888896,1.4399200000000013e-05,0.06587518060756463
first_repeat_144,opus,0.01,Weighted global,threshold,0.4,0.03500000000000001,-0.0171299999999997,0.03500000000000001,0.0,0.0006175151388888884,0.25009063616418925
first_repeat_144,pro,0.01,Weighted global,threshold,0.4,0.03500000000000001,-0.0171299999999997,0.03500000000000001,0.0,0.0009249432777777779,0.5482744571643873
first_repeat_144,astra,0.01,Weighted global,threshold,0.4,0.03500000000000001,-0.0171299999999997,0.03500000000000001,0.0,0.0006931740972222218,0.27668628275168694
first_repeat_144,sonnet,0.01,Weighted global,threshold,0.4,0.03500000000000001,-0.0171299999999997,0.03500000000000001,0.0,0.0003851271666666666,0.3167014702516864
first_repeat_144,lite,0.01,Weighted global,threshold,0.4,0.03500000000000001,-0.0171299999999997,0.032888888888888905,0.002111111111111108,0.0001398210555555556,0.1598708474863154
first_repeat_144,luna,0.01,Weighted global,threshold,0.4,0.03500000000000001,-0.0171299999999997,0.03500000000000001,0.0,2.4586554166666665e-05,0.23254745262461574
first_repeat_144,qwen_local,0.01,Weighted global,threshold,0.4,0.03500000000000001,-0.0171299999999997,0.03500000000000001,0.0,0.0,4.781794379847787
first_repeat_144,baseline,0.01,Weighted global,threshold,0.6,0.18416666666666656,-0.08168000000000111,0.12249999999999986,0.061666666666666495,7.205747222222232e-05,0.3021538826289747
first_repeat_144,opus,0.01,Weighted global,threshold,0.6,0.18416666666666656,-0.08168000000000111,0.18416666666666656,0.0,0.003020285208333337,1.220765691959214
first_repeat_144,pro,0.01,Weighted global,threshold,0.6,0.18416666666666656,-0.08168000000000111,0.18416666666666656,0.0,0.0046422642222222,2.614756001762147
first_repeat_144,astra,0.01,Weighted global,threshold,0.6,0.18416666666666656,-0.08168000000000111,0.18416666666666656,0.0,0.0036453120486111164,1.4033827033868276
first_repeat_144,sonnet,0.01,Weighted global,threshold,0.6,0.18416666666666656,-0.08168000000000111,0.18302777777777737,0.0011388888888888848,0.0021174608888888963,1.7378077538765988
first_repeat_144,lite,0.01,Weighted global,threshold,0.6,0.18416666666666656,-0.08168000000000111,0.1846111111111115,-0.0004444444444444192,0.0008123336611111106,0.9120709279854312
first_repeat_144,luna,0.01,Weighted global,threshold,0.6,0.18416666666666656,-0.08168000000000111,0.1840277777777777,0.0001388888888888884,0.0001445890743055554,1.3161840885029321
first_repeat_144,qwen_local,0.01,Weighted global,threshold,0.6,0.18416666666666656,-0.08168000000000111,0.18333333333333332,0.0008333333333333382,0.0,23.046375876121687
first_repeat_144,baseline,0.01,Weighted global,threshold,0.7,0.1433333333333341,-0.04640499999999989,0.09411111111110909,0.04922222222222272,5.381709444444429e-05,0.23387111516270653
first_repeat_144,opus,0.01,Weighted global,threshold,0.7,0.1433333333333341,-0.04640499999999989,0.1433333333333341,0.0,0.0026048380555555323,1.0903938346784177
first_repeat_144,pro,0.01,Weighted global,threshold,0.7,0.1433333333333341,-0.04640499999999989,0.1433333333333341,0.0,0.00410337977777776,2.341509501344718
first_repeat_144,astra,0.01,Weighted global,threshold,0.7,0.1433333333333341,-0.04640499999999989,0.1433333333333341,0.0,0.0028465819444444106,1.1067252962092127
first_repeat_144,sonnet,0.01,Weighted global,threshold,0.7,0.1433333333333341,-0.04640499999999989,0.1432916666666681,4.1666666666666415e-05,0.0016907617500000229,1.4009086680852318
first_repeat_144,lite,0.01,Weighted global,threshold,0.7,0.1433333333333341,-0.04640499999999989,0.1356111111111109,0.007722222222222174,0.0006145743708333385,0.6711779127962685
first_repeat_144,luna,0.01,Weighted global,threshold,0.7,0.1433333333333341,-0.04640499999999989,0.1411111111111123,0.0022222222222222144,0.00011888883611111209,1.108296556855335
first_repeat_144,qwen_local,0.01,Weighted global,threshold,0.7,0.1433333333333341,-0.04640499999999989,0.1346666666666656,0.00866666666666668,0.0,20.036937938106888
first_repeat_144,baseline,0.01,Weighted global,threshold,0.8,0.206666666666665,-0.04106999999999979,0.13069444444444495,0.07597222222222241,7.99589999999993e-05,0.3437983546704886
first_repeat_144,opus,0.01,Weighted global,threshold,0.8,0.206666666666665,-0.04106999999999979,0.206666666666665,0.0,0.0035170176388888957,1.409206603761417
first_repeat_144,pro,0.01,Weighted global,threshold,0.8,0.206666666666665,-0.04106999999999979,0.206666666666665,0.0,0.005971613222222245,3.419421087499803
first_repeat_144,astra,0.01,Weighted global,threshold,0.8,0.206666666666665,-0.04106999999999979,0.206666666666665,0.0,0.004264807361111138,1.6954163832591824
first_repeat_144,sonnet,0.01,Weighted global,threshold,0.8,0.206666666666665,-0.04106999999999979,0.20530555555555174,0.0013611111111111063,0.003064263444444413,2.5708100823207376
first_repeat_144,lite,0.01,Weighted global,threshold,0.8,0.206666666666665,-0.04106999999999979,0.2067777777777774,-0.00011111111111111044,0.0009230863305555604,1.0206285680099465
first_repeat_144,luna,0.01,Weighted global,threshold,0.8,0.206666666666665,-0.04106999999999979,0.19611111111111112,0.010555555555555518,0.0001602001305555555,1.4849364763347133
first_repeat_144,qwen_local,0.01,Weighted global,threshold,0.8,0.206666666666665,-0.04106999999999979,0.20133333333333547,0.005333333333333299,0.0,27.694462428881835
first_repeat_144,baseline,0.01,Weighted global,threshold,0.9,0.14999999999999958,-0.03335999999999994,0.10263888888888528,0.04736111111111391,5.873788888889007e-05,0.2588539754776171
first_repeat_144,opus,0.01,Weighted global,threshold,0.9,0.14999999999999958,-0.03335999999999994,0.14999999999999958,0.0,0.002627308194444457,1.0704195188389054
first_repeat_144,pro,0.01,Weighted global,threshold,0.9,0.14999999999999958,-0.03335999999999994,0.14999999999999958,0.0,0.004475633611111019,2.514274497267749
first_repeat_144,astra,0.01,Weighted global,threshold,0.9,0.14999999999999958,-0.03335999999999994,0.14999999999999958,0.0,0.003486820000000078,1.4380495319790105
first_repeat_144,sonnet,0.01,Weighted global,threshold,0.9,0.14999999999999958,-0.03335999999999994,0.14747222222222378,0.0025277777777777686,0.002415487722222288,2.0073580716391657
first_repeat_144,lite,0.01,Weighted global,threshold,0.9,0.14999999999999958,-0.03335999999999994,0.1500000000000008,0.0,0.000681364011111111,0.7467115625848666
first_repeat_144,luna,0.01,Weighted global,threshold,0.9,0.14999999999999958,-0.03335999999999994,0.15013888888889004,-0.00013888888888888805,0.0001140451222222254,1.0179930324065927
first_repeat_144,qwen_local,0.01,Weighted global,threshold,0.9,0.14999999999999958,-0.03335999999999994,0.13988888888888995,0.010111111111111052,0.0,20.168168004775865
first_repeat_144,baseline,0.01,Weighted global,equal_call_budget,0.0,0.0,0.0,0.0,0.0,0.0,0.0
first_repeat_144,opus,0.01,Weighted global,equal_call_budget,0.0,0.0,0.0,0.0,0.0,0.0,0.0
first_repeat_144,pro,0.01,Weighted global,equal_call_budget,0.0,0.0,0.0,0.0,0.0,0.0,0.0
first_repeat_144,astra,0.01,Weighted global,equal_call_budget,0.0,0.0,0.0,0.0,0.0,0.0,0.0
first_repeat_144,sonnet,0.01,Weighted global,equal_call_budget,0.0,0.0,0.0,0.0,0.0,0.0,0.0
first_repeat_144,lite,0.01,Weighted global,equal_call_budget,0.0,0.0,0.0,0.0,0.0,0.0,0.0
first_repeat_144,luna,0.01,Weighted global,equal_call_budget,0.0,0.0,0.0,0.0,0.0,0.0,0.0
first_repeat_144,qwen_local,0.01,Weighted global,equal_call_budget,0.0,0.0,0.0,0.0,0.0,0.0,0.0
first_repeat_144,baseline,0.01,Weighted global,equal_call_budget,0.1,0.0,0.0,0.0,0.0,0.0,0.0
first_repeat_144,opus,0.01,Weighted global,equal_call_budget,0.1,0.0,0.0,0.0,0.0,0.0,0.0
first_repeat_144,pro,0.01,Weighted global,equal_call_budget,0.1,0.0,0.0,0.0,0.0,0.0,0.0
first_repeat_144,astra,0.01,Weighted global,equal_call_budget,0.1,0.0,0.0,0.0,0.0,0.0,0.0
first_repeat_144,sonnet,0.01,Weighted global,equal_call_budget,0.1,0.0,0.0,0.0,0.0,0.0,0.0
first_repeat_144,lite,0.01,Weighted global,equal_call_budget,0.1,0.0,0.0,0.0,0.0,0.0,0.0
first_repeat_144,luna,0.01,Weighted global,equal_call_budget,0.1,0.0,0.0,0.0,0.0,0.0,0.0
first_repeat_144,qwen_local,0.01,Weighted global,equal_call_budget,0.1,0.0,0.0,0.0,0.0,0.0,0.0
first_repeat_144,baseline,0.01,Weighted global,equal_call_budget,0.2,0.0,0.0,0.0,0.0,0.0,0.0
first_repeat_144,opus,0.01,Weighted global,equal_call_budget,0.2,0.0,0.0,0.0,0.0,0.0,0.0
first_repeat_144,pro,0.01,Weighted global,equal_call_budget,0.2,0.0,0.0,0.0,0.0,0.0,0.0
first_repeat_144,astra,0.01,Weighted global,equal_call_budget,0.2,0.0,0.0,0.0,0.0,0.0,0.0
first_repeat_144,sonnet,0.01,Weighted global,equal_call_budget,0.2,0.0,0.0,0.0,0.0,0.0,0.0
first_repeat_144,lite,0.01,Weighted global,equal_call_budget,0.2,0.0,0.0,0.0,0.0,0.0,0.0
first_repeat_144,luna,0.01,Weighted global,equal_call_budget,0.2,0.0,0.0,0.0,0.0,0.0,0.0
first_repeat_144,qwen_local,0.01,Weighted global,equal_call_budget,0.2,0.0,0.0,0.0,0.0,0.0,0.0
first_repeat_144,baseline,0.01,Weighted global,equal_call_budget,0.3,0.0,0.0,0.0,0.0,0.0,0.0
first_repeat_144,opus,0.01,Weighted global,equal_call_budget,0.3,0.0,0.0,0.0,0.0,0.0,0.0
first_repeat_144,pro,0.01,Weighted global,equal_call_budget,0.3,0.0,0.0,0.0,0.0,0.0,0.0
first_repeat_144,astra,0.01,Weighted global,equal_call_budget,0.3,0.0,0.0,0.0,0.0,0.0,0.0
first_repeat_144,sonnet,0.01,Weighted global,equal_call_budget,0.3,0.0,0.0,0.0,0.0,0.0,0.0
first_repeat_144,lite,0.01,Weighted global,equal_call_budget,0.3,0.0,0.0,0.0,0.0,0.0,0.0
first_repeat_144,luna,0.01,Weighted global,equal_call_budget,0.3,0.0,0.0,0.0,0.0,0.0,0.0
first_repeat_144,qwen_local,0.01,Weighted global,equal_call_budget,0.3,0.0,0.0,0.0,0.0,0.0,0.0
first_repeat_144,baseline,0.01,Weighted global,equal_call_budget,0.4,0.0,0.0,0.0,0.0,0.0,0.0
first_repeat_144,opus,0.01,Weighted global,equal_call_budget,0.4,0.0,0.0,0.0,0.0,0.0,0.0
first_repeat_144,pro,0.01,Weighted global,equal_call_budget,0.4,0.0,0.0,0.0,0.0,0.0,0.0
first_repeat_144,astra,0.01,Weighted global,equal_call_budget,0.4,0.0,0.0,0.0,0.0,0.0,0.0
first_repeat_144,sonnet,0.01,Weighted global,equal_call_budget,0.4,0.0,0.0,0.0,0.0,0.0,0.0
first_repeat_144,lite,0.01,Weighted global,equal_call_budget,0.4,0.0,0.0,0.0,0.0,0.0,0.0
first_repeat_144,luna,0.01,Weighted global,equal_call_budget,0.4,0.0,0.0,0.0,0.0,0.0,0.0
first_repeat_144,qwen_local,0.01,Weighted global,equal_call_budget,0.4,0.0,0.0,0.0,0.0,0.0,0.0
first_repeat_144,baseline,0.01,Weighted global,equal_call_budget,0.5,0.0,0.0,0.0,0.0,0.0,0.0
first_repeat_144,opus,0.01,Weighted global,equal_call_budget,0.5,0.0,0.0,0.0,0.0,0.0,0.0
first_repeat_144,pro,0.01,Weighted global,equal_call_budget,0.5,0.0,0.0,0.0,0.0,0.0,0.0
first_repeat_144,astra,0.01,Weighted global,equal_call_budget,0.5,0.0,0.0,0.0,0.0,0.0,0.0
first_repeat_144,sonnet,0.01,Weighted global,equal_call_budget,0.5,0.0,0.0,0.0,0.0,0.0,0.0
first_repeat_144,lite,0.01,Weighted global,equal_call_budget,0.5,0.0,0.0,0.0,0.0,0.0,0.0
first_repeat_144,luna,0.01,Weighted global,equal_call_budget,0.5,0.0,0.0,0.0,0.0,0.0,0.0
first_repeat_144,qwen_local,0.01,Weighted global,equal_call_budget,0.5,0.0,0.0,0.0,0.0,0.0,0.0
first_repeat_144,baseline,0.01,Weighted global,equal_call_budget,0.6,0.0,0.0,0.0,0.0,0.0,0.0
first_repeat_144,opus,0.01,Weighted global,equal_call_budget,0.6,0.0,0.0,0.0,0.0,0.0,0.0
first_repeat_144,pro,0.01,Weighted global,equal_call_budget,0.6,0.0,0.0,0.0,0.0,0.0,0.0
first_repeat_144,astra,0.01,Weighted global,equal_call_budget,0.6,0.0,0.0,0.0,0.0,0.0,0.0
first_repeat_144,sonnet,0.01,Weighted global,equal_call_budget,0.6,0.0,0.0,0.0,0.0,0.0,0.0
first_repeat_144,lite,0.01,Weighted global,equal_call_budget,0.6,0.0,0.0,0.0,0.0,0.0,0.0
first_repeat_144,luna,0.01,Weighted global,equal_call_budget,0.6,0.0,0.0,0.0,0.0,0.0,0.0
first_repeat_144,qwen_local,0.01,Weighted global,equal_call_budget,0.6,0.0,0.0,0.0,0.0,0.0,0.0
first_repeat_144,baseline,0.01,Weighted global,equal_call_budget,0.7,0.0,0.0,0.0,0.0,0.0,0.0
first_repeat_144,opus,0.01,Weighted global,equal_call_budget,0.7,0.0,0.0,0.0,0.0,0.0,0.0
first_repeat_144,pro,0.01,Weighted global,equal_call_budget,0.7,0.0,0.0,0.0,0.0,0.0,0.0
first_repeat_144,astra,0.01,Weighted global,equal_call_budget,0.7,0.0,0.0,0.0,0.0,0.0,0.0
first_repeat_144,sonnet,0.01,Weighted global,equal_call_budget,0.7,0.0,0.0,0.0,0.0,0.0,0.0
first_repeat_144,lite,0.01,Weighted global,equal_call_budget,0.7,0.0,0.0,0.0,0.0,0.0,0.0
first_repeat_144,luna,0.01,Weighted global,equal_call_budget,0.7,0.0,0.0,0.0,0.0,0.0,0.0
first_repeat_144,qwen_local,0.01,Weighted global,equal_call_budget,0.7,0.0,0.0,0.0,0.0,0.0,0.0
first_repeat_144,baseline,0.01,Weighted global,equal_call_budget,0.8,0.0,0.0,0.0,0.0,0.0,0.0
first_repeat_144,opus,0.01,Weighted global,equal_call_budget,0.8,0.0,0.0,0.0,0.0,0.0,0.0
first_repeat_144,pro,0.01,Weighted global,equal_call_budget,0.8,0.0,0.0,0.0,0.0,0.0,0.0
first_repeat_144,astra,0.01,Weighted global,equal_call_budget,0.8,0.0,0.0,0.0,0.0,0.0,0.0
first_repeat_144,sonnet,0.01,Weighted global,equal_call_budget,0.8,0.0,0.0,0.0,0.0,0.0,0.0
first_repeat_144,lite,0.01,Weighted global,equal_call_budget,0.8,0.0,0.0,0.0,0.0,0.0,0.0
first_repeat_144,luna,0.01,Weighted global,equal_call_budget,0.8,0.0,0.0,0.0,0.0,0.0,0.0
first_repeat_144,qwen_local,0.01,Weighted global,equal_call_budget,0.8,0.0,0.0,0.0,0.0,0.0,0.0
first_repeat_144,baseline,0.01,Weighted global,equal_call_budget,0.9,0.0,0.0,0.0,0.0,0.0,0.0
first_repeat_144,opus,0.01,Weighted global,equal_call_budget,0.9,0.0,0.0,0.0,0.0,0.0,0.0
first_repeat_144,pro,0.01,Weighted global,equal_call_budget,0.9,0.0,0.0,0.0,0.0,0.0,0.0
first_repeat_144,astra,0.01,Weighted global,equal_call_budget,0.9,0.0,0.0,0.0,0.0,0.0,0.0
first_repeat_144,sonnet,0.01,Weighted global,equal_call_budget,0.9,0.0,0.0,0.0,0.0,0.0,0.0
first_repeat_144,lite,0.01,Weighted global,equal_call_budget,0.9,0.0,0.0,0.0,0.0,0.0,0.0
first_repeat_144,luna,0.01,Weighted global,equal_call_budget,0.9,0.0,0.0,0.0,0.0,0.0,0.0
first_repeat_144,qwen_local,0.01,Weighted global,equal_call_budget,0.9,0.0,0.0,0.0,0.0,0.0,0.0
first_repeat_144,baseline,0.01,Weighted global,equal_call_budget,1.0,0.0,0.0,0.0,0.0,0.0,0.0
first_repeat_144,opus,0.01,Weighted global,equal_call_budget,1.0,0.0,0.0,0.0,0.0,0.0,0.0
first_repeat_144,pro,0.01,Weighted global,equal_call_budget,1.0,0.0,0.0,0.0,0.0,0.0,0.0
first_repeat_144,astra,0.01,Weighted global,equal_call_budget,1.0,0.0,0.0,0.0,0.0,0.0,0.0
first_repeat_144,sonnet,0.01,Weighted global,equal_call_budget,1.0,0.0,0.0,0.0,0.0,0.0,0.0
first_repeat_144,lite,0.01,Weighted global,equal_call_budget,1.0,0.0,0.0,0.0,0.0,0.0,0.0
first_repeat_144,luna,0.01,Weighted global,equal_call_budget,1.0,0.0,0.0,0.0,0.0,0.0,0.0
first_repeat_144,qwen_local,0.01,Weighted global,equal_call_budget,1.0,0.0,0.0,0.0,0.0,0.0,0.0
first_repeat_144,baseline,0.01,Weighted regime,threshold,0.4,0.06916666666666664,-0.03502499999999942,0.04245833333333332,0.02670833333333333,2.7773350000000035e-05,0.12155056407598173
first_repeat_144,opus,0.01,Weighted regime,threshold,0.4,0.06916666666666664,-0.03502499999999942,0.06916666666666664,0.0,0.00115671361111111,0.46529703913163023
first_repeat_144,pro,0.01,Weighted regime,threshold,0.4,0.06916666666666664,-0.03502499999999942,0.06916666666666664,0.0,0.001731071888888888,1.008270308530554
first_repeat_144,astra,0.01,Weighted regime,threshold,0.4,0.06916666666666664,-0.03502499999999942,0.06916666666666664,0.0,0.0013689657638888883,0.5393042728604895
first_repeat_144,sonnet,0.01,Weighted regime,threshold,0.4,0.06916666666666664,-0.03502499999999942,0.06916666666666664,0.0,0.0006651644722222218,0.5395968735438983
first_repeat_144,lite,0.01,Weighted regime,threshold,0.4,0.06916666666666664,-0.03502499999999942,0.06716666666666664,0.0019999999999999987,0.00028501585555555577,0.3271797865668292
first_repeat_144,luna,0.01,Weighted regime,threshold,0.4,0.06916666666666664,-0.03502499999999942,0.06916666666666664,0.0,5.1495015277777755e-05,0.4787277223661828
first_repeat_144,qwen_local,0.01,Weighted regime,threshold,0.4,0.06916666666666664,-0.03502499999999942,0.06916666666666664,0.0,0.0,9.056876781053127
first_repeat_144,baseline,0.01,Weighted regime,threshold,0.6,0.18416666666666623,-0.08092500000000122,0.12506944444444418,0.05909722222222204,7.043311666666648e-05,0.2920506169640974
first_repeat_144,opus,0.01,Weighted regime,threshold,0.6,0.18416666666666623,-0.08092500000000122,0.18416666666666623,0.0,0.0030320622222222236,1.2358172545098012
first_repeat_144,pro,0.01,Weighted regime,threshold,0.6,0.18416666666666623,-0.08092500000000122,0.18416666666666623,0.0,0.004657933916666665,2.616892710238979
first_repeat_144,astra,0.01,Weighted regime,threshold,0.6,0.18416666666666623,-0.08092500000000122,0.18416666666666623,0.0,0.003659947986111108,1.4095701529551423
first_repeat_144,sonnet,0.01,Weighted regime,threshold,0.6,0.18416666666666623,-0.08092500000000122,0.18356944444444404,0.0005972222222222201,0.0018808161388888976,1.5300102874072394
first_repeat_144,lite,0.01,Weighted regime,threshold,0.6,0.18416666666666623,-0.08092500000000122,0.18361111111111128,0.0005555555555555747,0.0008078450875000028,0.90606418083052
first_repeat_144,luna,0.01,Weighted regime,threshold,0.6,0.18416666666666623,-0.08092500000000122,0.18388888888888852,0.0002777777777777768,0.00015049572638888914,1.3717498740913154
first_repeat_144,qwen_local,0.01,Weighted regime,threshold,0.6,0.18416666666666623,-0.08092500000000122,0.17999999999999958,0.004166666666666683,0.0,23.44480008864896
first_repeat_144,baseline,0.01,Weighted regime,threshold,0.7,0.12416666666666698,-0.03628499999999976,0.08299999999999869,0.04116666666666696,4.554519999999993e-05,0.19864970829078
first_repeat_144,opus,0.01,Weighted regime,threshold,0.7,0.12416666666666698,-0.03628499999999976,0.12416666666666698,0.0,0.002297025069444429,0.9700416511971843
first_repeat_144,pro,0.01,Weighted regime,threshold,0.7,0.12416666666666698,-0.03628499999999976,0.12416666666666698,0.0,0.0036604535277777496,2.090436545849621
first_repeat_144,astra,0.01,Weighted regime,threshold,0.7,0.12416666666666698,-0.03628499999999976,0.12416666666666698,0.0,0.0025462531597221817,1.0059410337822285
first_repeat_144,sonnet,0.01,Weighted regime,threshold,0.7,0.12416666666666698,-0.03628499999999976,0.12444444444444608,-0.00027777777777777696,0.0013427916944444623,1.1049113404855166
first_repeat_144,lite,0.01,Weighted regime,threshold,0.7,0.12416666666666698,-0.03628499999999976,0.11599999999999977,0.008166666666666616,0.0005262889944444523,0.5729504734562005
first_repeat_144,luna,0.01,Weighted regime,threshold,0.7,0.12416666666666698,-0.03628499999999976,0.12222222222222245,0.0019444444444444379,0.00010637142152777868,0.9922229808280538
first_repeat_144,qwen_local,0.01,Weighted regime,threshold,0.7,0.12416666666666698,-0.03628499999999976,0.11283333333333334,0.011333333333333332,0.0,17.97076846156631
first_repeat_144,baseline,0.01,Weighted regime,threshold,0.8,0.14999999999999802,-0.029209999999999854,0.096791666666668,0.05320833333333316,5.8237888888888864e-05,0.2521654944748588
first_repeat_144,opus,0.01,Weighted regime,threshold,0.8,0.14999999999999802,-0.029209999999999854,0.14999999999999802,0.0,0.00256573020833333,1.0304026104785642
first_repeat_144,pro,0.01,Weighted regime,threshold,0.8,0.14999999999999802,-0.029209999999999854,0.14999999999999802,0.0,0.004386321249999995,2.500411080556839
first_repeat_144,astra,0.01,Weighted regime,threshold,0.8,0.14999999999999802,-0.029209999999999854,0.14999999999999802,0.0,0.0032206229513889236,1.2987034104717567
first_repeat_144,sonnet,0.01,Weighted regime,threshold,0.8,0.14999999999999802,-0.029209999999999854,0.14858333333333162,0.0014166666666666616,0.002285433333333302,1.9123666393331282
first_repeat_144,lite,0.01,Weighted regime,threshold,0.8,0.14999999999999802,-0.029209999999999854,0.15038888888888902,-0.00038888888888889,0.0006734282875000067,0.7435355456735135
first_repeat_144,luna,0.01,Weighted regime,threshold,0.8,0.14999999999999802,-0.029209999999999854,0.1440972222222212,0.005902777777777757,0.00011542263958333281,1.059168845847264
first_repeat_144,qwen_local,0.01,Weighted regime,threshold,0.8,0.14999999999999802,-0.029209999999999854,0.14433333333333553,0.005666666666666631,0.0,20.145418099477922
first_repeat_144,baseline,0.01,Weighted regime,threshold,0.9,0.1174999999999996,-0.02713499999999995,0.08272222222221925,0.034777777777780405,4.622680555555701e-05,0.20557717748812698
first_repeat_144,opus,0.01,Weighted regime,threshold,0.9,0.1174999999999996,-0.02713499999999995,0.1174999999999996,0.0,0.0020799267361111175,0.8524190973317776
first_repeat_144,pro,0.01,Weighted regime,threshold,0.9,0.1174999999999996,-0.02713499999999995,0.1174999999999996,0.0,0.0035485172777776873,1.9793930910280064
first_repeat_144,astra,0.01,Weighted regime,threshold,0.9,0.1174999999999996,-0.02713499999999995,0.1174999999999996,0.0,0.0028491112500000776,1.1889477352852618
first_repeat_144,sonnet,0.01,Weighted regime,threshold,0.9,0.1174999999999996,-0.02713499999999995,0.11505555555555791,0.0024444444444444357,0.0019508530555556146,1.6160065382189117
first_repeat_144,lite,0.01,Weighted regime,threshold,0.9,0.1174999999999996,-0.02713499999999995,0.11750000000000094,0.0,0.0005372249319444459,0.5868147904283014
first_repeat_144,luna,0.01,Weighted regime,threshold,0.9,0.1174999999999996,-0.02713499999999995,0.1199305555555562,-0.002430555555555547,8.864364722222537e-05,0.7792690912585387
first_repeat_144,qwen_local,0.01,Weighted regime,threshold,0.9,0.1174999999999996,-0.02713499999999995,0.10772222222222327,0.00977777777777772,0.0,15.816392095207817
first_repeat_144,baseline,0.01,Weighted regime,equal_call_budget,0.0,0.0,0.0,0.0,0.0,0.0,0.0
first_repeat_144,opus,0.01,Weighted regime,equal_call_budget,0.0,0.0,0.0,0.0,0.0,0.0,0.0
first_repeat_144,pro,0.01,Weighted regime,equal_call_budget,0.0,0.0,0.0,0.0,0.0,0.0,0.0
first_repeat_144,astra,0.01,Weighted regime,equal_call_budget,0.0,0.0,0.0,0.0,0.0,0.0,0.0
first_repeat_144,sonnet,0.01,Weighted regime,equal_call_budget,0.0,0.0,0.0,0.0,0.0,0.0,0.0
first_repeat_144,lite,0.01,Weighted regime,equal_call_budget,0.0,0.0,0.0,0.0,0.0,0.0,0.0
first_repeat_144,luna,0.01,Weighted regime,equal_call_budget,0.0,0.0,0.0,0.0,0.0,0.0,0.0
first_repeat_144,qwen_local,0.01,Weighted regime,equal_call_budget,0.0,0.0,0.0,0.0,0.0,0.0,0.0
first_repeat_144,baseline,0.01,Weighted regime,equal_call_budget,0.1,0.0,-0.002033999999999536,0.004708333333333287,-0.004708333333333196,-1.183110000000081e-06,-0.014968699810136044
first_repeat_144,opus,0.01,Weighted regime,equal_call_budget,0.1,0.0,-0.002033999999999536,0.0,0.0,-0.00011032095833333425,-0.050170643921513935
first_repeat_144,pro,0.01,Weighted regime,equal_call_budget,0.1,0.0,-0.002033999999999536,0.0,0.0,-0.00016785961666667022,-0.1304562421895632
first_repeat_144,astra,0.01,Weighted regime,equal_call_budget,0.1,0.0,-0.002033999999999536,0.0,0.0,-1.5231458333330589e-06,-0.01297292336133904
first_repeat_144,sonnet,0.01,Weighted regime,equal_call_budget,0.1,0.0,-0.002033999999999536,0.0,0.0,-0.0001663472999999981,-0.14960401741214568
first_repeat_144,lite,0.01,Weighted regime,equal_call_budget,0.1,0.0,-0.002033999999999536,0.003766666666666571,-0.0037666666666666625,1.5092656666666055e-05,0.019500580440445503
first_repeat_144,luna,0.01,Weighted regime,equal_call_budget,0.1,0.0,-0.002033999999999536,0.0,0.0,5.041918749999671e-06,0.03324453551167916
first_repeat_144,qwen_local,0.01,Weighted regime,equal_call_budget,0.1,0.0,-0.002033999999999536,0.0,0.0,0.0,-0.6813077779710746
first_repeat_144,baseline,0.01,Weighted regime,equal_call_budget,0.2,0.0,-0.0013420000000001764,0.0070888888888892,-0.007088888888888922,-1.861339999999998e-06,-0.021885124234164666
first_repeat_144,opus,0.01,Weighted regime,equal_call_budget,0.2,0.0,-0.0013420000000001764,0.0,0.0,-0.00013827344444443824,-0.06039361902320217
first_repeat_144,pro,0.01,Weighted regime,equal_call_budget,0.2,0.0,-0.0013420000000001764,0.0,0.0,-0.00020077079999999622,-0.16727540555264753
first_repeat_144,astra,0.01,Weighted regime,equal_call_budget,0.2,0.0,-0.0013420000000001764,0.0,0.0,-2.9359305555613432e-06,-0.020277932208276228
first_repeat_144,sonnet,0.01,Weighted regime,equal_call_budget,0.2,0.0,-0.0013420000000001764,-4.4444444444374787e-05,4.444444444444473e-05,-0.00019898248888888413,-0.17928851803072288
first_repeat_144,lite,0.01,Weighted regime,equal_call_budget,0.2,0.0,-0.0013420000000001764,0.005022222222222011,-0.005022222222222216,2.3379187777779024e-05,0.027121880982909685
first_repeat_144,luna,0.01,Weighted regime,equal_call_budget,0.2,0.0,-0.0013420000000001764,0.0,0.0,7.757196944444613e-06,0.05271458063446688
first_repeat_144,qwen_local,0.01,Weighted regime,equal_call_budget,0.2,0.0,-0.0013420000000001764,-0.0005111111111111011,0.000511111111111108,0.0,-0.893100341109978
first_repeat_144,baseline,0.01,Weighted regime,equal_call_budget,0.3,0.0,0.004801999999999834,0.0048138888888885345,-0.004813888888889298,-1.5298099999999399e-06,-0.012696997885980221
first_repeat_144,opus,0.01,Weighted regime,equal_call_budget,0.3,0.0,0.004801999999999834,0.0,0.0,-1.4889861111155173e-06,0.009278743514756105
first_repeat_144,pro,0.01,Weighted regime,equal_call_budget,0.3,0.0,0.004801999999999834,0.0,0.0,3.62148833333532e-05,-0.01682041126278211
first_repeat_144,astra,0.01,Weighted regime,equal_call_budget,0.3,0.0,0.004801999999999834,0.0,0.0,-4.1279930555436495e-06,-0.01624711202640805
first_repeat_144,sonnet,0.01,Weighted regime,equal_call_budget,0.3,0.0,0.004801999999999834,-0.0001777777777778322,0.00017777777777777892,3.580654444444676e-05,0.0308660149378146
first_repeat_144,lite,0.01,Weighted regime,equal_call_budget,0.3,0.0,0.004801999999999834,0.0012555555555556208,-0.0012555555555555185,1.805346777777623e-05,0.010984621729415833
first_repeat_144,luna,0.01,Weighted regime,equal_call_budget,0.3,0.0,0.004801999999999834,0.0,0.0,5.819194027778497e-06,0.04463564497946404
first_repeat_144,qwen_local,0.01,Weighted regime,equal_call_budget,0.3,0.0,0.004801999999999834,-0.0020444444444439602,0.0020444444444444447,0.0,-0.16586247458454295
first_repeat_144,baseline,0.01,Weighted regime,equal_call_budget,0.4,0.0,0.0035940000000004857,0.002844444444444816,-0.002844444444444677,-1.9928666666670113e-06,-0.009933171985346712
first_repeat_144,opus,0.01,Weighted regime,equal_call_budget,0.4,0.0,0.0035940000000004857,0.0,-2.831068712794149e-17,7.539305555553065e-05,0.05129899777776714
first_repeat_144,pro,0.01,Weighted regime,equal_call_budget,0.4,0.0,0.0035940000000004857,0.0,-2.831068712794149e-17,0.00011866866666668772,0.059181805102029195
first_repeat_144,astra,0.01,Weighted regime,equal_call_budget,0.4,0.0,0.0035940000000004857,0.0,-2.831068712794149e-17,3.107097222211641e-06,-0.0015477129177305926
first_repeat_144,sonnet,0.01,Weighted regime,equal_call_budget,0.4,0.0,0.0035940000000004857,0.0005444444444440699,-0.0005444444444444784,-0.00016824977777779668,-0.14583813694875092
first_repeat_144,lite,0.01,Weighted regime,equal_call_budget,0.4,0.0,0.0035940000000004857,-0.0027111111111095543,0.002711111111111086,-4.462143888887566e-06,-0.012486613927263024
first_repeat_144,luna,0.01,Weighted regime,equal_call_budget,0.4,0.0,0.0035940000000004857,-2.777777777773771e-05,2.777777777774937e-05,7.07710416666691e-06,0.06945270534207637
first_repeat_144,qwen_local,0.01,Weighted regime,equal_call_budget,0.4,0.0,0.0035940000000004857,-0.004733333333333867,0.004733333333333329,0.0,0.7248935623570034
first_repeat_144,baseline,0.01,Weighted regime,equal_call_budget,0.5,0.0,-0.0012900000000000966,0.0010277777777777941,-0.0010277777777777941,-2.85321666666655e-06,-0.01038149630849372
first_repeat_144,opus,0.01,Weighted regime,equal_call_budget,0.5,0.0,-0.0012900000000000966,0.0,-6.661338147750939e-17,0.00012232388888888494,0.07949319790331844
first_repeat_144,pro,0.01,Weighted regime,equal_call_budget,0.5,0.0,-0.0012900000000000966,0.0,-6.661338147750939e-17,0.0001238564999999931,0.09795763250432366
first_repeat_144,astra,0.01,Weighted regime,equal_call_budget,0.5,0.0,-0.0012900000000000966,0.0,-6.661338147750939e-17,1.455576388884397e-05,0.018485975654379594
first_repeat_144,sonnet,0.01,Weighted regime,equal_call_budget,0.5,0.0,-0.0012900000000000966,0.00169444444444522,-0.001694444444444505,-0.0005917287777777768,-0.5159716312628433
first_repeat_144,lite,0.01,Weighted regime,equal_call_budget,0.5,0.0,-0.0012900000000000966,-0.006777777777779215,0.006777777777777754,-3.5572701388880777e-05,-0.0396248377855275
first_repeat_144,luna,0.01,Weighted regime,equal_call_budget,0.5,0.0,-0.0012900000000000966,-6.94444444444553e-05,6.944444444437759e-05,9.932970833334445e-06,0.11071776371346509
first_repeat_144,qwen_local,0.01,Weighted regime,equal_call_budget,0.5,0.0,-0.0012900000000000966,-0.007999999999999396,0.007999999999999965,0.0,1.6974086845061578
first_repeat_144,baseline,0.01,Weighted regime,equal_call_budget,0.6,0.0,0.003344999999999959,0.0001777777777782208,-0.0001777777777777212,-1.1960533333328334e-06,-0.003947876407501383
first_repeat_144,opus,0.01,Weighted regime,equal_call_budget,0.6,0.0,0.003344999999999959,0.0,0.0,3.730888888891018e-05,0.022463311188632318
first_repeat_144,pro,0.01,Weighted regime,equal_call_budget,0.6,0.0,0.003344999999999959,0.0,0.0,9.394318333336496e-05,0.06964043648904017
first_repeat_144,astra,0.01,Weighted regime,equal_call_budget,0.6,0.0,0.003344999999999959,0.0,0.0,6.742084722222152e-05,0.04527333827220836
first_repeat_144,sonnet,0.01,Weighted regime,equal_call_budget,0.6,0.0,0.003344999999999959,0.0006777777777754457,-0.0006777777777777481,-0.00023225669444441356,-0.2036537022562177
first_repeat_144,lite,0.01,Weighted regime,equal_call_budget,0.6,0.0,0.003344999999999959,-0.0021444444444447264,0.0021444444444444384,-1.4620826388879547e-05,-0.01443375118026502
first_repeat_144,luna,0.01,Weighted regime,equal_call_budget,0.6,0.0,0.003344999999999959,-0.0007361111111108265,0.0007361111111111085,3.6358641666664362e-06,0.04061673969500745
first_repeat_144,qwen_local,0.01,Weighted regime,equal_call_budget,0.6,0.0,0.003344999999999959,-0.003966666666666674,0.003966666666666759,0.0,0.8215740214293987
first_repeat_144,baseline,0.01,Weighted regime,equal_call_budget,0.7,0.0,0.004416000000000073,0.0013833333333344022,-0.0013833333333336806,8.422222222192804e-08,0.002322438775780533
first_repeat_144,opus,0.01,Weighted regime,equal_call_budget,0.7,0.0,0.004416000000000073,0.0,-4.5519144009631415e-17,4.65750000016793e-07,-0.002283548711393024
first_repeat_144,pro,0.01,Weighted regime,equal_call_budget,0.7,0.0,0.004416000000000073,0.0,-4.5519144009631415e-17,9.029383333332072e-05,0.047818963193254405
first_repeat_144,astra,0.01,Weighted regime,equal_call_budget,0.7,0.0,0.004416000000000073,0.0,-4.5519144009631415e-17,0.00016808038888889952,0.09610061854239227
first_repeat_144,sonnet,0.01,Weighted regime,equal_call_budget,0.7,0.0,0.004416000000000073,-0.0003388888888881114,0.0003388888888888287,4.876829999999471e-05,0.03544886124754232
first_repeat_144,lite,0.01,Weighted regime,equal_call_budget,0.7,0.0,0.004416000000000073,0.0007555555555557314,-0.0007555555555555718,2.0245577777812038e-06,0.0032681222216934813
first_repeat_144,luna,0.01,Weighted regime,equal_call_budget,0.7,0.0,0.004416000000000073,0.0007500000000004725,-0.0007500000000000427,-9.545744444438946e-07,-0.0181462936168586
first_repeat_144,qwen_local,0.01,Weighted regime,equal_call_budget,0.7,0.0,0.004416000000000073,-0.0023777777777763687,0.0023777777777777166,0.0,0.2032794803392619
first_repeat_144,baseline,0.01,Weighted regime,equal_call_budget,0.8,0.0,-0.0016409999999999134,0.006700000000000816,-0.0067000000000009274,6.10722222222249e-07,0.008266144523620511
first_repeat_144,opus,0.01,Weighted regime,equal_call_budget,0.8,0.0,-0.0016409999999999134,0.0,-9.436895709313831e-18,5.996633333332432e-05,0.0375356450179396
first_repeat_144,pro,0.01,Weighted regime,equal_call_budget,0.8,0.0,-0.0016409999999999134,0.0,-9.436895709313831e-18,0.0001391724166667288,0.03898893533658665
first_repeat_144,astra,0.01,Weighted regime,equal_call_budget,0.8,0.0,-0.0016409999999999134,0.0,-9.436895709313831e-18,0.0003643288472222131,0.19500773411732908
first_repeat_144,sonnet,0.01,Weighted regime,equal_call_budget,0.8,0.0,-0.0016409999999999134,-0.001355555555554555,0.0013555555555555552,0.00017289911666663708,0.12812069374543533
first_repeat_144,lite,0.01,Weighted regime,equal_call_budget,0.8,0.0,-0.0016409999999999134,0.00018888888888923816,-0.00018888888888888428,1.0056960277769235e-05,0.0059915692170045
first_repeat_144,luna,0.01,Weighted regime,equal_call_budget,0.8,0.0,-0.0016409999999999134,0.0065416666666652246,-0.00654166666666667,-2.131676944443694e-06,-0.054233345515488196
first_repeat_144,qwen_local,0.01,Weighted regime,equal_call_budget,0.8,0.0,-0.0016409999999999134,-0.005677777777779447,0.005677777777777766,0.0,0.10006518322197167
first_repeat_144,baseline,0.01,Weighted regime,equal_call_budget,0.9,0.0,-0.0021959999999998855,0.005083333333331663,-0.005083333333333218,4.7173333333404245e-07,0.006148427863743144
first_repeat_144,opus,0.01,Weighted regime,equal_call_budget,0.9,0.0,-0.0021959999999998855,0.0,6.772360450213455e-17,4.787991666669114e-05,0.030485225756627266
first_repeat_144,pro,0.01,Weighted regime,equal_call_budget,0.9,0.0,-0.0021959999999998855,0.0,6.772360450213455e-17,9.32791666666613e-05,0.021627355630579714
first_repeat_144,astra,0.01,Weighted regime,equal_call_budget,0.9,0.0,-0.0021959999999998855,0.0,6.772360450213455e-17,0.0002578470000000471,0.13678606358537593
first_repeat_144,sonnet,0.01,Weighted regime,equal_call_budget,0.9,0.0,-0.0021959999999998855,-0.0010166666666658886,0.00101666666666669,0.00012856563333331177,0.09540678274679948
first_repeat_144,lite,0.01,Weighted regime,equal_call_budget,0.9,0.0,-0.0021959999999998855,0.0,1.734723475976807e-17,7.640656666683867e-06,0.004139630929270943
first_repeat_144,luna,0.01,Weighted regime,equal_call_budget,0.9,0.0,-0.0021959999999998855,0.005083333333333551,-0.005083333333333259,-1.5144266666663932e-06,-0.03975741768900232
first_repeat_144,qwen_local,0.01,Weighted regime,equal_call_budget,0.9,0.0,-0.0021959999999998855,-0.004066666666668772,0.004066666666666684,0.0,0.03939625050968232
first_repeat_144,baseline,0.01,Weighted regime,equal_call_budget,1.0,0.0,0.0,0.0,0.0,0.0,0.0
first_repeat_144,opus,0.01,Weighted regime,equal_call_budget,1.0,0.0,0.0,0.0,0.0,0.0,0.0
first_repeat_144,pro,0.01,Weighted regime,equal_call_budget,1.0,0.0,0.0,0.0,0.0,0.0,0.0
first_repeat_144,astra,0.01,Weighted regime,equal_call_budget,1.0,0.0,0.0,0.0,0.0,0.0,0.0
first_repeat_144,sonnet,0.01,Weighted regime,equal_call_budget,1.0,0.0,0.0,0.0,0.0,0.0,0.0
first_repeat_144,lite,0.01,Weighted regime,equal_call_budget,1.0,0.0,0.0,0.0,0.0,0.0,0.0
first_repeat_144,luna,0.01,Weighted regime,equal_call_budget,1.0,0.0,0.0,0.0,0.0,0.0,0.0
first_repeat_144,qwen_local,0.01,Weighted regime,equal_call_budget,1.0,0.0,0.0,0.0,0.0,0.0,0.0
first_repeat_144,baseline,0.05,Context cells,threshold,0.4,0.05400000000000001,-0.029819999999999958,0.03499999999999996,0.018999999999999982,2.1595133333333346e-05,0.09193915974135361
first_repeat_144,opus,0.05,Context cells,threshold,0.4,0.05400000000000001,-0.029819999999999958,0.05400000000000001,0.0,0.0008503036111111113,0.3406583780578799
first_repeat_144,pro,0.05,Context cells,threshold,0.4,0.05400000000000001,-0.029819999999999958,0.05400000000000001,0.0,0.001195286555555557,0.7071281382381107
first_repeat_144,astra,0.05,Context cells,threshold,0.4,0.05400000000000001,-0.029819999999999958,0.05400000000000001,0.0,0.001018776388888889,0.39735019854885584
first_repeat_144,sonnet,0.05,Context cells,threshold,0.4,0.05400000000000001,-0.029819999999999958,0.05400000000000001,0.0,0.0004854808888888886,0.3900616505309784
first_repeat_144,lite,0.05,Context cells,threshold,0.4,0.05400000000000001,-0.029819999999999958,0.05294444444444444,0.0010555555555555563,0.0002274637555555553,0.2625489128095153
first_repeat_144,luna,0.05,Context cells,threshold,0.4,0.05400000000000001,-0.029819999999999958,0.05400000000000001,0.0,4.157190555555558e-05,0.3915660629297813
first_repeat_144,qwen_local,0.05,Context cells,threshold,0.4,0.05400000000000001,-0.029819999999999958,0.053944444444444455,5.5555555555555565e-05,0.0,6.8447188912604
first_repeat_144,baseline,0.05,Context cells,threshold,0.6,0.21349999999999933,-0.10730500000000098,0.14691666666666606,0.06658333333333342,8.217329999999995e-05,0.3436715956424824
first_repeat_144,opus,0.05,Context cells,threshold,0.6,0.21349999999999933,-0.10730500000000098,0.21349999999999933,0.0,0.0035353749305555406,1.4558323185089144
first_repeat_144,pro,0.05,Context cells,threshold,0.6,0.21349999999999933,-0.10730500000000098,0.21349999999999933,0.0,0.004921131027777761,2.834453481416173
first_repeat_144,astra,0.05,Context cells,threshold,0.6,0.21349999999999933,-0.10730500000000098,0.21349999999999933,0.0,0.004026952673611105,1.538649569860349
first_repeat_144,sonnet,0.05,Context cells,threshold,0.6,0.21349999999999933,-0.10730500000000098,0.21349999999999933,0.0,0.002245181361111112,1.838817936505784
first_repeat_144,lite,0.05,Context cells,threshold,0.6,0.21349999999999933,-0.10730500000000098,0.20777777777777817,0.005722222222222224,0.0009272634555555563,1.0443165625655162
first_repeat_144,luna,0.05,Context cells,threshold,0.6,0.21349999999999933,-0.10730500000000098,0.21349999999999933,0.0,0.00017558155069444448,1.6407842992032065
first_repeat_144,qwen_local,0.05,Context cells,threshold,0.6,0.21349999999999933,-0.10730500000000098,0.20688888888888793,0.006611111111111134,0.0,27.517368792208984
first_repeat_144,baseline,0.05,Context cells,threshold,0.7,0.12149999999999905,-0.05055499999999967,0.08031944444444356,0.04118055555555539,4.288207222222218e-05,0.19035048692809686
first_repeat_144,opus,0.05,Context cells,threshold,0.7,0.12149999999999905,-0.05055499999999967,0.12149999999999905,0.0,0.0023204594444444122,0.9941712424775684
first_repeat_144,pro,0.05,Context cells,threshold,0.7,0.12149999999999905,-0.05055499999999967,0.12149999999999905,0.0,0.003557544777777734,2.0174142517131637
first_repeat_144,astra,0.05,Context cells,threshold,0.7,0.12149999999999905,-0.05055499999999967,0.12149999999999905,0.0,0.002508533263888859,0.9908954545901043
first_repeat_144,sonnet,0.05,Context cells,threshold,0.7,0.12149999999999905,-0.05055499999999967,0.1242777777777781,-0.002777777777777768,0.0013095636388888903,1.0986319148029686
first_repeat_144,lite,0.05,Context cells,threshold,0.7,0.12149999999999905,-0.05055499999999967,0.11072222222222161,0.010777777777777714,0.0004911812000000086,0.5377820696001869
first_repeat_144,luna,0.05,Context cells,threshold,0.7,0.12149999999999905,-0.05055499999999967,0.12077777777777698,0.0007222222222222197,0.00010402129861111244,0.9668558904505873
first_repeat_144,qwen_local,0.05,Context cells,threshold,0.7,0.12149999999999905,-0.05055499999999967,0.1073333333333325,0.014166666666666656,0.0,17.475908983238213
first_repeat_144,baseline,0.05,Context cells,threshold,0.8,0.16866666666666796,-0.04331999999999982,0.1054444444444444,0.0632222222222216,6.390179999999886e-05,0.2788284171083004
first_repeat_144,opus,0.05,Context cells,threshold,0.8,0.16866666666666796,-0.04331999999999982,0.16866666666666796,0.0,0.0029929241666667022,1.2020101440717834
first_repeat_144,pro,0.05,Context cells,threshold,0.8,0.16866666666666796,-0.04331999999999982,0.16866666666666796,0.0,0.005174282333333318,2.9413733703626264
first_repeat_144,astra,0.05,Context cells,threshold,0.8,0.16866666666666796,-0.04331999999999982,0.16866666666666796,0.0,0.0037984891666667086,1.5357643875876592
first_repeat_144,sonnet,0.05,Context cells,threshold,0.8,0.16866666666666796,-0.04331999999999982,0.16866666666666374,0.0,0.003031880777777749,2.5696428018126722
first_repeat_144,lite,0.05,Context cells,threshold,0.8,0.16866666666666796,-0.04331999999999982,0.16866666666666397,0.0,0.0007255602222222164,0.8100735640421179
first_repeat_144,luna,0.05,Context cells,threshold,0.8,0.16866666666666796,-0.04331999999999982,0.16166666666666518,0.006999999999999975,0.0001316198388888883,1.2028301200809208
first_repeat_144,qwen_local,0.05,Context cells,threshold,0.8,0.16866666666666796,-0.04331999999999982,0.1589999999999998,0.00966666666666661,0.0,22.227384919205917
first_repeat_144,baseline,0.05,Context cells,threshold,0.9,0.10200000000000098,-0.03285999999999994,0.06822222222222163,0.03377777777777946,3.886740000000029e-05,0.17396814670036576
first_repeat_144,opus,0.05,Context cells,threshold,0.9,0.10200000000000098,-0.03285999999999994,0.10200000000000098,0.0,0.001888155833333285,0.7650005949057928
first_repeat_144,pro,0.05,Context cells,threshold,0.9,0.10200000000000098,-0.03285999999999994,0.10200000000000098,0.0,0.0035094655555554764,1.9521749408268985
first_repeat_144,astra,0.05,Context cells,threshold,0.9,0.10200000000000098,-0.03285999999999994,0.10200000000000098,0.0,0.0026394361111112437,1.1118053780228152
first_repeat_144,sonnet,0.05,Context cells,threshold,0.9,0.10200000000000098,-0.03285999999999994,0.10200000000000209,0.0,0.002020342888888924,1.6961774926695163
first_repeat_144,lite,0.05,Context cells,threshold,0.9,0.10200000000000098,-0.03285999999999994,0.10199999999999643,0.0,0.00043571030555555326,0.4815136475137174
first_repeat_144,luna,0.05,Context cells,threshold,0.9,0.10200000000000098,-0.03285999999999994,0.10461111111110744,-0.0026111111111111023,7.985734444444813e-05,0.697134077131417
first_repeat_144,qwen_local,0.05,Context cells,threshold,0.9,0.10200000000000098,-0.03285999999999994,0.09088888888888513,0.011111111111111049,0.0,13.515192650559442
first_repeat_144,baseline,0.05,Context cells,equal_call_budget,0.0,0.0,0.0,0.0,0.0,0.0,0.0
first_repeat_144,opus,0.05,Context cells,equal_call_budget,0.0,0.0,0.0,0.0,0.0,0.0,0.0
first_repeat_144,pro,0.05,Context cells,equal_call_budget,0.0,0.0,0.0,0.0,0.0,0.0,0.0
first_repeat_144,astra,0.05,Context cells,equal_call_budget,0.0,0.0,0.0,0.0,0.0,0.0,0.0
first_repeat_144,sonnet,0.05,Context cells,equal_call_budget,0.0,0.0,0.0,0.0,0.0,0.0,0.0
first_repeat_144,lite,0.05,Context cells,equal_call_budget,0.0,0.0,0.0,0.0,0.0,0.0,0.0
first_repeat_144,luna,0.05,Context cells,equal_call_budget,0.0,0.0,0.0,0.0,0.0,0.0,0.0
first_repeat_144,qwen_local,0.05,Context cells,equal_call_budget,0.0,0.0,0.0,0.0,0.0,0.0,0.0
first_repeat_144,baseline,0.05,Context cells,equal_call_budget,0.1,-1.3877787807814457e-17,-0.006540000000000268,0.007874999999999945,-0.007874999999999896,-1.256466666666508e-06,-0.019475481435472924
first_repeat_144,opus,0.05,Context cells,equal_call_budget,0.1,-1.3877787807814457e-17,-0.006540000000000268,-1.3877787807814457e-17,0.0,-0.00019734874999999957,-0.08726681340960252
first_repeat_144,pro,0.05,Context cells,equal_call_budget,0.1,-1.3877787807814457e-17,-0.006540000000000268,-1.3877787807814457e-17,0.0,-0.000448156416666659,-0.2715746486688322
first_repeat_144,astra,0.05,Context cells,equal_call_budget,0.1,-1.3877787807814457e-17,-0.006540000000000268,-1.3877787807814457e-17,0.0,-9.300520833332147e-05,-0.055696808148632315
first_repeat_144,sonnet,0.05,Context cells,equal_call_budget,0.1,-1.3877787807814457e-17,-0.006540000000000268,-1.3877787807814457e-17,0.0,-0.00022143699999999556,-0.20058680313789945
first_repeat_144,lite,0.05,Context cells,equal_call_budget,0.1,-1.3877787807814457e-17,-0.006540000000000268,0.0044166666666663745,-0.004416666666666666,2.3160354166665764e-05,0.03144733035396552
first_repeat_144,luna,0.05,Context cells,equal_call_budget,0.1,-1.3877787807814457e-17,-0.006540000000000268,-1.3877787807814457e-17,0.0,7.373187499999846e-06,0.06523150539413647
first_repeat_144,qwen_local,0.05,Context cells,equal_call_budget,0.1,-1.3877787807814457e-17,-0.006540000000000268,-0.000125000000000014,0.00012499999999999998,0.0,-1.02419941641792
first_repeat_144,baseline,0.05,Context cells,equal_call_budget,0.2,0.0,-0.008815000000000933,0.01123611111111121,-0.011236111111111322,-1.4699666666667931e-06,-0.023764129033360948
first_repeat_144,opus,0.05,Context cells,equal_call_budget,0.2,0.0,-0.008815000000000933,0.0,0.0,-0.00021593034722220935,-0.09063865180041919
first_repeat_144,pro,0.05,Context cells,equal_call_budget,0.2,0.0,-0.008815000000000933,0.0,0.0,-0.0006425595833333417,-0.3743400978009115
first_repeat_144,astra,0.05,Context cells,equal_call_budget,0.2,0.0,-0.008815000000000933,0.0,0.0,-0.00016570027777777947,-0.09325309720604613
first_repeat_144,sonnet,0.05,Context cells,equal_call_budget,0.2,0.0,-0.008815000000000933,0.0,0.0,-0.00021274727777777008,-0.19335805562796526
first_repeat_144,lite,0.05,Context cells,equal_call_budget,0.2,0.0,-0.008815000000000933,0.00416666666666568,-0.004166666666666647,3.1869319444445304e-05,0.04066410556610356
first_repeat_144,luna,0.05,Context cells,equal_call_budget,0.2,0.0,-0.008815000000000933,0.0,0.0,1.0612755555556203e-05,0.10374942089706507
first_repeat_144,qwen_local,0.05,Context cells,equal_call_budget,0.2,0.0,-0.008815000000000933,-0.001013888888889064,0.0010138888888888903,0.0,-1.0148560039183359
first_repeat_144,baseline,0.05,Context cells,equal_call_budget,0.3,0.0,-0.004262499999999808,0.00800694444444433,-0.008006944444445052,-9.642388888889082e-07,-0.01080009255479597
first_repeat_144,opus,0.05,Context cells,equal_call_budget,0.3,0.0,-0.004262499999999808,0.0,0.0,-4.225510416665072e-05,-0.0009170113133212254
first_repeat_144,pro,0.05,Context cells,equal_call_budget,0.3,0.0,-0.004262499999999808,0.0,0.0,-0.00042612140277778054,-0.21828746099901686
first_repeat_144,astra,0.05,Context cells,equal_call_budget,0.3,0.0,-0.004262499999999808,0.0,0.0,-0.0001893185069444369,-0.09705184613770879
first_repeat_144,sonnet,0.05,Context cells,equal_call_budget,0.3,0.0,-0.004262499999999808,0.0,0.0,8.15098333333342e-05,0.0724097512582138
first_repeat_144,lite,0.05,Context cells,equal_call_budget,0.3,0.0,-0.004262499999999808,-0.0013750000000002927,0.0013749999999999943,1.999740972221699e-05,0.01716052068650442
first_repeat_144,luna,0.05,Context cells,equal_call_budget,0.3,0.0,-0.004262499999999808,0.0,0.0,7.683927083333714e-06,0.09493777500059153
first_repeat_144,qwen_local,0.05,Context cells,equal_call_budget,0.3,0.0,-0.004262499999999808,-0.0031041666666655754,0.0031041666666666635,0.0,-0.08939696060877367
first_repeat_144,baseline,0.05,Context cells,equal_call_budget,0.4,0.0,-0.006439999999999557,0.007194444444444503,-0.007194444444444836,-2.335911111111562e-06,-0.011156562086505284
first_repeat_144,opus,0.05,Context cells,equal_call_budget,0.4,0.0,-0.006439999999999557,5.551115123125783e-17,-2.942091015256665e-17,0.00011150020833331723,0.08715492533709623
first_repeat_144,pro,0.05,Context cells,equal_call_budget,0.4,0.0,-0.006439999999999557,5.551115123125783e-17,-2.942091015256665e-17,-0.0003346101111111246,-0.14281573157161098
first_repeat_144,astra,0.05,Context cells,equal_call_budget,0.4,0.0,-0.006439999999999557,5.551115123125783e-17,-2.942091015256665e-17,-0.0001988862152777788,-0.09728354159636865
first_repeat_144,sonnet,0.05,Context cells,equal_call_budget,0.4,0.0,-0.006439999999999557,0.0011111111111105632,-0.0011111111111111478,-3.972936111113889e-05,-0.023824700298511026
first_repeat_144,lite,0.05,Context cells,equal_call_budget,0.4,0.0,-0.006439999999999557,-0.007388888888887113,0.0073888888888888615,-5.271393055559506e-06,-0.013704915705653464
first_repeat_144,luna,0.05,Context cells,equal_call_budget,0.4,0.0,-0.006439999999999557,5.551115123125783e-17,-2.942091015256665e-17,1.1259034027778054e-05,0.144708114827242
first_repeat_144,qwen_local,0.05,Context cells,equal_call_budget,0.4,0.0,-0.006439999999999557,-0.00806944444444574,0.008069444444444431,0.0,1.067340502252918
first_repeat_144,baseline,0.05,Context cells,equal_call_budget,0.5,0.0,-0.009504999999999889,0.002902777777777976,-0.002902777777777671,-3.827055555555926e-06,-0.013521248511773387
first_repeat_144,opus,0.05,Context cells,equal_call_budget,0.5,0.0,-0.009504999999999889,0.0,-5.440092820663267e-17,0.00014045854166664165,0.1021342321418186
first_repeat_144,pro,0.05,Context cells,equal_call_budget,0.5,0.0,-0.009504999999999889,0.0,-5.440092820663267e-17,-0.00010561080555557788,-0.01351927675259823
first_repeat_144,astra,0.05,Context cells,equal_call_budget,0.5,0.0,-0.009504999999999889,0.0,-5.440092820663267e-17,-8.901076388889706e-05,-0.033081037592320506
first_repeat_144,sonnet,0.05,Context cells,equal_call_budget,0.5,0.0,-0.009504999999999889,0.0027638888888901203,-0.0027638888888889333,-0.0004123340833333284,-0.34326713253931906
first_repeat_144,lite,0.05,Context cells,equal_call_budget,0.5,0.0,-0.009504999999999889,-0.009236111111113554,0.009236111111111084,-3.8798218055548055e-05,-0.04453914320410757
first_repeat_144,luna,0.05,Context cells,equal_call_budget,0.5,0.0,-0.009504999999999889,-0.0001388888888889106,0.00013888888888883593,1.0918540277778251e-05,0.13571686595991572
first_repeat_144,qwen_local,0.05,Context cells,equal_call_budget,0.5,0.0,-0.009504999999999889,-0.010458333333332792,0.010458333333333307,0.0,1.4825995814302644
first_repeat_144,baseline,0.05,Context cells,equal_call_budget,0.6,0.0,-0.007499999999999896,-6.944444444434428e-05,6.944444444464959e-05,-2.7757277777774414e-06,-0.009045849848859921
first_repeat_144,opus,0.05,Context cells,equal_call_budget,0.6,0.0,-0.007499999999999896,0.0,1.6653345369377347e-18,8.53350000000249e-05,0.05537617409869888
first_repeat_144,pro,0.05,Context cells,equal_call_budget,0.6,0.0,-0.007499999999999896,0.0,1.6653345369377347e-18,4.16431388888909e-05,0.024428573544698295
first_repeat_144,astra,0.05,Context cells,equal_call_budget,0.6,0.0,-0.007499999999999896,0.0,1.6653345369377347e-18,4.3169756944447246e-05,0.028737761291989905
first_repeat_144,sonnet,0.05,Context cells,equal_call_budget,0.6,0.0,-0.007499999999999896,0.002763888888884236,-0.0027638888888888774,-0.0001471433611110757,-0.10662964553581489
first_repeat_144,lite,0.05,Context cells,equal_call_budget,0.6,0.0,-0.007499999999999896,-0.003972222222222599,0.0039722222222222,-2.7696818055544543e-05,-0.028585858213490134
first_repeat_144,luna,0.05,Context cells,equal_call_budget,0.6,0.0,-0.007499999999999896,-0.00038888888888888307,0.0003888888888888986,3.3640479166660814e-06,0.036711562053865165
first_repeat_144,qwen_local,0.05,Context cells,equal_call_budget,0.6,0.0,-0.007499999999999896,-0.00613888888888936,0.006138888888888977,0.0,0.5496496977804384
first_repeat_144,baseline,0.05,Context cells,equal_call_budget,0.7,0.0,-0.003909999999999955,0.0002847222222244761,-0.0002847222222225332,-1.7957416666676616e-06,-0.003316234961809217
first_repeat_144,opus,0.05,Context cells,equal_call_budget,0.7,0.0,-0.003909999999999955,0.0,2.7755575615628915e-18,5.7201909722276456e-05,0.025883533586955387
first_repeat_144,pro,0.05,Context cells,equal_call_budget,0.7,0.0,-0.003909999999999955,0.0,2.7755575615628915e-18,0.00020374679166658416,0.09462485663169673
first_repeat_144,astra,0.05,Context cells,equal_call_budget,0.7,0.0,-0.003909999999999955,0.0,2.7755575615628915e-18,0.00028475638888887135,0.15572495332284575
first_repeat_144,sonnet,0.05,Context cells,equal_call_budget,0.7,0.0,-0.003909999999999955,0.0021388888888891344,-0.0021388888888888785,0.00029906729166668394,0.275153243418357
first_repeat_144,lite,0.05,Context cells,equal_call_budget,0.7,0.0,-0.003909999999999955,8.333333333332416e-05,-8.333333333334844e-05,-1.5408167361109087e-05,-0.012163611318777523
first_repeat_144,luna,0.05,Context cells,equal_call_budget,0.7,0.0,-0.003909999999999955,0.0005347222222220616,-0.0005347222222221982,-9.90333333330748e-07,-0.026428039156892957
first_repeat_144,qwen_local,0.05,Context cells,equal_call_budget,0.7,0.0,-0.003909999999999955,-0.00625694444444258,0.00625694444444439,0.0,-0.09344624886854547
first_repeat_144,baseline,0.05,Context cells,equal_call_budget,0.8,-1.1102230246251565e-16,-0.009914999999999959,0.004069444444445236,-0.0040694444444452915,-8.715111111118204e-07,0.004021404958466368
first_repeat_144,opus,0.05,Context cells,equal_call_budget,0.8,-1.1102230246251565e-16,-0.009914999999999959,-1.1102230246251565e-16,-3.885780586188048e-18,0.00013695166666671463,0.06718972975316895
first_repeat_144,pro,0.05,Context cells,equal_call_budget,0.8,-1.1102230246251565e-16,-0.009914999999999959,-1.1102230246251565e-16,-3.885780586188048e-18,0.0003679110833333457,0.15663732853759704
first_repeat_144,astra,0.05,Context cells,equal_call_budget,0.8,-1.1102230246251565e-16,-0.009914999999999959,-1.1102230246251565e-16,-3.885780586188048e-18,0.0005266583333333186,0.2721640594441519
first_repeat_144,sonnet,0.05,Context cells,equal_call_budget,0.8,-1.1102230246251565e-16,-0.009914999999999959,0.0006111111111116729,-0.0006111111111111126,0.0005115123333333145,0.4379034904301271
first_repeat_144,lite,0.05,Context cells,equal_call_budget,0.8,-1.1102230246251565e-16,-0.009914999999999959,0.0,-1.3877787807814457e-17,-1.3868530555561503e-05,-0.013604933831065313
first_repeat_144,luna,0.05,Context cells,equal_call_budget,0.8,-1.1102230246251565e-16,-0.009914999999999959,0.00629166666666503,-0.006291666666666679,-1.0996972222203447e-06,-0.052789547616669985
first_repeat_144,qwen_local,0.05,Context cells,equal_call_budget,0.8,-1.1102230246251565e-16,-0.009914999999999959,-0.008944444444449418,0.008944444444444385,0.0,-0.2141752673372963
first_repeat_144,baseline,0.05,Context cells,equal_call_budget,0.9,0.0,-0.011714999999999892,-0.0003472222222243859,0.0003472222222237753,-1.3208111111100477e-06,-0.000896663364975181
first_repeat_144,opus,0.05,Context cells,equal_call_budget,0.9,0.0,-0.011714999999999892,0.0,3.386180225106728e-17,0.00014658347222226177,0.0616149096374734
first_repeat_144,pro,0.05,Context cells,equal_call_budget,0.9,0.0,-0.011714999999999892,0.0,3.386180225106728e-17,0.00045557924999995586,0.22853454419379915
first_repeat_144,astra,0.05,Context cells,equal_call_budget,0.9,0.0,-0.011714999999999892,0.0,3.386180225106728e-17,0.0004110168055556536,0.20103774468665314
first_repeat_144,sonnet,0.05,Context cells,equal_call_budget,0.9,0.0,-0.011714999999999892,0.0011111111111100636,-0.00111111111111114,0.0005926606111110715,0.5201393079819177
first_repeat_144,lite,0.05,Context cells,equal_call_budget,0.9,0.0,-0.011714999999999892,0.0,1.3877787807814457e-17,-3.16675333333267e-05,-0.028561484088410083
first_repeat_144,luna,0.05,Context cells,equal_call_budget,0.9,0.0,-0.011714999999999892,0.0034861111111094134,-0.0034861111111110857,1.3935499999983766e-06,-0.011401574318528063
first_repeat_144,qwen_local,0.05,Context cells,equal_call_budget,0.9,0.0,-0.011714999999999892,-0.006527777777781796,0.0065277777777778025,0.0,-0.332005216471714
first_repeat_144,baseline,0.05,Context cells,equal_call_budget,1.0,0.0,0.0,0.0,0.0,0.0,0.0
first_repeat_144,opus,0.05,Context cells,equal_call_budget,1.0,0.0,0.0,0.0,0.0,0.0,0.0
first_repeat_144,pro,0.05,Context cells,equal_call_budget,1.0,0.0,0.0,0.0,0.0,0.0,0.0
first_repeat_144,astra,0.05,Context cells,equal_call_budget,1.0,0.0,0.0,0.0,0.0,0.0,0.0
first_repeat_144,sonnet,0.05,Context cells,equal_call_budget,1.0,0.0,0.0,0.0,0.0,0.0,0.0
first_repeat_144,lite,0.05,Context cells,equal_call_budget,1.0,0.0,0.0,0.0,0.0,0.0,0.0
first_repeat_144,luna,0.05,Context cells,equal_call_budget,1.0,0.0,0.0,0.0,0.0,0.0,0.0
first_repeat_144,qwen_local,0.05,Context cells,equal_call_budget,1.0,0.0,0.0,0.0,0.0,0.0,0.0
first_repeat_144,baseline,0.05,Global,threshold,0.4,0.0,0.0,0.0,0.0,0.0,0.0
first_repeat_144,opus,0.05,Global,threshold,0.4,0.0,0.0,0.0,0.0,0.0,0.0
first_repeat_144,pro,0.05,Global,threshold,0.4,0.0,0.0,0.0,0.0,0.0,0.0
first_repeat_144,astra,0.05,Global,threshold,0.4,0.0,0.0,0.0,0.0,0.0,0.0
first_repeat_144,sonnet,0.05,Global,threshold,0.4,0.0,0.0,0.0,0.0,0.0,0.0
first_repeat_144,lite,0.05,Global,threshold,0.4,0.0,0.0,0.0,0.0,0.0,0.0
first_repeat_144,luna,0.05,Global,threshold,0.4,0.0,0.0,0.0,0.0,0.0,0.0
first_repeat_144,qwen_local,0.05,Global,threshold,0.4,0.0,0.0,0.0,0.0,0.0,0.0
first_repeat_144,baseline,0.05,Global,threshold,0.6,-0.0016666666666666219,0.0008099999999999774,-0.0009444444444444561,-0.0007222222222222213,-6.889999999999929e-07,-0.0031789661781383427
first_repeat_144,opus,0.05,Global,threshold,0.6,-0.0016666666666666219,0.0008099999999999774,-0.0016666666666666219,0.0,-2.9715416666666918e-05,-0.012050026483788612
first_repeat_144,pro,0.05,Global,threshold,0.6,-0.0016666666666666219,0.0008099999999999774,-0.0016666666666666219,0.0,-4.451650000000026e-05,-0.026474809077470685
first_repeat_144,astra,0.05,Global,threshold,0.6,-0.0016666666666666219,0.0008099999999999774,-0.0016666666666666219,0.0,-3.3012569444444955e-05,-0.013211983188657017
first_repeat_144,sonnet,0.05,Global,threshold,0.6,-0.0016666666666666219,0.0008099999999999774,-0.0016666666666666219,0.0,-1.880672222222225e-05,-0.015501317427105699
first_repeat_144,lite,0.05,Global,threshold,0.6,-0.0016666666666666219,0.0008099999999999774,-0.0015555555555555323,-0.00011111111111111217,-6.615744444444529e-06,-0.00755811289353181
first_repeat_144,luna,0.05,Global,threshold,0.6,-0.0016666666666666219,0.0008099999999999774,-0.0016666666666666219,0.0,-1.1566236111111285e-06,-0.010980291575995338
first_repeat_144,qwen_local,0.05,Global,threshold,0.6,-0.0016666666666666219,0.0008099999999999774,-0.0016666666666666219,0.0,0.0,-0.22961854899955014
first_repeat_144,baseline,0.05,Global,threshold,0.7,-0.16666666666666602,0.05600000000000013,-0.1111111111111118,-0.05555555555555447,-6.637222222222294e-05,-0.28511891549893564
first_repeat_144,opus,0.05,Global,threshold,0.7,-0.16666666666666602,0.05600000000000013,-0.16666666666666602,0.0,-0.0028908472222222226,-1.1822196347270362
first_repeat_144,pro,0.05,Global,threshold,0.7,-0.16666666666666602,0.05600000000000013,-0.16666666666666602,0.0,-0.004593372222222251,-2.5579575352034603
first_repeat_144,astra,0.05,Global,threshold,0.7,-0.16666666666666602,0.05600000000000013,-0.16666666666666602,0.0,-0.0033031875000000023,-1.258991150924679
first_repeat_144,sonnet,0.05,Global,threshold,0.7,-0.16666666666666602,0.05600000000000013,-0.16388888888888697,-0.002777777777777768,-0.0028364777777777498,-2.383803256145782
first_repeat_144,lite,0.05,Global,threshold,0.7,-0.16666666666666602,0.05600000000000013,-0.16666666666666724,-3.642919299551295e-17,-0.0007712747222222217,-0.837500105911412
first_repeat_144,luna,0.05,Global,threshold,0.7,-0.16666666666666602,0.05600000000000013,-0.16666666666666602,0.0,-0.00012578930555555445,-1.1374623310260628
first_repeat_144,qwen_local,0.05,Global,threshold,0.7,-0.16666666666666602,0.05600000000000013,-0.16666666666666602,0.0,0.0,-20.769884632432984
first_repeat_144,baseline,0.05,Global,threshold,0.8,-0.16666666666666796,0.06200000000000008,-0.11111111111110877,-0.055555555555556385,-6.239444444444469e-05,-0.27205092454678426
first_repeat_144,opus,0.05,Global,threshold,0.8,-0.16666666666666796,0.06200000000000008,-0.16666666666666796,0.0,-0.003078180555555513,-1.3027671069501894
first_repeat_144,pro,0.05,Global,threshold,0.8,-0.16666666666666796,0.06200000000000008,-0.16666666666666796,0.0,-0.0047310388888888305,-2.689685209720799
first_repeat_144,astra,0.05,Global,threshold,0.8,-0.16666666666666796,0.06200000000000008,-0.16666666666666796,0.0,-0.003279347222222168,-1.2647270636297039
first_repeat_144,sonnet,0.05,Global,threshold,0.8,-0.16666666666666796,0.06200000000000008,-0.1666666666666698,0.0,-0.0018734944444444906,-1.545431838286147
first_repeat_144,lite,0.05,Global,threshold,0.8,-0.16666666666666796,0.06200000000000008,-0.15555555555555545,-0.011111111111111049,-0.0007096783333333397,-0.7717779714206872
first_repeat_144,luna,0.05,Global,threshold,0.8,-0.16666666666666796,0.06200000000000008,-0.16666666666666796,0.0,-0.00013980527777777936,-1.3007827692018412
first_repeat_144,qwen_local,0.05,Global,threshold,0.8,-0.16666666666666796,0.06200000000000008,-0.15555555555555445,-0.011111111111111122,0.0,-23.358059997438517
first_repeat_144,baseline,0.05,Global,threshold,0.9,-0.15249999999999964,0.028364999999999856,-0.09150000000000302,-0.060999999999998306,-5.852441666666505e-05,-0.2476263490800168
first_repeat_144,opus,0.05,Global,threshold,0.9,-0.15249999999999964,0.028364999999999856,-0.15249999999999964,0.0,-0.0025500668750000136,-1.011199967934739
first_repeat_144,pro,0.05,Global,threshold,0.9,-0.15249999999999964,0.028364999999999856,-0.15249999999999964,0.0,-0.004314438500000059,-2.501509923266992
first_repeat_144,astra,0.05,Global,threshold,0.9,-0.15249999999999964,0.028364999999999856,-0.15249999999999964,0.0,-0.002893153749999978,-1.1162522523378149
first_repeat_144,sonnet,0.05,Global,threshold,0.9,-0.15249999999999964,0.028364999999999856,-0.15249999999999442,0.0,-0.0021307604999999275,-1.7996468942231694
first_repeat_144,lite,0.05,Global,threshold,0.9,-0.15249999999999964,0.028364999999999856,-0.1524999999999992,0.0,-0.000673406195833341,-0.7486926882233895
first_repeat_144,luna,0.05,Global,threshold,0.9,-0.15249999999999964,0.028364999999999856,-0.1397916666666671,-0.012708333333333289,-0.00011977400833333056,-1.1354574998827909
first_repeat_144,qwen_local,0.05,Global,threshold,0.9,-0.15249999999999964,0.028364999999999856,-0.1525000000000014,0.0,0.0,-20.40471917162354
first_repeat_144,baseline,0.05,Global,equal_call_budget,0.0,0.0,0.0,0.0,0.0,0.0,0.0
first_repeat_144,opus,0.05,Global,equal_call_budget,0.0,0.0,0.0,0.0,0.0,0.0,0.0
first_repeat_144,pro,0.05,Global,equal_call_budget,0.0,0.0,0.0,0.0,0.0,0.0,0.0
first_repeat_144,astra,0.05,Global,equal_call_budget,0.0,0.0,0.0,0.0,0.0,0.0,0.0
first_repeat_144,sonnet,0.05,Global,equal_call_budget,0.0,0.0,0.0,0.0,0.0,0.0,0.0
first_repeat_144,lite,0.05,Global,equal_call_budget,0.0,0.0,0.0,0.0,0.0,0.0,0.0
first_repeat_144,luna,0.05,Global,equal_call_budget,0.0,0.0,0.0,0.0,0.0,0.0,0.0
first_repeat_144,qwen_local,0.05,Global,equal_call_budget,0.0,0.0,0.0,0.0,0.0,0.0,0.0
first_repeat_144,baseline,0.05,Global,equal_call_budget,0.1,0.0,0.0,0.0,0.0,0.0,0.0
first_repeat_144,opus,0.05,Global,equal_call_budget,0.1,0.0,0.0,0.0,0.0,0.0,0.0
first_repeat_144,pro,0.05,Global,equal_call_budget,0.1,0.0,0.0,0.0,0.0,0.0,0.0
first_repeat_144,astra,0.05,Global,equal_call_budget,0.1,0.0,0.0,0.0,0.0,0.0,0.0
first_repeat_144,sonnet,0.05,Global,equal_call_budget,0.1,0.0,0.0,0.0,0.0,0.0,0.0
first_repeat_144,lite,0.05,Global,equal_call_budget,0.1,0.0,0.0,0.0,0.0,0.0,0.0
first_repeat_144,luna,0.05,Global,equal_call_budget,0.1,0.0,0.0,0.0,0.0,0.0,0.0
first_repeat_144,qwen_local,0.05,Global,equal_call_budget,0.1,0.0,0.0,0.0,0.0,0.0,0.0
first_repeat_144,baseline,0.05,Global,equal_call_budget,0.2,0.0,0.0,0.0,0.0,0.0,0.0
first_repeat_144,opus,0.05,Global,equal_call_budget,0.2,0.0,0.0,0.0,0.0,0.0,0.0
first_repeat_144,pro,0.05,Global,equal_call_budget,0.2,0.0,0.0,0.0,0.0,0.0,0.0
first_repeat_144,astra,0.05,Global,equal_call_budget,0.2,0.0,0.0,0.0,0.0,0.0,0.0
first_repeat_144,sonnet,0.05,Global,equal_call_budget,0.2,0.0,0.0,0.0,0.0,0.0,0.0
first_repeat_144,lite,0.05,Global,equal_call_budget,0.2,0.0,0.0,0.0,0.0,0.0,0.0
first_repeat_144,luna,0.05,Global,equal_call_budget,0.2,0.0,0.0,0.0,0.0,0.0,0.0
first_repeat_144,qwen_local,0.05,Global,equal_call_budget,0.2,0.0,0.0,0.0,0.0,0.0,0.0
first_repeat_144,baseline,0.05,Global,equal_call_budget,0.3,0.0,0.0,0.0,0.0,0.0,0.0
first_repeat_144,opus,0.05,Global,equal_call_budget,0.3,0.0,0.0,0.0,0.0,0.0,0.0
first_repeat_144,pro,0.05,Global,equal_call_budget,0.3,0.0,0.0,0.0,0.0,0.0,0.0
first_repeat_144,astra,0.05,Global,equal_call_budget,0.3,0.0,0.0,0.0,0.0,0.0,0.0
first_repeat_144,sonnet,0.05,Global,equal_call_budget,0.3,0.0,0.0,0.0,0.0,0.0,0.0
first_repeat_144,lite,0.05,Global,equal_call_budget,0.3,0.0,0.0,0.0,0.0,0.0,0.0
first_repeat_144,luna,0.05,Global,equal_call_budget,0.3,0.0,0.0,0.0,0.0,0.0,0.0
first_repeat_144,qwen_local,0.05,Global,equal_call_budget,0.3,0.0,0.0,0.0,0.0,0.0,0.0
first_repeat_144,baseline,0.05,Global,equal_call_budget,0.4,0.0,0.0,0.0,0.0,0.0,0.0
first_repeat_144,opus,0.05,Global,equal_call_budget,0.4,0.0,0.0,0.0,0.0,0.0,0.0
first_repeat_144,pro,0.05,Global,equal_call_budget,0.4,0.0,0.0,0.0,0.0,0.0,0.0
first_repeat_144,astra,0.05,Global,equal_call_budget,0.4,0.0,0.0,0.0,0.0,0.0,0.0
first_repeat_144,sonnet,0.05,Global,equal_call_budget,0.4,0.0,0.0,0.0,0.0,0.0,0.0
first_repeat_144,lite,0.05,Global,equal_call_budget,0.4,0.0,0.0,0.0,0.0,0.0,0.0
first_repeat_144,luna,0.05,Global,equal_call_budget,0.4,0.0,0.0,0.0,0.0,0.0,0.0
first_repeat_144,qwen_local,0.05,Global,equal_call_budget,0.4,0.0,0.0,0.0,0.0,0.0,0.0
first_repeat_144,baseline,0.05,Global,equal_call_budget,0.5,0.0,0.0,0.0,0.0,0.0,0.0
first_repeat_144,opus,0.05,Global,equal_call_budget,0.5,0.0,0.0,0.0,0.0,0.0,0.0
first_repeat_144,pro,0.05,Global,equal_call_budget,0.5,0.0,0.0,0.0,0.0,0.0,0.0
first_repeat_144,astra,0.05,Global,equal_call_budget,0.5,0.0,0.0,0.0,0.0,0.0,0.0
first_repeat_144,sonnet,0.05,Global,equal_call_budget,0.5,0.0,0.0,0.0,0.0,0.0,0.0
first_repeat_144,lite,0.05,Global,equal_call_budget,0.5,0.0,0.0,0.0,0.0,0.0,0.0
first_repeat_144,luna,0.05,Global,equal_call_budget,0.5,0.0,0.0,0.0,0.0,0.0,0.0
first_repeat_144,qwen_local,0.05,Global,equal_call_budget,0.5,0.0,0.0,0.0,0.0,0.0,0.0
first_repeat_144,baseline,0.05,Global,equal_call_budget,0.6,0.0,0.0,0.0,0.0,0.0,0.0
first_repeat_144,opus,0.05,Global,equal_call_budget,0.6,0.0,0.0,0.0,0.0,0.0,0.0
first_repeat_144,pro,0.05,Global,equal_call_budget,0.6,0.0,0.0,0.0,0.0,0.0,0.0
first_repeat_144,astra,0.05,Global,equal_call_budget,0.6,0.0,0.0,0.0,0.0,0.0,0.0
first_repeat_144,sonnet,0.05,Global,equal_call_budget,0.6,0.0,0.0,0.0,0.0,0.0,0.0
first_repeat_144,lite,0.05,Global,equal_call_budget,0.6,0.0,0.0,0.0,0.0,0.0,0.0
first_repeat_144,luna,0.05,Global,equal_call_budget,0.6,0.0,0.0,0.0,0.0,0.0,0.0
first_repeat_144,qwen_local,0.05,Global,equal_call_budget,0.6,0.0,0.0,0.0,0.0,0.0,0.0
first_repeat_144,baseline,0.05,Global,equal_call_budget,0.7,0.0,0.0,0.0,0.0,0.0,0.0
first_repeat_144,opus,0.05,Global,equal_call_budget,0.7,0.0,0.0,0.0,0.0,0.0,0.0
first_repeat_144,pro,0.05,Global,equal_call_budget,0.7,0.0,0.0,0.0,0.0,0.0,0.0
first_repeat_144,astra,0.05,Global,equal_call_budget,0.7,0.0,0.0,0.0,0.0,0.0,0.0
first_repeat_144,sonnet,0.05,Global,equal_call_budget,0.7,0.0,0.0,0.0,0.0,0.0,0.0
first_repeat_144,lite,0.05,Global,equal_call_budget,0.7,0.0,0.0,0.0,0.0,0.0,0.0
first_repeat_144,luna,0.05,Global,equal_call_budget,0.7,0.0,0.0,0.0,0.0,0.0,0.0
first_repeat_144,qwen_local,0.05,Global,equal_call_budget,0.7,0.0,0.0,0.0,0.0,0.0,0.0
first_repeat_144,baseline,0.05,Global,equal_call_budget,0.8,0.0,0.0,0.0,0.0,0.0,0.0
first_repeat_144,opus,0.05,Global,equal_call_budget,0.8,0.0,0.0,0.0,0.0,0.0,0.0
first_repeat_144,pro,0.05,Global,equal_call_budget,0.8,0.0,0.0,0.0,0.0,0.0,0.0
first_repeat_144,astra,0.05,Global,equal_call_budget,0.8,0.0,0.0,0.0,0.0,0.0,0.0
first_repeat_144,sonnet,0.05,Global,equal_call_budget,0.8,0.0,0.0,0.0,0.0,0.0,0.0
first_repeat_144,lite,0.05,Global,equal_call_budget,0.8,0.0,0.0,0.0,0.0,0.0,0.0
first_repeat_144,luna,0.05,Global,equal_call_budget,0.8,0.0,0.0,0.0,0.0,0.0,0.0
first_repeat_144,qwen_local,0.05,Global,equal_call_budget,0.8,0.0,0.0,0.0,0.0,0.0,0.0
first_repeat_144,baseline,0.05,Global,equal_call_budget,0.9,0.0,0.0,0.0,0.0,0.0,0.0
first_repeat_144,opus,0.05,Global,equal_call_budget,0.9,0.0,0.0,0.0,0.0,0.0,0.0
first_repeat_144,pro,0.05,Global,equal_call_budget,0.9,0.0,0.0,0.0,0.0,0.0,0.0
first_repeat_144,astra,0.05,Global,equal_call_budget,0.9,0.0,0.0,0.0,0.0,0.0,0.0
first_repeat_144,sonnet,0.05,Global,equal_call_budget,0.9,0.0,0.0,0.0,0.0,0.0,0.0
first_repeat_144,lite,0.05,Global,equal_call_budget,0.9,0.0,0.0,0.0,0.0,0.0,0.0
first_repeat_144,luna,0.05,Global,equal_call_budget,0.9,0.0,0.0,0.0,0.0,0.0,0.0
first_repeat_144,qwen_local,0.05,Global,equal_call_budget,0.9,0.0,0.0,0.0,0.0,0.0,0.0
first_repeat_144,baseline,0.05,Global,equal_call_budget,1.0,0.0,0.0,0.0,0.0,0.0,0.0
first_repeat_144,opus,0.05,Global,equal_call_budget,1.0,0.0,0.0,0.0,0.0,0.0,0.0
first_repeat_144,pro,0.05,Global,equal_call_budget,1.0,0.0,0.0,0.0,0.0,0.0,0.0
first_repeat_144,astra,0.05,Global,equal_call_budget,1.0,0.0,0.0,0.0,0.0,0.0,0.0
first_repeat_144,sonnet,0.05,Global,equal_call_budget,1.0,0.0,0.0,0.0,0.0,0.0,0.0
first_repeat_144,lite,0.05,Global,equal_call_budget,1.0,0.0,0.0,0.0,0.0,0.0,0.0
first_repeat_144,luna,0.05,Global,equal_call_budget,1.0,0.0,0.0,0.0,0.0,0.0,0.0
first_repeat_144,qwen_local,0.05,Global,equal_call_budget,1.0,0.0,0.0,0.0,0.0,0.0,0.0
first_repeat_144,baseline,0.05,Oracle,threshold,0.4,0.0,0.0,0.0,0.0,0.0,0.0
first_repeat_144,opus,0.05,Oracle,threshold,0.4,0.0,0.0,0.0,0.0,0.0,0.0
first_repeat_144,pro,0.05,Oracle,threshold,0.4,0.0,0.0,0.0,0.0,0.0,0.0
first_repeat_144,astra,0.05,Oracle,threshold,0.4,0.0,0.0,0.0,0.0,0.0,0.0
first_repeat_144,sonnet,0.05,Oracle,threshold,0.4,0.0,0.0,0.0,0.0,0.0,0.0
first_repeat_144,lite,0.05,Oracle,threshold,0.4,0.0,0.0,0.0,0.0,0.0,0.0
first_repeat_144,luna,0.05,Oracle,threshold,0.4,0.0,0.0,0.0,0.0,0.0,0.0
first_repeat_144,qwen_local,0.05,Oracle,threshold,0.4,0.0,0.0,0.0,0.0,0.0,0.0
first_repeat_144,baseline,0.05,Oracle,threshold,0.6,0.2333333333333333,-0.11900000000000124,0.16111111111111026,0.07222222222222245,8.89622222222215e-05,0.37457162573118585
first_repeat_144,opus,0.05,Oracle,threshold,0.6,0.2333333333333333,-0.11900000000000124,0.2333333333333333,0.0,0.004007236111111069,1.671682482644154
first_repeat_144,pro,0.05,Oracle,threshold,0.6,0.2333333333333333,-0.11900000000000124,0.2333333333333333,0.0,0.005363772222222201,3.1109253802200887
first_repeat_144,astra,0.05,Oracle,threshold,0.6,0.2333333333333333,-0.11900000000000124,0.2333333333333333,0.0,0.004390270833333347,1.6712860348369096
first_repeat_144,sonnet,0.05,Oracle,threshold,0.6,0.2333333333333333,-0.11900000000000124,0.2333333333333333,0.0,0.0023618388888888833,1.9314418239493112
first_repeat_144,lite,0.05,Oracle,threshold,0.6,0.2333333333333333,-0.11900000000000124,0.2222222222222237,0.011111111111111094,0.0009951955555555529,1.1207166453829842
first_repeat_144,luna,0.05,Oracle,threshold,0.6,0.2333333333333333,-0.11900000000000124,0.2333333333333333,0.0,0.00019694375000000062,1.8554772358775888
first_repeat_144,qwen_local,0.05,Oracle,threshold,0.6,0.2333333333333333,-0.11900000000000124,0.22222222222222018,0.011111111111111122,0.0,31.119678524973743
first_repeat_144,baseline,0.05,Oracle,threshold,0.7,0.09999999999999787,-0.0479999999999995,0.06666666666666571,0.03333333333333327,3.4703333333333344e-05,0.15320888774391694
first_repeat_144,opus,0.05,Oracle,threshold,0.7,0.09999999999999787,-0.0479999999999995,0.09999999999999787,0.0,0.001936486111111092,0.8436016162087858
first_repeat_144,pro,0.05,Oracle,threshold,0.7,0.09999999999999787,-0.0479999999999995,0.09999999999999787,0.0,0.0028069833333333113,1.587755784260346
first_repeat_144,astra,0.05,Oracle,threshold,0.7,0.09999999999999787,-0.0479999999999995,0.09999999999999787,0.0,0.0019088958333332885,0.7277164911831893
first_repeat_144,sonnet,0.05,Oracle,threshold,0.7,0.09999999999999787,-0.0479999999999995,0.10277777777777691,-0.002777777777777768,0.0009021222222222371,0.7600592952299143
first_repeat_144,lite,0.05,Oracle,threshold,0.7,0.09999999999999787,-0.0479999999999995,0.08888888888888968,0.011111111111111049,0.0003996997222222333,0.433607188092882
first_repeat_144,luna,0.05,Oracle,threshold,0.7,0.09999999999999787,-0.0479999999999995,0.09999999999999787,0.0,8.713013888889023e-05,0.8175743560099877
first_repeat_144,qwen_local,0.05,Oracle,threshold,0.7,0.09999999999999787,-0.0479999999999995,0.08888888888888868,0.011111111111111122,0.0,14.455246022203013
first_repeat_144,baseline,0.05,Oracle,threshold,0.8,0.23333333333333528,-0.057999999999999746,0.14444444444444476,0.08888888888888843,8.84766666666657e-05,0.3835566315133747
first_repeat_144,opus,0.05,Oracle,threshold,0.8,0.23333333333333528,-0.057999999999999746,0.23333333333333528,0.0,0.00411343055555561,1.6471744782549882
first_repeat_144,pro,0.05,Oracle,threshold,0.8,0.23333333333333528,-0.057999999999999746,0.23333333333333528,0.0,0.007153272222222205,4.080158726840619
first_repeat_144,astra,0.05,Oracle,threshold,0.8,0.23333333333333528,-0.057999999999999746,0.23333333333333528,0.0,0.005129208333333397,2.059167260891309
first_repeat_144,sonnet,0.05,Oracle,threshold,0.8,0.23333333333333528,-0.057999999999999746,0.23333333333333028,0.0,0.004072483333333304,3.4519403435956155
first_repeat_144,lite,0.05,Oracle,threshold,0.8,0.23333333333333528,-0.057999999999999746,0.23333333333333017,0.0,0.0010018905555555513,1.117942505903525
first_repeat_144,luna,0.05,Oracle,threshold,0.8,0.23333333333333528,-0.057999999999999746,0.22222222222221844,0.011111111111111072,0.0001831147222222211,1.6861847808170474
first_repeat_144,qwen_local,0.05,Oracle,threshold,0.8,0.23333333333333528,-0.057999999999999746,0.2222222222222211,0.011111111111111049,0.0,30.86264701134995
first_repeat_144,baseline,0.05,Oracle,threshold,0.9,0.10000000000000109,-0.03299999999999994,0.0666666666666661,0.033333333333335435,3.799888888888922e-05,0.16999405569900627
first_repeat_144,opus,0.05,Oracle,threshold,0.9,0.10000000000000109,-0.03299999999999994,0.10000000000000109,0.0,0.0018634305555555088,0.7543926855368284
first_repeat_144,pro,0.05,Oracle,threshold,0.9,0.10000000000000109,-0.03299999999999994,0.10000000000000109,0.0,0.003499188888888803,1.9469738017082445
first_repeat_144,astra,0.05,Oracle,threshold,0.9,0.10000000000000109,-0.03299999999999994,0.10000000000000109,0.0,0.0026094166666668084,1.0993474624145643
first_repeat_144,sonnet,0.05,Oracle,threshold,0.9,0.10000000000000109,-0.03299999999999994,0.10000000000000131,0.0,0.002022122222222259,1.6998316829726825
first_repeat_144,lite,0.05,Oracle,threshold,0.9,0.10000000000000109,-0.03299999999999994,0.09999999999999576,0.0,0.00042274694444444224,0.46748708136792816
first_repeat_144,luna,0.05,Oracle,threshold,0.9,0.10000000000000109,-0.03299999999999994,0.10277777777777308,-0.002777777777777768,7.875277777778203e-05,0.6881670606678538
first_repeat_144,qwen_local,0.05,Oracle,threshold,0.9,0.10000000000000109,-0.03299999999999994,0.08888888888888447,0.011111111111111049,0.0,13.256194381140233
first_repeat_144,baseline,0.05,Oracle,equal_call_budget,0.0,0.0,0.0,0.0,0.0,0.0,0.0
first_repeat_144,opus,0.05,Oracle,equal_call_budget,0.0,0.0,0.0,0.0,0.0,0.0,0.0
first_repeat_144,pro,0.05,Oracle,equal_call_budget,0.0,0.0,0.0,0.0,0.0,0.0,0.0
first_repeat_144,astra,0.05,Oracle,equal_call_budget,0.0,0.0,0.0,0.0,0.0,0.0,0.0
first_repeat_144,sonnet,0.05,Oracle,equal_call_budget,0.0,0.0,0.0,0.0,0.0,0.0,0.0
first_repeat_144,lite,0.05,Oracle,equal_call_budget,0.0,0.0,0.0,0.0,0.0,0.0,0.0
first_repeat_144,luna,0.05,Oracle,equal_call_budget,0.0,0.0,0.0,0.0,0.0,0.0,0.0
first_repeat_144,qwen_local,0.05,Oracle,equal_call_budget,0.0,0.0,0.0,0.0,0.0,0.0,0.0
first_repeat_144,baseline,0.05,Oracle,equal_call_budget,0.1,-1.3877787807814457e-17,-0.008400000000000296,0.009999999999999877,-0.009999999999999933,-1.9766666666664744e-06,-0.027573190112210627
first_repeat_144,opus,0.05,Oracle,equal_call_budget,0.1,-1.3877787807814457e-17,-0.008400000000000296,-1.3877787807814457e-17,0.0,-0.0002941333333333334,-0.13079908070193436
first_repeat_144,pro,0.05,Oracle,equal_call_budget,0.1,-1.3877787807814457e-17,-0.008400000000000296,-1.3877787807814457e-17,0.0,-0.000559873333333323,-0.3461007720658844
first_repeat_144,astra,0.05,Oracle,equal_call_budget,0.1,-1.3877787807814457e-17,-0.008400000000000296,-1.3877787807814457e-17,0.0,-0.00010460833333331967,-0.06536905206584698
first_repeat_144,sonnet,0.05,Oracle,equal_call_budget,0.1,-1.3877787807814457e-17,-0.008400000000000296,-1.3877787807814457e-17,0.0,-0.000331219999999996,-0.2995037674946591
first_repeat_144,lite,0.05,Oracle,equal_call_budget,0.1,-1.3877787807814457e-17,-0.008400000000000296,0.006666666666666446,-0.006666666666666662,2.9532833333332272e-05,0.04069333367748146
first_repeat_144,luna,0.05,Oracle,equal_call_budget,0.1,-1.3877787807814457e-17,-0.008400000000000296,-1.3877787807814457e-17,0.0,9.32383333333328e-06,0.07786740266989578
first_repeat_144,qwen_local,0.05,Oracle,equal_call_budget,0.1,-1.3877787807814457e-17,-0.008400000000000296,-1.3877787807814457e-17,0.0,0.0,-1.6339508177615087
first_repeat_144,baseline,0.05,Oracle,equal_call_budget,0.2,0.0,-0.011600000000000915,0.011666666666666617,-0.011666666666666714,-1.2642222222223877e-06,-0.025126013214726572
first_repeat_144,opus,0.05,Oracle,equal_call_budget,0.2,0.0,-0.011600000000000915,0.0,0.0,-0.00028945833333331866,-0.12846590171775496
first_repeat_144,pro,0.05,Oracle,equal_call_budget,0.2,0.0,-0.011600000000000915,0.0,0.0,-0.0007627700000000168,-0.43703984979889166
first_repeat_144,astra,0.05,Oracle,equal_call_budget,0.2,0.0,-0.011600000000000915,0.0,0.0,-0.00018269305555554958,-0.09894172685596225
first_repeat_144,sonnet,0.05,Oracle,equal_call_budget,0.2,0.0,-0.011600000000000915,0.0,0.0,-0.00030353333333332853,-0.2760824780468749
first_repeat_144,lite,0.05,Oracle,equal_call_budget,0.2,0.0,-0.011600000000000915,0.005555555555554148,-0.005555555555555534,3.348033333333458e-05,0.047244047358003693
first_repeat_144,luna,0.05,Oracle,equal_call_budget,0.2,0.0,-0.011600000000000915,0.0,0.0,1.0381138888889492e-05,0.10169651164712623
first_repeat_144,qwen_local,0.05,Oracle,equal_call_budget,0.2,0.0,-0.011600000000000915,0.0,0.0,0.0,-1.3482028091554064
first_repeat_144,baseline,0.05,Oracle,equal_call_budget,0.3,0.0,-0.00739999999999974,0.007777777777778022,-0.007777777777778605,-4.9111111111060685e-08,-0.005659011178391626
first_repeat_144,opus,0.05,Oracle,equal_call_budget,0.3,0.0,-0.00739999999999974,0.0,0.0,-1.556944444441443e-05,0.008267921738003725
first_repeat_144,pro,0.05,Oracle,equal_call_budget,0.3,0.0,-0.00739999999999974,0.0,0.0,-0.000553835555555552,-0.2659326387261718
first_repeat_144,astra,0.05,Oracle,equal_call_budget,0.3,0.0,-0.00739999999999974,0.0,0.0,-0.00022505694444442236,-0.10850733585914396
first_repeat_144,sonnet,0.05,Oracle,equal_call_budget,0.3,0.0,-0.00739999999999974,0.0,0.0,5.349444444444377e-05,0.046349289401233396
first_repeat_144,lite,0.05,Oracle,equal_call_budget,0.3,0.0,-0.00739999999999974,-0.002777777777778434,0.0027777777777777644,1.5674944444439348e-05,0.017056029377918502
first_repeat_144,luna,0.05,Oracle,equal_call_budget,0.3,0.0,-0.00739999999999974,0.0,0.0,7.565527777778552e-06,0.10520323039252366
first_repeat_144,qwen_local,0.05,Oracle,equal_call_budget,0.3,0.0,-0.00739999999999974,-0.0027777777777761026,0.002777777777777768,0.0,0.35979574885828924
first_repeat_144,baseline,0.05,Oracle,equal_call_budget,0.4,0.0,-0.009599999999999692,0.008333333333333193,-0.008333333333333443,-2.9966666666674912e-06,-0.013217101615155769
first_repeat_144,opus,0.05,Oracle,equal_call_budget,0.4,0.0,-0.009599999999999692,5.551115123125783e-17,-5.551115123125783e-17,0.00020478611111112398,0.14178798014297378
first_repeat_144,pro,0.05,Oracle,equal_call_budget,0.4,0.0,-0.009599999999999692,5.551115123125783e-17,-5.551115123125783e-17,-0.0004300655555555706,-0.1749118684828641
first_repeat_144,astra,0.05,Oracle,equal_call_budget,0.4,0.0,-0.009599999999999692,5.551115123125783e-17,-5.551115123125783e-17,-0.00022776805555553906,-0.11524053389324429
first_repeat_144,sonnet,0.05,Oracle,equal_call_budget,0.4,0.0,-0.009599999999999692,0.0011111111111105632,-0.0011111111111111738,-0.00016272444444447812,-0.13090143534304222
first_repeat_144,lite,0.05,Oracle,equal_call_budget,0.4,0.0,-0.009599999999999692,-0.011111111111108296,0.011111111111111068,-1.9409888888895178e-05,-0.027618522442262927
first_repeat_144,luna,0.05,Oracle,equal_call_budget,0.4,0.0,-0.009599999999999692,5.551115123125783e-17,-5.551115123125783e-17,1.609275000000063e-05,0.20439666943199564
first_repeat_144,qwen_local,0.05,Oracle,equal_call_budget,0.4,0.0,-0.009599999999999692,-0.011111111111113126,0.011111111111111086,0.0,1.859627229186998
first_repeat_144,baseline,0.05,Oracle,equal_call_budget,0.5,0.0,-0.012999999999999262,0.002777777777778545,-0.002777777777777518,-4.304444444445092e-06,-0.014651328928046659
first_repeat_144,opus,0.05,Oracle,equal_call_budget,0.5,0.0,-0.012999999999999262,1.1102230246251565e-16,-1.1102230246251565e-16,0.00013237499999997626,0.1084938479095845
first_repeat_144,pro,0.05,Oracle,equal_call_budget,0.5,0.0,-0.012999999999999262,1.1102230246251565e-16,-1.1102230246251565e-16,-0.0001999166666667128,-0.046748325817279834
first_repeat_144,astra,0.05,Oracle,equal_call_budget,0.5,0.0,-0.012999999999999262,1.1102230246251565e-16,-1.1102230246251565e-16,-0.00017377083333333307,-0.07646799655436398
first_repeat_144,sonnet,0.05,Oracle,equal_call_budget,0.5,0.0,-0.012999999999999262,0.0027777777777791557,-0.002777777777777879,-0.0004966611111111019,-0.4145702537291527
first_repeat_144,lite,0.05,Oracle,equal_call_budget,0.5,0.0,-0.012999999999999262,-0.011111111111114402,0.011111111111111082,-4.681694444443312e-05,-0.05437976422640123
first_repeat_144,luna,0.05,Oracle,equal_call_budget,0.5,0.0,-0.012999999999999262,1.1102230246251565e-16,-1.1102230246251565e-16,1.1730138888888235e-05,0.15513857360087968
first_repeat_144,qwen_local,0.05,Oracle,equal_call_budget,0.5,0.0,-0.012999999999999262,-0.011111111111110072,0.011111111111111086,0.0,1.413602629596852
first_repeat_144,baseline,0.05,Oracle,equal_call_budget,0.6,0.0,-0.010799999999999796,0.0,2.7755575615628914e-17,-2.7333333333327402e-06,-0.010021666984152189
first_repeat_144,opus,0.05,Oracle,equal_call_budget,0.6,0.0,-0.010799999999999796,0.0,0.0,8.95777777778009e-05,0.06194135203869511
first_repeat_144,pro,0.05,Oracle,equal_call_budget,0.6,0.0,-0.010799999999999796,0.0,0.0,-3.1639999999999446e-05,-0.026055341572135404
first_repeat_144,astra,0.05,Oracle,equal_call_budget,0.6,0.0,-0.010799999999999796,0.0,0.0,-5.871250000000043e-05,-0.03111974699464959
first_repeat_144,sonnet,0.05,Oracle,equal_call_budget,0.6,0.0,-0.010799999999999796,0.002777777777773105,-0.002777777777777768,-0.000221974444444409,-0.16719980774177756
first_repeat_144,lite,0.05,Oracle,equal_call_budget,0.6,0.0,-0.010799999999999796,-0.004444444444444695,0.004444444444444376,-2.6107277777766107e-05,-0.029459594759526198
first_repeat_144,luna,0.05,Oracle,equal_call_budget,0.6,0.0,-0.010799999999999796,0.0,0.0,3.246972222221609e-06,0.03710469448889331
first_repeat_144,qwen_local,0.05,Oracle,equal_call_budget,0.6,0.0,-0.010799999999999796,-0.004444444444444917,0.004444444444444473,0.0,0.44041002373961646
first_repeat_144,baseline,0.05,Oracle,equal_call_budget,0.7,0.0,-0.006800000000000042,0.002222222222224568,-0.002222222222222514,-1.9166666666685654e-06,-0.0014723692408753486
first_repeat_144,opus,0.05,Oracle,equal_call_budget,0.7,0.0,-0.006800000000000042,0.0,0.0,7.566388888896602e-05,0.03893283727438135
first_repeat_144,pro,0.05,Oracle,equal_call_budget,0.7,0.0,-0.006800000000000042,0.0,0.0,0.00024751444444431545,0.09220538637146092
first_repeat_144,astra,0.05,Oracle,equal_call_budget,0.7,0.0,-0.006800000000000042,0.0,0.0,0.00039137361111109097,0.21627704824709326
first_repeat_144,sonnet,0.05,Oracle,equal_call_budget,0.7,0.0,-0.006800000000000042,0.002777777777778101,-0.002777777777777768,0.00028945444444445495,0.2633968114045997
first_repeat_144,lite,0.05,Oracle,equal_call_budget,0.7,0.0,-0.006800000000000042,0.0,-2.7755575615628914e-17,-1.0348722222216361e-05,-0.008744302098625756
first_repeat_144,luna,0.05,Oracle,equal_call_budget,0.7,0.0,-0.006800000000000042,0.002777777777778101,-0.002777777777777768,-2.3410833333305757e-06,-0.056899801091844004
first_repeat_144,qwen_local,0.05,Oracle,equal_call_budget,0.7,0.0,-0.006800000000000042,-0.008333333333330861,0.008333333333333253,0.0,-0.11601425173411428
first_repeat_144,baseline,0.05,Oracle,equal_call_budget,0.8,-1.1102230246251565e-16,-0.012199999999999996,0.006111111111110956,-0.0061111111111114,-5.955555555571144e-07,0.008080406199440837
first_repeat_144,opus,0.05,Oracle,equal_call_budget,0.8,-1.1102230246251565e-16,-0.012199999999999996,-1.1102230246251565e-16,0.0,0.00017082222222227633,0.08754391319803556
first_repeat_144,pro,0.05,Oracle,equal_call_budget,0.8,-1.1102230246251565e-16,-0.012199999999999996,-1.1102230246251565e-16,0.0,0.000334885555555553,0.1233108415876707
first_repeat_144,astra,0.05,Oracle,equal_call_budget,0.8,-1.1102230246251565e-16,-0.012199999999999996,-1.1102230246251565e-16,0.0,0.0006653833333333178,0.3410147321444361
first_repeat_144,sonnet,0.05,Oracle,equal_call_budget,0.8,-1.1102230246251565e-16,-0.012199999999999996,0.0,0.0,0.000672973333333297,0.5706192066452171
first_repeat_144,lite,0.05,Oracle,equal_call_budget,0.8,-1.1102230246251565e-16,-0.012199999999999996,0.0,0.0,-9.089888888892499e-06,-0.007874880288457398
first_repeat_144,luna,0.05,Oracle,equal_call_budget,0.8,-1.1102230246251565e-16,-0.012199999999999996,0.008333333333328752,-0.008333333333333354,-2.3315555555544158e-06,-0.07889706634531102
first_repeat_144,qwen_local,0.05,Oracle,equal_call_budget,0.8,-1.1102230246251565e-16,-0.012199999999999996,-0.011111111111116512,0.011111111111111049,0.0,-0.3980224189727295
first_repeat_144,baseline,0.05,Oracle,equal_call_budget,0.9,0.0,-0.012199999999999874,-0.0011111111111137273,0.001111111111112617,-1.5844444444436541e-06,-0.0020448073672321154
first_repeat_144,opus,0.05,Oracle,equal_call_budget,0.9,0.0,-0.012199999999999874,0.0,0.0,0.00015936111111114655,0.0666660838667319
first_repeat_144,pro,0.05,Oracle,equal_call_budget,0.9,0.0,-0.012199999999999874,0.0,0.0,0.0004500011111110598,0.22907539546960365
first_repeat_144,astra,0.05,Oracle,equal_call_budget,0.9,0.0,-0.012199999999999874,0.0,0.0,0.000420725000000087,0.20174735175648895
first_repeat_144,sonnet,0.05,Oracle,equal_call_budget,0.9,0.0,-0.012199999999999874,0.0011111111111100636,-0.0011111111111111738,0.0006717944444444082,0.5941125461538004
first_repeat_144,lite,0.05,Oracle,equal_call_budget,0.9,0.0,-0.012199999999999874,0.0,0.0,-3.6808166666657625e-05,-0.032122406054956976
first_repeat_144,luna,0.05,Oracle,equal_call_budget,0.9,0.0,-0.012199999999999874,0.002777777777774215,-0.0027777777777777783,1.509055555553771e-06,-0.007676511146796017
first_repeat_144,qwen_local,0.05,Oracle,equal_call_budget,0.9,0.0,-0.012199999999999874,-0.006666666666670817,0.006666666666666678,0.0,-0.4007443446961503
first_repeat_144,baseline,0.05,Oracle,equal_call_budget,1.0,0.0,0.0,0.0,0.0,0.0,0.0
first_repeat_144,opus,0.05,Oracle,equal_call_budget,1.0,0.0,0.0,0.0,0.0,0.0,0.0
first_repeat_144,pro,0.05,Oracle,equal_call_budget,1.0,0.0,0.0,0.0,0.0,0.0,0.0
first_repeat_144,astra,0.05,Oracle,equal_call_budget,1.0,0.0,0.0,0.0,0.0,0.0,0.0
first_repeat_144,sonnet,0.05,Oracle,equal_call_budget,1.0,0.0,0.0,0.0,0.0,0.0,0.0
first_repeat_144,lite,0.05,Oracle,equal_call_budget,1.0,0.0,0.0,0.0,0.0,0.0,0.0
first_repeat_144,luna,0.05,Oracle,equal_call_budget,1.0,0.0,0.0,0.0,0.0,0.0,0.0
first_repeat_144,qwen_local,0.05,Oracle,equal_call_budget,1.0,0.0,0.0,0.0,0.0,0.0,0.0
first_repeat_144,baseline,0.05,Raw,threshold,0.4,0.0,0.0,0.0,0.0,0.0,0.0
first_repeat_144,opus,0.05,Raw,threshold,0.4,0.0,0.0,0.0,0.0,0.0,0.0
first_repeat_144,pro,0.05,Raw,threshold,0.4,0.0,0.0,0.0,0.0,0.0,0.0
first_repeat_144,astra,0.05,Raw,threshold,0.4,0.0,0.0,0.0,0.0,0.0,0.0
first_repeat_144,sonnet,0.05,Raw,threshold,0.4,0.0,0.0,0.0,0.0,0.0,0.0
first_repeat_144,lite,0.05,Raw,threshold,0.4,0.0,0.0,0.0,0.0,0.0,0.0
first_repeat_144,luna,0.05,Raw,threshold,0.4,0.0,0.0,0.0,0.0,0.0,0.0
first_repeat_144,qwen_local,0.05,Raw,threshold,0.4,0.0,0.0,0.0,0.0,0.0,0.0
first_repeat_144,baseline,0.05,Raw,threshold,0.6,0.0,0.0,0.0,0.0,0.0,0.0
first_repeat_144,opus,0.05,Raw,threshold,0.6,0.0,0.0,0.0,0.0,0.0,0.0
first_repeat_144,pro,0.05,Raw,threshold,0.6,0.0,0.0,0.0,0.0,0.0,0.0
first_repeat_144,astra,0.05,Raw,threshold,0.6,0.0,0.0,0.0,0.0,0.0,0.0
first_repeat_144,sonnet,0.05,Raw,threshold,0.6,0.0,0.0,0.0,0.0,0.0,0.0
first_repeat_144,lite,0.05,Raw,threshold,0.6,0.0,0.0,0.0,0.0,0.0,0.0
first_repeat_144,luna,0.05,Raw,threshold,0.6,0.0,0.0,0.0,0.0,0.0,0.0
first_repeat_144,qwen_local,0.05,Raw,threshold,0.6,0.0,0.0,0.0,0.0,0.0,0.0
first_repeat_144,baseline,0.05,Raw,threshold,0.7,0.0,0.0,0.0,0.0,0.0,0.0
first_repeat_144,opus,0.05,Raw,threshold,0.7,0.0,0.0,0.0,0.0,0.0,0.0
first_repeat_144,pro,0.05,Raw,threshold,0.7,0.0,0.0,0.0,0.0,0.0,0.0
first_repeat_144,astra,0.05,Raw,threshold,0.7,0.0,0.0,0.0,0.0,0.0,0.0
first_repeat_144,sonnet,0.05,Raw,threshold,0.7,0.0,0.0,0.0,0.0,0.0,0.0
first_repeat_144,lite,0.05,Raw,threshold,0.7,0.0,0.0,0.0,0.0,0.0,0.0
first_repeat_144,luna,0.05,Raw,threshold,0.7,0.0,0.0,0.0,0.0,0.0,0.0
first_repeat_144,qwen_local,0.05,Raw,threshold,0.7,0.0,0.0,0.0,0.0,0.0,0.0
first_repeat_144,baseline,0.05,Raw,threshold,0.8,0.0,0.0,0.0,0.0,0.0,0.0
first_repeat_144,opus,0.05,Raw,threshold,0.8,0.0,0.0,0.0,0.0,0.0,0.0
first_repeat_144,pro,0.05,Raw,threshold,0.8,0.0,0.0,0.0,0.0,0.0,0.0
first_repeat_144,astra,0.05,Raw,threshold,0.8,0.0,0.0,0.0,0.0,0.0,0.0
first_repeat_144,sonnet,0.05,Raw,threshold,0.8,0.0,0.0,0.0,0.0,0.0,0.0
first_repeat_144,lite,0.05,Raw,threshold,0.8,0.0,0.0,0.0,0.0,0.0,0.0
first_repeat_144,luna,0.05,Raw,threshold,0.8,0.0,0.0,0.0,0.0,0.0,0.0
first_repeat_144,qwen_local,0.05,Raw,threshold,0.8,0.0,0.0,0.0,0.0,0.0,0.0
first_repeat_144,baseline,0.05,Raw,threshold,0.9,0.0,0.0,0.0,0.0,0.0,0.0
first_repeat_144,opus,0.05,Raw,threshold,0.9,0.0,0.0,0.0,0.0,0.0,0.0
first_repeat_144,pro,0.05,Raw,threshold,0.9,0.0,0.0,0.0,0.0,0.0,0.0
first_repeat_144,astra,0.05,Raw,threshold,0.9,0.0,0.0,0.0,0.0,0.0,0.0
first_repeat_144,sonnet,0.05,Raw,threshold,0.9,0.0,0.0,0.0,0.0,0.0,0.0
first_repeat_144,lite,0.05,Raw,threshold,0.9,0.0,0.0,0.0,0.0,0.0,0.0
first_repeat_144,luna,0.05,Raw,threshold,0.9,0.0,0.0,0.0,0.0,0.0,0.0
first_repeat_144,qwen_local,0.05,Raw,threshold,0.9,0.0,0.0,0.0,0.0,0.0,0.0
first_repeat_144,baseline,0.05,Raw,equal_call_budget,0.0,0.0,0.0,0.0,0.0,0.0,0.0
first_repeat_144,opus,0.05,Raw,equal_call_budget,0.0,0.0,0.0,0.0,0.0,0.0,0.0
first_repeat_144,pro,0.05,Raw,equal_call_budget,0.0,0.0,0.0,0.0,0.0,0.0,0.0
first_repeat_144,astra,0.05,Raw,equal_call_budget,0.0,0.0,0.0,0.0,0.0,0.0,0.0
first_repeat_144,sonnet,0.05,Raw,equal_call_budget,0.0,0.0,0.0,0.0,0.0,0.0,0.0
first_repeat_144,lite,0.05,Raw,equal_call_budget,0.0,0.0,0.0,0.0,0.0,0.0,0.0
first_repeat_144,luna,0.05,Raw,equal_call_budget,0.0,0.0,0.0,0.0,0.0,0.0,0.0
first_repeat_144,qwen_local,0.05,Raw,equal_call_budget,0.0,0.0,0.0,0.0,0.0,0.0,0.0
first_repeat_144,baseline,0.05,Raw,equal_call_budget,0.1,0.0,0.0,0.0,0.0,0.0,0.0
first_repeat_144,opus,0.05,Raw,equal_call_budget,0.1,0.0,0.0,0.0,0.0,0.0,0.0
first_repeat_144,pro,0.05,Raw,equal_call_budget,0.1,0.0,0.0,0.0,0.0,0.0,0.0
first_repeat_144,astra,0.05,Raw,equal_call_budget,0.1,0.0,0.0,0.0,0.0,0.0,0.0
first_repeat_144,sonnet,0.05,Raw,equal_call_budget,0.1,0.0,0.0,0.0,0.0,0.0,0.0
first_repeat_144,lite,0.05,Raw,equal_call_budget,0.1,0.0,0.0,0.0,0.0,0.0,0.0
first_repeat_144,luna,0.05,Raw,equal_call_budget,0.1,0.0,0.0,0.0,0.0,0.0,0.0
first_repeat_144,qwen_local,0.05,Raw,equal_call_budget,0.1,0.0,0.0,0.0,0.0,0.0,0.0
first_repeat_144,baseline,0.05,Raw,equal_call_budget,0.2,0.0,0.0,0.0,0.0,0.0,0.0
first_repeat_144,opus,0.05,Raw,equal_call_budget,0.2,0.0,0.0,0.0,0.0,0.0,0.0
first_repeat_144,pro,0.05,Raw,equal_call_budget,0.2,0.0,0.0,0.0,0.0,0.0,0.0
first_repeat_144,astra,0.05,Raw,equal_call_budget,0.2,0.0,0.0,0.0,0.0,0.0,0.0
first_repeat_144,sonnet,0.05,Raw,equal_call_budget,0.2,0.0,0.0,0.0,0.0,0.0,0.0
first_repeat_144,lite,0.05,Raw,equal_call_budget,0.2,0.0,0.0,0.0,0.0,0.0,0.0
first_repeat_144,luna,0.05,Raw,equal_call_budget,0.2,0.0,0.0,0.0,0.0,0.0,0.0
first_repeat_144,qwen_local,0.05,Raw,equal_call_budget,0.2,0.0,0.0,0.0,0.0,0.0,0.0
first_repeat_144,baseline,0.05,Raw,equal_call_budget,0.3,0.0,0.0,0.0,0.0,0.0,0.0
first_repeat_144,opus,0.05,Raw,equal_call_budget,0.3,0.0,0.0,0.0,0.0,0.0,0.0
first_repeat_144,pro,0.05,Raw,equal_call_budget,0.3,0.0,0.0,0.0,0.0,0.0,0.0
first_repeat_144,astra,0.05,Raw,equal_call_budget,0.3,0.0,0.0,0.0,0.0,0.0,0.0
first_repeat_144,sonnet,0.05,Raw,equal_call_budget,0.3,0.0,0.0,0.0,0.0,0.0,0.0
first_repeat_144,lite,0.05,Raw,equal_call_budget,0.3,0.0,0.0,0.0,0.0,0.0,0.0
first_repeat_144,luna,0.05,Raw,equal_call_budget,0.3,0.0,0.0,0.0,0.0,0.0,0.0
first_repeat_144,qwen_local,0.05,Raw,equal_call_budget,0.3,0.0,0.0,0.0,0.0,0.0,0.0
first_repeat_144,baseline,0.05,Raw,equal_call_budget,0.4,0.0,0.0,0.0,0.0,0.0,0.0
first_repeat_144,opus,0.05,Raw,equal_call_budget,0.4,0.0,0.0,0.0,0.0,0.0,0.0
first_repeat_144,pro,0.05,Raw,equal_call_budget,0.4,0.0,0.0,0.0,0.0,0.0,0.0
first_repeat_144,astra,0.05,Raw,equal_call_budget,0.4,0.0,0.0,0.0,0.0,0.0,0.0
first_repeat_144,sonnet,0.05,Raw,equal_call_budget,0.4,0.0,0.0,0.0,0.0,0.0,0.0
first_repeat_144,lite,0.05,Raw,equal_call_budget,0.4,0.0,0.0,0.0,0.0,0.0,0.0
first_repeat_144,luna,0.05,Raw,equal_call_budget,0.4,0.0,0.0,0.0,0.0,0.0,0.0
first_repeat_144,qwen_local,0.05,Raw,equal_call_budget,0.4,0.0,0.0,0.0,0.0,0.0,0.0
first_repeat_144,baseline,0.05,Raw,equal_call_budget,0.5,0.0,0.0,0.0,0.0,0.0,0.0
first_repeat_144,opus,0.05,Raw,equal_call_budget,0.5,0.0,0.0,0.0,0.0,0.0,0.0
first_repeat_144,pro,0.05,Raw,equal_call_budget,0.5,0.0,0.0,0.0,0.0,0.0,0.0
first_repeat_144,astra,0.05,Raw,equal_call_budget,0.5,0.0,0.0,0.0,0.0,0.0,0.0
first_repeat_144,sonnet,0.05,Raw,equal_call_budget,0.5,0.0,0.0,0.0,0.0,0.0,0.0
first_repeat_144,lite,0.05,Raw,equal_call_budget,0.5,0.0,0.0,0.0,0.0,0.0,0.0
first_repeat_144,luna,0.05,Raw,equal_call_budget,0.5,0.0,0.0,0.0,0.0,0.0,0.0
first_repeat_144,qwen_local,0.05,Raw,equal_call_budget,0.5,0.0,0.0,0.0,0.0,0.0,0.0
first_repeat_144,baseline,0.05,Raw,equal_call_budget,0.6,0.0,0.0,0.0,0.0,0.0,0.0
first_repeat_144,opus,0.05,Raw,equal_call_budget,0.6,0.0,0.0,0.0,0.0,0.0,0.0
first_repeat_144,pro,0.05,Raw,equal_call_budget,0.6,0.0,0.0,0.0,0.0,0.0,0.0
first_repeat_144,astra,0.05,Raw,equal_call_budget,0.6,0.0,0.0,0.0,0.0,0.0,0.0
first_repeat_144,sonnet,0.05,Raw,equal_call_budget,0.6,0.0,0.0,0.0,0.0,0.0,0.0
first_repeat_144,lite,0.05,Raw,equal_call_budget,0.6,0.0,0.0,0.0,0.0,0.0,0.0
first_repeat_144,luna,0.05,Raw,equal_call_budget,0.6,0.0,0.0,0.0,0.0,0.0,0.0
first_repeat_144,qwen_local,0.05,Raw,equal_call_budget,0.6,0.0,0.0,0.0,0.0,0.0,0.0
first_repeat_144,baseline,0.05,Raw,equal_call_budget,0.7,0.0,0.0,0.0,0.0,0.0,0.0
first_repeat_144,opus,0.05,Raw,equal_call_budget,0.7,0.0,0.0,0.0,0.0,0.0,0.0
first_repeat_144,pro,0.05,Raw,equal_call_budget,0.7,0.0,0.0,0.0,0.0,0.0,0.0
first_repeat_144,astra,0.05,Raw,equal_call_budget,0.7,0.0,0.0,0.0,0.0,0.0,0.0
first_repeat_144,sonnet,0.05,Raw,equal_call_budget,0.7,0.0,0.0,0.0,0.0,0.0,0.0
first_repeat_144,lite,0.05,Raw,equal_call_budget,0.7,0.0,0.0,0.0,0.0,0.0,0.0
first_repeat_144,luna,0.05,Raw,equal_call_budget,0.7,0.0,0.0,0.0,0.0,0.0,0.0
first_repeat_144,qwen_local,0.05,Raw,equal_call_budget,0.7,0.0,0.0,0.0,0.0,0.0,0.0
first_repeat_144,baseline,0.05,Raw,equal_call_budget,0.8,0.0,0.0,0.0,0.0,0.0,0.0
first_repeat_144,opus,0.05,Raw,equal_call_budget,0.8,0.0,0.0,0.0,0.0,0.0,0.0
first_repeat_144,pro,0.05,Raw,equal_call_budget,0.8,0.0,0.0,0.0,0.0,0.0,0.0
first_repeat_144,astra,0.05,Raw,equal_call_budget,0.8,0.0,0.0,0.0,0.0,0.0,0.0
first_repeat_144,sonnet,0.05,Raw,equal_call_budget,0.8,0.0,0.0,0.0,0.0,0.0,0.0
first_repeat_144,lite,0.05,Raw,equal_call_budget,0.8,0.0,0.0,0.0,0.0,0.0,0.0
first_repeat_144,luna,0.05,Raw,equal_call_budget,0.8,0.0,0.0,0.0,0.0,0.0,0.0
first_repeat_144,qwen_local,0.05,Raw,equal_call_budget,0.8,0.0,0.0,0.0,0.0,0.0,0.0
first_repeat_144,baseline,0.05,Raw,equal_call_budget,0.9,0.0,0.0,0.0,0.0,0.0,0.0
first_repeat_144,opus,0.05,Raw,equal_call_budget,0.9,0.0,0.0,0.0,0.0,0.0,0.0
first_repeat_144,pro,0.05,Raw,equal_call_budget,0.9,0.0,0.0,0.0,0.0,0.0,0.0
first_repeat_144,astra,0.05,Raw,equal_call_budget,0.9,0.0,0.0,0.0,0.0,0.0,0.0
first_repeat_144,sonnet,0.05,Raw,equal_call_budget,0.9,0.0,0.0,0.0,0.0,0.0,0.0
first_repeat_144,lite,0.05,Raw,equal_call_budget,0.9,0.0,0.0,0.0,0.0,0.0,0.0
first_repeat_144,luna,0.05,Raw,equal_call_budget,0.9,0.0,0.0,0.0,0.0,0.0,0.0
first_repeat_144,qwen_local,0.05,Raw,equal_call_budget,0.9,0.0,0.0,0.0,0.0,0.0,0.0
first_repeat_144,baseline,0.05,Raw,equal_call_budget,1.0,0.0,0.0,0.0,0.0,0.0,0.0
first_repeat_144,opus,0.05,Raw,equal_call_budget,1.0,0.0,0.0,0.0,0.0,0.0,0.0
first_repeat_144,pro,0.05,Raw,equal_call_budget,1.0,0.0,0.0,0.0,0.0,0.0,0.0
first_repeat_144,astra,0.05,Raw,equal_call_budget,1.0,0.0,0.0,0.0,0.0,0.0,0.0
first_repeat_144,sonnet,0.05,Raw,equal_call_budget,1.0,0.0,0.0,0.0,0.0,0.0,0.0
first_repeat_144,lite,0.05,Raw,equal_call_budget,1.0,0.0,0.0,0.0,0.0,0.0,0.0
first_repeat_144,luna,0.05,Raw,equal_call_budget,1.0,0.0,0.0,0.0,0.0,0.0,0.0
first_repeat_144,qwen_local,0.05,Raw,equal_call_budget,1.0,0.0,0.0,0.0,0.0,0.0,0.0
first_repeat_144,baseline,0.05,Regime,threshold,0.4,0.0,0.0,0.0,0.0,0.0,0.0
first_repeat_144,opus,0.05,Regime,threshold,0.4,0.0,0.0,0.0,0.0,0.0,0.0
first_repeat_144,pro,0.05,Regime,threshold,0.4,0.0,0.0,0.0,0.0,0.0,0.0
first_repeat_144,astra,0.05,Regime,threshold,0.4,0.0,0.0,0.0,0.0,0.0,0.0
first_repeat_144,sonnet,0.05,Regime,threshold,0.4,0.0,0.0,0.0,0.0,0.0,0.0
first_repeat_144,lite,0.05,Regime,threshold,0.4,0.0,0.0,0.0,0.0,0.0,0.0
first_repeat_144,luna,0.05,Regime,threshold,0.4,0.0,0.0,0.0,0.0,0.0,0.0
first_repeat_144,qwen_local,0.05,Regime,threshold,0.4,0.0,0.0,0.0,0.0,0.0,0.0
first_repeat_144,baseline,0.05,Regime,threshold,0.6,-0.07833333333333373,0.03806999999999933,-0.04438888888888916,-0.033944444444444714,-3.2383000000000086e-05,-0.14941141037250324
first_repeat_144,opus,0.05,Regime,threshold,0.6,-0.07833333333333373,0.03806999999999933,-0.07833333333333373,0.0,-0.0013966245833333434,-0.5663512447380668
first_repeat_144,pro,0.05,Regime,threshold,0.6,-0.07833333333333373,0.03806999999999933,-0.07833333333333373,0.0,-0.002092275500000012,-1.2443160266411528
first_repeat_144,astra,0.05,Regime,threshold,0.6,-0.07833333333333373,0.03806999999999933,-0.07833333333333373,0.0,-0.0015515907638889012,-0.6209632098668777
first_repeat_144,sonnet,0.05,Regime,threshold,0.6,-0.07833333333333373,0.03806999999999933,-0.07833333333333373,0.0,-0.0008839159444444401,-0.7285619190739641
first_repeat_144,lite,0.05,Regime,threshold,0.6,-0.07833333333333373,0.03806999999999933,-0.07311111111111084,-0.005222222222222205,-0.00031093998888888645,-0.3552313059959881
first_repeat_144,luna,0.05,Regime,threshold,0.6,-0.07833333333333373,0.03806999999999933,-0.07833333333333373,0.0,-5.436130972222251e-05,-0.5160737040717841
first_repeat_144,qwen_local,0.05,Regime,threshold,0.6,-0.07833333333333373,0.03806999999999933,-0.07833333333333373,0.0,0.0,-10.792071802978917
first_repeat_144,baseline,0.05,Regime,threshold,0.7,-0.16666666666666602,0.05600000000000013,-0.1111111111111118,-0.05555555555555447,-6.637222222222294e-05,-0.28511891549893564
first_repeat_144,opus,0.05,Regime,threshold,0.7,-0.16666666666666602,0.05600000000000013,-0.16666666666666602,0.0,-0.0028908472222222226,-1.1822196347270362
first_repeat_144,pro,0.05,Regime,threshold,0.7,-0.16666666666666602,0.05600000000000013,-0.16666666666666602,0.0,-0.004593372222222251,-2.5579575352034603
first_repeat_144,astra,0.05,Regime,threshold,0.7,-0.16666666666666602,0.05600000000000013,-0.16666666666666602,0.0,-0.0033031875000000023,-1.258991150924679
first_repeat_144,sonnet,0.05,Regime,threshold,0.7,-0.16666666666666602,0.05600000000000013,-0.16388888888888697,-0.002777777777777768,-0.0028364777777777498,-2.383803256145782
first_repeat_144,lite,0.05,Regime,threshold,0.7,-0.16666666666666602,0.05600000000000013,-0.16666666666666724,-3.642919299551295e-17,-0.0007712747222222217,-0.837500105911412
first_repeat_144,luna,0.05,Regime,threshold,0.7,-0.16666666666666602,0.05600000000000013,-0.16666666666666602,0.0,-0.00012578930555555445,-1.1374623310260628
first_repeat_144,qwen_local,0.05,Regime,threshold,0.7,-0.16666666666666602,0.05600000000000013,-0.16666666666666602,0.0,0.0,-20.769884632432984
first_repeat_144,baseline,0.05,Regime,threshold,0.8,-0.16666666666666796,0.06200000000000008,-0.11111111111110877,-0.055555555555556385,-6.239444444444469e-05,-0.27205092454678426
first_repeat_144,opus,0.05,Regime,threshold,0.8,-0.16666666666666796,0.06200000000000008,-0.16666666666666796,0.0,-0.003078180555555513,-1.3027671069501894
first_repeat_144,pro,0.05,Regime,threshold,0.8,-0.16666666666666796,0.06200000000000008,-0.16666666666666796,0.0,-0.0047310388888888305,-2.689685209720799
first_repeat_144,astra,0.05,Regime,threshold,0.8,-0.16666666666666796,0.06200000000000008,-0.16666666666666796,0.0,-0.003279347222222168,-1.2647270636297039
first_repeat_144,sonnet,0.05,Regime,threshold,0.8,-0.16666666666666796,0.06200000000000008,-0.1666666666666698,0.0,-0.0018734944444444906,-1.545431838286147
first_repeat_144,lite,0.05,Regime,threshold,0.8,-0.16666666666666796,0.06200000000000008,-0.15555555555555545,-0.011111111111111049,-0.0007096783333333397,-0.7717779714206872
first_repeat_144,luna,0.05,Regime,threshold,0.8,-0.16666666666666796,0.06200000000000008,-0.16666666666666796,0.0,-0.00013980527777777936,-1.3007827692018412
first_repeat_144,qwen_local,0.05,Regime,threshold,0.8,-0.16666666666666796,0.06200000000000008,-0.15555555555555445,-0.011111111111111122,0.0,-23.358059997438517
first_repeat_144,baseline,0.05,Regime,threshold,0.9,-0.09250000000000125,0.017205000000000033,-0.05550000000000188,-0.03699999999999892,-3.549841666666571e-05,-0.15019958878623973
first_repeat_144,opus,0.05,Regime,threshold,0.9,-0.09250000000000125,0.017205000000000033,-0.09250000000000125,0.0,-0.0015467618750000106,-0.6133508002227073
first_repeat_144,pro,0.05,Regime,threshold,0.9,-0.09250000000000125,0.017205000000000033,-0.09250000000000125,0.0,-0.0026169545000000217,-1.5173092977193239
first_repeat_144,astra,0.05,Regime,threshold,0.9,-0.09250000000000125,0.017205000000000033,-0.09250000000000125,0.0,-0.0017548637499999829,-0.6770710383032652
first_repeat_144,sonnet,0.05,Regime,threshold,0.9,-0.09250000000000125,0.017205000000000033,-0.0924999999999967,0.0,-0.0012924284999999563,-1.091589099774711
first_repeat_144,lite,0.05,Regime,threshold,0.9,-0.09250000000000125,0.017205000000000033,-0.09249999999999892,0.0,-0.00040845949583333827,-0.45412507318467776
first_repeat_144,luna,0.05,Regime,threshold,0.9,-0.09250000000000125,0.017205000000000033,-0.08479166666666793,-0.007708333333333306,-7.264980833333174e-05,-0.6887201228797313
first_repeat_144,qwen_local,0.05,Regime,threshold,0.9,-0.09250000000000125,0.017205000000000033,-0.09250000000000014,0.0,0.0,-12.376632940165052
first_repeat_144,baseline,0.05,Regime,equal_call_budget,0.0,0.0,0.0,0.0,0.0,0.0,0.0
first_repeat_144,opus,0.05,Regime,equal_call_budget,0.0,0.0,0.0,0.0,0.0,0.0,0.0
first_repeat_144,pro,0.05,Regime,equal_call_budget,0.0,0.0,0.0,0.0,0.0,0.0,0.0
first_repeat_144,astra,0.05,Regime,equal_call_budget,0.0,0.0,0.0,0.0,0.0,0.0,0.0
first_repeat_144,sonnet,0.05,Regime,equal_call_budget,0.0,0.0,0.0,0.0,0.0,0.0,0.0
first_repeat_144,lite,0.05,Regime,equal_call_budget,0.0,0.0,0.0,0.0,0.0,0.0,0.0
first_repeat_144,luna,0.05,Regime,equal_call_budget,0.0,0.0,0.0,0.0,0.0,0.0,0.0
first_repeat_144,qwen_local,0.05,Regime,equal_call_budget,0.0,0.0,0.0,0.0,0.0,0.0,0.0
first_repeat_144,baseline,0.05,Regime,equal_call_budget,0.1,0.0,-3.599999999998049e-05,8.33333333333311e-05,-8.333333333333803e-05,-2.0940000000001192e-08,-0.00026493274000241596
first_repeat_144,opus,0.05,Regime,equal_call_budget,0.1,0.0,-3.599999999998049e-05,0.0,0.0,-1.9525833333334033e-06,-0.0008879759986107905
first_repeat_144,pro,0.05,Regime,equal_call_budget,0.1,0.0,-3.599999999998049e-05,0.0,0.0,-2.9709666666665607e-06,-0.0023089600387531384
first_repeat_144,astra,0.05,Regime,equal_call_budget,0.1,0.0,-3.599999999998049e-05,0.0,0.0,-2.6958333333021445e-08,-0.0002296092630326152
first_repeat_144,sonnet,0.05,Regime,equal_call_budget,0.1,0.0,-3.599999999998049e-05,0.0,0.0,-2.9442000000000183e-06,-0.002647858715259077
first_repeat_144,lite,0.05,Regime,equal_call_budget,0.1,0.0,-3.599999999998049e-05,6.666666666665932e-05,-6.666666666666626e-05,2.6712666666666015e-07,0.0003451430166451219
first_repeat_144,luna,0.05,Regime,equal_call_budget,0.1,0.0,-3.599999999998049e-05,0.0,0.0,8.923750000000509e-08,0.0005883988586138367
first_repeat_144,qwen_local,0.05,Regime,equal_call_budget,0.1,0.0,-3.599999999998049e-05,0.0,0.0,0.0,-0.012058544742851396
first_repeat_144,baseline,0.05,Regime,equal_call_budget,0.2,0.0,-4.799999999999249e-05,0.00011111111111111738,-0.00011111111111111738,-2.7920000000015142e-08,-0.0003532436533365546
first_repeat_144,opus,0.05,Regime,equal_call_budget,0.2,0.0,-4.799999999999249e-05,0.0,0.0,-2.6034444444442487e-06,-0.0011839679981480167
first_repeat_144,pro,0.05,Regime,equal_call_budget,0.2,0.0,-4.799999999999249e-05,0.0,0.0,-3.961288888888748e-06,-0.0030786133850049247
first_repeat_144,astra,0.05,Regime,equal_call_budget,0.2,0.0,-4.799999999999249e-05,0.0,0.0,-3.5944444444317714e-08,-0.00030614568404319087
first_repeat_144,sonnet,0.05,Regime,equal_call_budget,0.2,0.0,-4.799999999999249e-05,0.0,0.0,-3.92559999999988e-06,-0.003530478287012251
first_repeat_144,lite,0.05,Regime,equal_call_budget,0.2,0.0,-4.799999999999249e-05,8.88888888888606e-05,-8.888888888889009e-05,3.561688888889525e-07,0.0004601906888599405
first_repeat_144,luna,0.05,Regime,equal_call_budget,0.2,0.0,-4.799999999999249e-05,0.0,0.0,1.1898333333331301e-07,0.0007845318114847455
first_repeat_144,qwen_local,0.05,Regime,equal_call_budget,0.2,0.0,-4.799999999999249e-05,0.0,0.0,0.0,-0.01607805965713993
first_repeat_144,baseline,0.05,Regime,equal_call_budget,0.3,0.0,-1.199999999995649e-05,2.7777777777820978e-05,-2.7777777777779344e-05,-6.979999999986845e-09,-8.831091333405539e-05
first_repeat_144,opus,0.05,Regime,equal_call_budget,0.3,0.0,-1.199999999995649e-05,0.0,0.0,-6.508611111108453e-07,-0.0002959919995366711
first_repeat_144,pro,0.05,Regime,equal_call_budget,0.3,0.0,-1.199999999995649e-05,0.0,0.0,-9.903222222230543e-07,-0.0007696533462508981
first_repeat_144,astra,0.05,Regime,equal_call_budget,0.3,0.0,-1.199999999995649e-05,0.0,0.0,-8.986111110428907e-09,-7.653642101113078e-05
first_repeat_144,sonnet,0.05,Regime,equal_call_budget,0.3,0.0,-1.199999999995649e-05,0.0,0.0,-9.814000000002952e-07,-0.0008826195717528407
first_repeat_144,lite,0.05,Regime,equal_call_budget,0.3,0.0,-1.199999999995649e-05,2.2222222222256782e-05,-2.2222222222222088e-05,8.904222222223812e-08,0.00011504767221492962
first_repeat_144,luna,0.05,Regime,equal_call_budget,0.3,0.0,-1.199999999995649e-05,0.0,0.0,2.9745833333348582e-08,0.00019613295287124188
first_repeat_144,qwen_local,0.05,Regime,equal_call_budget,0.3,0.0,-1.199999999995649e-05,0.0,0.0,0.0,-0.0040195149142832065
first_repeat_144,baseline,0.05,Regime,equal_call_budget,0.4,0.0,0.0,0.0,0.0,0.0,0.0
first_repeat_144,opus,0.05,Regime,equal_call_budget,0.4,0.0,0.0,0.0,0.0,0.0,0.0
first_repeat_144,pro,0.05,Regime,equal_call_budget,0.4,0.0,0.0,0.0,0.0,0.0,0.0
first_repeat_144,astra,0.05,Regime,equal_call_budget,0.4,0.0,0.0,0.0,0.0,0.0,0.0
first_repeat_144,sonnet,0.05,Regime,equal_call_budget,0.4,0.0,0.0,0.0,0.0,0.0,0.0
first_repeat_144,lite,0.05,Regime,equal_call_budget,0.4,0.0,0.0,0.0,0.0,0.0,0.0
first_repeat_144,luna,0.05,Regime,equal_call_budget,0.4,0.0,0.0,0.0,0.0,0.0,0.0
first_repeat_144,qwen_local,0.05,Regime,equal_call_budget,0.4,0.0,0.0,0.0,0.0,0.0,0.0
first_repeat_144,baseline,0.05,Regime,equal_call_budget,0.5,0.0,0.0,0.0,0.0,0.0,0.0
first_repeat_144,opus,0.05,Regime,equal_call_budget,0.5,0.0,0.0,0.0,0.0,0.0,0.0
first_repeat_144,pro,0.05,Regime,equal_call_budget,0.5,0.0,0.0,0.0,0.0,0.0,0.0
first_repeat_144,astra,0.05,Regime,equal_call_budget,0.5,0.0,0.0,0.0,0.0,0.0,0.0
first_repeat_144,sonnet,0.05,Regime,equal_call_budget,0.5,0.0,0.0,0.0,0.0,0.0,0.0
first_repeat_144,lite,0.05,Regime,equal_call_budget,0.5,0.0,0.0,0.0,0.0,0.0,0.0
first_repeat_144,luna,0.05,Regime,equal_call_budget,0.5,0.0,0.0,0.0,0.0,0.0,0.0
first_repeat_144,qwen_local,0.05,Regime,equal_call_budget,0.5,0.0,0.0,0.0,0.0,0.0,0.0
first_repeat_144,baseline,0.05,Regime,equal_call_budget,0.6,0.0,0.0,0.0,0.0,0.0,0.0
first_repeat_144,opus,0.05,Regime,equal_call_budget,0.6,0.0,0.0,0.0,0.0,0.0,0.0
first_repeat_144,pro,0.05,Regime,equal_call_budget,0.6,0.0,0.0,0.0,0.0,0.0,0.0
first_repeat_144,astra,0.05,Regime,equal_call_budget,0.6,0.0,0.0,0.0,0.0,0.0,0.0
first_repeat_144,sonnet,0.05,Regime,equal_call_budget,0.6,0.0,0.0,0.0,0.0,0.0,0.0
first_repeat_144,lite,0.05,Regime,equal_call_budget,0.6,0.0,0.0,0.0,0.0,0.0,0.0
first_repeat_144,luna,0.05,Regime,equal_call_budget,0.6,0.0,0.0,0.0,0.0,0.0,0.0
first_repeat_144,qwen_local,0.05,Regime,equal_call_budget,0.6,0.0,0.0,0.0,0.0,0.0,0.0
first_repeat_144,baseline,0.05,Regime,equal_call_budget,0.7,0.0,0.0,0.0,0.0,0.0,0.0
first_repeat_144,opus,0.05,Regime,equal_call_budget,0.7,0.0,0.0,0.0,0.0,0.0,0.0
first_repeat_144,pro,0.05,Regime,equal_call_budget,0.7,0.0,0.0,0.0,0.0,0.0,0.0
first_repeat_144,astra,0.05,Regime,equal_call_budget,0.7,0.0,0.0,0.0,0.0,0.0,0.0
first_repeat_144,sonnet,0.05,Regime,equal_call_budget,0.7,0.0,0.0,0.0,0.0,0.0,0.0
first_repeat_144,lite,0.05,Regime,equal_call_budget,0.7,0.0,0.0,0.0,0.0,0.0,0.0
first_repeat_144,luna,0.05,Regime,equal_call_budget,0.7,0.0,0.0,0.0,0.0,0.0,0.0
first_repeat_144,qwen_local,0.05,Regime,equal_call_budget,0.7,0.0,0.0,0.0,0.0,0.0,0.0
first_repeat_144,baseline,0.05,Regime,equal_call_budget,0.8,0.0,0.0,0.0,0.0,0.0,0.0
first_repeat_144,opus,0.05,Regime,equal_call_budget,0.8,0.0,0.0,0.0,0.0,0.0,0.0
first_repeat_144,pro,0.05,Regime,equal_call_budget,0.8,0.0,0.0,0.0,0.0,0.0,0.0
first_repeat_144,astra,0.05,Regime,equal_call_budget,0.8,0.0,0.0,0.0,0.0,0.0,0.0
first_repeat_144,sonnet,0.05,Regime,equal_call_budget,0.8,0.0,0.0,0.0,0.0,0.0,0.0
first_repeat_144,lite,0.05,Regime,equal_call_budget,0.8,0.0,0.0,0.0,0.0,0.0,0.0
first_repeat_144,luna,0.05,Regime,equal_call_budget,0.8,0.0,0.0,0.0,0.0,0.0,0.0
first_repeat_144,qwen_local,0.05,Regime,equal_call_budget,0.8,0.0,0.0,0.0,0.0,0.0,0.0
first_repeat_144,baseline,0.05,Regime,equal_call_budget,0.9,0.0,0.0,0.0,0.0,0.0,0.0
first_repeat_144,opus,0.05,Regime,equal_call_budget,0.9,0.0,0.0,0.0,0.0,0.0,0.0
first_repeat_144,pro,0.05,Regime,equal_call_budget,0.9,0.0,0.0,0.0,0.0,0.0,0.0
first_repeat_144,astra,0.05,Regime,equal_call_budget,0.9,0.0,0.0,0.0,0.0,0.0,0.0
first_repeat_144,sonnet,0.05,Regime,equal_call_budget,0.9,0.0,0.0,0.0,0.0,0.0,0.0
first_repeat_144,lite,0.05,Regime,equal_call_budget,0.9,0.0,0.0,0.0,0.0,0.0,0.0
first_repeat_144,luna,0.05,Regime,equal_call_budget,0.9,0.0,0.0,0.0,0.0,0.0,0.0
first_repeat_144,qwen_local,0.05,Regime,equal_call_budget,0.9,0.0,0.0,0.0,0.0,0.0,0.0
first_repeat_144,baseline,0.05,Regime,equal_call_budget,1.0,0.0,0.0,0.0,0.0,0.0,0.0
first_repeat_144,opus,0.05,Regime,equal_call_budget,1.0,0.0,0.0,0.0,0.0,0.0,0.0
first_repeat_144,pro,0.05,Regime,equal_call_budget,1.0,0.0,0.0,0.0,0.0,0.0,0.0
first_repeat_144,astra,0.05,Regime,equal_call_budget,1.0,0.0,0.0,0.0,0.0,0.0,0.0
first_repeat_144,sonnet,0.05,Regime,equal_call_budget,1.0,0.0,0.0,0.0,0.0,0.0,0.0
first_repeat_144,lite,0.05,Regime,equal_call_budget,1.0,0.0,0.0,0.0,0.0,0.0,0.0
first_repeat_144,luna,0.05,Regime,equal_call_budget,1.0,0.0,0.0,0.0,0.0,0.0,0.0
first_repeat_144,qwen_local,0.05,Regime,equal_call_budget,1.0,0.0,0.0,0.0,0.0,0.0,0.0
first_repeat_144,baseline,0.05,Weighted global,threshold,0.4,0.004166666666666667,-0.0020249999999999435,0.002361111111111111,0.0018055555555555553,1.7225e-06,0.007947415445345945
first_repeat_144,opus,0.05,Weighted global,threshold,0.4,0.004166666666666667,-0.0020249999999999435,0.004166666666666667,0.0,7.428854166666666e-05,0.030125066209471293
first_repeat_144,pro,0.05,Weighted global,threshold,0.4,0.004166666666666667,-0.0020249999999999435,0.004166666666666667,0.0,0.00011129125000000002,0.06618702269367835
first_repeat_144,astra,0.05,Weighted global,threshold,0.4,0.004166666666666667,-0.0020249999999999435,0.004166666666666667,0.0,8.253142361111111e-05,0.033029957971642335
first_repeat_144,sonnet,0.05,Weighted global,threshold,0.4,0.004166666666666667,-0.0020249999999999435,0.004166666666666667,0.0,4.701680555555554e-05,0.038753293567763955
first_repeat_144,lite,0.05,Weighted global,threshold,0.4,0.004166666666666667,-0.0020249999999999435,0.0038888888888888888,0.0002777777777777775,1.6539361111111112e-05,0.01889528223382917
first_repeat_144,luna,0.05,Weighted global,threshold,0.4,0.004166666666666667,-0.0020249999999999435,0.004166666666666667,0.0,2.891559027777778e-06,0.027450728939988442
first_repeat_144,qwen_local,0.05,Weighted global,threshold,0.4,0.004166666666666667,-0.0020249999999999435,0.004166666666666667,0.0,0.0,0.5740463724988836
first_repeat_144,baseline,0.05,Weighted global,threshold,0.6,0.2149999999999996,-0.10153500000000129,0.14070833333333307,0.07429166666666666,8.471086666666647e-05,0.3570514231308294
first_repeat_144,opus,0.05,Weighted global,threshold,0.6,0.2149999999999996,-0.10153500000000129,0.2149999999999996,0.0,0.003497917291666674,1.4067370569176254
first_repeat_144,pro,0.05,Weighted global,threshold,0.6,0.2149999999999996,-0.10153500000000129,0.2149999999999996,0.0,0.005323595416666633,3.0207036013625816
first_repeat_144,astra,0.05,Weighted global,threshold,0.6,0.2149999999999996,-0.10153500000000129,0.2149999999999996,0.0,0.004255041562500013,1.6467208994694795
first_repeat_144,sonnet,0.05,Weighted global,threshold,0.6,0.2149999999999996,-0.10153500000000129,0.21404166666666594,0.0009583333333333299,0.0022921085833333445,1.870248872578452
first_repeat_144,lite,0.05,Weighted global,threshold,0.6,0.2149999999999996,-0.10153500000000129,0.21500000000000047,2.6020852139652106e-17,0.0009333500791666648,1.0575392300997857
first_repeat_144,luna,0.05,Weighted global,threshold,0.6,0.2149999999999996,-0.10153500000000129,0.2149999999999996,0.0,0.00016675314791666672,1.5227348783672323
first_repeat_144,qwen_local,0.05,Weighted global,threshold,0.6,0.2149999999999996,-0.10153500000000129,0.2149999999999996,0.0,0.0,26.96534228164809
first_repeat_144,baseline,0.05,Weighted global,threshold,0.7,0.15166666666666817,-0.05583000000000002,0.10095833333333115,0.05070833333333408,5.681672222222241e-05,0.24762191555690782
first_repeat_144,opus,0.05,Weighted global,threshold,0.7,0.15166666666666817,-0.05583000000000002,0.15166666666666817,0.0,0.0027959739583332983,1.1819819215579646
first_repeat_144,pro,0.05,Weighted global,threshold,0.7,0.15166666666666817,-0.05583000000000002,0.15166666666666817,0.0,0.004306203583333286,2.4487931048599565
first_repeat_144,astra,0.05,Weighted global,threshold,0.7,0.15166666666666817,-0.05583000000000002,0.15166666666666817,0.0,0.002985379861111064,1.1518747050365272
first_repeat_144,sonnet,0.05,Weighted global,threshold,0.7,0.15166666666666817,-0.05583000000000002,0.15165277777778036,1.3888888888888805e-05,0.0017157404166667058,1.4160742515596922
first_repeat_144,lite,0.05,Weighted global,threshold,0.7,0.15166666666666817,-0.05583000000000002,0.1417777777777779,0.00988888888888883,0.0006464373583333384,0.7033038144016617
first_repeat_144,luna,0.05,Weighted global,threshold,0.7,0.15166666666666817,-0.05583000000000002,0.1514583333333348,0.0002083333333333326,0.00012702401944444589,1.1819722736350395
first_repeat_144,qwen_local,0.05,Weighted global,threshold,0.7,0.15166666666666817,-0.05583000000000002,0.14172222222222108,0.009944444444444457,0.0,21.235216388500447
first_repeat_144,baseline,0.05,Weighted global,threshold,0.8,0.2249999999999991,-0.044369999999999785,0.14083333333333464,0.0841666666666662,8.688883333333216e-05,0.3724059240600528
first_repeat_144,opus,0.05,Weighted global,threshold,0.8,0.2249999999999991,-0.044369999999999785,0.2249999999999991,0.0,0.003817337916666679,1.5269174248703345
first_repeat_144,pro,0.05,Weighted global,threshold,0.8,0.2249999999999991,-0.044369999999999785,0.2249999999999991,0.0,0.006472606666666689,3.7155706227569425
first_repeat_144,astra,0.05,Weighted global,threshold,0.8,0.2249999999999991,-0.044369999999999785,0.2249999999999991,0.0,0.004564477500000016,1.8038971665800085
first_repeat_144,sonnet,0.05,Weighted global,threshold,0.8,0.2249999999999991,-0.044369999999999785,0.22383333333332833,0.0011666666666666622,0.0032912793333332822,2.764699922497729
first_repeat_144,lite,0.05,Weighted global,threshold,0.8,0.2249999999999991,-0.044369999999999785,0.22499999999999976,0.0,0.0010023180916666746,1.1093789525435152
first_repeat_144,luna,0.05,Weighted global,threshold,0.8,0.2249999999999991,-0.044369999999999785,0.21208333333333407,0.012916666666666621,0.00017497788333333225,1.6296418975610019
first_repeat_144,qwen_local,0.05,Weighted global,threshold,0.8,0.2249999999999991,-0.044369999999999785,0.22033333333333538,0.004666666666666637,0.0,30.150532180029074
first_repeat_144,baseline,0.05,Weighted global,threshold,0.9,0.16666666666666574,-0.03699999999999994,0.11388888888888493,0.052777777777780865,6.525000000000129e-05,0.28742887293919406
first_repeat_144,opus,0.05,Weighted global,threshold,0.9,0.16666666666666574,-0.03699999999999994,0.16666666666666574,0.0,0.0029177777777777917,1.1884295435260297
first_repeat_144,pro,0.05,Weighted global,threshold,0.9,0.16666666666666574,-0.03699999999999994,0.16666666666666574,0.0,0.004970094444444344,2.7929817621241426
first_repeat_144,astra,0.05,Weighted global,threshold,0.9,0.16666666666666574,-0.03699999999999994,0.16666666666666574,0.0,0.003866416666666754,1.5936802309303735
first_repeat_144,sonnet,0.05,Weighted global,threshold,0.9,0.16666666666666574,-0.03699999999999994,0.16388888888889064,0.002777777777777768,0.0026799722222222953,2.227501476601301
first_repeat_144,lite,0.05,Weighted global,threshold,0.9,0.16666666666666574,-0.03699999999999994,0.1666666666666684,0.0,0.0007568391666666675,0.8295538421274098
first_repeat_144,luna,0.05,Weighted global,threshold,0.9,0.16666666666666574,-0.03699999999999994,0.16666666666666763,0.0,0.00012676277777778065,1.1323103340549538
first_repeat_144,qwen_local,0.05,Weighted global,threshold,0.9,0.16666666666666574,-0.03699999999999994,0.1555555555555571,0.011111111111111049,0.0,22.40787956054298
first_repeat_144,baseline,0.05,Weighted global,equal_call_budget,0.0,0.0,0.0,0.0,0.0,0.0,0.0
first_repeat_144,opus,0.05,Weighted global,equal_call_budget,0.0,0.0,0.0,0.0,0.0,0.0,0.0
first_repeat_144,pro,0.05,Weighted global,equal_call_budget,0.0,0.0,0.0,0.0,0.0,0.0,0.0
first_repeat_144,astra,0.05,Weighted global,equal_call_budget,0.0,0.0,0.0,0.0,0.0,0.0,0.0
first_repeat_144,sonnet,0.05,Weighted global,equal_call_budget,0.0,0.0,0.0,0.0,0.0,0.0,0.0
first_repeat_144,lite,0.05,Weighted global,equal_call_budget,0.0,0.0,0.0,0.0,0.0,0.0,0.0
first_repeat_144,luna,0.05,Weighted global,equal_call_budget,0.0,0.0,0.0,0.0,0.0,0.0,0.0
first_repeat_144,qwen_local,0.05,Weighted global,equal_call_budget,0.0,0.0,0.0,0.0,0.0,0.0,0.0
first_repeat_144,baseline,0.05,Weighted global,equal_call_budget,0.1,0.0,0.0,0.0,0.0,0.0,0.0
first_repeat_144,opus,0.05,Weighted global,equal_call_budget,0.1,0.0,0.0,0.0,0.0,0.0,0.0
first_repeat_144,pro,0.05,Weighted global,equal_call_budget,0.1,0.0,0.0,0.0,0.0,0.0,0.0
first_repeat_144,astra,0.05,Weighted global,equal_call_budget,0.1,0.0,0.0,0.0,0.0,0.0,0.0
first_repeat_144,sonnet,0.05,Weighted global,equal_call_budget,0.1,0.0,0.0,0.0,0.0,0.0,0.0
first_repeat_144,lite,0.05,Weighted global,equal_call_budget,0.1,0.0,0.0,0.0,0.0,0.0,0.0
first_repeat_144,luna,0.05,Weighted global,equal_call_budget,0.1,0.0,0.0,0.0,0.0,0.0,0.0
first_repeat_144,qwen_local,0.05,Weighted global,equal_call_budget,0.1,0.0,0.0,0.0,0.0,0.0,0.0
first_repeat_144,baseline,0.05,Weighted global,equal_call_budget,0.2,0.0,0.0,0.0,0.0,0.0,0.0
first_repeat_144,opus,0.05,Weighted global,equal_call_budget,0.2,0.0,0.0,0.0,0.0,0.0,0.0
first_repeat_144,pro,0.05,Weighted global,equal_call_budget,0.2,0.0,0.0,0.0,0.0,0.0,0.0
first_repeat_144,astra,0.05,Weighted global,equal_call_budget,0.2,0.0,0.0,0.0,0.0,0.0,0.0
first_repeat_144,sonnet,0.05,Weighted global,equal_call_budget,0.2,0.0,0.0,0.0,0.0,0.0,0.0
first_repeat_144,lite,0.05,Weighted global,equal_call_budget,0.2,0.0,0.0,0.0,0.0,0.0,0.0
first_repeat_144,luna,0.05,Weighted global,equal_call_budget,0.2,0.0,0.0,0.0,0.0,0.0,0.0
first_repeat_144,qwen_local,0.05,Weighted global,equal_call_budget,0.2,0.0,0.0,0.0,0.0,0.0,0.0
first_repeat_144,baseline,0.05,Weighted global,equal_call_budget,0.3,0.0,0.0,0.0,0.0,0.0,0.0
first_repeat_144,opus,0.05,Weighted global,equal_call_budget,0.3,0.0,0.0,0.0,0.0,0.0,0.0
first_repeat_144,pro,0.05,Weighted global,equal_call_budget,0.3,0.0,0.0,0.0,0.0,0.0,0.0
first_repeat_144,astra,0.05,Weighted global,equal_call_budget,0.3,0.0,0.0,0.0,0.0,0.0,0.0
first_repeat_144,sonnet,0.05,Weighted global,equal_call_budget,0.3,0.0,0.0,0.0,0.0,0.0,0.0
first_repeat_144,lite,0.05,Weighted global,equal_call_budget,0.3,0.0,0.0,0.0,0.0,0.0,0.0
first_repeat_144,luna,0.05,Weighted global,equal_call_budget,0.3,0.0,0.0,0.0,0.0,0.0,0.0
first_repeat_144,qwen_local,0.05,Weighted global,equal_call_budget,0.3,0.0,0.0,0.0,0.0,0.0,0.0
first_repeat_144,baseline,0.05,Weighted global,equal_call_budget,0.4,0.0,0.0,0.0,0.0,0.0,0.0
first_repeat_144,opus,0.05,Weighted global,equal_call_budget,0.4,0.0,0.0,0.0,0.0,0.0,0.0
first_repeat_144,pro,0.05,Weighted global,equal_call_budget,0.4,0.0,0.0,0.0,0.0,0.0,0.0
first_repeat_144,astra,0.05,Weighted global,equal_call_budget,0.4,0.0,0.0,0.0,0.0,0.0,0.0
first_repeat_144,sonnet,0.05,Weighted global,equal_call_budget,0.4,0.0,0.0,0.0,0.0,0.0,0.0
first_repeat_144,lite,0.05,Weighted global,equal_call_budget,0.4,0.0,0.0,0.0,0.0,0.0,0.0
first_repeat_144,luna,0.05,Weighted global,equal_call_budget,0.4,0.0,0.0,0.0,0.0,0.0,0.0
first_repeat_144,qwen_local,0.05,Weighted global,equal_call_budget,0.4,0.0,0.0,0.0,0.0,0.0,0.0
first_repeat_144,baseline,0.05,Weighted global,equal_call_budget,0.5,0.0,0.0,0.0,0.0,0.0,0.0
first_repeat_144,opus,0.05,Weighted global,equal_call_budget,0.5,0.0,0.0,0.0,0.0,0.0,0.0
first_repeat_144,pro,0.05,Weighted global,equal_call_budget,0.5,0.0,0.0,0.0,0.0,0.0,0.0
first_repeat_144,astra,0.05,Weighted global,equal_call_budget,0.5,0.0,0.0,0.0,0.0,0.0,0.0
first_repeat_144,sonnet,0.05,Weighted global,equal_call_budget,0.5,0.0,0.0,0.0,0.0,0.0,0.0
first_repeat_144,lite,0.05,Weighted global,equal_call_budget,0.5,0.0,0.0,0.0,0.0,0.0,0.0
first_repeat_144,luna,0.05,Weighted global,equal_call_budget,0.5,0.0,0.0,0.0,0.0,0.0,0.0
first_repeat_144,qwen_local,0.05,Weighted global,equal_call_budget,0.5,0.0,0.0,0.0,0.0,0.0,0.0
first_repeat_144,baseline,0.05,Weighted global,equal_call_budget,0.6,0.0,0.0,0.0,0.0,0.0,0.0
first_repeat_144,opus,0.05,Weighted global,equal_call_budget,0.6,0.0,0.0,0.0,0.0,0.0,0.0
first_repeat_144,pro,0.05,Weighted global,equal_call_budget,0.6,0.0,0.0,0.0,0.0,0.0,0.0
first_repeat_144,astra,0.05,Weighted global,equal_call_budget,0.6,0.0,0.0,0.0,0.0,0.0,0.0
first_repeat_144,sonnet,0.05,Weighted global,equal_call_budget,0.6,0.0,0.0,0.0,0.0,0.0,0.0
first_repeat_144,lite,0.05,Weighted global,equal_call_budget,0.6,0.0,0.0,0.0,0.0,0.0,0.0
first_repeat_144,luna,0.05,Weighted global,equal_call_budget,0.6,0.0,0.0,0.0,0.0,0.0,0.0
first_repeat_144,qwen_local,0.05,Weighted global,equal_call_budget,0.6,0.0,0.0,0.0,0.0,0.0,0.0
first_repeat_144,baseline,0.05,Weighted global,equal_call_budget,0.7,0.0,0.0,0.0,0.0,0.0,0.0
first_repeat_144,opus,0.05,Weighted global,equal_call_budget,0.7,0.0,0.0,0.0,0.0,0.0,0.0
first_repeat_144,pro,0.05,Weighted global,equal_call_budget,0.7,0.0,0.0,0.0,0.0,0.0,0.0
first_repeat_144,astra,0.05,Weighted global,equal_call_budget,0.7,0.0,0.0,0.0,0.0,0.0,0.0
first_repeat_144,sonnet,0.05,Weighted global,equal_call_budget,0.7,0.0,0.0,0.0,0.0,0.0,0.0
first_repeat_144,lite,0.05,Weighted global,equal_call_budget,0.7,0.0,0.0,0.0,0.0,0.0,0.0
first_repeat_144,luna,0.05,Weighted global,equal_call_budget,0.7,0.0,0.0,0.0,0.0,0.0,0.0
first_repeat_144,qwen_local,0.05,Weighted global,equal_call_budget,0.7,0.0,0.0,0.0,0.0,0.0,0.0
first_repeat_144,baseline,0.05,Weighted global,equal_call_budget,0.8,0.0,0.0,0.0,0.0,0.0,0.0
first_repeat_144,opus,0.05,Weighted global,equal_call_budget,0.8,0.0,0.0,0.0,0.0,0.0,0.0
first_repeat_144,pro,0.05,Weighted global,equal_call_budget,0.8,0.0,0.0,0.0,0.0,0.0,0.0
first_repeat_144,astra,0.05,Weighted global,equal_call_budget,0.8,0.0,0.0,0.0,0.0,0.0,0.0
first_repeat_144,sonnet,0.05,Weighted global,equal_call_budget,0.8,0.0,0.0,0.0,0.0,0.0,0.0
first_repeat_144,lite,0.05,Weighted global,equal_call_budget,0.8,0.0,0.0,0.0,0.0,0.0,0.0
first_repeat_144,luna,0.05,Weighted global,equal_call_budget,0.8,0.0,0.0,0.0,0.0,0.0,0.0
first_repeat_144,qwen_local,0.05,Weighted global,equal_call_budget,0.8,0.0,0.0,0.0,0.0,0.0,0.0
first_repeat_144,baseline,0.05,Weighted global,equal_call_budget,0.9,0.0,0.0,0.0,0.0,0.0,0.0
first_repeat_144,opus,0.05,Weighted global,equal_call_budget,0.9,0.0,0.0,0.0,0.0,0.0,0.0
first_repeat_144,pro,0.05,Weighted global,equal_call_budget,0.9,0.0,0.0,0.0,0.0,0.0,0.0
first_repeat_144,astra,0.05,Weighted global,equal_call_budget,0.9,0.0,0.0,0.0,0.0,0.0,0.0
first_repeat_144,sonnet,0.05,Weighted global,equal_call_budget,0.9,0.0,0.0,0.0,0.0,0.0,0.0
first_repeat_144,lite,0.05,Weighted global,equal_call_budget,0.9,0.0,0.0,0.0,0.0,0.0,0.0
first_repeat_144,luna,0.05,Weighted global,equal_call_budget,0.9,0.0,0.0,0.0,0.0,0.0,0.0
first_repeat_144,qwen_local,0.05,Weighted global,equal_call_budget,0.9,0.0,0.0,0.0,0.0,0.0,0.0
first_repeat_144,baseline,0.05,Weighted global,equal_call_budget,1.0,0.0,0.0,0.0,0.0,0.0,0.0
first_repeat_144,opus,0.05,Weighted global,equal_call_budget,1.0,0.0,0.0,0.0,0.0,0.0,0.0
first_repeat_144,pro,0.05,Weighted global,equal_call_budget,1.0,0.0,0.0,0.0,0.0,0.0,0.0
first_repeat_144,astra,0.05,Weighted global,equal_call_budget,1.0,0.0,0.0,0.0,0.0,0.0,0.0
first_repeat_144,sonnet,0.05,Weighted global,equal_call_budget,1.0,0.0,0.0,0.0,0.0,0.0,0.0
first_repeat_144,lite,0.05,Weighted global,equal_call_budget,1.0,0.0,0.0,0.0,0.0,0.0,0.0
first_repeat_144,luna,0.05,Weighted global,equal_call_budget,1.0,0.0,0.0,0.0,0.0,0.0,0.0
first_repeat_144,qwen_local,0.05,Weighted global,equal_call_budget,1.0,0.0,0.0,0.0,0.0,0.0,0.0
first_repeat_144,baseline,0.05,Weighted regime,threshold,0.4,0.008333333333333333,-0.0043199999999998795,0.005347222222222221,0.0029861111111111113,3.2879500000000004e-06,0.013907835340673852
first_repeat_144,opus,0.05,Weighted regime,threshold,0.4,0.008333333333333333,-0.0043199999999998795,0.008333333333333333,0.0,0.00013393270833333336,0.05359031242936099
first_repeat_144,pro,0.05,Weighted regime,threshold,0.4,0.008333333333333333,-0.0043199999999998795,0.008333333333333333,0.0,0.00020030024999999997,0.11505684509670633
first_repeat_144,astra,0.05,Weighted regime,threshold,0.4,0.008333333333333333,-0.0043199999999998795,0.008333333333333333,0.0,0.00016486065972222218,0.06433784647054079
first_repeat_144,sonnet,0.05,Weighted regime,threshold,0.4,0.008333333333333333,-0.0043199999999998795,0.008333333333333333,0.0,7.195211111111111e-05,0.05764764677108421
first_repeat_144,lite,0.05,Weighted regime,threshold,0.4,0.008333333333333333,-0.0043199999999998795,0.008277777777777778,5.55555555555555e-05,3.5082172222222215e-05,0.040379137092496326
first_repeat_144,luna,0.05,Weighted regime,threshold,0.4,0.008333333333333333,-0.0043199999999998795,0.008333333333333333,0.0,6.452399305555556e-06,0.05931444931958038
first_repeat_144,qwen_local,0.05,Weighted regime,threshold,0.4,0.008333333333333333,-0.0043199999999998795,0.008333333333333333,0.0,0.0,1.0576536594263808
first_repeat_144,baseline,0.05,Weighted regime,threshold,0.6,0.19583333333333316,-0.09684500000000124,0.1284583333333331,0.06737500000000012,7.613328333333273e-05,0.31976915384781746
first_repeat_144,opus,0.05,Weighted regime,threshold,0.6,0.19583333333333316,-0.09684500000000124,0.19583333333333316,0.0,0.003187471944444452,1.2877193235167321
first_repeat_144,pro,0.05,Weighted regime,threshold,0.6,0.19583333333333316,-0.09684500000000124,0.19583333333333316,0.0,0.004796715666666638,2.7345379197868387
first_repeat_144,astra,0.05,Weighted regime,threshold,0.6,0.19583333333333316,-0.09684500000000124,0.19583333333333316,0.0,0.003870162986111119,1.501792760808279
first_repeat_144,sonnet,0.05,Weighted regime,threshold,0.6,0.19583333333333316,-0.09684500000000124,0.19577777777777758,5.5555555555555355e-05,0.0017392239166666836,1.39803501012158
first_repeat_144,lite,0.05,Weighted regime,threshold,0.6,0.19583333333333316,-0.09684500000000124,0.19405555555555598,0.001777777777777786,0.0008334632611111096,0.9501415946616157
first_repeat_144,luna,0.05,Weighted regime,threshold,0.6,0.19583333333333316,-0.09684500000000124,0.19583333333333316,0.0,0.0001557329486111116,1.4290997900219036
first_repeat_144,qwen_local,0.05,Weighted regime,threshold,0.6,0.19583333333333316,-0.09684500000000124,0.19361111111111082,0.002222222222222236,0.0,25.01587245173765
first_repeat_144,baseline,0.05,Weighted regime,threshold,0.7,0.15750000000000108,-0.05778500000000002,0.10508333333333125,0.05241666666666739,5.871558333333366e-05,0.25654311684690734
first_repeat_144,opus,0.05,Weighted regime,threshold,0.7,0.15750000000000108,-0.05778500000000002,0.15750000000000108,0.0,0.0029181377083332977,1.236464632469172
first_repeat_144,pro,0.05,Weighted regime,threshold,0.7,0.15750000000000108,-0.05778500000000002,0.15750000000000108,0.0,0.004496472166666609,2.560311145342067
first_repeat_144,astra,0.05,Weighted regime,threshold,0.7,0.15750000000000108,-0.05778500000000002,0.15750000000000108,0.0,0.003125365416666616,1.211964428531263
first_repeat_144,sonnet,0.05,Weighted regime,threshold,0.7,0.15750000000000108,-0.05778500000000002,0.15763888888889172,-0.00013888888888888848,0.0017167538333333716,1.4128064041527768
first_repeat_144,lite,0.05,Weighted regime,threshold,0.7,0.15750000000000108,-0.05778500000000002,0.14649999999999963,0.010999999999999939,0.0006669758513888962,0.7258790900972447
first_repeat_144,luna,0.05,Weighted regime,threshold,0.7,0.15750000000000108,-0.05778500000000002,0.15743055555555674,6.94444444444442e-05,0.0001328209361111127,1.236848910901672
first_repeat_144,qwen_local,0.05,Weighted regime,threshold,0.7,0.15750000000000108,-0.05778500000000002,0.14594444444444377,0.011555555555555562,0.0,22.279386109907136
first_repeat_144,baseline,0.05,Weighted regime,threshold,0.8,0.16999999999999937,-0.03545999999999983,0.11088888888889042,0.05911111111111092,6.606522222222247e-05,0.28679383676896086
first_repeat_144,opus,0.05,Weighted regime,threshold,0.8,0.16999999999999937,-0.03545999999999983,0.16999999999999937,0.0,0.002926421944444431,1.180546807108236
first_repeat_144,pro,0.05,Weighted regime,threshold,0.8,0.16999999999999937,-0.03545999999999983,0.16999999999999937,0.0,0.0049726491111111056,2.826386765837526
first_repeat_144,astra,0.05,Weighted regime,threshold,0.8,0.16999999999999937,-0.03545999999999983,0.16999999999999937,0.0,0.003676035000000048,1.4835355181652279
first_repeat_144,sonnet,0.05,Weighted regime,threshold,0.8,0.16999999999999937,-0.03545999999999983,0.16822222222222072,0.0017777777777777714,0.0026000882222221924,2.1729952836093096
first_repeat_144,lite,0.05,Weighted regime,threshold,0.8,0.16999999999999937,-0.03545999999999983,0.16999999999999915,0.0,0.0007640430277777843,0.8418469415024039
first_repeat_144,luna,0.05,Weighted regime,threshold,0.8,0.16999999999999937,-0.03545999999999983,0.16472222222222233,0.005277777777777759,0.00013087038888888848,1.1962347339650732
first_repeat_144,qwen_local,0.05,Weighted regime,threshold,0.8,0.16999999999999937,-0.03545999999999983,0.16288888888888986,0.007111111111111066,0.0,22.815133940842657
first_repeat_144,baseline,0.05,Weighted regime,threshold,0.9,0.16333333333333255,-0.03637999999999994,0.11188888888888504,0.05144444444444746,6.397077777777908e-05,0.2820162751450952
first_repeat_144,opus,0.05,Weighted regime,threshold,0.9,0.16333333333333255,-0.03637999999999994,0.16333333333333255,0.0,0.002862038611111126,1.1663268119864725
first_repeat_144,pro,0.05,Weighted regime,threshold,0.9,0.16333333333333255,-0.03637999999999994,0.16333333333333255,0.0,0.004875789777777681,2.738303949593716
first_repeat_144,astra,0.05,Weighted regime,threshold,0.9,0.16333333333333255,-0.03637999999999994,0.16333333333333255,0.0,0.003803178333333424,1.5692812745951201
first_repeat_144,sonnet,0.05,Weighted regime,threshold,0.9,0.16333333333333255,-0.03637999999999994,0.16055555555555734,0.002777777777777768,0.002633398222222293,2.1881649324652734
first_repeat_144,lite,0.05,Weighted regime,threshold,0.9,0.16333333333333255,-0.03637999999999994,0.16333333333333477,0.0,0.0007421199055555557,0.8131889746252594
first_repeat_144,luna,0.05,Weighted regime,threshold,0.9,0.16333333333333255,-0.03637999999999994,0.16361111111111204,-0.0002777777777777761,0.00012414476666666957,1.1074915908881167
first_repeat_144,qwen_local,0.05,Weighted regime,threshold,0.9,0.16333333333333255,-0.03637999999999994,0.15222222222222348,0.011111111111111049,0.0,21.96187476990643
first_repeat_144,baseline,0.05,Weighted regime,equal_call_budget,0.0,0.0,0.0,0.0,0.0,0.0,0.0
first_repeat_144,opus,0.05,Weighted regime,equal_call_budget,0.0,0.0,0.0,0.0,0.0,0.0,0.0
first_repeat_144,pro,0.05,Weighted regime,equal_call_budget,0.0,0.0,0.0,0.0,0.0,0.0,0.0
first_repeat_144,astra,0.05,Weighted regime,equal_call_budget,0.0,0.0,0.0,0.0,0.0,0.0,0.0
first_repeat_144,sonnet,0.05,Weighted regime,equal_call_budget,0.0,0.0,0.0,0.0,0.0,0.0,0.0
first_repeat_144,lite,0.05,Weighted regime,equal_call_budget,0.0,0.0,0.0,0.0,0.0,0.0,0.0
first_repeat_144,luna,0.05,Weighted regime,equal_call_budget,0.0,0.0,0.0,0.0,0.0,0.0,0.0
first_repeat_144,qwen_local,0.05,Weighted regime,equal_call_budget,0.0,0.0,0.0,0.0,0.0,0.0,0.0
first_repeat_144,baseline,0.05,Weighted regime,equal_call_budget,0.1,0.0,-0.002537999999999374,0.0058749999999999705,-0.005874999999999825,-1.4762700000000908e-06,-0.01867775817016995
first_repeat_144,opus,0.05,Weighted regime,equal_call_budget,0.1,0.0,-0.002537999999999374,0.0,0.0,-0.00013765712500000168,-0.06260230790206578
first_repeat_144,pro,0.05,Weighted regime,equal_call_budget,0.1,0.0,-0.002537999999999374,0.0,0.0,-0.00020945315000000554,-0.16278168273211024
first_repeat_144,astra,0.05,Weighted regime,equal_call_budget,0.1,0.0,-0.002537999999999374,0.0,0.0,-1.9005624999983949e-06,-0.016187453043794764
first_repeat_144,sonnet,0.05,Weighted regime,equal_call_budget,0.1,0.0,-0.002537999999999374,0.0,0.0,-0.00020756609999999815,-0.18667403942577399
first_repeat_144,lite,0.05,Weighted regime,equal_call_budget,0.1,0.0,-0.002537999999999374,0.004699999999999829,-0.004699999999999998,1.883242999999908e-05,0.024332582673476433
first_repeat_144,luna,0.05,Weighted regime,equal_call_budget,0.1,0.0,-0.002537999999999374,0.0,0.0,6.291243749999566e-06,0.041482119532271766
first_repeat_144,qwen_local,0.05,Weighted regime,equal_call_budget,0.1,0.0,-0.002537999999999374,0.0,0.0,0.0,-0.8501274043709941
first_repeat_144,baseline,0.05,Weighted regime,equal_call_budget,0.2,0.0,-0.0031820000000005733,0.007986111111111499,-0.007986111111111124,-2.0259477777778316e-06,-0.0253049110452781
first_repeat_144,opus,0.05,Weighted regime,equal_call_budget,0.2,0.0,-0.0031820000000005733,0.0,0.0,-0.0001823383472222234,-0.08246465075616016
first_repeat_144,pro,0.05,Weighted regime,equal_call_budget,0.2,0.0,-0.0031820000000005733,0.0,0.0,-0.00027611948333332477,-0.21636710162447015
first_repeat_144,astra,0.05,Weighted regime,equal_call_budget,0.2,0.0,-0.0031820000000005733,0.0,0.0,-2.7248472222254905e-06,-0.022115450979618423
first_repeat_144,sonnet,0.05,Weighted regime,equal_call_budget,0.2,0.0,-0.0031820000000005733,-2.77777777776822e-06,2.7777777777777957e-06,-0.0002753728944444411,-0.24766603707486579
first_repeat_144,lite,0.05,Weighted regime,equal_call_budget,0.2,0.0,-0.0031820000000005733,0.006266666666666393,-0.0062666666666666366,2.560802083333559e-05,0.032611308683691775
first_repeat_144,luna,0.05,Weighted regime,equal_call_budget,0.2,0.0,-0.0031820000000005733,0.0,0.0,8.60086527777767e-06,0.05707564191111092
first_repeat_144,qwen_local,0.05,Weighted regime,equal_call_budget,0.2,0.0,-0.0031820000000005733,-9.999999999998899e-05,9.99999999999994e-05,0.0,-1.1301195727610605
first_repeat_144,baseline,0.05,Weighted regime,equal_call_budget,0.3,0.0,-3.7999999999899226e-05,0.0025694444444437914,-0.002569444444444971,-7.224411111109332e-07,-0.007830853330263454
first_repeat_144,opus,0.05,Weighted regime,equal_call_budget,0.3,0.0,-3.7999999999899226e-05,0.0,0.0,-4.1067763888891044e-05,-0.01684706351431986
first_repeat_144,pro,0.05,Weighted regime,equal_call_budget,0.3,0.0,-3.7999999999899226e-05,0.0,0.0,-5.721218333331474e-05,-0.05155999283732893
first_repeat_144,astra,0.05,Weighted regime,equal_call_budget,0.3,0.0,-3.7999999999899226e-05,0.0,0.0,-1.39657638887139e-06,-0.007524538699494876
first_repeat_144,sonnet,0.05,Weighted regime,equal_call_budget,0.3,0.0,-3.7999999999899226e-05,-1.1111111111128391e-05,1.1111111111111183e-05,-6.366107777777555e-05,-0.0572939511706152
first_repeat_144,lite,0.05,Weighted regime,equal_call_budget,0.3,0.0,-3.7999999999899226e-05,0.0015666666666667717,-0.0015666666666666173,8.269933333332913e-06,0.00878232136739232
first_repeat_144,luna,0.05,Weighted regime,equal_call_budget,0.3,0.0,-3.7999999999899226e-05,0.0,0.0,2.9472423611121338e-06,0.02089196998306564
first_repeat_144,qwen_local,0.05,Weighted regime,equal_call_budget,0.3,0.0,-3.7999999999899226e-05,-0.00039999999999990044,0.0004000000000000001,0.0,-0.26984126918929974
first_repeat_144,baseline,0.05,Weighted regime,equal_call_budget,0.4,0.0,-0.0013379999999992842,0.00045833333333347714,-0.00045833333333342163,-1.4615633333337483e-06,-0.005437729523649737
first_repeat_144,opus,0.05,Weighted regime,equal_call_budget,0.4,0.0,-0.0013379999999992842,5.551115123125783e-17,-4.274358644806853e-17,6.43094583332995e-05,0.042072660340066736
first_repeat_144,pro,0.05,Weighted regime,equal_call_budget,0.4,0.0,-0.0013379999999992842,5.551115123125783e-17,-4.274358644806853e-17,5.405815000004109e-05,0.044705192598665455
first_repeat_144,astra,0.05,Weighted regime,equal_call_budget,0.4,0.0,-0.0013379999999992842,5.551115123125783e-17,-4.274358644806853e-17,-8.296541666688584e-06,0.0002618949527257719
first_repeat_144,sonnet,0.05,Weighted regime,equal_call_budget,0.4,0.0,-0.0013379999999992842,0.0008916666666662909,-0.0008916666666667153,-0.0003078608833333588,-0.2679342929080608
first_repeat_144,lite,0.05,Weighted regime,equal_call_budget,0.4,0.0,-0.0013379999999992842,-0.0035999999999981047,0.003599999999999954,-1.8462887499997443e-05,-0.020790376217830087
first_repeat_144,luna,0.05,Weighted regime,equal_call_budget,0.4,0.0,-0.0013379999999992842,5.551115123125783e-17,-4.274358644806853e-17,5.178795833334017e-06,0.0582142695731922
first_repeat_144,qwen_local,0.05,Weighted regime,equal_call_budget,0.4,0.0,-0.0013379999999992842,-0.0039000000000000146,0.0038999999999999933,0.0,0.8487197174627639
first_repeat_144,baseline,0.05,Weighted regime,equal_call_budget,0.5,0.0,-0.004860000000000114,0.0,0.0,-3.221999999999828e-06,-0.01058507267124098
first_repeat_144,opus,0.05,Weighted regime,equal_call_budget,0.5,0.0,-0.004860000000000114,0.0,-8.881784197001253e-17,0.0001517399999999957,0.09764345250074058
first_repeat_144,pro,0.05,Weighted regime,equal_call_budget,0.5,0.0,-0.004860000000000114,0.0,-8.881784197001253e-17,0.00011150999999997267,0.10669941635912394
first_repeat_144,astra,0.05,Weighted regime,equal_call_budget,0.5,0.0,-0.004860000000000114,0.0,-8.881784197001253e-17,-1.9310625000058465e-05,0.004646089291029387
first_repeat_144,sonnet,0.05,Weighted regime,equal_call_budget,0.5,0.0,-0.004860000000000114,0.0022500000000010845,-0.002250000000000081,-0.0007800164999999994,-0.6790808484663238
first_repeat_144,lite,0.05,Weighted regime,equal_call_budget,0.5,0.0,-0.004860000000000114,-0.009000000000002395,0.008999999999999966,-4.98930749999898e-05,-0.05323492893750137
first_repeat_144,luna,0.05,Weighted regime,equal_call_budget,0.5,0.0,-0.004860000000000114,0.0,-8.881784197001253e-17,1.1352937500001467e-05,0.1322895549223686
first_repeat_144,qwen_local,0.05,Weighted regime,equal_call_budget,0.5,0.0,-0.004860000000000114,-0.00899999999999912,0.008999999999999968,0.0,2.0964220456545632
first_repeat_144,baseline,0.05,Weighted regime,equal_call_budget,0.6,0.0,-0.0018299999999999983,1.666666666666483e-05,-1.6666666666581564e-05,-1.2955333333327182e-06,-0.00422016932385838
first_repeat_144,opus,0.05,Weighted regime,equal_call_budget,0.6,0.0,-0.0018299999999999983,0.0,0.0,6.085758333335481e-05,0.03909464045311051
first_repeat_144,pro,0.05,Weighted regime,equal_call_budget,0.6,0.0,-0.0018299999999999983,0.0,0.0,4.6864333333399705e-05,0.04408991190518741
first_repeat_144,astra,0.05,Weighted regime,equal_call_budget,0.6,0.0,-0.0018299999999999983,0.0,0.0,-4.344875000011558e-06,0.003866570196440655
first_repeat_144,sonnet,0.05,Weighted regime,equal_call_budget,0.6,0.0,-0.0018299999999999983,0.0008999999999970143,-0.0008999999999999607,-0.00031294563333329143,-0.2725701500638209
first_repeat_144,lite,0.05,Weighted regime,equal_call_budget,0.6,0.0,-0.0018299999999999983,-0.0036000000000001586,0.0035999999999999782,-2.0043843333318948e-05,-0.02134164915770498
first_repeat_144,luna,0.05,Weighted regime,equal_call_budget,0.6,0.0,-0.0018299999999999983,0.0,0.0,4.547015833332999e-06,0.05288490998713957
first_repeat_144,qwen_local,0.05,Weighted regime,equal_call_budget,0.6,0.0,-0.0018299999999999983,-0.00366666666666704,0.003666666666666747,0.0,0.8483967878302678
first_repeat_144,baseline,0.05,Weighted regime,equal_call_budget,0.7,0.0,-0.0006579999999998254,0.0018972222222230495,-0.0018972222222225499,1.6502222222215942e-07,0.002286342396151886
first_repeat_144,opus,0.05,Weighted regime,equal_call_budget,0.7,0.0,-0.0006579999999998254,0.0,-7.382983113757291e-17,1.7876069444453663e-05,0.0112942297544123
first_repeat_144,pro,0.05,Weighted regime,equal_call_budget,0.7,0.0,-0.0006579999999998254,0.0,-7.382983113757291e-17,3.7420027777755605e-05,0.009857497121743108
first_repeat_144,astra,0.05,Weighted regime,equal_call_budget,0.7,0.0,-0.0006579999999998254,0.0,-7.382983113757291e-17,9.961333333333502e-05,0.05313138855266253
first_repeat_144,sonnet,0.05,Weighted regime,equal_call_budget,0.7,0.0,-0.0006579999999998254,-0.00037499999999912603,0.0003749999999999097,4.616970555554496e-05,0.03394061218667588
first_repeat_144,lite,0.05,Weighted regime,equal_call_budget,0.7,0.0,-0.0006579999999998254,0.0,-1.734723475976807e-17,2.7027905555648477e-06,0.0014633429374102391
first_repeat_144,luna,0.05,Weighted regime,equal_call_budget,0.7,0.0,-0.0006579999999998254,0.001875000000000293,-0.0018750000000000672,-5.508122222220831e-07,-0.014705837254505028
first_repeat_144,qwen_local,0.05,Weighted regime,equal_call_budget,0.7,0.0,-0.0006579999999998254,-0.0015888888888870856,0.0015888888888888186,0.0,0.027635363301186544
first_repeat_144,baseline,0.05,Weighted regime,equal_call_budget,0.8,0.0,-0.00320199999999992,0.007505555555556986,-0.007505555555556376,6.937555555559067e-07,0.0090760708613844
first_repeat_144,opus,0.05,Weighted regime,equal_call_budget,0.8,0.0,-0.00320199999999992,0.0,0.0,7.069636111109445e-05,0.04499062175361157
first_repeat_144,pro,0.05,Weighted regime,equal_call_budget,0.8,0.0,-0.00320199999999992,0.0,0.0,0.000138378444444507,0.032379261679338356
first_repeat_144,astra,0.05,Weighted regime,equal_call_budget,0.8,0.0,-0.00320199999999992,0.0,0.0,0.00038155645833333127,0.202484881810574
first_repeat_144,sonnet,0.05,Weighted regime,equal_call_budget,0.8,0.0,-0.00320199999999992,-0.0014999999999990576,0.00150000000000001,0.0001893739888888541,0.14045150213296864
first_repeat_144,lite,0.05,Weighted regime,equal_call_budget,0.8,0.0,-0.00320199999999992,0.0,0.0,1.1244228888877567e-05,0.00609175966315334
first_repeat_144,luna,0.05,Weighted regime,equal_call_budget,0.8,0.0,-0.00320199999999992,0.007499999999998952,-0.007499999999999988,-2.232453055554134e-06,-0.05866878910887774
first_repeat_144,qwen_local,0.05,Weighted regime,equal_call_budget,0.8,0.0,-0.00320199999999992,-0.006022222222222928,0.006022222222222222,0.0,0.0614016053623061
first_repeat_144,baseline,0.05,Weighted regime,equal_call_budget,0.9,0.0,-0.0024299999999998663,0.005624999999997882,-0.00562499999999988,5.220000000007922e-07,0.006803588209880029
first_repeat_144,opus,0.05,Weighted regime,equal_call_budget,0.9,0.0,-0.0024299999999998663,0.0,7.494005416219807e-17,5.298187500002785e-05,0.03373365145200413
first_repeat_144,pro,0.05,Weighted regime,equal_call_budget,0.9,0.0,-0.0024299999999998663,0.0,7.494005416219807e-17,0.00010321874999999828,0.02393190991907801
first_repeat_144,astra,0.05,Weighted regime,equal_call_budget,0.9,0.0,-0.0024299999999998663,0.0,7.494005416219807e-17,0.0002853225000000528,0.15136162773791728
first_repeat_144,sonnet,0.05,Weighted regime,equal_call_budget,0.9,0.0,-0.0024299999999998663,-0.0011249999999992655,0.0011250000000000262,0.00014226524999997638,0.10557307926899817
first_repeat_144,lite,0.05,Weighted regime,equal_call_budget,0.9,0.0,-0.0024299999999998663,0.0,1.734723475976807e-17,8.45482500002031e-06,0.004580739143046131
first_repeat_144,luna,0.05,Weighted regime,equal_call_budget,0.9,0.0,-0.0024299999999998663,0.005624999999999658,-0.00562499999999992,-1.6757999999997579e-06,-0.04399386383619497
first_repeat_144,qwen_local,0.05,Weighted regime,equal_call_budget,0.9,0.0,-0.0024299999999998663,-0.004500000000003279,0.004500000000000028,0.0,0.04359421162953936
first_repeat_144,baseline,0.05,Weighted regime,equal_call_budget,1.0,0.0,0.0,0.0,0.0,0.0,0.0
first_repeat_144,opus,0.05,Weighted regime,equal_call_budget,1.0,0.0,0.0,0.0,0.0,0.0,0.0
first_repeat_144,pro,0.05,Weighted regime,equal_call_budget,1.0,0.0,0.0,0.0,0.0,0.0,0.0
first_repeat_144,astra,0.05,Weighted regime,equal_call_budget,1.0,0.0,0.0,0.0,0.0,0.0,0.0
first_repeat_144,sonnet,0.05,Weighted regime,equal_call_budget,1.0,0.0,0.0,0.0,0.0,0.0,0.0
first_repeat_144,lite,0.05,Weighted regime,equal_call_budget,1.0,0.0,0.0,0.0,0.0,0.0,0.0
first_repeat_144,luna,0.05,Weighted regime,equal_call_budget,1.0,0.0,0.0,0.0,0.0,0.0,0.0
first_repeat_144,qwen_local,0.05,Weighted regime,equal_call_budget,1.0,0.0,0.0,0.0,0.0,0.0,0.0
first_repeat_144,baseline,0.2,Context cells,threshold,0.4,0.032666666666666705,-0.018620000000000025,0.02177777777777778,0.010888888888888898,1.2858688888888889e-05,0.05330049498819025
first_repeat_144,opus,0.2,Context cells,threshold,0.4,0.032666666666666705,-0.018620000000000025,0.032666666666666705,0.0,0.0004863386111111112,0.19345281938628994
first_repeat_144,pro,0.2,Context cells,threshold,0.4,0.032666666666666705,-0.018620000000000025,0.032666666666666705,0.0,0.0006896314444444446,0.40584667237691513
first_repeat_144,astra,0.2,Context cells,threshold,0.4,0.032666666666666705,-0.018620000000000025,0.032666666666666705,0.0,0.0006128743055555553,0.23760098015616585
first_repeat_144,sonnet,0.2,Context cells,threshold,0.4,0.032666666666666705,-0.018620000000000025,0.032666666666666705,0.0,0.0002604132222222223,0.20598792418968168
first_repeat_144,lite,0.2,Context cells,threshold,0.4,0.032666666666666705,-0.018620000000000025,0.032666666666666705,0.0,0.0001393159833333334,0.1614321683811982
first_repeat_144,luna,0.2,Context cells,threshold,0.4,0.032666666666666705,-0.018620000000000025,0.032666666666666705,0.0,2.5715608333333343e-05,0.24065039976167538
first_repeat_144,qwen_local,0.2,Context cells,threshold,0.4,0.032666666666666705,-0.018620000000000025,0.032666666666666705,0.0,0.0,3.9667662932558105
first_repeat_144,baseline,0.2,Context cells,threshold,0.6,0.23433333333333298,-0.11773000000000111,0.15994444444444406,0.07438888888888905,8.994995555555538e-05,0.3789976123388814
first_repeat_144,opus,0.2,Context cells,threshold,0.6,0.23433333333333298,-0.11773000000000111,0.23433333333333298,0.0,0.003944559305555532,1.632300932265144
first_repeat_144,pro,0.2,Context cells,threshold,0.6,0.23433333333333298,-0.11773000000000111,0.23433333333333298,0.0,0.0054687386111110904,3.1581786307843545
first_repeat_144,astra,0.2,Context cells,threshold,0.6,0.23433333333333298,-0.11773000000000111,0.23433333333333298,0.0,0.004428875902777771,1.6921449969164217
first_repeat_144,sonnet,0.2,Context cells,threshold,0.6,0.23433333333333298,-0.11773000000000111,0.23433333333333298,0.0,0.0024331665000000002,1.9928651483286821
first_repeat_144,lite,0.2,Context cells,threshold,0.6,0.23433333333333298,-0.11773000000000111,0.22594444444444545,0.008388888888888881,0.0010065037722222217,1.1330684878225195
first_repeat_144,luna,0.2,Context cells,threshold,0.6,0.23433333333333298,-0.11773000000000111,0.23433333333333298,0.0,0.00019315830138888897,1.8097489564793559
first_repeat_144,qwen_local,0.2,Context cells,threshold,0.6,0.23433333333333298,-0.11773000000000111,0.22594444444444337,0.008388888888888911,0.0,30.594984943649052
first_repeat_144,baseline,0.2,Context cells,threshold,0.7,0.11633333333333151,-0.051949999999999635,0.07769444444444373,0.038638888888888834,4.097678888888889e-05,0.18142819795803866
first_repeat_144,opus,0.2,Context cells,threshold,0.7,0.11633333333333151,-0.051949999999999635,0.11633333333333151,0.0,0.002225294999999978,0.9603768247030899
first_repeat_144,pro,0.2,Context cells,threshold,0.7,0.11633333333333151,-0.051949999999999635,0.11633333333333151,0.0,0.0033232016666666364,1.8787477558707808
first_repeat_144,astra,0.2,Context cells,threshold,0.7,0.11633333333333151,-0.051949999999999635,0.11633333333333151,0.0,0.0023186140277777333,0.9019977043026381
first_repeat_144,sonnet,0.2,Context cells,threshold,0.7,0.11633333333333151,-0.051949999999999635,0.11911111111111056,-0.002777777777777768,0.0012013105000000116,1.009531726566257
first_repeat_144,lite,0.2,Context cells,threshold,0.7,0.11633333333333151,-0.051949999999999635,0.10522222222222266,0.011111111111111049,0.0004725842611111204,0.5143487884862856
first_repeat_144,luna,0.2,Context cells,threshold,0.7,0.11633333333333151,-0.051949999999999635,0.11633333333333151,0.0,9.969499166666816e-05,0.9283558297384444
first_repeat_144,qwen_local,0.2,Context cells,threshold,0.7,0.11633333333333151,-0.051949999999999635,0.10338888888888842,0.01294444444444444,0.0,16.63466604334944
first_repeat_144,baseline,0.2,Context cells,threshold,0.8,0.18616666666666792,-0.04792999999999985,0.11694444444444446,0.0692222222222216,7.061379444444341e-05,0.30849700877098174
first_repeat_144,opus,0.2,Context cells,threshold,0.8,0.18616666666666792,-0.04792999999999985,0.18616666666666792,0.0,0.003301735069444492,1.326706232878749
first_repeat_144,pro,0.2,Context cells,threshold,0.8,0.18616666666666792,-0.04792999999999985,0.18616666666666792,0.0,0.005721592638888873,3.2482932020106485
first_repeat_144,astra,0.2,Context cells,threshold,0.8,0.18616666666666792,-0.04792999999999985,0.18616666666666792,0.0,0.004208892430555606,1.7059356115499842
first_repeat_144,sonnet,0.2,Context cells,threshold,0.8,0.18616666666666792,-0.04792999999999985,0.18622222222221863,-5.555555555555522e-05,0.0033263934722221958,2.816202069367562
first_repeat_144,lite,0.2,Context cells,threshold,0.8,0.18616666666666792,-0.04792999999999985,0.1861666666666637,0.0,0.0008032169361111056,0.8958213258620868
first_repeat_144,luna,0.2,Context cells,threshold,0.8,0.18616666666666792,-0.04792999999999985,0.17899999999999783,0.0071666666666666415,0.00014508658472222203,1.3226049471846162
first_repeat_144,qwen_local,0.2,Context cells,threshold,0.8,0.18616666666666792,-0.04792999999999985,0.1751666666666658,0.010999999999999939,0.0,24.554578489117702
first_repeat_144,baseline,0.2,Context cells,threshold,0.9,0.10583333333333422,-0.03352499999999994,0.07055555555555504,0.03527777777777946,4.034797222222247e-05,0.18026074656903934
first_repeat_144,opus,0.2,Context cells,threshold,0.9,0.10583333333333422,-0.03352499999999994,0.10583333333333422,0.0,0.0019514385416666159,0.7901699490305232
first_repeat_144,pro,0.2,Context cells,threshold,0.9,0.10583333333333422,-0.03352499999999994,0.10583333333333422,0.0,0.003613574722222141,2.0124664050744236
first_repeat_144,astra,0.2,Context cells,threshold,0.9,0.10583333333333422,-0.03352499999999994,0.10583333333333422,0.0,0.0027114173611112423,1.139659666102772
first_repeat_144,sonnet,0.2,Context cells,threshold,0.9,0.10583333333333422,-0.03352499999999994,0.10583333333333578,0.0,0.0020711163888889206,1.738859257477369
first_repeat_144,lite,0.2,Context cells,threshold,0.9,0.10583333333333422,-0.03352499999999994,0.10583333333333023,0.0,0.00045302481249999806,0.5007277119203635
first_repeat_144,luna,0.2,Context cells,threshold,0.9,0.10583333333333422,-0.03352499999999994,0.10812499999999636,-0.002291666666666659,8.282434722222591e-05,0.7251202352636028
first_repeat_144,qwen_local,0.2,Context cells,threshold,0.9,0.10583333333333422,-0.03352499999999994,0.09472222222221893,0.011111111111111049,0.0,14.027291478076222
first_repeat_144,baseline,0.2,Context cells,equal_call_budget,0.0,0.0,0.0,0.0,0.0,0.0,0.0
first_repeat_144,opus,0.2,Context cells,equal_call_budget,0.0,0.0,0.0,0.0,0.0,0.0,0.0
first_repeat_144,pro,0.2,Context cells,equal_call_budget,0.0,0.0,0.0,0.0,0.0,0.0,0.0
first_repeat_144,astra,0.2,Context cells,equal_call_budget,0.0,0.0,0.0,0.0,0.0,0.0,0.0
first_repeat_144,sonnet,0.2,Context cells,equal_call_budget,0.0,0.0,0.0,0.0,0.0,0.0,0.0
first_repeat_144,lite,0.2,Context cells,equal_call_budget,0.0,0.0,0.0,0.0,0.0,0.0,0.0
first_repeat_144,luna,0.2,Context cells,equal_call_budget,0.0,0.0,0.0,0.0,0.0,0.0,0.0
first_repeat_144,qwen_local,0.2,Context cells,equal_call_budget,0.0,0.0,0.0,0.0,0.0,0.0,0.0
first_repeat_144,baseline,0.2,Context cells,equal_call_budget,0.1,-1.3877787807814457e-17,-0.007800000000000307,0.00916666666666658,-0.009166666666666587,-1.6779999999998237e-06,-0.02439479876076861
first_repeat_144,opus,0.2,Context cells,equal_call_budget,0.1,-1.3877787807814457e-17,-0.007800000000000307,-1.3877787807814457e-17,0.0,-0.00025907499999999945,-0.11526912174207116
first_repeat_144,pro,0.2,Context cells,equal_call_budget,0.1,-1.3877787807814457e-17,-0.007800000000000307,-1.3877787807814457e-17,0.0,-0.0005211816666666571,-0.3193713181097193
first_repeat_144,astra,0.2,Context cells,equal_call_budget,0.1,-1.3877787807814457e-17,-0.007800000000000307,-1.3877787807814457e-17,0.0,-0.00010076458333332038,-0.06174764178964953
first_repeat_144,sonnet,0.2,Context cells,equal_call_budget,0.1,-1.3877787807814457e-17,-0.007800000000000307,-1.3877787807814457e-17,0.0,-0.00029210499999999607,-0.2643043025295898
first_repeat_144,lite,0.2,Context cells,equal_call_budget,0.1,-1.3877787807814457e-17,-0.007800000000000307,0.005833333333333121,-0.005833333333333328,2.7030666666665655e-05,0.037297655761163895
first_repeat_144,luna,0.2,Context cells,equal_call_budget,0.1,-1.3877787807814457e-17,-0.007800000000000307,-1.3877787807814457e-17,0.0,8.530041666666578e-06,0.07270365290906367
first_repeat_144,qwen_local,0.2,Context cells,equal_call_budget,0.1,-1.3877787807814457e-17,-0.007800000000000307,-1.3877787807814457e-17,0.0,0.0,-1.4062887175206065
first_repeat_144,baseline,0.2,Context cells,equal_call_budget,0.2,0.0,-0.01111000000000087,0.01119444444444441,-0.011194444444444535,-1.121777777777938e-06,-0.023344195508081755
first_repeat_144,opus,0.2,Context cells,equal_call_budget,0.2,0.0,-0.01111000000000087,0.0,0.0,-0.00026542069444442963,-0.11740952430357332
first_repeat_144,pro,0.2,Context cells,equal_call_budget,0.2,0.0,-0.01111000000000087,0.0,0.0,-0.0007344317222222367,-0.41864969063706514
first_repeat_144,astra,0.2,Context cells,equal_call_budget,0.2,0.0,-0.01111000000000087,0.0,0.0,-0.00017949722222221614,-0.09662860091857395
first_repeat_144,sonnet,0.2,Context cells,equal_call_budget,0.2,0.0,-0.01111000000000087,0.0,0.0,-0.00027737633333332857,-0.25246151765717784
first_repeat_144,lite,0.2,Context cells,equal_call_budget,0.2,0.0,-0.01111000000000087,0.004999999999998783,-0.004999999999999979,3.1944105555556704e-05,0.04490795395556235
first_repeat_144,luna,0.2,Context cells,equal_call_budget,0.2,0.0,-0.01111000000000087,0.0,0.0,9.993611111111744e-06,0.09933751279292657
first_repeat_144,qwen_local,0.2,Context cells,equal_call_budget,0.2,0.0,-0.01111000000000087,-8.333333333332416e-05,8.333333333333345e-05,0.0,-1.2006438586890518
first_repeat_144,baseline,0.2,Context cells,equal_call_budget,0.3,0.0,-0.006904999999999772,0.006902777777777952,-0.006902777777778507,-2.3911111111100296e-08,-0.0052171207311951795
first_repeat_144,opus,0.2,Context cells,equal_call_budget,0.3,0.0,-0.006904999999999772,0.0,0.0,-4.12388194444167e-05,-0.0057336287902467475
first_repeat_144,pro,0.2,Context cells,equal_call_budget,0.3,0.0,-0.006904999999999772,0.0,0.0,-0.0005120328055555597,-0.24558365152161876
first_repeat_144,astra,0.2,Context cells,equal_call_budget,0.3,0.0,-0.006904999999999772,0.0,0.0,-0.00020945881944442815,-0.09981172205068045
first_repeat_144,sonnet,0.2,Context cells,equal_call_budget,0.3,0.0,-0.006904999999999772,0.0,0.0,4.749044444444378e-05,0.0407609071570918
first_repeat_144,lite,0.2,Context cells,equal_call_budget,0.3,0.0,-0.006904999999999772,-0.002027777777778239,0.0020277777777777672,1.519639444443944e-05,0.016780812762567265
first_repeat_144,luna,0.2,Context cells,equal_call_budget,0.3,0.0,-0.006904999999999772,0.0,0.0,6.205940277778313e-06,0.08884297999834123
first_repeat_144,qwen_local,0.2,Context cells,equal_call_budget,0.3,0.0,-0.006904999999999772,-0.0021527777777765045,0.002152777777777771,0.0,0.13863886750552012
first_repeat_144,baseline,0.2,Context cells,equal_call_budget,0.4,0.0,-0.00845999999999969,0.007333333333333192,-0.007333333333333525,-2.5692666666672994e-06,-0.011454389638267615
first_repeat_144,opus,0.2,Context cells,equal_call_budget,0.4,0.0,-0.00845999999999969,5.551115123125783e-17,-3.2474023470285827e-17,0.00015324527777776757,0.11161899149490928
first_repeat_144,pro,0.2,Context cells,equal_call_budget,0.4,0.0,-0.00845999999999969,5.551115123125783e-17,-3.2474023470285827e-17,-0.000386172222222236,-0.15856262154190137
first_repeat_144,astra,0.2,Context cells,equal_call_budget,0.4,0.0,-0.00845999999999969,5.551115123125783e-17,-3.2474023470285827e-17,-0.0002192001388888849,-0.10858601745118301
first_repeat_144,sonnet,0.2,Context cells,equal_call_budget,0.4,0.0,-0.00845999999999969,0.0011111111111105632,-0.0011111111111111508,-0.00011539077777780911,-0.08968428640854853
first_repeat_144,lite,0.2,Context cells,equal_call_budget,0.4,0.0,-0.00845999999999969,-0.009277777777775498,0.009277777777777746,-1.3723738888893854e-05,-0.021630369770344604
first_repeat_144,luna,0.2,Context cells,equal_call_budget,0.4,0.0,-0.00845999999999969,5.551115123125783e-17,-3.2474023470285827e-17,1.3193308333333794e-05,0.17074389499749287
first_repeat_144,qwen_local,0.2,Context cells,equal_call_budget,0.4,0.0,-0.00845999999999969,-0.009277777777779328,0.009277777777777767,0.0,1.4397110075178858
first_repeat_144,baseline,0.2,Context cells,equal_call_budget,0.5,0.0,-0.01211499999999971,0.0035277777777781294,-0.00352777777777763,-4.027027777778132e-06,-0.014660832496065868
first_repeat_144,opus,0.2,Context cells,equal_call_budget,0.5,0.0,-0.01211499999999971,0.0,-7.605027718682323e-17,0.00015163666666664043,0.11419557373018963
first_repeat_144,pro,0.2,Context cells,equal_call_budget,0.5,0.0,-0.01211499999999971,0.0,-7.605027718682323e-17,-0.0001966765000000273,-0.05691125210410597
first_repeat_144,astra,0.2,Context cells,equal_call_budget,0.5,0.0,-0.01211499999999971,0.0,-7.605027718682323e-17,-0.00016781958333333957,-0.07588487608265782
first_repeat_144,sonnet,0.2,Context cells,equal_call_budget,0.5,0.0,-0.01211499999999971,0.0027777777777790447,-0.002777777777777844,-0.00045567311111110575,-0.37835922493064356
first_repeat_144,lite,0.2,Context cells,equal_call_budget,0.5,0.0,-0.01211499999999971,-0.010569444444447462,0.01056944444444442,-4.0529269444435165e-05,-0.04802854325951378
first_repeat_144,luna,0.2,Context cells,equal_call_budget,0.5,0.0,-0.01211499999999971,0.0,-7.605027718682323e-17,1.2084888888888807e-05,0.1546382996024538
first_repeat_144,qwen_local,0.2,Context cells,equal_call_budget,0.5,0.0,-0.01211499999999971,-0.010611111111110627,0.010611111111111087,0.0,1.5427390688236784
first_repeat_144,baseline,0.2,Context cells,equal_call_budget,0.6,0.0,-0.01057999999999984,5.555555555553093e-05,-5.555555555553093e-05,-2.745866666666128e-06,-0.009922375067112243
first_repeat_144,opus,0.2,Context cells,equal_call_budget,0.6,0.0,-0.01057999999999984,0.0,0.0,8.93916666666883e-05,0.061738835855786434
first_repeat_144,pro,0.2,Context cells,equal_call_budget,0.6,0.0,-0.01057999999999984,0.0,0.0,-2.7373888888890252e-05,-0.02260474783904698
first_repeat_144,astra,0.2,Context cells,equal_call_budget,0.6,0.0,-0.01057999999999984,0.0,0.0,-4.9394583333335976e-05,-0.025519921491991227
first_repeat_144,sonnet,0.2,Context cells,equal_call_budget,0.6,0.0,-0.01057999999999984,0.002777777777773105,-0.002777777777777768,-0.00021462555555551953,-0.16130121712873713
first_repeat_144,lite,0.2,Context cells,equal_call_budget,0.6,0.0,-0.01057999999999984,-0.004444444444444695,0.00444444444444439,-2.6212922222210774e-05,-0.02940624933833913
first_repeat_144,luna,0.2,Context cells,equal_call_budget,0.6,0.0,-0.01057999999999984,0.0,1.1102230246251566e-18,3.281086111110536e-06,0.03735667322773484
first_repeat_144,qwen_local,0.2,Context cells,equal_call_budget,0.6,0.0,-0.01057999999999984,-0.004666666666667263,0.004666666666666734,0.0,0.45002213822321835
first_repeat_144,baseline,0.2,Context cells,equal_call_budget,0.7,0.0,-0.006190000000000015,0.001763888888891063,-0.0017638888888891757,-1.7521611111127248e-06,-0.0014906882764618157
first_repeat_144,opus,0.2,Context cells,equal_call_budget,0.7,0.0,-0.006190000000000015,0.0,1.2212453270876722e-17,7.280861111117615e-05,0.03687868718205056
first_repeat_144,pro,0.2,Context cells,equal_call_budget,0.7,0.0,-0.006190000000000015,0.0,1.2212453270876722e-17,0.00021563852777765902,0.08220043446061709
first_repeat_144,astra,0.2,Context cells,equal_call_budget,0.7,0.0,-0.006190000000000015,0.0,1.2212453270876722e-17,0.00035457388888886394,0.19362713305141543
first_repeat_144,sonnet,0.2,Context cells,equal_call_budget,0.7,0.0,-0.006190000000000015,0.0023472222222222783,-0.0023472222222222015,0.00030151511111112597,0.2737220631465229
first_repeat_144,lite,0.2,Context cells,equal_call_budget,0.7,0.0,-0.006190000000000015,0.0,-2.42861286636753e-17,-1.1066833333330407e-05,-0.008995794352919528
first_repeat_144,luna,0.2,Context cells,equal_call_budget,0.7,0.0,-0.006190000000000015,0.002263888888889065,-0.0022638888888888635,-1.9759388888862138e-06,-0.048243009159615546
first_repeat_144,qwen_local,0.2,Context cells,equal_call_budget,0.7,0.0,-0.006190000000000015,-0.007486111111109195,0.007486111111111039,0.0,-0.14010927450330257
first_repeat_144,baseline,0.2,Context cells,equal_call_budget,0.8,-1.1102230246251565e-16,-0.011519999999999975,0.0055000000000003935,-0.00550000000000056,-7.654222222232862e-07,0.006457875195170937
first_repeat_144,opus,0.2,Context cells,equal_call_budget,0.8,-1.1102230246251565e-16,-0.011519999999999975,-1.1102230246251565e-16,-7.771561172376097e-18,0.00015722277777782678,0.0797249485402638
first_repeat_144,pro,0.2,Context cells,equal_call_budget,0.8,-1.1102230246251565e-16,-0.011519999999999975,-1.1102230246251565e-16,-7.771561172376097e-18,0.0003591461111111076,0.13993875651104126
first_repeat_144,astra,0.2,Context cells,equal_call_budget,0.8,-1.1102230246251565e-16,-0.011519999999999975,-1.1102230246251565e-16,-7.771561172376097e-18,0.0006218447916666522,0.321241425985785
first_repeat_144,sonnet,0.2,Context cells,equal_call_budget,0.8,-1.1102230246251565e-16,-0.011519999999999975,0.00041666666666695384,-0.0004166666666666728,0.0006027782777777487,0.5127018856393395
first_repeat_144,lite,0.2,Context cells,equal_call_budget,0.8,-1.1102230246251565e-16,-0.011519999999999975,0.0,-6.938893903907228e-18,-1.0503336111116618e-05,-0.009935218396419199
first_repeat_144,luna,0.2,Context cells,equal_call_budget,0.8,-1.1102230246251565e-16,-0.011519999999999975,0.007722222222219299,-0.007722222222222222,-1.9830652777761294e-06,-0.07168959971219824
first_repeat_144,qwen_local,0.2,Context cells,equal_call_budget,0.8,-1.1102230246251565e-16,-0.011519999999999975,-0.01055555555556087,0.010555555555555493,0.0,-0.31813898577262023
first_repeat_144,baseline,0.2,Context cells,equal_call_budget,0.9,0.0,-0.012069999999999885,-0.0007500000000024709,0.0007500000000015827,-1.4740888888880102e-06,-0.0015148568152911768
first_repeat_144,opus,0.2,Context cells,equal_call_budget,0.9,0.0,-0.012069999999999885,0.0,1.4432899320127036e-17,0.00015493388888892894,0.06499961600325843
first_repeat_144,pro,0.2,Context cells,equal_call_budget,0.9,0.0,-0.012069999999999885,0.0,1.4432899320127036e-17,0.00045594861111105875,0.23047860334194326
first_repeat_144,astra,0.2,Context cells,equal_call_budget,0.9,0.0,-0.012069999999999885,0.0,1.4432899320127036e-17,0.0004203819444445374,0.20340224220239556
first_repeat_144,sonnet,0.2,Context cells,equal_call_budget,0.9,0.0,-0.012069999999999885,0.0011111111111100636,-0.0011111111111111595,0.0006413946666666316,0.565352051058241
first_repeat_144,lite,0.2,Context cells,equal_call_budget,0.9,0.0,-0.012069999999999885,0.0,1.0408340855860843e-17,-3.471740555554756e-05,-0.030729622211860708
first_repeat_144,luna,0.2,Context cells,equal_call_budget,0.9,0.0,-0.012069999999999885,0.0031388888888859157,-0.0031388888888888786,1.4609555555538485e-06,-0.009564709402936522
first_repeat_144,qwen_local,0.2,Context cells,equal_call_budget,0.9,0.0,-0.012069999999999885,-0.006666666666670817,0.006666666666666689,0.0,-0.3721060856961742
first_repeat_144,baseline,0.2,Context cells,equal_call_budget,1.0,0.0,0.0,0.0,0.0,0.0,0.0
first_repeat_144,opus,0.2,Context cells,equal_call_budget,1.0,0.0,0.0,0.0,0.0,0.0,0.0
first_repeat_144,pro,0.2,Context cells,equal_call_budget,1.0,0.0,0.0,0.0,0.0,0.0,0.0
first_repeat_144,astra,0.2,Context cells,equal_call_budget,1.0,0.0,0.0,0.0,0.0,0.0,0.0
first_repeat_144,sonnet,0.2,Context cells,equal_call_budget,1.0,0.0,0.0,0.0,0.0,0.0,0.0
first_repeat_144,lite,0.2,Context cells,equal_call_budget,1.0,0.0,0.0,0.0,0.0,0.0,0.0
first_repeat_144,luna,0.2,Context cells,equal_call_budget,1.0,0.0,0.0,0.0,0.0,0.0,0.0
first_repeat_144,qwen_local,0.2,Context cells,equal_call_budget,1.0,0.0,0.0,0.0,0.0,0.0,0.0
first_repeat_144,baseline,0.2,Global,threshold,0.4,0.0,0.0,0.0,0.0,0.0,0.0
first_repeat_144,opus,0.2,Global,threshold,0.4,0.0,0.0,0.0,0.0,0.0,0.0
first_repeat_144,pro,0.2,Global,threshold,0.4,0.0,0.0,0.0,0.0,0.0,0.0
first_repeat_144,astra,0.2,Global,threshold,0.4,0.0,0.0,0.0,0.0,0.0,0.0
first_repeat_144,sonnet,0.2,Global,threshold,0.4,0.0,0.0,0.0,0.0,0.0,0.0
first_repeat_144,lite,0.2,Global,threshold,0.4,0.0,0.0,0.0,0.0,0.0,0.0
first_repeat_144,luna,0.2,Global,threshold,0.4,0.0,0.0,0.0,0.0,0.0,0.0
first_repeat_144,qwen_local,0.2,Global,threshold,0.4,0.0,0.0,0.0,0.0,0.0,0.0
first_repeat_144,baseline,0.2,Global,threshold,0.6,0.0,0.0,0.0,0.0,0.0,0.0
first_repeat_144,opus,0.2,Global,threshold,0.6,0.0,0.0,0.0,0.0,0.0,0.0
first_repeat_144,pro,0.2,Global,threshold,0.6,0.0,0.0,0.0,0.0,0.0,0.0
first_repeat_144,astra,0.2,Global,threshold,0.6,0.0,0.0,0.0,0.0,0.0,0.0
first_repeat_144,sonnet,0.2,Global,threshold,0.6,0.0,0.0,0.0,0.0,0.0,0.0
first_repeat_144,lite,0.2,Global,threshold,0.6,0.0,0.0,0.0,0.0,0.0,0.0
first_repeat_144,luna,0.2,Global,threshold,0.6,0.0,0.0,0.0,0.0,0.0,0.0
first_repeat_144,qwen_local,0.2,Global,threshold,0.6,0.0,0.0,0.0,0.0,0.0,0.0
first_repeat_144,baseline,0.2,Global,threshold,0.7,-0.16666666666666602,0.05600000000000013,-0.1111111111111118,-0.05555555555555447,-6.637222222222294e-05,-0.28511891549893564
first_repeat_144,opus,0.2,Global,threshold,0.7,-0.16666666666666602,0.05600000000000013,-0.16666666666666602,0.0,-0.0028908472222222226,-1.1822196347270362
first_repeat_144,pro,0.2,Global,threshold,0.7,-0.16666666666666602,0.05600000000000013,-0.16666666666666602,0.0,-0.004593372222222251,-2.5579575352034603
first_repeat_144,astra,0.2,Global,threshold,0.7,-0.16666666666666602,0.05600000000000013,-0.16666666666666602,0.0,-0.0033031875000000023,-1.258991150924679
first_repeat_144,sonnet,0.2,Global,threshold,0.7,-0.16666666666666602,0.05600000000000013,-0.16388888888888697,-0.002777777777777768,-0.0028364777777777498,-2.383803256145782
first_repeat_144,lite,0.2,Global,threshold,0.7,-0.16666666666666602,0.05600000000000013,-0.16666666666666724,-3.642919299551295e-17,-0.0007712747222222217,-0.837500105911412
first_repeat_144,luna,0.2,Global,threshold,0.7,-0.16666666666666602,0.05600000000000013,-0.16666666666666602,0.0,-0.00012578930555555445,-1.1374623310260628
first_repeat_144,qwen_local,0.2,Global,threshold,0.7,-0.16666666666666602,0.05600000000000013,-0.16666666666666602,0.0,0.0,-20.769884632432984
first_repeat_144,baseline,0.2,Global,threshold,0.8,-0.04166666666666674,0.015500000000000194,-0.027777777777777513,-0.013888888888889117,-1.559861111111139e-05,-0.0680127311366967
first_repeat_144,opus,0.2,Global,threshold,0.8,-0.04166666666666674,0.015500000000000194,-0.04166666666666674,0.0,-0.0007695451388888674,-0.3256917767375507
first_repeat_144,pro,0.2,Global,threshold,0.8,-0.04166666666666674,0.015500000000000194,-0.04166666666666674,0.0,-0.0011827597222221833,-0.6724213024301875
first_repeat_144,astra,0.2,Global,threshold,0.8,-0.04166666666666674,0.015500000000000194,-0.04166666666666674,0.0,-0.0008198368055555415,-0.31618176590742664
first_repeat_144,sonnet,0.2,Global,threshold,0.8,-0.04166666666666674,0.015500000000000194,-0.04166666666666763,0.0,-0.00046837361111112374,-0.3863579595715443
first_repeat_144,lite,0.2,Global,threshold,0.8,-0.04166666666666674,0.015500000000000194,-0.03888888888888842,-0.002777777777777768,-0.00017741958333333634,-0.19294449285517024
first_repeat_144,luna,0.2,Global,threshold,0.8,-0.04166666666666674,0.015500000000000194,-0.04166666666666674,0.0,-3.4951319444444825e-05,-0.32519569230046397
first_repeat_144,qwen_local,0.2,Global,threshold,0.8,-0.04166666666666674,0.015500000000000194,-0.03888888888888864,-0.002777777777777768,0.0,-5.839514999359622
first_repeat_144,baseline,0.2,Global,threshold,0.9,0.0,0.0,0.0,0.0,0.0,0.0
first_repeat_144,opus,0.2,Global,threshold,0.9,0.0,0.0,0.0,0.0,0.0,0.0
first_repeat_144,pro,0.2,Global,threshold,0.9,0.0,0.0,0.0,0.0,0.0,0.0
first_repeat_144,astra,0.2,Global,threshold,0.9,0.0,0.0,0.0,0.0,0.0,0.0
first_repeat_144,sonnet,0.2,Global,threshold,0.9,0.0,0.0,0.0,0.0,0.0,0.0
first_repeat_144,lite,0.2,Global,threshold,0.9,0.0,0.0,0.0,0.0,0.0,0.0
first_repeat_144,luna,0.2,Global,threshold,0.9,0.0,0.0,0.0,0.0,0.0,0.0
first_repeat_144,qwen_local,0.2,Global,threshold,0.9,0.0,0.0,0.0,0.0,0.0,0.0
first_repeat_144,baseline,0.2,Global,equal_call_budget,0.0,0.0,0.0,0.0,0.0,0.0,0.0
first_repeat_144,opus,0.2,Global,equal_call_budget,0.0,0.0,0.0,0.0,0.0,0.0,0.0
first_repeat_144,pro,0.2,Global,equal_call_budget,0.0,0.0,0.0,0.0,0.0,0.0,0.0
first_repeat_144,astra,0.2,Global,equal_call_budget,0.0,0.0,0.0,0.0,0.0,0.0,0.0
first_repeat_144,sonnet,0.2,Global,equal_call_budget,0.0,0.0,0.0,0.0,0.0,0.0,0.0
first_repeat_144,lite,0.2,Global,equal_call_budget,0.0,0.0,0.0,0.0,0.0,0.0,0.0
first_repeat_144,luna,0.2,Global,equal_call_budget,0.0,0.0,0.0,0.0,0.0,0.0,0.0
first_repeat_144,qwen_local,0.2,Global,equal_call_budget,0.0,0.0,0.0,0.0,0.0,0.0,0.0
first_repeat_144,baseline,0.2,Global,equal_call_budget,0.1,0.0,0.0,0.0,0.0,0.0,0.0
first_repeat_144,opus,0.2,Global,equal_call_budget,0.1,0.0,0.0,0.0,0.0,0.0,0.0
first_repeat_144,pro,0.2,Global,equal_call_budget,0.1,0.0,0.0,0.0,0.0,0.0,0.0
first_repeat_144,astra,0.2,Global,equal_call_budget,0.1,0.0,0.0,0.0,0.0,0.0,0.0
first_repeat_144,sonnet,0.2,Global,equal_call_budget,0.1,0.0,0.0,0.0,0.0,0.0,0.0
first_repeat_144,lite,0.2,Global,equal_call_budget,0.1,0.0,0.0,0.0,0.0,0.0,0.0
first_repeat_144,luna,0.2,Global,equal_call_budget,0.1,0.0,0.0,0.0,0.0,0.0,0.0
first_repeat_144,qwen_local,0.2,Global,equal_call_budget,0.1,0.0,0.0,0.0,0.0,0.0,0.0
first_repeat_144,baseline,0.2,Global,equal_call_budget,0.2,0.0,0.0,0.0,0.0,0.0,0.0
first_repeat_144,opus,0.2,Global,equal_call_budget,0.2,0.0,0.0,0.0,0.0,0.0,0.0
first_repeat_144,pro,0.2,Global,equal_call_budget,0.2,0.0,0.0,0.0,0.0,0.0,0.0
first_repeat_144,astra,0.2,Global,equal_call_budget,0.2,0.0,0.0,0.0,0.0,0.0,0.0
first_repeat_144,sonnet,0.2,Global,equal_call_budget,0.2,0.0,0.0,0.0,0.0,0.0,0.0
first_repeat_144,lite,0.2,Global,equal_call_budget,0.2,0.0,0.0,0.0,0.0,0.0,0.0
first_repeat_144,luna,0.2,Global,equal_call_budget,0.2,0.0,0.0,0.0,0.0,0.0,0.0
first_repeat_144,qwen_local,0.2,Global,equal_call_budget,0.2,0.0,0.0,0.0,0.0,0.0,0.0
first_repeat_144,baseline,0.2,Global,equal_call_budget,0.3,0.0,0.0,0.0,0.0,0.0,0.0
first_repeat_144,opus,0.2,Global,equal_call_budget,0.3,0.0,0.0,0.0,0.0,0.0,0.0
first_repeat_144,pro,0.2,Global,equal_call_budget,0.3,0.0,0.0,0.0,0.0,0.0,0.0
first_repeat_144,astra,0.2,Global,equal_call_budget,0.3,0.0,0.0,0.0,0.0,0.0,0.0
first_repeat_144,sonnet,0.2,Global,equal_call_budget,0.3,0.0,0.0,0.0,0.0,0.0,0.0
first_repeat_144,lite,0.2,Global,equal_call_budget,0.3,0.0,0.0,0.0,0.0,0.0,0.0
first_repeat_144,luna,0.2,Global,equal_call_budget,0.3,0.0,0.0,0.0,0.0,0.0,0.0
first_repeat_144,qwen_local,0.2,Global,equal_call_budget,0.3,0.0,0.0,0.0,0.0,0.0,0.0
first_repeat_144,baseline,0.2,Global,equal_call_budget,0.4,0.0,0.0,0.0,0.0,0.0,0.0
first_repeat_144,opus,0.2,Global,equal_call_budget,0.4,0.0,0.0,0.0,0.0,0.0,0.0
first_repeat_144,pro,0.2,Global,equal_call_budget,0.4,0.0,0.0,0.0,0.0,0.0,0.0
first_repeat_144,astra,0.2,Global,equal_call_budget,0.4,0.0,0.0,0.0,0.0,0.0,0.0
first_repeat_144,sonnet,0.2,Global,equal_call_budget,0.4,0.0,0.0,0.0,0.0,0.0,0.0
first_repeat_144,lite,0.2,Global,equal_call_budget,0.4,0.0,0.0,0.0,0.0,0.0,0.0
first_repeat_144,luna,0.2,Global,equal_call_budget,0.4,0.0,0.0,0.0,0.0,0.0,0.0
first_repeat_144,qwen_local,0.2,Global,equal_call_budget,0.4,0.0,0.0,0.0,0.0,0.0,0.0
first_repeat_144,baseline,0.2,Global,equal_call_budget,0.5,0.0,0.0,0.0,0.0,0.0,0.0
first_repeat_144,opus,0.2,Global,equal_call_budget,0.5,0.0,0.0,0.0,0.0,0.0,0.0
first_repeat_144,pro,0.2,Global,equal_call_budget,0.5,0.0,0.0,0.0,0.0,0.0,0.0
first_repeat_144,astra,0.2,Global,equal_call_budget,0.5,0.0,0.0,0.0,0.0,0.0,0.0
first_repeat_144,sonnet,0.2,Global,equal_call_budget,0.5,0.0,0.0,0.0,0.0,0.0,0.0
first_repeat_144,lite,0.2,Global,equal_call_budget,0.5,0.0,0.0,0.0,0.0,0.0,0.0
first_repeat_144,luna,0.2,Global,equal_call_budget,0.5,0.0,0.0,0.0,0.0,0.0,0.0
first_repeat_144,qwen_local,0.2,Global,equal_call_budget,0.5,0.0,0.0,0.0,0.0,0.0,0.0
first_repeat_144,baseline,0.2,Global,equal_call_budget,0.6,0.0,0.0,0.0,0.0,0.0,0.0
first_repeat_144,opus,0.2,Global,equal_call_budget,0.6,0.0,0.0,0.0,0.0,0.0,0.0
first_repeat_144,pro,0.2,Global,equal_call_budget,0.6,0.0,0.0,0.0,0.0,0.0,0.0
first_repeat_144,astra,0.2,Global,equal_call_budget,0.6,0.0,0.0,0.0,0.0,0.0,0.0
first_repeat_144,sonnet,0.2,Global,equal_call_budget,0.6,0.0,0.0,0.0,0.0,0.0,0.0
first_repeat_144,lite,0.2,Global,equal_call_budget,0.6,0.0,0.0,0.0,0.0,0.0,0.0
first_repeat_144,luna,0.2,Global,equal_call_budget,0.6,0.0,0.0,0.0,0.0,0.0,0.0
first_repeat_144,qwen_local,0.2,Global,equal_call_budget,0.6,0.0,0.0,0.0,0.0,0.0,0.0
first_repeat_144,baseline,0.2,Global,equal_call_budget,0.7,0.0,0.0,0.0,0.0,0.0,0.0
first_repeat_144,opus,0.2,Global,equal_call_budget,0.7,0.0,0.0,0.0,0.0,0.0,0.0
first_repeat_144,pro,0.2,Global,equal_call_budget,0.7,0.0,0.0,0.0,0.0,0.0,0.0
first_repeat_144,astra,0.2,Global,equal_call_budget,0.7,0.0,0.0,0.0,0.0,0.0,0.0
first_repeat_144,sonnet,0.2,Global,equal_call_budget,0.7,0.0,0.0,0.0,0.0,0.0,0.0
first_repeat_144,lite,0.2,Global,equal_call_budget,0.7,0.0,0.0,0.0,0.0,0.0,0.0
first_repeat_144,luna,0.2,Global,equal_call_budget,0.7,0.0,0.0,0.0,0.0,0.0,0.0
first_repeat_144,qwen_local,0.2,Global,equal_call_budget,0.7,0.0,0.0,0.0,0.0,0.0,0.0
first_repeat_144,baseline,0.2,Global,equal_call_budget,0.8,0.0,0.0,0.0,0.0,0.0,0.0
first_repeat_144,opus,0.2,Global,equal_call_budget,0.8,0.0,0.0,0.0,0.0,0.0,0.0
first_repeat_144,pro,0.2,Global,equal_call_budget,0.8,0.0,0.0,0.0,0.0,0.0,0.0
first_repeat_144,astra,0.2,Global,equal_call_budget,0.8,0.0,0.0,0.0,0.0,0.0,0.0
first_repeat_144,sonnet,0.2,Global,equal_call_budget,0.8,0.0,0.0,0.0,0.0,0.0,0.0
first_repeat_144,lite,0.2,Global,equal_call_budget,0.8,0.0,0.0,0.0,0.0,0.0,0.0
first_repeat_144,luna,0.2,Global,equal_call_budget,0.8,0.0,0.0,0.0,0.0,0.0,0.0
first_repeat_144,qwen_local,0.2,Global,equal_call_budget,0.8,0.0,0.0,0.0,0.0,0.0,0.0
first_repeat_144,baseline,0.2,Global,equal_call_budget,0.9,0.0,0.0,0.0,0.0,0.0,0.0
first_repeat_144,opus,0.2,Global,equal_call_budget,0.9,0.0,0.0,0.0,0.0,0.0,0.0
first_repeat_144,pro,0.2,Global,equal_call_budget,0.9,0.0,0.0,0.0,0.0,0.0,0.0
first_repeat_144,astra,0.2,Global,equal_call_budget,0.9,0.0,0.0,0.0,0.0,0.0,0.0
first_repeat_144,sonnet,0.2,Global,equal_call_budget,0.9,0.0,0.0,0.0,0.0,0.0,0.0
first_repeat_144,lite,0.2,Global,equal_call_budget,0.9,0.0,0.0,0.0,0.0,0.0,0.0
first_repeat_144,luna,0.2,Global,equal_call_budget,0.9,0.0,0.0,0.0,0.0,0.0,0.0
first_repeat_144,qwen_local,0.2,Global,equal_call_budget,0.9,0.0,0.0,0.0,0.0,0.0,0.0
first_repeat_144,baseline,0.2,Global,equal_call_budget,1.0,0.0,0.0,0.0,0.0,0.0,0.0
first_repeat_144,opus,0.2,Global,equal_call_budget,1.0,0.0,0.0,0.0,0.0,0.0,0.0
first_repeat_144,pro,0.2,Global,equal_call_budget,1.0,0.0,0.0,0.0,0.0,0.0,0.0
first_repeat_144,astra,0.2,Global,equal_call_budget,1.0,0.0,0.0,0.0,0.0,0.0,0.0
first_repeat_144,sonnet,0.2,Global,equal_call_budget,1.0,0.0,0.0,0.0,0.0,0.0,0.0
first_repeat_144,lite,0.2,Global,equal_call_budget,1.0,0.0,0.0,0.0,0.0,0.0,0.0
first_repeat_144,luna,0.2,Global,equal_call_budget,1.0,0.0,0.0,0.0,0.0,0.0,0.0
first_repeat_144,qwen_local,0.2,Global,equal_call_budget,1.0,0.0,0.0,0.0,0.0,0.0,0.0
first_repeat_144,baseline,0.2,Oracle,threshold,0.4,0.0,0.0,0.0,0.0,0.0,0.0
first_repeat_144,opus,0.2,Oracle,threshold,0.4,0.0,0.0,0.0,0.0,0.0,0.0
first_repeat_144,pro,0.2,Oracle,threshold,0.4,0.0,0.0,0.0,0.0,0.0,0.0
first_repeat_144,astra,0.2,Oracle,threshold,0.4,0.0,0.0,0.0,0.0,0.0,0.0
first_repeat_144,sonnet,0.2,Oracle,threshold,0.4,0.0,0.0,0.0,0.0,0.0,0.0
first_repeat_144,lite,0.2,Oracle,threshold,0.4,0.0,0.0,0.0,0.0,0.0,0.0
first_repeat_144,luna,0.2,Oracle,threshold,0.4,0.0,0.0,0.0,0.0,0.0,0.0
first_repeat_144,qwen_local,0.2,Oracle,threshold,0.4,0.0,0.0,0.0,0.0,0.0,0.0
first_repeat_144,baseline,0.2,Oracle,threshold,0.6,0.2333333333333333,-0.11900000000000124,0.16111111111111026,0.07222222222222245,8.89622222222215e-05,0.37457162573118585
first_repeat_144,opus,0.2,Oracle,threshold,0.6,0.2333333333333333,-0.11900000000000124,0.2333333333333333,0.0,0.004007236111111069,1.671682482644154
first_repeat_144,pro,0.2,Oracle,threshold,0.6,0.2333333333333333,-0.11900000000000124,0.2333333333333333,0.0,0.005363772222222201,3.1109253802200887
first_repeat_144,astra,0.2,Oracle,threshold,0.6,0.2333333333333333,-0.11900000000000124,0.2333333333333333,0.0,0.004390270833333347,1.6712860348369096
first_repeat_144,sonnet,0.2,Oracle,threshold,0.6,0.2333333333333333,-0.11900000000000124,0.2333333333333333,0.0,0.0023618388888888833,1.9314418239493112
first_repeat_144,lite,0.2,Oracle,threshold,0.6,0.2333333333333333,-0.11900000000000124,0.2222222222222237,0.011111111111111094,0.0009951955555555529,1.1207166453829842
first_repeat_144,luna,0.2,Oracle,threshold,0.6,0.2333333333333333,-0.11900000000000124,0.2333333333333333,0.0,0.00019694375000000062,1.8554772358775888
first_repeat_144,qwen_local,0.2,Oracle,threshold,0.6,0.2333333333333333,-0.11900000000000124,0.22222222222222018,0.011111111111111122,0.0,31.119678524973743
first_repeat_144,baseline,0.2,Oracle,threshold,0.7,0.09999999999999787,-0.0479999999999995,0.06666666666666571,0.03333333333333327,3.4703333333333344e-05,0.15320888774391694
first_repeat_144,opus,0.2,Oracle,threshold,0.7,0.09999999999999787,-0.0479999999999995,0.09999999999999787,0.0,0.001936486111111092,0.8436016162087858
first_repeat_144,pro,0.2,Oracle,threshold,0.7,0.09999999999999787,-0.0479999999999995,0.09999999999999787,0.0,0.0028069833333333113,1.587755784260346
first_repeat_144,astra,0.2,Oracle,threshold,0.7,0.09999999999999787,-0.0479999999999995,0.09999999999999787,0.0,0.0019088958333332885,0.7277164911831893
first_repeat_144,sonnet,0.2,Oracle,threshold,0.7,0.09999999999999787,-0.0479999999999995,0.10277777777777691,-0.002777777777777768,0.0009021222222222371,0.7600592952299143
first_repeat_144,lite,0.2,Oracle,threshold,0.7,0.09999999999999787,-0.0479999999999995,0.08888888888888968,0.011111111111111049,0.0003996997222222333,0.433607188092882
first_repeat_144,luna,0.2,Oracle,threshold,0.7,0.09999999999999787,-0.0479999999999995,0.09999999999999787,0.0,8.713013888889023e-05,0.8175743560099877
first_repeat_144,qwen_local,0.2,Oracle,threshold,0.7,0.09999999999999787,-0.0479999999999995,0.08888888888888868,0.011111111111111122,0.0,14.455246022203013
first_repeat_144,baseline,0.2,Oracle,threshold,0.8,0.23333333333333528,-0.057999999999999746,0.14444444444444476,0.08888888888888843,8.84766666666657e-05,0.3835566315133747
first_repeat_144,opus,0.2,Oracle,threshold,0.8,0.23333333333333528,-0.057999999999999746,0.23333333333333528,0.0,0.00411343055555561,1.6471744782549882
first_repeat_144,pro,0.2,Oracle,threshold,0.8,0.23333333333333528,-0.057999999999999746,0.23333333333333528,0.0,0.007153272222222205,4.080158726840619
first_repeat_144,astra,0.2,Oracle,threshold,0.8,0.23333333333333528,-0.057999999999999746,0.23333333333333528,0.0,0.005129208333333397,2.059167260891309
first_repeat_144,sonnet,0.2,Oracle,threshold,0.8,0.23333333333333528,-0.057999999999999746,0.23333333333333028,0.0,0.004072483333333304,3.4519403435956155
first_repeat_144,lite,0.2,Oracle,threshold,0.8,0.23333333333333528,-0.057999999999999746,0.23333333333333017,0.0,0.0010018905555555513,1.117942505903525
first_repeat_144,luna,0.2,Oracle,threshold,0.8,0.23333333333333528,-0.057999999999999746,0.22222222222221844,0.011111111111111072,0.0001831147222222211,1.6861847808170474
first_repeat_144,qwen_local,0.2,Oracle,threshold,0.8,0.23333333333333528,-0.057999999999999746,0.2222222222222211,0.011111111111111049,0.0,30.86264701134995
first_repeat_144,baseline,0.2,Oracle,threshold,0.9,0.10000000000000109,-0.03299999999999994,0.0666666666666661,0.033333333333335435,3.799888888888922e-05,0.16999405569900627
first_repeat_144,opus,0.2,Oracle,threshold,0.9,0.10000000000000109,-0.03299999999999994,0.10000000000000109,0.0,0.0018634305555555088,0.7543926855368284
first_repeat_144,pro,0.2,Oracle,threshold,0.9,0.10000000000000109,-0.03299999999999994,0.10000000000000109,0.0,0.003499188888888803,1.9469738017082445
first_repeat_144,astra,0.2,Oracle,threshold,0.9,0.10000000000000109,-0.03299999999999994,0.10000000000000109,0.0,0.0026094166666668084,1.0993474624145643
first_repeat_144,sonnet,0.2,Oracle,threshold,0.9,0.10000000000000109,-0.03299999999999994,0.10000000000000131,0.0,0.002022122222222259,1.6998316829726825
first_repeat_144,lite,0.2,Oracle,threshold,0.9,0.10000000000000109,-0.03299999999999994,0.09999999999999576,0.0,0.00042274694444444224,0.46748708136792816
first_repeat_144,luna,0.2,Oracle,threshold,0.9,0.10000000000000109,-0.03299999999999994,0.10277777777777308,-0.002777777777777768,7.875277777778203e-05,0.6881670606678538
first_repeat_144,qwen_local,0.2,Oracle,threshold,0.9,0.10000000000000109,-0.03299999999999994,0.08888888888888447,0.011111111111111049,0.0,13.256194381140233
first_repeat_144,baseline,0.2,Oracle,equal_call_budget,0.0,0.0,0.0,0.0,0.0,0.0,0.0
first_repeat_144,opus,0.2,Oracle,equal_call_budget,0.0,0.0,0.0,0.0,0.0,0.0,0.0
first_repeat_144,pro,0.2,Oracle,equal_call_budget,0.0,0.0,0.0,0.0,0.0,0.0,0.0
first_repeat_144,astra,0.2,Oracle,equal_call_budget,0.0,0.0,0.0,0.0,0.0,0.0,0.0
first_repeat_144,sonnet,0.2,Oracle,equal_call_budget,0.0,0.0,0.0,0.0,0.0,0.0,0.0
first_repeat_144,lite,0.2,Oracle,equal_call_budget,0.0,0.0,0.0,0.0,0.0,0.0,0.0
first_repeat_144,luna,0.2,Oracle,equal_call_budget,0.0,0.0,0.0,0.0,0.0,0.0,0.0
first_repeat_144,qwen_local,0.2,Oracle,equal_call_budget,0.0,0.0,0.0,0.0,0.0,0.0,0.0
first_repeat_144,baseline,0.2,Oracle,equal_call_budget,0.1,-1.3877787807814457e-17,-0.008400000000000296,0.009999999999999877,-0.009999999999999933,-1.9766666666664744e-06,-0.027573190112210627
first_repeat_144,opus,0.2,Oracle,equal_call_budget,0.1,-1.3877787807814457e-17,-0.008400000000000296,-1.3877787807814457e-17,0.0,-0.0002941333333333334,-0.13079908070193436
first_repeat_144,pro,0.2,Oracle,equal_call_budget,0.1,-1.3877787807814457e-17,-0.008400000000000296,-1.3877787807814457e-17,0.0,-0.000559873333333323,-0.3461007720658844
first_repeat_144,astra,0.2,Oracle,equal_call_budget,0.1,-1.3877787807814457e-17,-0.008400000000000296,-1.3877787807814457e-17,0.0,-0.00010460833333331967,-0.06536905206584698
first_repeat_144,sonnet,0.2,Oracle,equal_call_budget,0.1,-1.3877787807814457e-17,-0.008400000000000296,-1.3877787807814457e-17,0.0,-0.000331219999999996,-0.2995037674946591
first_repeat_144,lite,0.2,Oracle,equal_call_budget,0.1,-1.3877787807814457e-17,-0.008400000000000296,0.006666666666666446,-0.006666666666666662,2.9532833333332272e-05,0.04069333367748146
first_repeat_144,luna,0.2,Oracle,equal_call_budget,0.1,-1.3877787807814457e-17,-0.008400000000000296,-1.3877787807814457e-17,0.0,9.32383333333328e-06,0.07786740266989578
first_repeat_144,qwen_local,0.2,Oracle,equal_call_budget,0.1,-1.3877787807814457e-17,-0.008400000000000296,-1.3877787807814457e-17,0.0,0.0,-1.6339508177615087
first_repeat_144,baseline,0.2,Oracle,equal_call_budget,0.2,0.0,-0.011600000000000915,0.011666666666666617,-0.011666666666666714,-1.2642222222223877e-06,-0.025126013214726572
first_repeat_144,opus,0.2,Oracle,equal_call_budget,0.2,0.0,-0.011600000000000915,0.0,0.0,-0.00028945833333331866,-0.12846590171775496
first_repeat_144,pro,0.2,Oracle,equal_call_budget,0.2,0.0,-0.011600000000000915,0.0,0.0,-0.0007627700000000168,-0.43703984979889166
first_repeat_144,astra,0.2,Oracle,equal_call_budget,0.2,0.0,-0.011600000000000915,0.0,0.0,-0.00018269305555554958,-0.09894172685596225
first_repeat_144,sonnet,0.2,Oracle,equal_call_budget,0.2,0.0,-0.011600000000000915,0.0,0.0,-0.00030353333333332853,-0.2760824780468749
first_repeat_144,lite,0.2,Oracle,equal_call_budget,0.2,0.0,-0.011600000000000915,0.005555555555554148,-0.005555555555555534,3.348033333333458e-05,0.047244047358003693
first_repeat_144,luna,0.2,Oracle,equal_call_budget,0.2,0.0,-0.011600000000000915,0.0,0.0,1.0381138888889492e-05,0.10169651164712623
first_repeat_144,qwen_local,0.2,Oracle,equal_call_budget,0.2,0.0,-0.011600000000000915,0.0,0.0,0.0,-1.3482028091554064
first_repeat_144,baseline,0.2,Oracle,equal_call_budget,0.3,0.0,-0.00739999999999974,0.007777777777778022,-0.007777777777778605,-4.9111111111060685e-08,-0.005659011178391626
first_repeat_144,opus,0.2,Oracle,equal_call_budget,0.3,0.0,-0.00739999999999974,0.0,0.0,-1.556944444441443e-05,0.008267921738003725
first_repeat_144,pro,0.2,Oracle,equal_call_budget,0.3,0.0,-0.00739999999999974,0.0,0.0,-0.000553835555555552,-0.2659326387261718
first_repeat_144,astra,0.2,Oracle,equal_call_budget,0.3,0.0,-0.00739999999999974,0.0,0.0,-0.00022505694444442236,-0.10850733585914396
first_repeat_144,sonnet,0.2,Oracle,equal_call_budget,0.3,0.0,-0.00739999999999974,0.0,0.0,5.349444444444377e-05,0.046349289401233396
first_repeat_144,lite,0.2,Oracle,equal_call_budget,0.3,0.0,-0.00739999999999974,-0.002777777777778434,0.0027777777777777644,1.5674944444439348e-05,0.017056029377918502
first_repeat_144,luna,0.2,Oracle,equal_call_budget,0.3,0.0,-0.00739999999999974,0.0,0.0,7.565527777778552e-06,0.10520323039252366
first_repeat_144,qwen_local,0.2,Oracle,equal_call_budget,0.3,0.0,-0.00739999999999974,-0.0027777777777761026,0.002777777777777768,0.0,0.35979574885828924
first_repeat_144,baseline,0.2,Oracle,equal_call_budget,0.4,0.0,-0.009599999999999692,0.008333333333333193,-0.008333333333333443,-2.9966666666674912e-06,-0.013217101615155769
first_repeat_144,opus,0.2,Oracle,equal_call_budget,0.4,0.0,-0.009599999999999692,5.551115123125783e-17,-5.551115123125783e-17,0.00020478611111112398,0.14178798014297378
first_repeat_144,pro,0.2,Oracle,equal_call_budget,0.4,0.0,-0.009599999999999692,5.551115123125783e-17,-5.551115123125783e-17,-0.0004300655555555706,-0.1749118684828641
first_repeat_144,astra,0.2,Oracle,equal_call_budget,0.4,0.0,-0.009599999999999692,5.551115123125783e-17,-5.551115123125783e-17,-0.00022776805555553906,-0.11524053389324429
first_repeat_144,sonnet,0.2,Oracle,equal_call_budget,0.4,0.0,-0.009599999999999692,0.0011111111111105632,-0.0011111111111111738,-0.00016272444444447812,-0.13090143534304222
first_repeat_144,lite,0.2,Oracle,equal_call_budget,0.4,0.0,-0.009599999999999692,-0.011111111111108296,0.011111111111111068,-1.9409888888895178e-05,-0.027618522442262927
first_repeat_144,luna,0.2,Oracle,equal_call_budget,0.4,0.0,-0.009599999999999692,5.551115123125783e-17,-5.551115123125783e-17,1.609275000000063e-05,0.20439666943199564
first_repeat_144,qwen_local,0.2,Oracle,equal_call_budget,0.4,0.0,-0.009599999999999692,-0.011111111111113126,0.011111111111111086,0.0,1.859627229186998
first_repeat_144,baseline,0.2,Oracle,equal_call_budget,0.5,0.0,-0.012999999999999262,0.002777777777778545,-0.002777777777777518,-4.304444444445092e-06,-0.014651328928046659
first_repeat_144,opus,0.2,Oracle,equal_call_budget,0.5,0.0,-0.012999999999999262,1.1102230246251565e-16,-1.1102230246251565e-16,0.00013237499999997626,0.1084938479095845
first_repeat_144,pro,0.2,Oracle,equal_call_budget,0.5,0.0,-0.012999999999999262,1.1102230246251565e-16,-1.1102230246251565e-16,-0.0001999166666667128,-0.046748325817279834
first_repeat_144,astra,0.2,Oracle,equal_call_budget,0.5,0.0,-0.012999999999999262,1.1102230246251565e-16,-1.1102230246251565e-16,-0.00017377083333333307,-0.07646799655436398
first_repeat_144,sonnet,0.2,Oracle,equal_call_budget,0.5,0.0,-0.012999999999999262,0.0027777777777791557,-0.002777777777777879,-0.0004966611111111019,-0.4145702537291527
first_repeat_144,lite,0.2,Oracle,equal_call_budget,0.5,0.0,-0.012999999999999262,-0.011111111111114402,0.011111111111111082,-4.681694444443312e-05,-0.05437976422640123
first_repeat_144,luna,0.2,Oracle,equal_call_budget,0.5,0.0,-0.012999999999999262,1.1102230246251565e-16,-1.1102230246251565e-16,1.1730138888888235e-05,0.15513857360087968
first_repeat_144,qwen_local,0.2,Oracle,equal_call_budget,0.5,0.0,-0.012999999999999262,-0.011111111111110072,0.011111111111111086,0.0,1.413602629596852
first_repeat_144,baseline,0.2,Oracle,equal_call_budget,0.6,0.0,-0.010799999999999796,0.0,2.7755575615628914e-17,-2.7333333333327402e-06,-0.010021666984152189
first_repeat_144,opus,0.2,Oracle,equal_call_budget,0.6,0.0,-0.010799999999999796,0.0,0.0,8.95777777778009e-05,0.06194135203869511
first_repeat_144,pro,0.2,Oracle,equal_call_budget,0.6,0.0,-0.010799999999999796,0.0,0.0,-3.1639999999999446e-05,-0.026055341572135404
first_repeat_144,astra,0.2,Oracle,equal_call_budget,0.6,0.0,-0.010799999999999796,0.0,0.0,-5.871250000000043e-05,-0.03111974699464959
first_repeat_144,sonnet,0.2,Oracle,equal_call_budget,0.6,0.0,-0.010799999999999796,0.002777777777773105,-0.002777777777777768,-0.000221974444444409,-0.16719980774177756
first_repeat_144,lite,0.2,Oracle,equal_call_budget,0.6,0.0,-0.010799999999999796,-0.004444444444444695,0.004444444444444376,-2.6107277777766107e-05,-0.029459594759526198
first_repeat_144,luna,0.2,Oracle,equal_call_budget,0.6,0.0,-0.010799999999999796,0.0,0.0,3.246972222221609e-06,0.03710469448889331
first_repeat_144,qwen_local,0.2,Oracle,equal_call_budget,0.6,0.0,-0.010799999999999796,-0.004444444444444917,0.004444444444444473,0.0,0.44041002373961646
first_repeat_144,baseline,0.2,Oracle,equal_call_budget,0.7,0.0,-0.006800000000000042,0.002222222222224568,-0.002222222222222514,-1.9166666666685654e-06,-0.0014723692408753486
first_repeat_144,opus,0.2,Oracle,equal_call_budget,0.7,0.0,-0.006800000000000042,0.0,0.0,7.566388888896602e-05,0.03893283727438135
first_repeat_144,pro,0.2,Oracle,equal_call_budget,0.7,0.0,-0.006800000000000042,0.0,0.0,0.00024751444444431545,0.09220538637146092
first_repeat_144,astra,0.2,Oracle,equal_call_budget,0.7,0.0,-0.006800000000000042,0.0,0.0,0.00039137361111109097,0.21627704824709326
first_repeat_144,sonnet,0.2,Oracle,equal_call_budget,0.7,0.0,-0.006800000000000042,0.002777777777778101,-0.002777777777777768,0.00028945444444445495,0.2633968114045997
first_repeat_144,lite,0.2,Oracle,equal_call_budget,0.7,0.0,-0.006800000000000042,0.0,-2.7755575615628914e-17,-1.0348722222216361e-05,-0.008744302098625756
first_repeat_144,luna,0.2,Oracle,equal_call_budget,0.7,0.0,-0.006800000000000042,0.002777777777778101,-0.002777777777777768,-2.3410833333305757e-06,-0.056899801091844004
first_repeat_144,qwen_local,0.2,Oracle,equal_call_budget,0.7,0.0,-0.006800000000000042,-0.008333333333330861,0.008333333333333253,0.0,-0.11601425173411428
first_repeat_144,baseline,0.2,Oracle,equal_call_budget,0.8,-1.1102230246251565e-16,-0.012199999999999996,0.006111111111110956,-0.0061111111111114,-5.955555555571144e-07,0.008080406199440837
first_repeat_144,opus,0.2,Oracle,equal_call_budget,0.8,-1.1102230246251565e-16,-0.012199999999999996,-1.1102230246251565e-16,0.0,0.00017082222222227633,0.08754391319803556
first_repeat_144,pro,0.2,Oracle,equal_call_budget,0.8,-1.1102230246251565e-16,-0.012199999999999996,-1.1102230246251565e-16,0.0,0.000334885555555553,0.1233108415876707
first_repeat_144,astra,0.2,Oracle,equal_call_budget,0.8,-1.1102230246251565e-16,-0.012199999999999996,-1.1102230246251565e-16,0.0,0.0006653833333333178,0.3410147321444361
first_repeat_144,sonnet,0.2,Oracle,equal_call_budget,0.8,-1.1102230246251565e-16,-0.012199999999999996,0.0,0.0,0.000672973333333297,0.5706192066452171
first_repeat_144,lite,0.2,Oracle,equal_call_budget,0.8,-1.1102230246251565e-16,-0.012199999999999996,0.0,0.0,-9.089888888892499e-06,-0.007874880288457398
first_repeat_144,luna,0.2,Oracle,equal_call_budget,0.8,-1.1102230246251565e-16,-0.012199999999999996,0.008333333333328752,-0.008333333333333354,-2.3315555555544158e-06,-0.07889706634531102
first_repeat_144,qwen_local,0.2,Oracle,equal_call_budget,0.8,-1.1102230246251565e-16,-0.012199999999999996,-0.011111111111116512,0.011111111111111049,0.0,-0.3980224189727295
first_repeat_144,baseline,0.2,Oracle,equal_call_budget,0.9,0.0,-0.012199999999999874,-0.0011111111111137273,0.001111111111112617,-1.5844444444436541e-06,-0.0020448073672321154
first_repeat_144,opus,0.2,Oracle,equal_call_budget,0.9,0.0,-0.012199999999999874,0.0,0.0,0.00015936111111114655,0.0666660838667319
first_repeat_144,pro,0.2,Oracle,equal_call_budget,0.9,0.0,-0.012199999999999874,0.0,0.0,0.0004500011111110598,0.22907539546960365
first_repeat_144,astra,0.2,Oracle,equal_call_budget,0.9,0.0,-0.012199999999999874,0.0,0.0,0.000420725000000087,0.20174735175648895
first_repeat_144,sonnet,0.2,Oracle,equal_call_budget,0.9,0.0,-0.012199999999999874,0.0011111111111100636,-0.0011111111111111738,0.0006717944444444082,0.5941125461538004
first_repeat_144,lite,0.2,Oracle,equal_call_budget,0.9,0.0,-0.012199999999999874,0.0,0.0,-3.6808166666657625e-05,-0.032122406054956976
first_repeat_144,luna,0.2,Oracle,equal_call_budget,0.9,0.0,-0.012199999999999874,0.002777777777774215,-0.0027777777777777783,1.509055555553771e-06,-0.007676511146796017
first_repeat_144,qwen_local,0.2,Oracle,equal_call_budget,0.9,0.0,-0.012199999999999874,-0.006666666666670817,0.006666666666666678,0.0,-0.4007443446961503
first_repeat_144,baseline,0.2,Oracle,equal_call_budget,1.0,0.0,0.0,0.0,0.0,0.0,0.0
first_repeat_144,opus,0.2,Oracle,equal_call_budget,1.0,0.0,0.0,0.0,0.0,0.0,0.0
first_repeat_144,pro,0.2,Oracle,equal_call_budget,1.0,0.0,0.0,0.0,0.0,0.0,0.0
first_repeat_144,astra,0.2,Oracle,equal_call_budget,1.0,0.0,0.0,0.0,0.0,0.0,0.0
first_repeat_144,sonnet,0.2,Oracle,equal_call_budget,1.0,0.0,0.0,0.0,0.0,0.0,0.0
first_repeat_144,lite,0.2,Oracle,equal_call_budget,1.0,0.0,0.0,0.0,0.0,0.0,0.0
first_repeat_144,luna,0.2,Oracle,equal_call_budget,1.0,0.0,0.0,0.0,0.0,0.0,0.0
first_repeat_144,qwen_local,0.2,Oracle,equal_call_budget,1.0,0.0,0.0,0.0,0.0,0.0,0.0
first_repeat_144,baseline,0.2,Raw,threshold,0.4,0.0,0.0,0.0,0.0,0.0,0.0
first_repeat_144,opus,0.2,Raw,threshold,0.4,0.0,0.0,0.0,0.0,0.0,0.0
first_repeat_144,pro,0.2,Raw,threshold,0.4,0.0,0.0,0.0,0.0,0.0,0.0
first_repeat_144,astra,0.2,Raw,threshold,0.4,0.0,0.0,0.0,0.0,0.0,0.0
first_repeat_144,sonnet,0.2,Raw,threshold,0.4,0.0,0.0,0.0,0.0,0.0,0.0
first_repeat_144,lite,0.2,Raw,threshold,0.4,0.0,0.0,0.0,0.0,0.0,0.0
first_repeat_144,luna,0.2,Raw,threshold,0.4,0.0,0.0,0.0,0.0,0.0,0.0
first_repeat_144,qwen_local,0.2,Raw,threshold,0.4,0.0,0.0,0.0,0.0,0.0,0.0
first_repeat_144,baseline,0.2,Raw,threshold,0.6,0.0,0.0,0.0,0.0,0.0,0.0
first_repeat_144,opus,0.2,Raw,threshold,0.6,0.0,0.0,0.0,0.0,0.0,0.0
first_repeat_144,pro,0.2,Raw,threshold,0.6,0.0,0.0,0.0,0.0,0.0,0.0
first_repeat_144,astra,0.2,Raw,threshold,0.6,0.0,0.0,0.0,0.0,0.0,0.0
first_repeat_144,sonnet,0.2,Raw,threshold,0.6,0.0,0.0,0.0,0.0,0.0,0.0
first_repeat_144,lite,0.2,Raw,threshold,0.6,0.0,0.0,0.0,0.0,0.0,0.0
first_repeat_144,luna,0.2,Raw,threshold,0.6,0.0,0.0,0.0,0.0,0.0,0.0
first_repeat_144,qwen_local,0.2,Raw,threshold,0.6,0.0,0.0,0.0,0.0,0.0,0.0
first_repeat_144,baseline,0.2,Raw,threshold,0.7,0.0,0.0,0.0,0.0,0.0,0.0
first_repeat_144,opus,0.2,Raw,threshold,0.7,0.0,0.0,0.0,0.0,0.0,0.0
first_repeat_144,pro,0.2,Raw,threshold,0.7,0.0,0.0,0.0,0.0,0.0,0.0
first_repeat_144,astra,0.2,Raw,threshold,0.7,0.0,0.0,0.0,0.0,0.0,0.0
first_repeat_144,sonnet,0.2,Raw,threshold,0.7,0.0,0.0,0.0,0.0,0.0,0.0
first_repeat_144,lite,0.2,Raw,threshold,0.7,0.0,0.0,0.0,0.0,0.0,0.0
first_repeat_144,luna,0.2,Raw,threshold,0.7,0.0,0.0,0.0,0.0,0.0,0.0
first_repeat_144,qwen_local,0.2,Raw,threshold,0.7,0.0,0.0,0.0,0.0,0.0,0.0
first_repeat_144,baseline,0.2,Raw,threshold,0.8,0.0,0.0,0.0,0.0,0.0,0.0
first_repeat_144,opus,0.2,Raw,threshold,0.8,0.0,0.0,0.0,0.0,0.0,0.0
first_repeat_144,pro,0.2,Raw,threshold,0.8,0.0,0.0,0.0,0.0,0.0,0.0
first_repeat_144,astra,0.2,Raw,threshold,0.8,0.0,0.0,0.0,0.0,0.0,0.0
first_repeat_144,sonnet,0.2,Raw,threshold,0.8,0.0,0.0,0.0,0.0,0.0,0.0
first_repeat_144,lite,0.2,Raw,threshold,0.8,0.0,0.0,0.0,0.0,0.0,0.0
first_repeat_144,luna,0.2,Raw,threshold,0.8,0.0,0.0,0.0,0.0,0.0,0.0
first_repeat_144,qwen_local,0.2,Raw,threshold,0.8,0.0,0.0,0.0,0.0,0.0,0.0
first_repeat_144,baseline,0.2,Raw,threshold,0.9,0.0,0.0,0.0,0.0,0.0,0.0
first_repeat_144,opus,0.2,Raw,threshold,0.9,0.0,0.0,0.0,0.0,0.0,0.0
first_repeat_144,pro,0.2,Raw,threshold,0.9,0.0,0.0,0.0,0.0,0.0,0.0
first_repeat_144,astra,0.2,Raw,threshold,0.9,0.0,0.0,0.0,0.0,0.0,0.0
first_repeat_144,sonnet,0.2,Raw,threshold,0.9,0.0,0.0,0.0,0.0,0.0,0.0
first_repeat_144,lite,0.2,Raw,threshold,0.9,0.0,0.0,0.0,0.0,0.0,0.0
first_repeat_144,luna,0.2,Raw,threshold,0.9,0.0,0.0,0.0,0.0,0.0,0.0
first_repeat_144,qwen_local,0.2,Raw,threshold,0.9,0.0,0.0,0.0,0.0,0.0,0.0
first_repeat_144,baseline,0.2,Raw,equal_call_budget,0.0,0.0,0.0,0.0,0.0,0.0,0.0
first_repeat_144,opus,0.2,Raw,equal_call_budget,0.0,0.0,0.0,0.0,0.0,0.0,0.0
first_repeat_144,pro,0.2,Raw,equal_call_budget,0.0,0.0,0.0,0.0,0.0,0.0,0.0
first_repeat_144,astra,0.2,Raw,equal_call_budget,0.0,0.0,0.0,0.0,0.0,0.0,0.0
first_repeat_144,sonnet,0.2,Raw,equal_call_budget,0.0,0.0,0.0,0.0,0.0,0.0,0.0
first_repeat_144,lite,0.2,Raw,equal_call_budget,0.0,0.0,0.0,0.0,0.0,0.0,0.0
first_repeat_144,luna,0.2,Raw,equal_call_budget,0.0,0.0,0.0,0.0,0.0,0.0,0.0
first_repeat_144,qwen_local,0.2,Raw,equal_call_budget,0.0,0.0,0.0,0.0,0.0,0.0,0.0
first_repeat_144,baseline,0.2,Raw,equal_call_budget,0.1,0.0,0.0,0.0,0.0,0.0,0.0
first_repeat_144,opus,0.2,Raw,equal_call_budget,0.1,0.0,0.0,0.0,0.0,0.0,0.0
first_repeat_144,pro,0.2,Raw,equal_call_budget,0.1,0.0,0.0,0.0,0.0,0.0,0.0
first_repeat_144,astra,0.2,Raw,equal_call_budget,0.1,0.0,0.0,0.0,0.0,0.0,0.0
first_repeat_144,sonnet,0.2,Raw,equal_call_budget,0.1,0.0,0.0,0.0,0.0,0.0,0.0
first_repeat_144,lite,0.2,Raw,equal_call_budget,0.1,0.0,0.0,0.0,0.0,0.0,0.0
first_repeat_144,luna,0.2,Raw,equal_call_budget,0.1,0.0,0.0,0.0,0.0,0.0,0.0
first_repeat_144,qwen_local,0.2,Raw,equal_call_budget,0.1,0.0,0.0,0.0,0.0,0.0,0.0
first_repeat_144,baseline,0.2,Raw,equal_call_budget,0.2,0.0,0.0,0.0,0.0,0.0,0.0
first_repeat_144,opus,0.2,Raw,equal_call_budget,0.2,0.0,0.0,0.0,0.0,0.0,0.0
first_repeat_144,pro,0.2,Raw,equal_call_budget,0.2,0.0,0.0,0.0,0.0,0.0,0.0
first_repeat_144,astra,0.2,Raw,equal_call_budget,0.2,0.0,0.0,0.0,0.0,0.0,0.0
first_repeat_144,sonnet,0.2,Raw,equal_call_budget,0.2,0.0,0.0,0.0,0.0,0.0,0.0
first_repeat_144,lite,0.2,Raw,equal_call_budget,0.2,0.0,0.0,0.0,0.0,0.0,0.0
first_repeat_144,luna,0.2,Raw,equal_call_budget,0.2,0.0,0.0,0.0,0.0,0.0,0.0
first_repeat_144,qwen_local,0.2,Raw,equal_call_budget,0.2,0.0,0.0,0.0,0.0,0.0,0.0
first_repeat_144,baseline,0.2,Raw,equal_call_budget,0.3,0.0,0.0,0.0,0.0,0.0,0.0
first_repeat_144,opus,0.2,Raw,equal_call_budget,0.3,0.0,0.0,0.0,0.0,0.0,0.0
first_repeat_144,pro,0.2,Raw,equal_call_budget,0.3,0.0,0.0,0.0,0.0,0.0,0.0
first_repeat_144,astra,0.2,Raw,equal_call_budget,0.3,0.0,0.0,0.0,0.0,0.0,0.0
first_repeat_144,sonnet,0.2,Raw,equal_call_budget,0.3,0.0,0.0,0.0,0.0,0.0,0.0
first_repeat_144,lite,0.2,Raw,equal_call_budget,0.3,0.0,0.0,0.0,0.0,0.0,0.0
first_repeat_144,luna,0.2,Raw,equal_call_budget,0.3,0.0,0.0,0.0,0.0,0.0,0.0
first_repeat_144,qwen_local,0.2,Raw,equal_call_budget,0.3,0.0,0.0,0.0,0.0,0.0,0.0
first_repeat_144,baseline,0.2,Raw,equal_call_budget,0.4,0.0,0.0,0.0,0.0,0.0,0.0
first_repeat_144,opus,0.2,Raw,equal_call_budget,0.4,0.0,0.0,0.0,0.0,0.0,0.0
first_repeat_144,pro,0.2,Raw,equal_call_budget,0.4,0.0,0.0,0.0,0.0,0.0,0.0
first_repeat_144,astra,0.2,Raw,equal_call_budget,0.4,0.0,0.0,0.0,0.0,0.0,0.0
first_repeat_144,sonnet,0.2,Raw,equal_call_budget,0.4,0.0,0.0,0.0,0.0,0.0,0.0
first_repeat_144,lite,0.2,Raw,equal_call_budget,0.4,0.0,0.0,0.0,0.0,0.0,0.0
first_repeat_144,luna,0.2,Raw,equal_call_budget,0.4,0.0,0.0,0.0,0.0,0.0,0.0
first_repeat_144,qwen_local,0.2,Raw,equal_call_budget,0.4,0.0,0.0,0.0,0.0,0.0,0.0
first_repeat_144,baseline,0.2,Raw,equal_call_budget,0.5,0.0,0.0,0.0,0.0,0.0,0.0
first_repeat_144,opus,0.2,Raw,equal_call_budget,0.5,0.0,0.0,0.0,0.0,0.0,0.0
first_repeat_144,pro,0.2,Raw,equal_call_budget,0.5,0.0,0.0,0.0,0.0,0.0,0.0
first_repeat_144,astra,0.2,Raw,equal_call_budget,0.5,0.0,0.0,0.0,0.0,0.0,0.0
first_repeat_144,sonnet,0.2,Raw,equal_call_budget,0.5,0.0,0.0,0.0,0.0,0.0,0.0
first_repeat_144,lite,0.2,Raw,equal_call_budget,0.5,0.0,0.0,0.0,0.0,0.0,0.0
first_repeat_144,luna,0.2,Raw,equal_call_budget,0.5,0.0,0.0,0.0,0.0,0.0,0.0
first_repeat_144,qwen_local,0.2,Raw,equal_call_budget,0.5,0.0,0.0,0.0,0.0,0.0,0.0
first_repeat_144,baseline,0.2,Raw,equal_call_budget,0.6,0.0,0.0,0.0,0.0,0.0,0.0
first_repeat_144,opus,0.2,Raw,equal_call_budget,0.6,0.0,0.0,0.0,0.0,0.0,0.0
first_repeat_144,pro,0.2,Raw,equal_call_budget,0.6,0.0,0.0,0.0,0.0,0.0,0.0
first_repeat_144,astra,0.2,Raw,equal_call_budget,0.6,0.0,0.0,0.0,0.0,0.0,0.0
first_repeat_144,sonnet,0.2,Raw,equal_call_budget,0.6,0.0,0.0,0.0,0.0,0.0,0.0
first_repeat_144,lite,0.2,Raw,equal_call_budget,0.6,0.0,0.0,0.0,0.0,0.0,0.0
first_repeat_144,luna,0.2,Raw,equal_call_budget,0.6,0.0,0.0,0.0,0.0,0.0,0.0
first_repeat_144,qwen_local,0.2,Raw,equal_call_budget,0.6,0.0,0.0,0.0,0.0,0.0,0.0
first_repeat_144,baseline,0.2,Raw,equal_call_budget,0.7,0.0,0.0,0.0,0.0,0.0,0.0
first_repeat_144,opus,0.2,Raw,equal_call_budget,0.7,0.0,0.0,0.0,0.0,0.0,0.0
first_repeat_144,pro,0.2,Raw,equal_call_budget,0.7,0.0,0.0,0.0,0.0,0.0,0.0
first_repeat_144,astra,0.2,Raw,equal_call_budget,0.7,0.0,0.0,0.0,0.0,0.0,0.0
first_repeat_144,sonnet,0.2,Raw,equal_call_budget,0.7,0.0,0.0,0.0,0.0,0.0,0.0
first_repeat_144,lite,0.2,Raw,equal_call_budget,0.7,0.0,0.0,0.0,0.0,0.0,0.0
first_repeat_144,luna,0.2,Raw,equal_call_budget,0.7,0.0,0.0,0.0,0.0,0.0,0.0
first_repeat_144,qwen_local,0.2,Raw,equal_call_budget,0.7,0.0,0.0,0.0,0.0,0.0,0.0
first_repeat_144,baseline,0.2,Raw,equal_call_budget,0.8,0.0,0.0,0.0,0.0,0.0,0.0
first_repeat_144,opus,0.2,Raw,equal_call_budget,0.8,0.0,0.0,0.0,0.0,0.0,0.0
first_repeat_144,pro,0.2,Raw,equal_call_budget,0.8,0.0,0.0,0.0,0.0,0.0,0.0
first_repeat_144,astra,0.2,Raw,equal_call_budget,0.8,0.0,0.0,0.0,0.0,0.0,0.0
first_repeat_144,sonnet,0.2,Raw,equal_call_budget,0.8,0.0,0.0,0.0,0.0,0.0,0.0
first_repeat_144,lite,0.2,Raw,equal_call_budget,0.8,0.0,0.0,0.0,0.0,0.0,0.0
first_repeat_144,luna,0.2,Raw,equal_call_budget,0.8,0.0,0.0,0.0,0.0,0.0,0.0
first_repeat_144,qwen_local,0.2,Raw,equal_call_budget,0.8,0.0,0.0,0.0,0.0,0.0,0.0
first_repeat_144,baseline,0.2,Raw,equal_call_budget,0.9,0.0,0.0,0.0,0.0,0.0,0.0
first_repeat_144,opus,0.2,Raw,equal_call_budget,0.9,0.0,0.0,0.0,0.0,0.0,0.0
first_repeat_144,pro,0.2,Raw,equal_call_budget,0.9,0.0,0.0,0.0,0.0,0.0,0.0
first_repeat_144,astra,0.2,Raw,equal_call_budget,0.9,0.0,0.0,0.0,0.0,0.0,0.0
first_repeat_144,sonnet,0.2,Raw,equal_call_budget,0.9,0.0,0.0,0.0,0.0,0.0,0.0
first_repeat_144,lite,0.2,Raw,equal_call_budget,0.9,0.0,0.0,0.0,0.0,0.0,0.0
first_repeat_144,luna,0.2,Raw,equal_call_budget,0.9,0.0,0.0,0.0,0.0,0.0,0.0
first_repeat_144,qwen_local,0.2,Raw,equal_call_budget,0.9,0.0,0.0,0.0,0.0,0.0,0.0
first_repeat_144,baseline,0.2,Raw,equal_call_budget,1.0,0.0,0.0,0.0,0.0,0.0,0.0
first_repeat_144,opus,0.2,Raw,equal_call_budget,1.0,0.0,0.0,0.0,0.0,0.0,0.0
first_repeat_144,pro,0.2,Raw,equal_call_budget,1.0,0.0,0.0,0.0,0.0,0.0,0.0
first_repeat_144,astra,0.2,Raw,equal_call_budget,1.0,0.0,0.0,0.0,0.0,0.0,0.0
first_repeat_144,sonnet,0.2,Raw,equal_call_budget,1.0,0.0,0.0,0.0,0.0,0.0,0.0
first_repeat_144,lite,0.2,Raw,equal_call_budget,1.0,0.0,0.0,0.0,0.0,0.0,0.0
first_repeat_144,luna,0.2,Raw,equal_call_budget,1.0,0.0,0.0,0.0,0.0,0.0,0.0
first_repeat_144,qwen_local,0.2,Raw,equal_call_budget,1.0,0.0,0.0,0.0,0.0,0.0,0.0
first_repeat_144,baseline,0.2,Regime,threshold,0.4,0.0,0.0,0.0,0.0,0.0,0.0
first_repeat_144,opus,0.2,Regime,threshold,0.4,0.0,0.0,0.0,0.0,0.0,0.0
first_repeat_144,pro,0.2,Regime,threshold,0.4,0.0,0.0,0.0,0.0,0.0,0.0
first_repeat_144,astra,0.2,Regime,threshold,0.4,0.0,0.0,0.0,0.0,0.0,0.0
first_repeat_144,sonnet,0.2,Regime,threshold,0.4,0.0,0.0,0.0,0.0,0.0,0.0
first_repeat_144,lite,0.2,Regime,threshold,0.4,0.0,0.0,0.0,0.0,0.0,0.0
first_repeat_144,luna,0.2,Regime,threshold,0.4,0.0,0.0,0.0,0.0,0.0,0.0
first_repeat_144,qwen_local,0.2,Regime,threshold,0.4,0.0,0.0,0.0,0.0,0.0,0.0
first_repeat_144,baseline,0.2,Regime,threshold,0.6,0.010833333333333112,-0.006405000000000438,0.008777777777777745,0.0020555555555555743,3.815399999999991e-06,0.012273743391157055
first_repeat_144,opus,0.2,Regime,threshold,0.6,0.010833333333333112,-0.006405000000000438,0.010833333333333112,0.0,0.00013131840277777604,0.05020593218861258
first_repeat_144,pro,0.2,Regime,threshold,0.6,0.010833333333333112,-0.006405000000000438,0.010833333333333112,0.0,0.00019527663888889088,0.09896919110970437
first_repeat_144,astra,0.2,Regime,threshold,0.6,0.010833333333333112,-0.006405000000000438,0.010833333333333112,0.0,0.00021372802083333402,0.0786069307302395
first_repeat_144,sonnet,0.2,Regime,threshold,0.6,0.010833333333333112,-0.006405000000000438,0.010833333333333112,0.0,2.901069444444693e-05,0.01690970395964575
first_repeat_144,lite,0.2,Regime,threshold,0.6,0.010833333333333112,-0.006405000000000438,0.01222222222222255,-0.0013888888888888822,5.1461350000001353e-05,0.060057262668383404
first_repeat_144,luna,0.2,Regime,threshold,0.6,0.010833333333333112,-0.006405000000000438,0.010833333333333112,0.0,1.034390763888898e-05,0.09000452576674056
first_repeat_144,qwen_local,0.2,Regime,threshold,0.6,0.010833333333333112,-0.006405000000000438,0.010833333333333112,0.0,0.0,1.1106666516401624
first_repeat_144,baseline,0.2,Regime,threshold,0.7,-0.16666666666666602,0.05600000000000013,-0.1111111111111118,-0.05555555555555447,-6.637222222222294e-05,-0.28511891549893564
first_repeat_144,opus,0.2,Regime,threshold,0.7,-0.16666666666666602,0.05600000000000013,-0.16666666666666602,0.0,-0.0028908472222222226,-1.1822196347270362
first_repeat_144,pro,0.2,Regime,threshold,0.7,-0.16666666666666602,0.05600000000000013,-0.16666666666666602,0.0,-0.004593372222222251,-2.5579575352034603
first_repeat_144,astra,0.2,Regime,threshold,0.7,-0.16666666666666602,0.05600000000000013,-0.16666666666666602,0.0,-0.0033031875000000023,-1.258991150924679
first_repeat_144,sonnet,0.2,Regime,threshold,0.7,-0.16666666666666602,0.05600000000000013,-0.16388888888888697,-0.002777777777777768,-0.0028364777777777498,-2.383803256145782
first_repeat_144,lite,0.2,Regime,threshold,0.7,-0.16666666666666602,0.05600000000000013,-0.16666666666666724,-3.642919299551295e-17,-0.0007712747222222217,-0.837500105911412
first_repeat_144,luna,0.2,Regime,threshold,0.7,-0.16666666666666602,0.05600000000000013,-0.16666666666666602,0.0,-0.00012578930555555445,-1.1374623310260628
first_repeat_144,qwen_local,0.2,Regime,threshold,0.7,-0.16666666666666602,0.05600000000000013,-0.16666666666666602,0.0,0.0,-20.769884632432984
first_repeat_144,baseline,0.2,Regime,threshold,0.8,-0.0033333333333332993,0.001240000000000005,-0.002222222222222292,-0.0011111111111111183,-1.2478888888889372e-06,-0.005441018490935701
first_repeat_144,opus,0.2,Regime,threshold,0.8,-0.0033333333333332993,0.001240000000000005,-0.0033333333333332993,0.0,-6.156361111110849e-05,-0.026055342139003734
first_repeat_144,pro,0.2,Regime,threshold,0.8,-0.0033333333333332993,0.001240000000000005,-0.0033333333333332993,0.0,-9.462077777777286e-05,-0.053793704194415426
first_repeat_144,astra,0.2,Regime,threshold,0.8,-0.0033333333333332993,0.001240000000000005,-0.0033333333333332993,0.0,-6.558694444444568e-05,-0.025294541272593563
first_repeat_144,sonnet,0.2,Regime,threshold,0.8,-0.0033333333333332993,0.001240000000000005,-0.0033333333333335213,0.0,-3.746988888888962e-05,-0.03090863676572475
first_repeat_144,lite,0.2,Regime,threshold,0.8,-0.0033333333333332993,0.001240000000000005,-0.0031111111111109535,-0.00022222222222222088,-1.4193566666666733e-05,-0.015435559428413459
first_repeat_144,luna,0.2,Regime,threshold,0.8,-0.0033333333333332993,0.001240000000000005,-0.0033333333333332993,0.0,-2.7961055555555123e-06,-0.026015655384037828
first_repeat_144,qwen_local,0.2,Regime,threshold,0.8,-0.0033333333333332993,0.001240000000000005,-0.0031111111111111756,-0.00022222222222222088,0.0,-0.4671611999487624
first_repeat_144,baseline,0.2,Regime,threshold,0.9,-0.0033333333333334103,0.0005899999999999933,-0.0019305555555557685,-0.0014027777777777528,-1.2727777777777e-06,-0.0053286028779273575
first_repeat_144,opus,0.2,Regime,threshold,0.9,-0.0033333333333334103,0.0005899999999999933,-0.0033333333333334103,0.0,-5.508506944444484e-05,-0.021686266706816504
first_repeat_144,pro,0.2,Regime,threshold,0.9,-0.0033333333333334103,0.0005899999999999933,-0.0033333333333334103,0.0,-9.303036111111065e-05,-0.05438235685241466
first_repeat_144,astra,0.2,Regime,threshold,0.9,-0.0033333333333334103,0.0005899999999999933,-0.0033333333333334103,0.0,-5.9715833333331275e-05,-0.02253029426441433
first_repeat_144,sonnet,0.2,Regime,threshold,0.9,-0.0033333333333334103,0.0005899999999999933,-0.003347222222222057,1.3888888888888805e-05,-4.481763888888879e-05,-0.038033172787026004
first_repeat_144,lite,0.2,Regime,threshold,0.9,-0.0033333333333334103,0.0005899999999999933,-0.0033333333333332993,0.0,-1.4614880555555588e-05,-0.016308315167051113
first_repeat_144,luna,0.2,Regime,threshold,0.9,-0.0033333333333334103,0.0005899999999999933,-0.002986111111111134,-0.000347222222222221,-2.6386999999999244e-06,-0.02536187728827244
first_repeat_144,qwen_local,0.2,Regime,threshold,0.9,-0.0033333333333334103,0.0005899999999999933,-0.0033888888888888857,5.5555555555553485e-05,0.0,-0.4454665904930124
first_repeat_144,baseline,0.2,Regime,equal_call_budget,0.0,0.0,0.0,0.0,0.0,0.0,0.0
first_repeat_144,opus,0.2,Regime,equal_call_budget,0.0,0.0,0.0,0.0,0.0,0.0,0.0
first_repeat_144,pro,0.2,Regime,equal_call_budget,0.0,0.0,0.0,0.0,0.0,0.0,0.0
first_repeat_144,astra,0.2,Regime,equal_call_budget,0.0,0.0,0.0,0.0,0.0,0.0,0.0
first_repeat_144,sonnet,0.2,Regime,equal_call_budget,0.0,0.0,0.0,0.0,0.0,0.0,0.0
first_repeat_144,lite,0.2,Regime,equal_call_budget,0.0,0.0,0.0,0.0,0.0,0.0,0.0
first_repeat_144,luna,0.2,Regime,equal_call_budget,0.0,0.0,0.0,0.0,0.0,0.0,0.0
first_repeat_144,qwen_local,0.2,Regime,equal_call_budget,0.0,0.0,0.0,0.0,0.0,0.0,0.0
first_repeat_144,baseline,0.2,Regime,equal_call_budget,0.1,0.0,-0.00023399999999995647,0.0005416666666666625,-0.0005416666666666417,-1.3611000000001452e-07,-0.001722062810015662
first_repeat_144,opus,0.2,Regime,equal_call_budget,0.1,0.0,-0.00023399999999995647,0.0,0.0,-1.2691791666666688e-05,-0.005771843990970638
first_repeat_144,pro,0.2,Regime,equal_call_budget,0.1,0.0,-0.00023399999999995647,0.0,0.0,-1.9311283333333946e-05,-0.015008240251896288
first_repeat_144,astra,0.2,Regime,equal_call_budget,0.1,0.0,-0.00023399999999995647,0.0,0.0,-1.752291666668078e-07,-0.0014924602097116102
first_repeat_144,sonnet,0.2,Regime,equal_call_budget,0.1,0.0,-0.00023399999999995647,0.0,0.0,-1.9137299999999685e-05,-0.017211081649184834
first_repeat_144,lite,0.2,Regime,equal_call_budget,0.1,0.0,-0.00023399999999995647,0.00043333333333331336,-0.000433333333333329,1.7363233333332639e-06,0.0022434296081928484
first_repeat_144,luna,0.2,Regime,equal_call_budget,0.1,0.0,-0.00023399999999995647,0.0,0.0,5.800437499999721e-07,0.0038245925809894388
first_repeat_144,qwen_local,0.2,Regime,equal_call_budget,0.1,0.0,-0.00023399999999995647,0.0,0.0,0.0,-0.07838054082852963
first_repeat_144,baseline,0.2,Regime,equal_call_budget,0.2,0.0,-0.00031200000000009,0.0007222222222222491,-0.0007222222222222213,-1.8147999999999678e-07,-0.0022960837466875494
first_repeat_144,opus,0.2,Regime,equal_call_budget,0.2,0.0,-0.00031200000000009,0.0,0.0,-1.6922388888888917e-05,-0.007695791987960554
first_repeat_144,pro,0.2,Regime,equal_call_budget,0.2,0.0,-0.00031200000000009,0.0,0.0,-2.5748377777775992e-05,-0.02001098700252868
first_repeat_144,astra,0.2,Regime,equal_call_budget,0.2,0.0,-0.00031200000000009,0.0,0.0,-2.3363888888936618e-07,-0.001989946946281629
first_repeat_144,sonnet,0.2,Regime,equal_call_budget,0.2,0.0,-0.00031200000000009,0.0,0.0,-2.5516399999999436e-05,-0.022948108865579186
first_repeat_144,lite,0.2,Regime,equal_call_budget,0.2,0.0,-0.00031200000000009,0.0005777777777777049,-0.0005777777777777795,2.3150977777779743e-06,0.0029912394775902795
first_repeat_144,luna,0.2,Regime,equal_call_budget,0.2,0.0,-0.00031200000000009,0.0,0.0,7.733916666666295e-07,0.005099456774653399
first_repeat_144,qwen_local,0.2,Regime,equal_call_budget,0.2,0.0,-0.00031200000000009,0.0,0.0,0.0,-0.10450738777138469
first_repeat_144,baseline,0.2,Regime,equal_call_budget,0.3,0.0,-7.80000000000225e-05,0.0001805555555554894,-0.00018055555555560043,-4.536999999998903e-08,-0.0005740209366720261
first_repeat_144,opus,0.2,Regime,equal_call_budget,0.3,0.0,-7.80000000000225e-05,0.0,0.0,-4.230597222222229e-06,-0.0019239479969894724
first_repeat_144,pro,0.2,Regime,equal_call_budget,0.3,0.0,-7.80000000000225e-05,0.0,0.0,-6.43709444444248e-06,-0.005002746750633058
first_repeat_144,astra,0.2,Regime,equal_call_budget,0.3,0.0,-7.80000000000225e-05,0.0,0.0,-5.840972221952262e-08,-0.0004974867365694635
first_repeat_144,sonnet,0.2,Regime,equal_call_budget,0.3,0.0,-7.80000000000225e-05,0.0,0.0,-6.3790999999999674e-06,-0.0057370272163943525
first_repeat_144,lite,0.2,Regime,equal_call_budget,0.3,0.0,-7.80000000000225e-05,0.00014444444444450255,-0.0001444444444444401,5.787744444443309e-07,0.0007478098693975976
first_repeat_144,luna,0.2,Regime,equal_call_budget,0.3,0.0,-7.80000000000225e-05,0.0,0.0,1.9334791666675223e-07,0.0012748641936628502
first_repeat_144,qwen_local,0.2,Regime,equal_call_budget,0.3,0.0,-7.80000000000225e-05,0.0,0.0,0.0,-0.026126846942858606
first_repeat_144,baseline,0.2,Regime,equal_call_budget,0.4,0.0,0.0,0.0,0.0,0.0,0.0
first_repeat_144,opus,0.2,Regime,equal_call_budget,0.4,0.0,0.0,0.0,0.0,0.0,0.0
first_repeat_144,pro,0.2,Regime,equal_call_budget,0.4,0.0,0.0,0.0,0.0,0.0,0.0
first_repeat_144,astra,0.2,Regime,equal_call_budget,0.4,0.0,0.0,0.0,0.0,0.0,0.0
first_repeat_144,sonnet,0.2,Regime,equal_call_budget,0.4,0.0,0.0,0.0,0.0,0.0,0.0
first_repeat_144,lite,0.2,Regime,equal_call_budget,0.4,0.0,0.0,0.0,0.0,0.0,0.0
first_repeat_144,luna,0.2,Regime,equal_call_budget,0.4,0.0,0.0,0.0,0.0,0.0,0.0
first_repeat_144,qwen_local,0.2,Regime,equal_call_budget,0.4,0.0,0.0,0.0,0.0,0.0,0.0
first_repeat_144,baseline,0.2,Regime,equal_call_budget,0.5,0.0,0.0,0.0,0.0,0.0,0.0
first_repeat_144,opus,0.2,Regime,equal_call_budget,0.5,0.0,0.0,0.0,0.0,0.0,0.0
first_repeat_144,pro,0.2,Regime,equal_call_budget,0.5,0.0,0.0,0.0,0.0,0.0,0.0
first_repeat_144,astra,0.2,Regime,equal_call_budget,0.5,0.0,0.0,0.0,0.0,0.0,0.0
first_repeat_144,sonnet,0.2,Regime,equal_call_budget,0.5,0.0,0.0,0.0,0.0,0.0,0.0
first_repeat_144,lite,0.2,Regime,equal_call_budget,0.5,0.0,0.0,0.0,0.0,0.0,0.0
first_repeat_144,luna,0.2,Regime,equal_call_budget,0.5,0.0,0.0,0.0,0.0,0.0,0.0
first_repeat_144,qwen_local,0.2,Regime,equal_call_budget,0.5,0.0,0.0,0.0,0.0,0.0,0.0
first_repeat_144,baseline,0.2,Regime,equal_call_budget,0.6,0.0,0.0,0.0,0.0,0.0,0.0
first_repeat_144,opus,0.2,Regime,equal_call_budget,0.6,0.0,0.0,0.0,0.0,0.0,0.0
first_repeat_144,pro,0.2,Regime,equal_call_budget,0.6,0.0,0.0,0.0,0.0,0.0,0.0
first_repeat_144,astra,0.2,Regime,equal_call_budget,0.6,0.0,0.0,0.0,0.0,0.0,0.0
first_repeat_144,sonnet,0.2,Regime,equal_call_budget,0.6,0.0,0.0,0.0,0.0,0.0,0.0
first_repeat_144,lite,0.2,Regime,equal_call_budget,0.6,0.0,0.0,0.0,0.0,0.0,0.0
first_repeat_144,luna,0.2,Regime,equal_call_budget,0.6,0.0,0.0,0.0,0.0,0.0,0.0
first_repeat_144,qwen_local,0.2,Regime,equal_call_budget,0.6,0.0,0.0,0.0,0.0,0.0,0.0
first_repeat_144,baseline,0.2,Regime,equal_call_budget,0.7,0.0,0.0,0.0,0.0,0.0,0.0
first_repeat_144,opus,0.2,Regime,equal_call_budget,0.7,0.0,0.0,0.0,0.0,0.0,0.0
first_repeat_144,pro,0.2,Regime,equal_call_budget,0.7,0.0,0.0,0.0,0.0,0.0,0.0
first_repeat_144,astra,0.2,Regime,equal_call_budget,0.7,0.0,0.0,0.0,0.0,0.0,0.0
first_repeat_144,sonnet,0.2,Regime,equal_call_budget,0.7,0.0,0.0,0.0,0.0,0.0,0.0
first_repeat_144,lite,0.2,Regime,equal_call_budget,0.7,0.0,0.0,0.0,0.0,0.0,0.0
first_repeat_144,luna,0.2,Regime,equal_call_budget,0.7,0.0,0.0,0.0,0.0,0.0,0.0
first_repeat_144,qwen_local,0.2,Regime,equal_call_budget,0.7,0.0,0.0,0.0,0.0,0.0,0.0
first_repeat_144,baseline,0.2,Regime,equal_call_budget,0.8,0.0,0.0,0.0,0.0,0.0,0.0
first_repeat_144,opus,0.2,Regime,equal_call_budget,0.8,0.0,0.0,0.0,0.0,0.0,0.0
first_repeat_144,pro,0.2,Regime,equal_call_budget,0.8,0.0,0.0,0.0,0.0,0.0,0.0
first_repeat_144,astra,0.2,Regime,equal_call_budget,0.8,0.0,0.0,0.0,0.0,0.0,0.0
first_repeat_144,sonnet,0.2,Regime,equal_call_budget,0.8,0.0,0.0,0.0,0.0,0.0,0.0
first_repeat_144,lite,0.2,Regime,equal_call_budget,0.8,0.0,0.0,0.0,0.0,0.0,0.0
first_repeat_144,luna,0.2,Regime,equal_call_budget,0.8,0.0,0.0,0.0,0.0,0.0,0.0
first_repeat_144,qwen_local,0.2,Regime,equal_call_budget,0.8,0.0,0.0,0.0,0.0,0.0,0.0
first_repeat_144,baseline,0.2,Regime,equal_call_budget,0.9,0.0,0.0,0.0,0.0,0.0,0.0
first_repeat_144,opus,0.2,Regime,equal_call_budget,0.9,0.0,0.0,0.0,0.0,0.0,0.0
first_repeat_144,pro,0.2,Regime,equal_call_budget,0.9,0.0,0.0,0.0,0.0,0.0,0.0
first_repeat_144,astra,0.2,Regime,equal_call_budget,0.9,0.0,0.0,0.0,0.0,0.0,0.0
first_repeat_144,sonnet,0.2,Regime,equal_call_budget,0.9,0.0,0.0,0.0,0.0,0.0,0.0
first_repeat_144,lite,0.2,Regime,equal_call_budget,0.9,0.0,0.0,0.0,0.0,0.0,0.0
first_repeat_144,luna,0.2,Regime,equal_call_budget,0.9,0.0,0.0,0.0,0.0,0.0,0.0
first_repeat_144,qwen_local,0.2,Regime,equal_call_budget,0.9,0.0,0.0,0.0,0.0,0.0,0.0
first_repeat_144,baseline,0.2,Regime,equal_call_budget,1.0,0.0,0.0,0.0,0.0,0.0,0.0
first_repeat_144,opus,0.2,Regime,equal_call_budget,1.0,0.0,0.0,0.0,0.0,0.0,0.0
first_repeat_144,pro,0.2,Regime,equal_call_budget,1.0,0.0,0.0,0.0,0.0,0.0,0.0
first_repeat_144,astra,0.2,Regime,equal_call_budget,1.0,0.0,0.0,0.0,0.0,0.0,0.0
first_repeat_144,sonnet,0.2,Regime,equal_call_budget,1.0,0.0,0.0,0.0,0.0,0.0,0.0
first_repeat_144,lite,0.2,Regime,equal_call_budget,1.0,0.0,0.0,0.0,0.0,0.0,0.0
first_repeat_144,luna,0.2,Regime,equal_call_budget,1.0,0.0,0.0,0.0,0.0,0.0,0.0
first_repeat_144,qwen_local,0.2,Regime,equal_call_budget,1.0,0.0,0.0,0.0,0.0,0.0,0.0
first_repeat_144,baseline,0.2,Weighted global,threshold,0.4,0.0,0.0,0.0,0.0,0.0,0.0
first_repeat_144,opus,0.2,Weighted global,threshold,0.4,0.0,0.0,0.0,0.0,0.0,0.0
first_repeat_144,pro,0.2,Weighted global,threshold,0.4,0.0,0.0,0.0,0.0,0.0,0.0
first_repeat_144,astra,0.2,Weighted global,threshold,0.4,0.0,0.0,0.0,0.0,0.0,0.0
first_repeat_144,sonnet,0.2,Weighted global,threshold,0.4,0.0,0.0,0.0,0.0,0.0,0.0
first_repeat_144,lite,0.2,Weighted global,threshold,0.4,0.0,0.0,0.0,0.0,0.0,0.0
first_repeat_144,luna,0.2,Weighted global,threshold,0.4,0.0,0.0,0.0,0.0,0.0,0.0
first_repeat_144,qwen_local,0.2,Weighted global,threshold,0.4,0.0,0.0,0.0,0.0,0.0,0.0
first_repeat_144,baseline,0.2,Weighted global,threshold,0.6,0.21499999999999966,-0.10324000000000119,0.1405555555555552,0.07444444444444452,8.465794444444397e-05,0.3564256466414596
first_repeat_144,opus,0.2,Weighted global,threshold,0.6,0.21499999999999966,-0.10324000000000119,0.21499999999999966,0.0,0.0034844568055555636,1.399850342681205
first_repeat_144,pro,0.2,Weighted global,threshold,0.6,0.21499999999999966,-0.10324000000000119,0.21499999999999966,0.0,0.005288566833333292,3.0044619198305864
first_repeat_144,astra,0.2,Weighted global,threshold,0.6,0.21499999999999966,-0.10324000000000119,0.21499999999999966,0.0,0.004254688263888903,1.64803754212844
first_repeat_144,sonnet,0.2,Weighted global,threshold,0.6,0.21499999999999966,-0.10324000000000119,0.21419444444444388,0.0008055555555555527,0.002212550777777794,1.8001249011163052
first_repeat_144,lite,0.2,Weighted global,threshold,0.6,0.21499999999999966,-0.10324000000000119,0.21500000000000064,2.6020852139652106e-17,0.000929765224999997,1.0562101561749966
first_repeat_144,luna,0.2,Weighted global,threshold,0.6,0.21499999999999966,-0.10324000000000119,0.21499999999999966,0.0,0.00016701417638888906,1.5259597100327331
first_repeat_144,qwen_local,0.2,Weighted global,threshold,0.6,0.21499999999999966,-0.10324000000000119,0.21499999999999966,0.0,0.0,26.97536398621903
first_repeat_144,baseline,0.2,Weighted global,threshold,0.7,0.16666666666666796,-0.06200000000000008,0.11111111111110877,0.055555555555556385,6.239444444444469e-05,0.27205092454678426
first_repeat_144,opus,0.2,Weighted global,threshold,0.7,0.16666666666666796,-0.06200000000000008,0.16666666666666796,0.0,0.003078180555555513,1.3027671069501894
first_repeat_144,pro,0.2,Weighted global,threshold,0.7,0.16666666666666796,-0.06200000000000008,0.16666666666666796,0.0,0.0047310388888888305,2.689685209720799
first_repeat_144,astra,0.2,Weighted global,threshold,0.7,0.16666666666666796,-0.06200000000000008,0.16666666666666796,0.0,0.003279347222222168,1.2647270636297039
first_repeat_144,sonnet,0.2,Weighted global,threshold,0.7,0.16666666666666796,-0.06200000000000008,0.1666666666666698,0.0,0.0018734944444444906,1.545431838286147
first_repeat_144,lite,0.2,Weighted global,threshold,0.7,0.16666666666666796,-0.06200000000000008,0.15555555555555545,0.011111111111111049,0.0007096783333333397,0.7717779714206872
first_repeat_144,luna,0.2,Weighted global,threshold,0.7,0.16666666666666796,-0.06200000000000008,0.16666666666666796,0.0,0.00013980527777777936,1.3007827692018412
first_repeat_144,qwen_local,0.2,Weighted global,threshold,0.7,0.16666666666666796,-0.06200000000000008,0.15555555555555445,0.011111111111111122,0.0,23.358059997438517
first_repeat_144,baseline,0.2,Weighted global,threshold,0.8,0.22666666666666635,-0.04431999999999979,0.1410000000000024,0.0856666666666657,8.745111111110973e-05,0.37410428396304685
first_repeat_144,opus,0.2,Weighted global,threshold,0.8,0.22666666666666635,-0.04431999999999979,0.22666666666666635,0.0,0.0038373583333333513,1.5329712126472215
first_repeat_144,pro,0.2,Weighted global,threshold,0.8,0.22666666666666635,-0.04431999999999979,0.22666666666666635,0.0,0.006504467333333361,3.7393640608859826
first_repeat_144,astra,0.2,Weighted global,threshold,0.8,0.22666666666666635,-0.04431999999999979,0.22666666666666635,0.0,0.0045538266666666615,1.7936726998975692
first_repeat_144,sonnet,0.2,Weighted global,threshold,0.8,0.22666666666666635,-0.04431999999999979,0.22566666666666102,0.0009999999999999966,0.003293489999999939,2.7687277383777493
first_repeat_144,lite,0.2,Weighted global,threshold,0.8,0.22666666666666635,-0.04431999999999979,0.22666666666666557,0.0,0.0010084251555555618,1.1168827582733942
first_repeat_144,luna,0.2,Weighted global,threshold,0.8,0.22666666666666635,-0.04431999999999979,0.21277777777777906,0.01388888888888884,0.00017653515555555424,1.648568878601635
first_repeat_144,qwen_local,0.2,Weighted global,threshold,0.8,0.22666666666666635,-0.04431999999999979,0.22266666666666834,0.003999999999999971,0.0,30.367076173624554
first_repeat_144,baseline,0.2,Weighted global,threshold,0.9,0.16666666666666574,-0.03699999999999994,0.11388888888888493,0.052777777777780865,6.525000000000129e-05,0.28742887293919406
first_repeat_144,opus,0.2,Weighted global,threshold,0.9,0.16666666666666574,-0.03699999999999994,0.16666666666666574,0.0,0.0029177777777777917,1.1884295435260297
first_repeat_144,pro,0.2,Weighted global,threshold,0.9,0.16666666666666574,-0.03699999999999994,0.16666666666666574,0.0,0.004970094444444344,2.7929817621241426
first_repeat_144,astra,0.2,Weighted global,threshold,0.9,0.16666666666666574,-0.03699999999999994,0.16666666666666574,0.0,0.003866416666666754,1.5936802309303735
first_repeat_144,sonnet,0.2,Weighted global,threshold,0.9,0.16666666666666574,-0.03699999999999994,0.16388888888889064,0.002777777777777768,0.0026799722222222953,2.227501476601301
first_repeat_144,lite,0.2,Weighted global,threshold,0.9,0.16666666666666574,-0.03699999999999994,0.1666666666666684,0.0,0.0007568391666666675,0.8295538421274098
first_repeat_144,luna,0.2,Weighted global,threshold,0.9,0.16666666666666574,-0.03699999999999994,0.16666666666666763,0.0,0.00012676277777778065,1.1323103340549538
first_repeat_144,qwen_local,0.2,Weighted global,threshold,0.9,0.16666666666666574,-0.03699999999999994,0.1555555555555571,0.011111111111111049,0.0,22.40787956054298
first_repeat_144,baseline,0.2,Weighted global,equal_call_budget,0.0,0.0,0.0,0.0,0.0,0.0,0.0
first_repeat_144,opus,0.2,Weighted global,equal_call_budget,0.0,0.0,0.0,0.0,0.0,0.0,0.0
first_repeat_144,pro,0.2,Weighted global,equal_call_budget,0.0,0.0,0.0,0.0,0.0,0.0,0.0
first_repeat_144,astra,0.2,Weighted global,equal_call_budget,0.0,0.0,0.0,0.0,0.0,0.0,0.0
first_repeat_144,sonnet,0.2,Weighted global,equal_call_budget,0.0,0.0,0.0,0.0,0.0,0.0,0.0
first_repeat_144,lite,0.2,Weighted global,equal_call_budget,0.0,0.0,0.0,0.0,0.0,0.0,0.0
first_repeat_144,luna,0.2,Weighted global,equal_call_budget,0.0,0.0,0.0,0.0,0.0,0.0,0.0
first_repeat_144,qwen_local,0.2,Weighted global,equal_call_budget,0.0,0.0,0.0,0.0,0.0,0.0,0.0
first_repeat_144,baseline,0.2,Weighted global,equal_call_budget,0.1,0.0,0.0,0.0,0.0,0.0,0.0
first_repeat_144,opus,0.2,Weighted global,equal_call_budget,0.1,0.0,0.0,0.0,0.0,0.0,0.0
first_repeat_144,pro,0.2,Weighted global,equal_call_budget,0.1,0.0,0.0,0.0,0.0,0.0,0.0
first_repeat_144,astra,0.2,Weighted global,equal_call_budget,0.1,0.0,0.0,0.0,0.0,0.0,0.0
first_repeat_144,sonnet,0.2,Weighted global,equal_call_budget,0.1,0.0,0.0,0.0,0.0,0.0,0.0
first_repeat_144,lite,0.2,Weighted global,equal_call_budget,0.1,0.0,0.0,0.0,0.0,0.0,0.0
first_repeat_144,luna,0.2,Weighted global,equal_call_budget,0.1,0.0,0.0,0.0,0.0,0.0,0.0
first_repeat_144,qwen_local,0.2,Weighted global,equal_call_budget,0.1,0.0,0.0,0.0,0.0,0.0,0.0
first_repeat_144,baseline,0.2,Weighted global,equal_call_budget,0.2,0.0,0.0,0.0,0.0,0.0,0.0
first_repeat_144,opus,0.2,Weighted global,equal_call_budget,0.2,0.0,0.0,0.0,0.0,0.0,0.0
first_repeat_144,pro,0.2,Weighted global,equal_call_budget,0.2,0.0,0.0,0.0,0.0,0.0,0.0
first_repeat_144,astra,0.2,Weighted global,equal_call_budget,0.2,0.0,0.0,0.0,0.0,0.0,0.0
first_repeat_144,sonnet,0.2,Weighted global,equal_call_budget,0.2,0.0,0.0,0.0,0.0,0.0,0.0
first_repeat_144,lite,0.2,Weighted global,equal_call_budget,0.2,0.0,0.0,0.0,0.0,0.0,0.0
first_repeat_144,luna,0.2,Weighted global,equal_call_budget,0.2,0.0,0.0,0.0,0.0,0.0,0.0
first_repeat_144,qwen_local,0.2,Weighted global,equal_call_budget,0.2,0.0,0.0,0.0,0.0,0.0,0.0
first_repeat_144,baseline,0.2,Weighted global,equal_call_budget,0.3,0.0,0.0,0.0,0.0,0.0,0.0
first_repeat_144,opus,0.2,Weighted global,equal_call_budget,0.3,0.0,0.0,0.0,0.0,0.0,0.0
first_repeat_144,pro,0.2,Weighted global,equal_call_budget,0.3,0.0,0.0,0.0,0.0,0.0,0.0
first_repeat_144,astra,0.2,Weighted global,equal_call_budget,0.3,0.0,0.0,0.0,0.0,0.0,0.0
first_repeat_144,sonnet,0.2,Weighted global,equal_call_budget,0.3,0.0,0.0,0.0,0.0,0.0,0.0
first_repeat_144,lite,0.2,Weighted global,equal_call_budget,0.3,0.0,0.0,0.0,0.0,0.0,0.0
first_repeat_144,luna,0.2,Weighted global,equal_call_budget,0.3,0.0,0.0,0.0,0.0,0.0,0.0
first_repeat_144,qwen_local,0.2,Weighted global,equal_call_budget,0.3,0.0,0.0,0.0,0.0,0.0,0.0
first_repeat_144,baseline,0.2,Weighted global,equal_call_budget,0.4,0.0,0.0,0.0,0.0,0.0,0.0
first_repeat_144,opus,0.2,Weighted global,equal_call_budget,0.4,0.0,0.0,0.0,0.0,0.0,0.0
first_repeat_144,pro,0.2,Weighted global,equal_call_budget,0.4,0.0,0.0,0.0,0.0,0.0,0.0
first_repeat_144,astra,0.2,Weighted global,equal_call_budget,0.4,0.0,0.0,0.0,0.0,0.0,0.0
first_repeat_144,sonnet,0.2,Weighted global,equal_call_budget,0.4,0.0,0.0,0.0,0.0,0.0,0.0
first_repeat_144,lite,0.2,Weighted global,equal_call_budget,0.4,0.0,0.0,0.0,0.0,0.0,0.0
first_repeat_144,luna,0.2,Weighted global,equal_call_budget,0.4,0.0,0.0,0.0,0.0,0.0,0.0
first_repeat_144,qwen_local,0.2,Weighted global,equal_call_budget,0.4,0.0,0.0,0.0,0.0,0.0,0.0
first_repeat_144,baseline,0.2,Weighted global,equal_call_budget,0.5,0.0,0.0,0.0,0.0,0.0,0.0
first_repeat_144,opus,0.2,Weighted global,equal_call_budget,0.5,0.0,0.0,0.0,0.0,0.0,0.0
first_repeat_144,pro,0.2,Weighted global,equal_call_budget,0.5,0.0,0.0,0.0,0.0,0.0,0.0
first_repeat_144,astra,0.2,Weighted global,equal_call_budget,0.5,0.0,0.0,0.0,0.0,0.0,0.0
first_repeat_144,sonnet,0.2,Weighted global,equal_call_budget,0.5,0.0,0.0,0.0,0.0,0.0,0.0
first_repeat_144,lite,0.2,Weighted global,equal_call_budget,0.5,0.0,0.0,0.0,0.0,0.0,0.0
first_repeat_144,luna,0.2,Weighted global,equal_call_budget,0.5,0.0,0.0,0.0,0.0,0.0,0.0
first_repeat_144,qwen_local,0.2,Weighted global,equal_call_budget,0.5,0.0,0.0,0.0,0.0,0.0,0.0
first_repeat_144,baseline,0.2,Weighted global,equal_call_budget,0.6,0.0,0.0,0.0,0.0,0.0,0.0
first_repeat_144,opus,0.2,Weighted global,equal_call_budget,0.6,0.0,0.0,0.0,0.0,0.0,0.0
first_repeat_144,pro,0.2,Weighted global,equal_call_budget,0.6,0.0,0.0,0.0,0.0,0.0,0.0
first_repeat_144,astra,0.2,Weighted global,equal_call_budget,0.6,0.0,0.0,0.0,0.0,0.0,0.0
first_repeat_144,sonnet,0.2,Weighted global,equal_call_budget,0.6,0.0,0.0,0.0,0.0,0.0,0.0
first_repeat_144,lite,0.2,Weighted global,equal_call_budget,0.6,0.0,0.0,0.0,0.0,0.0,0.0
first_repeat_144,luna,0.2,Weighted global,equal_call_budget,0.6,0.0,0.0,0.0,0.0,0.0,0.0
first_repeat_144,qwen_local,0.2,Weighted global,equal_call_budget,0.6,0.0,0.0,0.0,0.0,0.0,0.0
first_repeat_144,baseline,0.2,Weighted global,equal_call_budget,0.7,0.0,0.0,0.0,0.0,0.0,0.0
first_repeat_144,opus,0.2,Weighted global,equal_call_budget,0.7,0.0,0.0,0.0,0.0,0.0,0.0
first_repeat_144,pro,0.2,Weighted global,equal_call_budget,0.7,0.0,0.0,0.0,0.0,0.0,0.0
first_repeat_144,astra,0.2,Weighted global,equal_call_budget,0.7,0.0,0.0,0.0,0.0,0.0,0.0
first_repeat_144,sonnet,0.2,Weighted global,equal_call_budget,0.7,0.0,0.0,0.0,0.0,0.0,0.0
first_repeat_144,lite,0.2,Weighted global,equal_call_budget,0.7,0.0,0.0,0.0,0.0,0.0,0.0
first_repeat_144,luna,0.2,Weighted global,equal_call_budget,0.7,0.0,0.0,0.0,0.0,0.0,0.0
first_repeat_144,qwen_local,0.2,Weighted global,equal_call_budget,0.7,0.0,0.0,0.0,0.0,0.0,0.0
first_repeat_144,baseline,0.2,Weighted global,equal_call_budget,0.8,0.0,0.0,0.0,0.0,0.0,0.0
first_repeat_144,opus,0.2,Weighted global,equal_call_budget,0.8,0.0,0.0,0.0,0.0,0.0,0.0
first_repeat_144,pro,0.2,Weighted global,equal_call_budget,0.8,0.0,0.0,0.0,0.0,0.0,0.0
first_repeat_144,astra,0.2,Weighted global,equal_call_budget,0.8,0.0,0.0,0.0,0.0,0.0,0.0
first_repeat_144,sonnet,0.2,Weighted global,equal_call_budget,0.8,0.0,0.0,0.0,0.0,0.0,0.0
first_repeat_144,lite,0.2,Weighted global,equal_call_budget,0.8,0.0,0.0,0.0,0.0,0.0,0.0
first_repeat_144,luna,0.2,Weighted global,equal_call_budget,0.8,0.0,0.0,0.0,0.0,0.0,0.0
first_repeat_144,qwen_local,0.2,Weighted global,equal_call_budget,0.8,0.0,0.0,0.0,0.0,0.0,0.0
first_repeat_144,baseline,0.2,Weighted global,equal_call_budget,0.9,0.0,0.0,0.0,0.0,0.0,0.0
first_repeat_144,opus,0.2,Weighted global,equal_call_budget,0.9,0.0,0.0,0.0,0.0,0.0,0.0
first_repeat_144,pro,0.2,Weighted global,equal_call_budget,0.9,0.0,0.0,0.0,0.0,0.0,0.0
first_repeat_144,astra,0.2,Weighted global,equal_call_budget,0.9,0.0,0.0,0.0,0.0,0.0,0.0
first_repeat_144,sonnet,0.2,Weighted global,equal_call_budget,0.9,0.0,0.0,0.0,0.0,0.0,0.0
first_repeat_144,lite,0.2,Weighted global,equal_call_budget,0.9,0.0,0.0,0.0,0.0,0.0,0.0
first_repeat_144,luna,0.2,Weighted global,equal_call_budget,0.9,0.0,0.0,0.0,0.0,0.0,0.0
first_repeat_144,qwen_local,0.2,Weighted global,equal_call_budget,0.9,0.0,0.0,0.0,0.0,0.0,0.0
first_repeat_144,baseline,0.2,Weighted global,equal_call_budget,1.0,0.0,0.0,0.0,0.0,0.0,0.0
first_repeat_144,opus,0.2,Weighted global,equal_call_budget,1.0,0.0,0.0,0.0,0.0,0.0,0.0
first_repeat_144,pro,0.2,Weighted global,equal_call_budget,1.0,0.0,0.0,0.0,0.0,0.0,0.0
first_repeat_144,astra,0.2,Weighted global,equal_call_budget,1.0,0.0,0.0,0.0,0.0,0.0,0.0
first_repeat_144,sonnet,0.2,Weighted global,equal_call_budget,1.0,0.0,0.0,0.0,0.0,0.0,0.0
first_repeat_144,lite,0.2,Weighted global,equal_call_budget,1.0,0.0,0.0,0.0,0.0,0.0,0.0
first_repeat_144,luna,0.2,Weighted global,equal_call_budget,1.0,0.0,0.0,0.0,0.0,0.0,0.0
first_repeat_144,qwen_local,0.2,Weighted global,equal_call_budget,1.0,0.0,0.0,0.0,0.0,0.0,0.0
first_repeat_144,baseline,0.2,Weighted regime,threshold,0.4,0.0008333333333333333,-0.0004350000000000187,0.0005416666666666666,0.0002916666666666667,3.2705000000000006e-07,0.0013687058057338516
first_repeat_144,opus,0.2,Weighted regime,threshold,0.4,0.0008333333333333333,-0.0004350000000000187,0.0008333333333333333,0.0,1.3230555555555556e-05,0.00528503324305186
first_repeat_144,pro,0.2,Weighted regime,threshold,0.4,0.0008333333333333333,-0.0004350000000000187,0.0008333333333333333,0.0,1.9782444444444445e-05,0.01131327117310785
first_repeat_144,astra,0.2,Weighted regime,threshold,0.4,0.0008333333333333333,-0.0004350000000000187,0.0008333333333333333,0.0,1.6483819444444444e-05,0.006414650541801368
first_repeat_144,sonnet,0.2,Weighted regime,threshold,0.4,0.0008333333333333333,-0.0004350000000000187,0.0008333333333333333,0.0,6.949861111111111e-06,0.005544109784170157
first_repeat_144,lite,0.2,Weighted regime,threshold,0.4,0.0008333333333333333,-0.0004350000000000187,0.0008333333333333333,0.0,3.530477777777777e-06,0.004066675627303387
first_repeat_144,luna,0.2,Weighted regime,threshold,0.4,0.0008333333333333333,-0.0004350000000000187,0.0008333333333333333,0.0,6.526763888888889e-07,0.005980478170175856
first_repeat_144,qwen_local,0.2,Weighted regime,threshold,0.4,0.0008333333333333333,-0.0004350000000000187,0.0008333333333333333,0.0,0.0,0.10476048721406712
first_repeat_144,baseline,0.2,Weighted regime,threshold,0.6,0.19166666666666662,-0.09630000000000122,0.12499999999999972,0.06666666666666683,7.476916666666605e-05,0.3145487998287868
first_repeat_144,opus,0.2,Weighted regime,threshold,0.6,0.19166666666666662,-0.09630000000000122,0.19166666666666662,0.0,0.0031078381944444526,1.2524217146528889
first_repeat_144,pro,0.2,Weighted regime,threshold,0.6,0.19166666666666662,-0.09630000000000122,0.19166666666666662,0.0,0.0046661447222221914,2.6661070160797204
first_repeat_144,astra,0.2,Weighted regime,threshold,0.6,0.19166666666666662,-0.09630000000000122,0.19166666666666662,0.0,0.0037886659722222334,1.4726391679047306
first_repeat_144,sonnet,0.2,Weighted regime,threshold,0.6,0.19166666666666662,-0.09630000000000122,0.19166666666666662,0.0,0.001670996388888907,1.3406367325769513
first_repeat_144,lite,0.2,Weighted regime,threshold,0.6,0.19166666666666662,-0.09630000000000122,0.1900000000000006,0.0016666666666666757,0.0008125473055555535,0.9291018211737846
first_repeat_144,luna,0.2,Weighted regime,threshold,0.6,0.19166666666666662,-0.09630000000000122,0.19166666666666662,0.0,0.00015150606944444497,1.3912130494154484
first_repeat_144,qwen_local,0.2,Weighted regime,threshold,0.6,0.19166666666666662,-0.09630000000000122,0.19000000000000003,0.0016666666666666774,0.0,24.45580644242932
first_repeat_144,baseline,0.2,Weighted regime,threshold,0.7,0.16583333333333472,-0.06172000000000008,0.11055555555555319,0.05527777777777859,6.206258333333361e-05,0.27062532996928945
first_repeat_144,opus,0.2,Weighted regime,threshold,0.7,0.16583333333333472,-0.06172000000000008,0.16583333333333472,0.0,0.0030637263194444025,1.2968560087765537
first_repeat_144,pro,0.2,Weighted regime,threshold,0.7,0.16583333333333472,-0.06172000000000008,0.16583333333333472,0.0,0.004708072027777718,2.6768954220447823
first_repeat_144,astra,0.2,Weighted regime,threshold,0.7,0.16583333333333472,-0.06172000000000008,0.16583333333333472,0.0,0.0032628312847221685,1.2584321078750795
first_repeat_144,sonnet,0.2,Weighted regime,threshold,0.7,0.16583333333333472,-0.06172000000000008,0.1658472222222253,-1.3888888888888805e-05,0.001859312055555601,1.5335128220054184
first_repeat_144,lite,0.2,Weighted regime,threshold,0.7,0.16583333333333472,-0.06172000000000008,0.1547222222222222,0.011111111111111049,0.0007058219597222285,0.7675904708911299
first_repeat_144,luna,0.2,Weighted regime,threshold,0.7,0.16583333333333472,-0.06172000000000008,0.16583333333333472,0.0,0.00013917633125000163,1.295095457546711
first_repeat_144,qwen_local,0.2,Weighted regime,threshold,0.7,0.16583333333333472,-0.06172000000000008,0.1547222222222211,0.011111111111111122,0.0,23.254210574276357
first_repeat_144,baseline,0.2,Weighted regime,threshold,0.8,0.17499999999999927,-0.037379999999999816,0.11618055555555756,0.058819444444444174,6.81967222222227e-05,0.29768456569376167
first_repeat_144,opus,0.2,Weighted regime,threshold,0.8,0.17499999999999927,-0.037379999999999816,0.17499999999999927,0.0,0.003031615902777769,1.2274442438980175
first_repeat_144,pro,0.2,Weighted regime,threshold,0.8,0.17499999999999927,-0.037379999999999816,0.17499999999999927,0.0,0.005156158194444423,2.9181535220076213
first_repeat_144,astra,0.2,Weighted regime,threshold,0.8,0.17499999999999927,-0.037379999999999816,0.17499999999999927,0.0,0.003887135000000057,1.5817998010057774
first_repeat_144,sonnet,0.2,Weighted regime,threshold,0.8,0.17499999999999927,-0.037379999999999816,0.17276388888888827,0.002236111111111103,0.002727909138888856,2.275011354330352
first_repeat_144,lite,0.2,Weighted regime,threshold,0.8,0.17499999999999927,-0.037379999999999816,0.17499999999999938,0.0,0.0007895664777777863,0.8682604698139067
first_repeat_144,luna,0.2,Weighted regime,threshold,0.8,0.17499999999999927,-0.037379999999999816,0.17159722222222218,0.003402777777777766,0.0001341146722222213,1.2155394227079936
first_repeat_144,qwen_local,0.2,Weighted regime,threshold,0.8,0.17499999999999927,-0.037379999999999816,0.16605555555555696,0.008944444444444392,0.0,23.50190173153544
first_repeat_144,baseline,0.2,Weighted regime,threshold,0.9,0.16666666666666574,-0.03699999999999994,0.11388888888888493,0.052777777777780865,6.525000000000129e-05,0.28742887293919406
first_repeat_144,opus,0.2,Weighted regime,threshold,0.9,0.16666666666666574,-0.03699999999999994,0.16666666666666574,0.0,0.0029177777777777917,1.1884295435260297
first_repeat_144,pro,0.2,Weighted regime,threshold,0.9,0.16666666666666574,-0.03699999999999994,0.16666666666666574,0.0,0.004970094444444344,2.7929817621241426
first_repeat_144,astra,0.2,Weighted regime,threshold,0.9,0.16666666666666574,-0.03699999999999994,0.16666666666666574,0.0,0.003866416666666754,1.5936802309303735
first_repeat_144,sonnet,0.2,Weighted regime,threshold,0.9,0.16666666666666574,-0.03699999999999994,0.16388888888889064,0.002777777777777768,0.0026799722222222953,2.227501476601301
first_repeat_144,lite,0.2,Weighted regime,threshold,0.9,0.16666666666666574,-0.03699999999999994,0.1666666666666684,0.0,0.0007568391666666675,0.8295538421274098
first_repeat_144,luna,0.2,Weighted regime,threshold,0.9,0.16666666666666574,-0.03699999999999994,0.16666666666666763,0.0,0.00012676277777778065,1.1323103340549538
first_repeat_144,qwen_local,0.2,Weighted regime,threshold,0.9,0.16666666666666574,-0.03699999999999994,0.1555555555555571,0.011111111111111049,0.0,22.40787956054298
first_repeat_144,baseline,0.2,Weighted regime,equal_call_budget,0.0,0.0,0.0,0.0,0.0,0.0,0.0
first_repeat_144,opus,0.2,Weighted regime,equal_call_budget,0.0,0.0,0.0,0.0,0.0,0.0,0.0
first_repeat_144,pro,0.2,Weighted regime,equal_call_budget,0.0,0.0,0.0,0.0,0.0,0.0,0.0
first_repeat_144,astra,0.2,Weighted regime,equal_call_budget,0.0,0.0,0.0,0.0,0.0,0.0,0.0
first_repeat_144,sonnet,0.2,Weighted regime,equal_call_budget,0.0,0.0,0.0,0.0,0.0,0.0,0.0
first_repeat_144,lite,0.2,Weighted regime,equal_call_budget,0.0,0.0,0.0,0.0,0.0,0.0,0.0
first_repeat_144,luna,0.2,Weighted regime,equal_call_budget,0.0,0.0,0.0,0.0,0.0,0.0,0.0
first_repeat_144,qwen_local,0.2,Weighted regime,equal_call_budget,0.0,0.0,0.0,0.0,0.0,0.0,0.0
first_repeat_144,baseline,0.2,Weighted regime,equal_call_budget,0.1,0.0,-0.00305999999999923,0.007083333333333268,-0.007083333333333115,-1.779900000000108e-06,-0.022519282900204912
first_repeat_144,opus,0.2,Weighted regime,equal_call_budget,0.1,0.0,-0.00305999999999923,0.0,0.0,-0.00016596958333333516,-0.07547795988192307
first_repeat_144,pro,0.2,Weighted regime,equal_call_budget,0.1,0.0,-0.00305999999999923,0.0,0.0,-0.0002525321666666724,-0.19626160329403364
first_repeat_144,astra,0.2,Weighted regime,equal_call_budget,0.1,0.0,-0.00305999999999923,0.0,0.0,-2.29145833333241e-06,-0.01951678735776674
first_repeat_144,sonnet,0.2,Weighted regime,equal_call_budget,0.1,0.0,-0.00305999999999923,0.0,0.0,-0.00025025699999999776,-0.2250679907970322
first_repeat_144,lite,0.2,Weighted regime,equal_call_budget,0.1,0.0,-0.00305999999999923,0.005666666666666487,-0.005666666666666662,2.2705766666665517e-05,0.029337156414829424
first_repeat_144,luna,0.2,Weighted regime,equal_call_budget,0.1,0.0,-0.00305999999999923,0.0,0.0,7.585187499999443e-06,0.05001390298217201
first_repeat_144,qwen_local,0.2,Weighted regime,equal_call_budget,0.1,0.0,-0.00305999999999923,0.0,0.0,0.0,-1.0249763031423331
first_repeat_144,baseline,0.2,Weighted regime,equal_call_budget,0.2,0.0,-0.004080000000000861,0.009444444444444908,-0.00944444444444445,-2.3732000000000673e-06,-0.030025710533606753
first_repeat_144,opus,0.2,Weighted regime,equal_call_budget,0.2,0.0,-0.004080000000000861,0.0,0.0,-0.00022129277777778022,-0.10063727984256121
first_repeat_144,pro,0.2,Weighted regime,equal_call_budget,0.2,0.0,-0.004080000000000861,0.0,0.0,-0.00033670955555554095,-0.26168213772537996
first_repeat_144,astra,0.2,Weighted regime,equal_call_budget,0.2,0.0,-0.004080000000000861,0.0,0.0,-3.0552777777782814e-06,-0.026022383143687433
first_repeat_144,sonnet,0.2,Weighted regime,equal_call_budget,0.2,0.0,-0.004080000000000861,0.0,0.0,-0.00033367599999999695,-0.3000906543960342
first_repeat_144,lite,0.2,Weighted regime,equal_call_budget,0.2,0.0,-0.004080000000000861,0.0075555555555552045,-0.00755555555555552,3.0274355555558576e-05,0.03911620855310505
first_repeat_144,luna,0.2,Weighted regime,equal_call_budget,0.2,0.0,-0.004080000000000861,0.0,0.0,1.011358333333307e-05,0.06668520397623268
first_repeat_144,qwen_local,0.2,Weighted regime,equal_call_budget,0.2,0.0,-0.004080000000000861,0.0,0.0,0.0,-1.3666350708565034
first_repeat_144,baseline,0.2,Weighted regime,equal_call_budget,0.3,0.0,-0.0010199999999999654,0.0023611111111102034,-0.0023611111111117994,-5.932999999998034e-07,-0.0075064276334034785
first_repeat_144,opus,0.2,Weighted regime,equal_call_budget,0.3,0.0,-0.0010199999999999654,0.0,0.0,-5.5323194444447006e-05,-0.025159319960639692
first_repeat_144,pro,0.2,Weighted regime,equal_call_budget,0.3,0.0,-0.0010199999999999654,0.0,0.0,-8.417738888886334e-05,-0.06542053443135387
first_repeat_144,astra,0.2,Weighted regime,equal_call_budget,0.3,0.0,-0.0010199999999999654,0.0,0.0,-7.638194444237537e-07,-0.006505595785910145
first_repeat_144,sonnet,0.2,Weighted regime,equal_call_budget,0.3,0.0,-0.0010199999999999654,0.0,0.0,-8.34189999999982e-05,-0.07502266359900078
first_repeat_144,lite,0.2,Weighted regime,equal_call_budget,0.3,0.0,-0.0010199999999999654,0.0018888888888889954,-0.0018888888888888289,7.568588888888289e-06,0.009779052138277011
first_repeat_144,luna,0.2,Weighted regime,equal_call_budget,0.3,0.0,-0.0010199999999999654,0.0,0.0,2.5283958333346295e-06,0.016671300994051563
first_repeat_144,qwen_local,0.2,Weighted regime,equal_call_budget,0.3,0.0,-0.0010199999999999654,0.0,0.0,0.0,-0.34165876771435677
first_repeat_144,baseline,0.2,Weighted regime,equal_call_budget,0.4,0.0,-0.0022799999999990606,8.326672684688674e-17,0.0,-1.51155555555606e-06,-0.00496583656181615
first_repeat_144,opus,0.2,Weighted regime,equal_call_budget,0.4,0.0,-0.0022799999999990606,5.551115123125783e-17,-5.2735593669694933e-17,7.118666666662728e-05,0.04580803944478706
first_repeat_144,pro,0.2,Weighted regime,equal_call_budget,0.4,0.0,-0.0022799999999990606,5.551115123125783e-17,-5.2735593669694933e-17,5.231333333338521e-05,0.05005651631659891
first_repeat_144,astra,0.2,Weighted regime,equal_call_budget,0.4,0.0,-0.0022799999999990606,5.551115123125783e-17,-5.2735593669694933e-17,-9.05930555558307e-06,0.0021796468278818537
first_repeat_144,sonnet,0.2,Weighted regime,equal_call_budget,0.4,0.0,-0.0022799999999990606,0.0010555555555549767,-0.001055555555555615,-0.0003659336666666955,-0.3185811387866777
first_repeat_144,lite,0.2,Weighted regime,equal_call_budget,0.4,0.0,-0.0022799999999990606,-0.004222222222220018,0.004222222222222167,-2.3406627777774114e-05,-0.024974411106487127
first_repeat_144,luna,0.2,Weighted regime,equal_call_budget,0.4,0.0,-0.0022799999999990606,5.551115123125783e-17,-5.2735593669694933e-17,5.326069444445362e-06,0.06206176650680062
first_repeat_144,qwen_local,0.2,Weighted regime,equal_call_budget,0.4,0.0,-0.0022799999999990606,-0.004222222222222183,0.004222222222222218,0.0,0.983506638702174
first_repeat_144,baseline,0.2,Weighted regime,equal_call_budget,0.5,0.0,-0.005700000000000122,0.0,0.0,-3.7788888888887e-06,-0.01241459140454182
first_repeat_144,opus,0.2,Weighted regime,equal_call_budget,0.5,0.0,-0.005700000000000122,0.0,-1.0547118733938987e-16,0.00017796666666666273,0.1145200986119792
first_repeat_144,pro,0.2,Weighted regime,equal_call_budget,0.5,0.0,-0.005700000000000122,0.0,-1.0547118733938987e-16,0.0001307833333333095,0.1251412907915661
first_repeat_144,astra,0.2,Weighted regime,equal_call_budget,0.5,0.0,-0.005700000000000122,0.0,-1.0547118733938987e-16,-2.264826388895594e-05,0.005449117069726395
first_repeat_144,sonnet,0.2,Weighted regime,equal_call_budget,0.5,0.0,-0.005700000000000122,0.002638888888890134,-0.002638888888888985,-0.0009148341666666655,-0.7964528469666758
first_repeat_144,lite,0.2,Weighted regime,equal_call_budget,0.5,0.0,-0.005700000000000122,-0.010555555555558482,0.01055555555555552,-5.8516569444433224e-05,-0.062436027766205715
first_repeat_144,luna,0.2,Weighted regime,equal_call_budget,0.5,0.0,-0.005700000000000122,0.0,-1.0547118733938987e-16,1.3315173611112862e-05,0.15515441626697557
first_repeat_144,qwen_local,0.2,Weighted regime,equal_call_budget,0.5,0.0,-0.005700000000000122,-0.010555555555554652,0.010555555555555518,0.0,2.4587665967553534
first_repeat_144,baseline,0.2,Weighted regime,equal_call_budget,0.6,0.0,-0.0022799999999999904,-5.551115123125783e-17,1.1102230246251565e-16,-1.5115555555548674e-06,-0.004965836561821035
first_repeat_144,opus,0.2,Weighted regime,equal_call_budget,0.6,0.0,-0.0022799999999999904,0.0,0.0,7.118666666668626e-05,0.045808039444815485
first_repeat_144,pro,0.2,Weighted regime,equal_call_budget,0.6,0.0,-0.0022799999999999904,0.0,0.0,5.231333333340776e-05,0.05005651631664243
first_repeat_144,astra,0.2,Weighted regime,equal_call_budget,0.6,0.0,-0.0022799999999999904,0.0,0.0,-9.059305555572661e-06,0.0021796468278845182
first_repeat_144,sonnet,0.2,Weighted regime,equal_call_budget,0.6,0.0,-0.0022799999999999904,0.0010555555555520346,-0.0010555555555555097,-0.0003659336666666192,-0.3185811387866968
first_repeat_144,lite,0.2,Weighted regime,equal_call_budget,0.6,0.0,-0.0022799999999999904,-0.00422222222222246,0.004222222222222186,-2.3406627777760886e-05,-0.024974411106482464
first_repeat_144,luna,0.2,Weighted regime,equal_call_budget,0.6,0.0,-0.0022799999999999904,0.0,0.0,5.326069444444115e-06,0.06206176650681172
first_repeat_144,qwen_local,0.2,Weighted regime,equal_call_budget,0.6,0.0,-0.0022799999999999904,-0.004222222222222682,0.004222222222222304,0.0,0.9835066387018827
first_repeat_144,baseline,0.2,Weighted regime,equal_call_budget,0.7,0.0,-0.0010799999999997686,0.0025000000000010014,-0.0025000000000003353,2.319999999999666e-07,0.0030238169821728
first_repeat_144,opus,0.2,Weighted regime,equal_call_budget,0.7,0.0,-0.0010799999999997686,0.0,-9.992007221626409e-17,2.354750000000891e-05,0.014992733978691497
first_repeat_144,pro,0.2,Weighted regime,equal_call_budget,0.7,0.0,-0.0010799999999997686,0.0,-9.992007221626409e-17,4.587499999997302e-05,0.010636404408504774
first_repeat_144,astra,0.2,Weighted regime,equal_call_budget,0.7,0.0,-0.0010799999999997686,0.0,-9.992007221626409e-17,0.0001268100000000119,0.0672718345501595
first_repeat_144,sonnet,0.2,Weighted regime,equal_call_budget,0.7,0.0,-0.0010799999999997686,-0.0004999999999991678,0.0004999999999998781,6.322899999998584e-05,0.04692136856404172
first_repeat_144,lite,0.2,Weighted regime,equal_call_budget,0.7,0.0,-0.0010799999999997686,0.0,-2.7755575615628914e-17,3.757700000012014e-06,0.0020358840635781306
first_repeat_144,luna,0.2,Weighted regime,equal_call_budget,0.7,0.0,-0.0010799999999997686,0.0025000000000002798,-0.002500000000000091,-7.44800000000061e-07,-0.019552828371648623
first_repeat_144,qwen_local,0.2,Weighted regime,equal_call_budget,0.7,0.0,-0.0010799999999997686,-0.0019999999999978924,0.0019999999999999046,0.0,0.019375205168444154
first_repeat_144,baseline,0.2,Weighted regime,equal_call_budget,0.8,0.0,-0.004319999999999907,0.010000000000001452,-0.010000000000001119,9.280000000005712e-07,0.012095267928671216
first_repeat_144,opus,0.2,Weighted regime,equal_call_budget,0.8,0.0,-0.004319999999999907,0.0,0.0,9.418999999997665e-05,0.05997093591468161
first_repeat_144,pro,0.2,Weighted regime,equal_call_budget,0.8,0.0,-0.004319999999999907,0.0,0.0,0.0001835000000000725,0.04254561763399778
first_repeat_144,astra,0.2,Weighted regime,equal_call_budget,0.8,0.0,-0.004319999999999907,0.0,0.0,0.0005072400000000025,0.26908733820074815
first_repeat_144,sonnet,0.2,Weighted regime,equal_call_budget,0.8,0.0,-0.004319999999999907,-0.0019999999999988916,0.002000000000000013,0.0002529159999999555,0.18768547425607807
first_repeat_144,lite,0.2,Weighted regime,equal_call_budget,0.8,0.0,-0.004319999999999907,0.0,0.0,1.5030799999986473e-05,0.008143536254294759
first_repeat_144,luna,0.2,Weighted regime,equal_call_budget,0.8,0.0,-0.004319999999999907,0.009999999999998677,-0.010000000000000004,-2.9791999999980757e-06,-0.07821131348657762
first_repeat_144,qwen_local,0.2,Weighted regime,equal_call_budget,0.8,0.0,-0.004319999999999907,-0.008000000000001006,0.008000000000000002,0.0,0.07750082067484243
first_repeat_144,baseline,0.2,Weighted regime,equal_call_budget,0.9,0.0,-0.0032399999999998437,0.007499999999997398,-0.007499999999999729,6.960000000009298e-07,0.009071450946507076
first_repeat_144,opus,0.2,Weighted regime,equal_call_budget,0.9,0.0,-0.0032399999999998437,0.0,9.992007221626409e-17,7.064250000003366e-05,0.0449782019360061
first_repeat_144,pro,0.2,Weighted regime,equal_call_budget,0.9,0.0,-0.0032399999999998437,0.0,9.992007221626409e-17,0.0001376250000000058,0.03190921322544682
first_repeat_144,astra,0.2,Weighted regime,equal_call_budget,0.9,0.0,-0.0032399999999998437,0.0,9.992007221626409e-17,0.00038043000000007043,0.20181550365055578
first_repeat_144,sonnet,0.2,Weighted regime,equal_call_budget,0.9,0.0,-0.0032399999999998437,-0.0014999999999988356,0.0015000000000000343,0.00018968699999996966,0.14076410569199815
first_repeat_144,lite,0.2,Weighted regime,equal_call_budget,0.9,0.0,-0.0032399999999998437,0.0,2.7755575615628914e-17,1.1273100000022164e-05,0.006107652190727286
first_repeat_144,luna,0.2,Weighted regime,equal_call_budget,0.9,0.0,-0.0032399999999998437,0.007500000000000284,-0.007499999999999863,-2.234399999999641e-06,-0.05865848511492722
first_repeat_144,qwen_local,0.2,Weighted regime,equal_call_budget,0.9,0.0,-0.0032399999999998437,-0.006000000000003114,0.006000000000000033,0.0,0.058125615506071426
first_repeat_144,baseline,0.2,Weighted regime,equal_call_budget,1.0,0.0,0.0,0.0,0.0,0.0,0.0
first_repeat_144,opus,0.2,Weighted regime,equal_call_budget,1.0,0.0,0.0,0.0,0.0,0.0,0.0
first_repeat_144,pro,0.2,Weighted regime,equal_call_budget,1.0,0.0,0.0,0.0,0.0,0.0,0.0
first_repeat_144,astra,0.2,Weighted regime,equal_call_budget,1.0,0.0,0.0,0.0,0.0,0.0,0.0
first_repeat_144,sonnet,0.2,Weighted regime,equal_call_budget,1.0,0.0,0.0,0.0,0.0,0.0,0.0
first_repeat_144,lite,0.2,Weighted regime,equal_call_budget,1.0,0.0,0.0,0.0,0.0,0.0,0.0
first_repeat_144,luna,0.2,Weighted regime,equal_call_budget,1.0,0.0,0.0,0.0,0.0,0.0,0.0
first_repeat_144,qwen_local,0.2,Weighted regime,equal_call_budget,1.0,0.0,0.0,0.0,0.0,0.0,0.0
